Date,Close,High,Low,Open,Volume
2019-01-02,56278.24609375,57021.19323690182,55721.03573638614,56928.32484400784,1934295
2019-01-03,53585.0625,55999.64070623917,53399.325714904684,55906.77231369151,3337621
2019-01-04,54142.265625,54328.0023852916,52656.37154266724,53399.31858383362,3388087
2019-01-07,54513.75,55442.43398637138,54235.14480408859,54792.35519591142,2273750
2019-01-08,54978.09375,56185.38297086149,53492.19932432433,53770.80452913851,3062192
2019-01-09,59064.29296875,59250.02973909198,55163.820791568396,55349.55756191038,4928656
2019-01-10,60643.0625,60921.66768759571,59435.77335375191,59528.64174961715,6034432
2019-01-11,60457.328125,61200.27532162059,59621.512528801846,60735.93332373272,2890639
2019-01-14,57671.27734375,60457.32938934179,57578.40894223028,59714.38217718398,3282892
2019-01-15,59435.77734375,59435.77734375,57764.14610595703,57764.14610595703,2413868
2019-01-16,60178.72265625,60271.591055410885,58228.48627387153,59250.03866464121,2478497
2019-01-17,60271.59375,61478.882993066254,59992.98854006163,60828.804169876734,2830122
2019-01-18,59992.9765625,61014.52879498839,59342.8978690983,60364.45010158669,2263599
2019-01-21,62221.83203125,62593.30565531717,60364.46391091418,61200.2795650653,3977425
2019-01-22,61850.359375,63150.51707957958,61014.54370777027,63057.64867210961,4047917
2019-01-23,62036.09375,62407.56736526947,60178.7256736527,60828.80450037425,2825017
2019-01-24,65472.21875,65472.21875,62128.95651595745,62128.95651595745,6914092
2019-01-25,69279.8125,69465.54926273458,66029.41915214478,66493.76105898124,7163871
2019-01-28,66679.5078125,69558.42806624304,66122.2974408078,69372.69127567897,4972189
2019-01-29,68165.40625,68536.87985354224,65936.5646287466,66308.03823228883,3368642
2019-01-30,70487.1015625,70858.57508852109,67793.91849884717,68258.26040637352,5304841
2019-01-31,68629.7578125,71601.54705471921,68444.0209848613,71415.81022708051,4447535
2019-02-01,70487.1015625,70951.44347002635,69372.68098443675,70022.75965497365,3349965
2019-02-07,71230.046875,72623.07256355933,71137.17849576271,71972.99390889831,4249110
2019-02-08,68258.28125,70115.6494472789,67793.93920068027,69837.04421768707,4012485
2019-02-11,68815.484375,68815.484375,67050.98477564102,67793.93197537112,3374192
2019-02-12,70487.1015625,70951.44347002635,68629.73393239459,68815.47069540514,3526701
2019-02-13,70765.7265625,72065.8842683727,70672.85815493765,71787.27904568569,2378193
2019-02-14,71880.15625,71880.15625,69744.18261466408,70394.26154715763,2313376
2019-02-15,68536.8671875,71415.7870829099,68536.8671875,71322.918699187,4154616
2019-02-18,69372.6875,69929.89784136545,68722.60876840695,69001.21393908969,1772434
2019-02-19,68444.0234375,69465.57602611941,67793.94451746947,69186.97077467774,1462071
2019-02-20,70301.3671875,70579.97234147952,68351.13110964332,68443.99949430316,3134257
2019-02-21,71230.046875,71694.38877118644,69279.81091101695,69929.88956567796,2874589
2019-02-22,71230.046875,71230.046875,69929.88956567796,70208.49470338984,1882653
2019-02-25,70022.7734375,72065.87823275862,69465.5630387931,71787.27303340517,2865712
2019-02-26,69837.0390625,70487.11788356051,68815.48662940493,69651.30225648271,2483512
2019-02-27,68444.0234375,70301.39178044436,68444.0234375,69929.9181118555,2864044
2019-02-28,65007.875,67422.45321428572,64915.00660714286,67329.58482142857,7869451
2019-03-04,65100.7421875,66308.03127228959,64915.005405224685,65286.47896977532,4931703
2019-03-05,64729.2734375,65007.87863163558,63429.11586486729,63429.11586486729,3465521
2019-03-06,63243.375,64636.40088105727,62593.29625550661,63614.84856828194,4958303
2019-03-07,63243.375,63986.32213656388,62314.69107929515,62407.55947136564,3402570
2019-03-08,61943.22265625,63336.24865301724,61478.88065732759,63057.64345366379,3571792
2019-03-11,61850.359375,62964.78026463964,61478.88574512012,62221.83300487988,2869008
2019-03-12,62871.90625,63707.721842688334,62686.16945162482,62871.90625,2753535
2019-03-13,62036.09375,62964.777788173655,61200.27811564372,62871.90938435629,2851596
2019-03-14,62500.44140625,62593.30981844354,61664.62569650818,62593.30981844354,3107100
2019-03-15,63243.375,63800.58535242291,61943.217511013216,62593.29625550661,3645592
2019-03-18,62964.7734375,64357.79939850664,62500.43145049779,64264.9310011062,2158588
2019-03-19,63150.49609375,63150.49609375,61850.33882123162,62500.41745749081,2285169
2019-03-20,65472.21875,65565.08714539008,62779.03528368795,63521.98244680851,3642962
2019-03-21,70487.1015625,70579.96994400526,67422.44497282608,68258.26040637352,10030131
2019-03-22,70672.84375,73273.15863173455,70487.10697273324,73273.15863173455,5286455
2019-03-25,67701.0625,68908.35168038409,67422.45730452675,68444.00968792867,3752230
2019-03-26,67515.3359375,68072.54641291266,66400.91498667469,67701.07276263756,2987678
2019-03-27,68165.40625,68815.48505619892,66122.30143051772,66679.51183583107,2744175
2019-03-28,67143.8359375,68351.12482710926,66586.62568075726,67143.8359375,2774932
2019-03-29,68908.34375,69558.42246462264,67515.31793295148,67701.05470855795,3214170
2019-04-01,71137.2109375,71601.55304544713,70115.65830001632,70208.52672160574,3579070
2019-04-02,70951.453125,72437.34743128272,70672.84794257199,72344.47903714004,2719440
2019-04-03,74201.8515625,74201.8515625,71044.32596409575,71322.93116395494,4674142
2019-04-04,72808.828125,75594.8802216199,72251.61770567602,74666.19618941327,5436236
2019-04-05,73366.015625,73644.62074762658,72344.46350870254,72623.06863132911,2191720
2019-04-08,72344.4609375,73551.7497593068,72065.85582477535,73273.14464658215,2663493
2019-04-09,72251.6328125,73087.44861624358,71880.1591219473,72158.76438986183,2322860
2019-04-10,72994.5546875,73180.29146787531,70765.71332299618,71230.05527393449,2689591
2019-04-11,72808.828125,73830.3805604273,72437.35451211735,73551.77535076531,2614388
2019-04-12,72530.234375,73180.31330025608,71880.15544974392,71880.15544974392,2317264
2019-04-15,74016.1171875,74201.85399349123,72994.56475454831,73366.03836653075,2019931
2019-04-16,74666.1796875,75037.65321828358,73458.89071245336,74201.83777402052,2206997
2019-04-17,74480.453125,76430.68942877183,74294.7163341646,75223.40028834165,2886956
2019-04-18,73551.765625,75409.13344381313,72901.68688841541,75037.6598800505,3295697
2019-04-19,75966.3515625,76523.56196515892,74387.58875496637,74759.062356739,3040186
2019-04-22,74759.0703125,75966.35964673913,74201.85985054348,75687.75441576086,1887109
2019-04-23,75223.3984375,75966.34558256173,74666.18807870371,75223.3984375,1779318
2019-04-24,72901.6953125,75687.74736265924,71973.01129578025,75687.74736265924,5318487
2019-04-25,74480.453125,75687.74226543018,72530.21682122818,72808.8220074813,5586360
2019-04-26,72994.5546875,74201.84375993957,72065.87078562341,72901.68629731234,5183181
2019-04-29,74294.7265625,74387.59497070312,72623.09521484375,73087.43725585938,2987384
2019-04-30,73366.015625,74944.77798655063,72530.20025712025,73737.48912183545,2960242
2019-05-02,74944.796875,75409.13886307311,73458.90251316605,74016.11289885378,3092434
2019-05-03,74666.1796875,75501.99513176306,74573.31130480411,75316.25836637127,2481811
2019-05-07,74201.8515625,74666.19356226534,73087.43076306321,73551.77276282854,2700371
2019-05-08,74573.328125,74759.06493228518,72437.35484122043,73087.43366671856,2731620
2019-05-09,70579.9765625,74016.10700041118,69837.02944078947,73923.23861019737,5939278
2019-05-10,69094.0859375,71230.05902427755,68165.40198672716,70672.84865381385,5702537
2019-05-13,68258.28125,69651.30739795919,67608.20238095238,68629.75488945578,3062929
2019-05-14,69279.8125,69744.15440683646,66493.76105898124,67050.97134718498,3712697
2019-05-15,69186.9609375,69744.17136115771,68629.75051384227,69465.56614932885,2056131
2019-05-16,66772.375,69744.16359527121,66493.76981919332,69094.08484005563,3467027
2019-05-17,66493.7890625,68072.55221063198,66308.0522215433,67329.60484680516,2412668
2019-05-20,65843.6875,67608.1868829337,65657.95072284908,66679.50299717912,1970694
2019-05-21,65286.49609375,67050.99598817568,64729.28560077347,65472.23292474218,3893536
2019-05-22,63986.3203125,66215.16165865384,63614.846754807695,66215.16165865384,3128787
2019-05-23,63150.49609375,64172.04823644301,62500.41745749081,63521.969600183824,3108370
2019-05-24,62779.0234375,63707.707216161245,62221.813170303256,62500.41830390163,3339145
2019-05-27,62128.9453125,63336.23423486547,61664.60341928252,63057.62909893498,2214176
2019-05-28,61200.2734375,63429.114958744314,61200.2734375,62407.56259484067,12052399
2019-05-29,61386.01171875,61943.22211256619,60271.59093111762,60921.66972390318,6056903
2019-05-30,61200.2734375,62128.957404685134,61107.40504078149,61571.74702437405,3023108
2019-05-31,60643.0625,62128.9568338438,60085.852124808574,61200.272875191426,3191350
2019-06-03,61850.359375,62407.56981981982,59621.517595720725,60550.20167042042,4020572
2019-06-04,60457.328125,61943.22251824117,60457.328125,61757.48571908603,2892681
2019-06-05,60457.328125,62779.038114439325,60271.591325844856,62128.959317396315,4832796
2019-06-07,60735.9296875,61293.14005160551,59992.982535359326,60550.19289946483,2355869
2019-06-10,62036.09375,62221.830557634734,61107.40971182635,61386.014923278446,3091757
2019-06-11,62407.55859375,62964.76893833705,61943.21663992745,62128.95342145647,2429182
2019-06-12,61014.5390625,62314.69666809361,61014.5390625,62036.09146689498,2437640
2019-06-13,58971.42578125,60457.31997416338,58785.68900713582,60271.58320004921,5947811
2019-06-14,58599.9609375,59435.7765451664,58135.61893324089,58692.829338351825,3686472
2019-06-17,59157.1640625,59250.03245192308,57949.875,58321.34855769231,2435039
2019-06-18,58878.56640625,59621.5136164235,58785.69800497831,59250.04001133675,1549497
2019-06-19,62407.55859375,62500.4269845145,60550.190778459815,61107.401123046875,6230370
2019-06-20,62500.44140625,62593.30981844354,61478.888872121104,62407.57299405647,2773637
2019-06-21,61200.2734375,62500.43099155918,61200.2734375,62314.69419812216,2403002
2019-06-24,62128.9453125,62593.28720571749,60921.65639013453,61200.26152606503,2164462
2019-06-25,61943.22265625,62593.30145474138,61571.749057112065,61943.22265625,1873766
2019-06-26,63986.3203125,64636.39903846154,63057.636418269234,63429.10997596154,5024201
2019-06-27,65193.609375,66493.76682692308,64729.26742788462,65100.74098557692,5361201
2019-06-28,64543.54296875,65843.70066883993,63521.99049010791,65843.70066883993,3117569
2019-07-01,65007.875,65936.55892857142,64729.26982142857,65936.55892857142,3538183
2019-07-02,66308.03125,66586.63642331933,64172.05825455182,64729.26860119047,2495399
2019-07-03,64172.05859375,66586.63677528039,64079.19020215268,66029.42642569645,2790684
2019-07-04,65193.609375,65657.95132211539,64357.79387019231,64636.39903846154,1503707
2019-07-05,63521.98046875,65936.55867370249,63521.98046875,65286.479926215274,2043271
2019-07-08,62593.296875,63150.507232937685,61478.87615912463,61664.61294510386,2202260
2019-07-09,64822.13671875,65472.21545375179,63057.637295173714,63521.97924874642,2912514
2019-07-10,67701.0625,68165.40449245542,65936.56292866942,66400.90492112483,4346179
2019-07-11,70115.625,70115.625,68722.59933774834,68722.59933774834,5111929
2019-07-12,69372.6875,70394.23979250334,69094.08232931726,70208.50301204818,2638271
2019-07-15,70765.7265625,71044.33178518701,69094.09522637795,69186.96363394028,2122090
2019-07-16,70672.84375,71044.3173045335,69465.5546977661,69465.5546977661,2450278
2019-07-17,69279.8125,69837.02278820376,68722.60221179626,69279.8125,2805672
2019-07-18,69372.6875,69837.02945113787,68629.74037817938,69001.21393908969,1902110
2019-07-19,71322.9453125,71508.6821492513,70208.52429199219,70487.12954711914,2635348
2019-07-22,72808.828125,73551.77535076531,71508.67047991071,72251.61770567602,3213786
2019-07-23,73180.3125,74944.81242068528,72623.10199873097,74016.12825190356,4814941
2019-07-24,72065.8828125,74480.46136034149,71601.54078406894,73180.30368073453,3562342
2019-07-25,73551.765625,74666.18631628787,72158.73976089015,74016.10757970328,3963383
2019-07-26,74108.96875,74573.31065946116,72437.33787593985,72530.20625783208,3095260
2019-07-29,71508.671875,73737.51359577922,71044.32984983765,73366.03997564934,2616782
2019-07-30,73273.171875,74294.72433460076,72158.75100998099,72623.09303707225,2371300
2019-07-31,71415.8046875,73458.90963304616,69929.91018164824,72437.35716027308,3712241
2019-08-01,72158.7421875,73087.42612813706,69929.90072997104,69929.90072997104,3397831
2019-08-02,70672.84375,71322.92247043364,69558.42308639947,70022.76502956636,4845952
2019-08-05,70022.7734375,70579.9838362069,69558.43143857758,70115.64183728448,2889902
2019-08-06,66865.2421875,68629.74163411459,66772.37379557292,67886.79449869793,5008247
2019-08-07,68072.5546875,69001.23892607435,66865.26517735334,66865.26517735334,2692841
2019-08-08,67143.8359375,69186.94021222337,66865.23080912862,68351.12482710926,2943206
2019-08-09,68072.5546875,68815.50207835948,67143.87044892565,67979.68626364256,2100380
2019-08-12,69186.9609375,69651.30295721476,68258.27689807047,68444.01370595637,1254926
2019-08-13,69186.9609375,69744.17136115771,68444.01370595637,68722.61891778524,1304708
2019-08-14,71415.8046875,72344.48875365735,70765.72584118985,71694.4099073472,2561643
2019-08-16,70951.453125,70951.453125,69744.16400114528,70394.24276014397,2015785
2019-08-19,69744.171875,71973.01358605194,69465.56666111852,71787.2767767976,1591728
2019-08-20,70951.453125,71137.18991328534,69744.16400114528,70115.63757771597,1694275
2019-08-21,70394.2578125,71415.81036650726,70115.65257049802,70487.12622650065,1898789
2019-08-22,68536.8671875,70579.9716294038,68536.8671875,69929.8929433435,2309550
2019-08-23,69094.0859375,69837.03309811828,68165.40198672716,68258.27038180444,1695532
2019-08-26,66679.5078125,67793.9285558844,66400.9026266539,67422.45497475627,2645491
2019-08-27,67793.921875,68444.00057791095,67329.57994434932,67329.57994434932,2512610
2019-08-28,68072.5546875,68444.02838292974,67329.60729664052,68258.29153521487,1380522
2019-08-29,68072.5546875,68815.50207835948,66865.26517735334,68258.29153521487,2050860
2019-08-30,71880.15625,72437.3667635659,69279.84052002584,69279.84052002584,3839246
2019-09-02,72065.8828125,72623.09324661727,71044.33034995168,71508.67237838273,1431352
2019-09-03,71508.671875,72065.8823051948,70858.59303977272,71694.40868506493,1611563
2019-09-04,74294.7265625,74294.7265625,71787.27954101562,71880.14794921875,2723541
2019-09-05,77080.7734375,77080.7734375,75409.1422063253,75594.87900978915,4068631
2019-09-06,76059.2265625,78009.46314102564,75687.75292849512,78009.46314102564,2418057
2019-09-09,78288.0546875,78566.65986432384,76616.42362655695,77173.63398020463,2642174
2019-09-10,77173.6328125,78195.18511206377,76802.15924902225,78195.18511206377,1761883
2019-09-11,76709.3046875,78288.06761690375,75502.01538854418,77452.25194839589,3650902
2019-09-16,73830.375,75223.40094339622,73366.03301886792,75223.40094339622,5174391
2019-09-17,73737.5078125,74666.1917899874,73458.90261925377,74294.71819899244,2538780
2019-09-18,74480.453125,74851.92670667083,73830.37435707607,74387.5847295823,2706678
2019-09-19,76802.1640625,76802.1640625,74573.32254194377,74851.9277320133,3612220
2019-09-20,76337.828125,77452.24897354015,76244.95972095498,76895.03854927007,2447172
2019-09-23,76895.015625,77359.35750679347,76059.20023777173,76059.20023777173,1413663
2019-09-24,77452.2578125,77545.12622714328,75594.8895196343,76616.44208071043,1662830
2019-09-25,76059.2265625,76895.04223901099,75687.75292849512,76337.83178800366,1644881
2019-09-26,77359.3671875,77545.10396346038,76616.42008365846,77080.76202355942,1734941
2019-09-27,75594.8671875,75687.73557470823,74387.578153793,74480.44654100123,2625620
2019-09-30,76337.828125,76987.90695331509,74666.19685218978,74851.9336602798,2442478
2019-10-01,76152.078125,76616.4200647866,75873.47296112805,75966.34134908537,2370210
2019-10-02,73830.375,75780.61132075472,73830.375,75780.61132075472,2188097
2019-10-04,74573.328125,75502.01216142591,73273.17047400374,73273.17047400374,2430603
2019-10-07,74573.328125,75873.48577599626,74108.98610678705,74944.80173957036,1229105
2019-10-08,75130.5390625,75316.27587105996,73737.51299830037,74666.19704110012,1816880
2019-10-10,73366.015625,73923.22587025317,72530.20025712025,73273.14725079114,4389324
2019-10-11,74294.7265625,74759.06860351562,73737.51611328125,74108.98974609375,2186536
2019-10-14,74759.0703125,76430.70169836956,74666.20190217391,76152.09646739131,1972409
2019-10-15,75409.140625,75873.48262392242,74759.06182650862,74944.79862607758,1518810
2019-10-16,76523.5546875,76802.15986233312,76059.21272944479,76523.5546875,2436269
2019-10-17,75223.3984375,76337.8191550926,74851.92486496914,76152.08236882716,1713942
2019-10-18,71880.15625,75873.49826388889,71787.28783107235,75687.7614260336,13625664
2019-10-21,71973.0,72808.81548387097,71601.52645161291,72251.60516129032,2096581
2019-10-22,73458.8984375,73644.63522242414,72623.08290534133,73273.16165257586,3453958
2019-10-23,72158.7421875,72994.55773407336,72158.7421875,72901.68934000965,5373911
2019-10-24,74294.7265625,74387.59497070312,73087.43725585938,74201.85815429688,3076100
2019-10-25,76987.890625,76987.890625,75687.73324411942,76523.54870325694,4229200
2019-10-28,76987.890625,78009.44285283473,76709.28547195416,77452.23254674306,1977758
2019-10-29,77080.7734375,78009.45745481928,76987.90503576807,78009.45745481928,1645070
2019-10-30,75687.75,77452.24969325154,75223.40797546011,77452.24969325154,1927042
2019-10-31,76152.078125,77452.23555640245,75780.60457317074,76059.20973704269,1978755
2019-11-01,77173.6328125,77266.50120336944,75780.60694945848,76430.68568554452,1848046
2019-11-04,78659.53125,78845.26804161747,77823.71568772137,78009.45247933884,2182879
2019-11-05,79031.0,79309.60517038777,78566.6580493537,79031.0,1953720
2019-11-06,77545.109375,79123.87208083832,77545.109375,78752.39850299401,2127745
2019-11-07,77637.9921875,78288.07106945275,76895.0448938397,77730.86059920753,1594558
2019-11-08,76430.6875,78566.66054070473,76152.08232077764,78566.66054070473,2074339
2019-11-11,75502.0,76616.42066420664,74944.78966789668,76616.42066420664,2174477
2019-11-12,77266.515625,77266.515625,75502.01586914062,76059.22631835938,1555211
2019-11-13,77452.2578125,77637.99464178657,76430.70525142386,77359.3893978567,1370289
2019-11-14,77452.2578125,77823.73147107314,76987.91573928358,77266.52098321343,1517137
2019-11-15,79123.890625,79123.890625,77452.25913292254,78195.20646273474,2394138
2019-11-18,79402.4765625,80331.16049890351,78659.5294133772,79866.81853070176,1827506
2019-11-19,79216.75,79866.8288393904,78566.6711606096,79309.6184056272,2260299
2019-11-20,76802.1640625,79123.87397974607,76709.29566581016,78380.92680622732,3315169
2019-11-21,75130.5390625,76616.4335309796,74759.0654453801,75873.48629673981,3346746
2019-11-22,75873.484375,76244.95798271114,74944.80035572215,75130.53715957773,2089767
2019-11-25,75873.484375,77359.37880584456,75687.74757114444,76430.69478656672,2602474
2019-11-26,76430.6875,78102.31857533414,76152.08232077764,76152.08232077764,4521090
2019-11-27,76802.1640625,77266.50604594921,76152.0852856711,76523.55887243047,1326621
2019-11-28,76895.015625,77823.69938858696,76616.4104959239,77173.62075407608,1413983
2019-11-29,75130.5390625,76895.03874381953,74944.80225394006,76616.4335309796,2139440
2019-12-02,74759.0703125,75966.35964673913,74759.0703125,75130.54395380434,1945991
2019-12-03,73087.4140625,73644.62433489517,71787.25676024459,72530.20379010483,11657151
2019-12-04,72158.7421875,72530.21576375482,71322.92664092664,72437.34736969112,6164549
2019-12-05,73180.3125,74201.8650856599,72437.36516497462,74108.99666878172,3667358
2019-12-06,74851.9375,75037.67431761787,73458.911367866,73644.64818548386,3054204
2019-12-09,74944.796875,75966.34924876085,74944.796875,75502.00726068774,2290088
2019-12-10,74944.796875,75130.53367022924,73737.50770600991,74108.9812964684,1831960
2019-12-11,74851.9375,75223.41113523573,74387.59545595534,74944.80590880894,2009331
2019-12-12,77452.2578125,77545.12622714328,76152.10000749401,76152.10000749401,5247299
2019-12-13,81631.328125,81909.93334044369,79681.0916168942,80981.24928896474,5831965
2019-12-16,82281.40625,83024.35348476298,80795.51178047404,80981.24858916478,2652685
2019-12-17,86181.8984375,87110.5826879041,83767.31938644935,84510.26678677263,5070618
2019-12-18,86367.609375,87760.63533266129,85253.18860887097,86739.08296370968,3434310
2019-12-19,86924.828125,89525.14349626069,86739.0913127671,88596.45943509616,4938375
2019-12-20,88224.984375,88317.85277960527,87017.69511513157,87389.16873355262,2791176
2019-12-23,87853.5,89339.39429175475,87389.15803382664,88967.92071881607,1720279
2019-12-24,87110.5546875,88782.18580090618,87110.5546875,88224.97542977078,1464093
2019-12-26,88039.234375,88317.83954707278,86831.94529601793,87296.28724947257,1559839
2019-12-27,90104.1328125,91042.71752929688,88414.68032226563,88977.83115234376,2229470
2019-12-30,88320.796875,90385.68266803931,88320.796875,89728.67355207226,1862634
2020-01-02,88883.984375,90291.86163542767,88320.83347082893,90104.14466737065,2342070
2020-01-03,88696.25,91887.43783068784,88508.53306878307,90573.41931216931,3021380
2020-01-06,88508.5390625,89447.12378214474,87100.66198303287,87288.37892696183,2577573
2020-01-07,88226.953125,89540.97157579787,88226.953125,88696.24542885639,2489429
2020-01-08,91418.140625,93389.16829761294,89353.25449178644,90479.55601899384,7014748
2020-01-09,92919.8984375,92919.8984375,91418.16270517677,92826.0399542298,3586413
2020-01-10,92826.0234375,93576.89117005814,91887.43877180232,93013.74037063953,2867925
2020-01-13,94327.765625,94797.05799129354,91981.30379353234,92919.8885261194,2242008
2020-01-14,94327.765625,97143.5198227612,93764.61478544776,95266.35035758706,2913343
2020-01-15,92169.015625,93764.60958184827,91981.2986889002,93764.60958184827,2745625
2020-01-16,93107.6015625,93295.31850113407,91418.14911479334,91418.14911479334,2824804
2020-01-17,92919.8984375,95266.36051925505,92732.1814709596,94327.77568655302,2246394
2020-01-20,93764.6015625,94797.04462274775,93483.02618243244,93858.46002252253,1781639
2020-01-21,93201.4453125,94327.74676642749,92919.86994901812,94327.74676642749,1483291
2020-01-22,94797.046875,94797.046875,92919.8776299505,92919.8776299505,2257478
2020-01-23,92638.3046875,94797.04937626647,92169.01236385512,94797.04937626647,2780104
2020-01-28,90385.6953125,90948.84606211059,89165.53535501039,89634.82764635255,3630362
2020-01-29,91887.453125,92919.89641853933,90761.15135022982,90948.86831269151,2741459
2020-01-30,88226.953125,91793.57463430852,88039.23620345745,91793.57463430852,3223436
2020-01-31,87757.671875,91512.01077874331,87757.671875,88696.25660093583,4597139
2020-02-03,88883.984375,89728.71073125661,85880.51288608764,86162.08833817318,3725535
2020-02-04,91136.5625,91511.99633110197,88696.24259783728,88977.81797116375,3169743
2020-02-05,91699.71875,93201.4541645343,90948.85104273286,93201.4541645343,2911995
2020-02-06,94327.765625,94797.05799129354,92262.87921330845,92826.03005286069,2861441
2020-02-07,93201.4453125,94327.74676642749,92356.71922205438,93858.4544939577,1827393
2020-02-10,92732.171875,93107.60576923078,91418.15324519231,91981.30408653847,1825648
2020-02-11,93670.734375,94327.74353394289,92919.86676477957,93764.59282627756,1820578
2020-02-12,93858.46875,94797.0534375,93013.74253125,94327.76109375,2616573
2020-02-13,95735.65625,97143.53354779411,94327.77895220589,94797.07138480392,3519491
2020-02-14,98082.1015625,98551.39391447368,94797.0550986842,95266.3474506579,1893163
2020-02-17,98551.390625,99489.97529761905,97143.51361607143,98082.09828869048,1190162
2020-02-18,95735.65625,98082.1184129902,95266.36381740196,97612.82598039215,2789667
2020-02-19,97143.5078125,97143.5078125,94797.04627113527,96204.9231959541,2315634
2020-02-20,97612.7890625,99489.95808293269,96204.91229717548,98082.08131760817,3093782
2020-02-21,96674.2265625,97143.51892445389,94797.05711468447,95266.34947663835,4064719
2020-02-24,93389.171875,94327.7565169598,92826.02108982412,94327.7565169598,5550758
2020-02-25,91981.296875,93013.74000318878,90479.56141581634,91793.57994260204,6594059
2020-02-26,88790.109375,90197.9863735465,88602.39244186046,89634.83557412791,6405409
2020-02-27,87100.6796875,89447.1419635641,86537.5287412446,88883.99101730873,4644449
2020-02-28,82501.5859375,86537.49969781001,82313.86901841582,85411.19818330489,8171939
2020-03-02,86443.65625,87382.24100841476,82877.03416802388,84472.628257329,6382279
2020-03-03,87100.6796875,89259.42498147898,86725.24572332973,89165.56649043642,5573006
2020-03-04,88508.5390625,89165.54836625133,85692.78490356574,85692.78490356574,4984561
2020-03-05,89071.6796875,90010.26429959167,88039.23661419915,89353.2550711275,4028776
2020-03-06,86912.9375,88508.5313849892,86349.78671706263,87569.94674676025,3281612
2020-03-09,86912.9375,86912.9375,86912.9375,86912.9375,0
2020-03-10,83627.8984375,83909.47385311448,81281.43664071268,81563.01205632716,6579153
2020-03-11,80248.9921875,83064.7462993421,79873.55830592105,82783.1708881579,5226251
2020-03-12,77714.8046875,79404.25696331522,74711.33397493961,78653.38928517513,8191818
2020-03-13,77433.234375,79498.120625,71332.43409090908,72177.1602840909,8160758
2020-03-16,75649.921875,79591.9773573201,75462.20494727047,78559.53425480769,5097762
2020-03-17,75462.1953125,77996.37351329291,72271.00794853856,72740.30020794466,7107436
2020-03-18,68610.5390625,77433.23492005814,68516.68059593023,76588.50872093023,7949482
2020-03-19,64762.3515625,71144.72823822463,61758.88018568841,70863.15279664854,11140367
2020-03-20,70206.1171875,71520.13542362968,65794.77025192179,67390.36382436498,8750101
2020-03-23,65137.7578125,67202.64350684438,63823.73964337176,65419.33313445606,8192363
2020-03-24,73866.6015625,73960.46001429479,67671.94374404383,68516.66981019695,7247345
2020-03-25,79310.40625,79498.12318786982,74899.05821005917,76963.94452662722,8787217
2020-03-26,75743.7734375,82501.58222002788,75462.19807156133,79779.68701595414,7895289
2020-03-27,78184.1015625,80436.7047287665,75556.06453518907,80436.7047287665,8085695
2020-03-30,78559.546875,79685.84862231184,75086.78315412186,76025.3679435484,5270037
2020-03-31,78184.1015625,80248.9877982443,76963.94151410564,78841.11081932773,5333479
2020-04-01,73585.0390625,78090.24553571429,73585.0390625,77057.80238560267,6845675
2020-04-02,75086.7890625,75086.7890625,71801.74204101562,73960.4872265625,5394371
2020-04-03,74711.34375,75837.64541457286,73678.90055747487,75086.77763819095,3755301
2020-04-06,77996.3828125,78184.0997386432,75274.48738342359,76025.35508799639,5784159
2020-04-07,80530.546875,81375.27289117133,78559.51950393357,81281.41444493007,6188649
2020-04-08,79310.40625,81187.57562869822,79310.40625,80530.56634615385,3749575
2020-04-09,79779.6796875,81187.55638786765,79310.38745404412,80905.98104779412,3555538
2020-04-10,78934.9765625,79216.55198424494,77902.5333494352,78841.11808858502,3675338
2020-04-13,76400.78125,78277.95032248157,76119.20588912776,78090.23341523341,3615318
2020-04-14,77245.515625,78559.5341167983,76213.07252430133,77151.65716130011,3344109
2020-04-16,76306.921875,77245.50639990775,75649.91270756458,75649.91270756458,4470072
2020-04-17,78934.9765625,80624.42909296969,78090.25029726516,78465.6841929251,6205624
2020-04-20,76963.9296875,78747.24025342987,76963.9296875,78747.24025342987,5027876
2020-04-21,76306.921875,77151.64794741698,75274.47889760148,75649.91270756458,5090721
2020-04-22,78747.2578125,78747.2578125,75086.77741358761,75649.92824418952,5335787
2020-04-23,77527.1015625,79967.42195066586,76963.95070369249,79967.42195066586,6519481
2020-04-24,76400.78125,77433.22423986487,75837.63052825553,76963.93197174447,3193144
2020-04-27,77527.1015625,78090.25242130751,76213.08289194915,76682.37527428874,3235430
2020-04-28,78277.96875,78747.26112859712,77339.38399280576,77433.24246852518,3205535
2020-04-29,78559.546875,79591.99014336918,77808.67904345879,78371.8299171147,3750568
2020-05-04,76025.3671875,77808.67826967593,75837.65023148149,77808.67826967593,5280026
2020-05-06,77339.375,77433.23346480583,75931.49802791263,76963.9411407767,3351424
2020-05-07,77339.375,78277.95964805825,76776.22421116506,77339.375,2660512
2020-05-08,79779.6796875,80248.97192095588,77902.51075367647,77902.51075367647,5039635
2020-05-11,79310.40625,79967.41553254439,78934.97237426035,79310.40625,2800047
2020-05-12,80436.7109375,81187.57871754667,78090.24912485413,79310.40926742999,3574409
2020-05-13,78465.6875,78934.97988935407,77902.53663277511,78371.82902212918,5371416
2020-05-14,75649.921875,77433.23268843052,75649.921875,77151.65729683623,6409652
2020-05-15,76870.078125,77245.51196199634,75743.77661401099,76494.64428800366,4168866
2020-05-18,76119.21875,76776.22803637484,74335.9078298397,75462.20946362516,5294177
2020-05-19,77620.9453125,78090.23760580411,76682.36072589178,77339.36993651754,4620614
2020-05-20,78934.9765625,79028.83503641498,76776.23166245541,76870.09013637039,3924403
2020-05-21,78277.96875,79685.84588579136,78090.25179856115,79685.84588579136,2678953
2020-05-22,76306.921875,78184.09092481551,76025.34651752768,77996.37401983395,3471700
2020-05-25,76400.78125,76776.21506449631,75556.05516738328,76494.63970362408,2850294
2020-05-26,76870.078125,77057.79504349816,75649.91815476191,75649.91815476191,3040122
2020-05-27,76400.78125,77620.94114711302,76025.34743550369,76119.20588912776,2946278
2020-05-28,78747.2578125,80155.13488900477,77339.38073599523,78934.97475603397,9227823
2020-05-29,76494.65625,77620.95793711656,76306.93930214724,77527.09946319018,6815185
2020-06-01,78465.6875,78559.54597787082,77057.8103319378,77057.8103319378,4205357
2020-06-02,78184.1015625,78465.67695828331,77620.95077093337,77620.95077093337,3114162
2020-06-03,83252.4765625,83721.76898957159,78277.97683554115,78277.97683554115,11642239
2020-06-04,82313.8671875,85974.34702822121,81750.71644277366,84472.61170895096,6678244
2020-06-05,84848.0546875,85223.48855779867,82313.87606298395,83064.7438035813,4000557
2020-06-08,85411.2109375,87288.38040865384,85035.77704326923,87288.38040865384,3789382
2020-06-09,84284.9140625,86349.80059855233,83627.9047101197,85411.21580943764,3410081
2020-06-10,85223.4765625,85505.05192559196,83909.45820140418,84284.89201886013,3045250
2020-06-11,83064.71875,84754.17065677966,82126.13435734464,83815.58626412429,5467344
2020-06-12,79967.4296875,80530.58060079225,79310.42028865904,79310.42028865904,4742329
2020-06-15,76963.9296875,81187.55997522865,76963.9296875,78934.9571551067,4710114
2020-06-16,80155.125,80436.70038056206,78184.09733606558,78277.95579625294,3518785
2020-06-17,81469.15625,82032.30709965437,78371.82657690092,79591.98675115207,4160612
2020-06-18,80905.984375,81469.13507830627,80155.11677059165,80812.12592444895,2484147
2020-06-19,80155.125,81656.86036299766,79310.39885831381,81187.56806206089,3216102
2020-06-22,79685.84375,80624.42848203769,79122.69291077739,79216.55138398116,2167216
2020-06-23,78934.9765625,80906.00451471463,78747.25961467004,80342.85367122473,2955819
2020-06-24,80718.28125,82032.29978197675,78841.11191860466,79028.82885174418,4079834
2020-06-25,79122.6875,80342.84756820877,78841.11209964413,79122.6875,3397112
2020-06-26,79404.2578125,80812.13472406915,79310.39935172873,80718.27626329787,2889494
2020-06-29,78465.6875,80061.28162380382,78371.82902212918,78841.12141148325,2932433
2020-06-30,79873.546875,81938.43292817273,79779.6884180376,80905.98990158636,4983607
2020-07-01,80061.2890625,81938.45879432884,79685.85511613423,81469.16636137162,2382552
2020-07-02,79216.546875,79967.41461789099,78841.1130035545,79591.9807464455,3295340
2020-07-03,80155.125,80342.8419203747,79310.39885831381,79779.6911592506,2195897
2020-07-06,80718.28125,81656.86591569768,80530.56431686046,80718.28125,2561766
2020-07-07,79591.96875,81938.43009286556,79404.25184257075,81938.43009286556,3196352
2020-07-08,78559.546875,79685.84862231184,78465.68839605735,78653.40535394265,3523620
2020-07-09,77902.53125,79404.26679216867,77902.53125,79028.8329066265,4002365
2020-07-10,77714.8046875,78371.8139058726,77339.37084842996,78184.09698633756,2201557
2020-07-13,77902.53125,78371.8236069277,77433.23889307228,77996.38972138554,2080934
2020-07-14,77808.671875,77808.671875,76963.94564234017,77527.09646411339,2048671
2020-07-15,77902.53125,78747.25749246987,77808.67277861445,77996.38972138554,3024429
2020-07-16,77620.9453125,77996.37914714329,77245.51147785671,77902.52068848247,2312310
2020-07-17,77808.671875,78371.82269677322,77527.09646411339,77620.95493440892,1579078
2020-07-20,77151.65625,77902.52395072993,77057.79778740877,77714.80702554744,2008624
2020-07-21,78934.9765625,79498.1274059899,77902.5333494352,78277.96724509513,4181015
2020-07-22,78090.25,79028.83473557692,77808.67457932692,78934.97626201923,2876295
2020-07-23,77339.375,78841.11043689321,77245.51653519418,78841.11043689321,3591647
2020-07-24,78559.546875,78559.546875,77151.66969086022,77245.52816980287,3667416
2020-07-27,77714.8046875,78841.10620471014,77714.8046875,77996.38006680254,2784652
2020-07-28,77996.3828125,78747.25051707281,77620.9489602136,78747.25051707281,4538720
2020-07-29,78090.25,78653.40084134616,77527.09915865384,77808.67457932692,3719681
2020-07-30,80061.2890625,81093.73241500586,77902.54387089683,78184.11933067116,6870841
2020-07-31,77714.8046875,80718.27540006039,77714.8046875,80436.70002075785,4848989
2020-08-03,76776.234375,77527.10219284841,76494.65894330684,77339.3852383863,3483106
2020-08-04,76588.5,77433.22610294117,76400.7830882353,76776.21691176471,3005937
2020-08-05,75743.7734375,76306.92416937732,75556.05652687422,76213.06571406443,4537005
2020-08-06,76119.21875,76870.08650585698,75743.78487207153,75743.78487207153,3391939
2020-08-07,75649.921875,76306.93112205334,75086.77109181142,76213.07265818858,4946631
2020-08-10,76400.78125,76870.07351812039,74899.04599201474,75180.62135288697,3277238
2020-08-11,76306.921875,76963.93104243543,76025.34651752768,76682.3556849631,3234013
2020-08-12,76025.3671875,76306.94262152778,75274.49936342593,76119.22566550926,3595828
2020-08-13,75743.7734375,76963.93335656753,75368.33961624844,76870.07490125464,4049387
2020-08-14,75274.4765625,76119.2026087126,75180.61811292083,75274.4765625,2589552
2020-08-18,73303.46875,75274.49671895006,73209.6102752881,75086.77976952626,4946279
2020-08-19,70393.84375,73209.5975,70393.84375,72552.58829166667,8028305
2020-08-20,67390.3828125,69830.70308147631,66921.09045308147,69830.70308147631,7260223
2020-08-21,69924.5546875,72271.01625419463,68047.3854341443,68328.96082214765,7700029
2020-08-24,70863.140625,72458.73451986755,69173.68826572847,70018.41444536424,4298619
2020-08-25,72271.015625,72928.02485795454,70769.28023538961,71614.00639204546,3473488
2020-08-26,73960.484375,74242.05982312818,72364.89016894036,73209.61651332487,4741965
2020-08-27,74242.046875,75274.49000474083,73960.47147597976,75274.49000474083,4223450
2020-08-28,73021.8984375,74711.35110057841,72928.03995621786,74617.49261929627,2511956
2020-08-31,70487.71875,73960.48252330226,70487.71875,73397.33164114514,5113128
2020-09-01,70581.5703125,71801.73043758312,70581.5703125,70581.5703125,2538676
2020-09-02,70863.140625,71707.86680463576,70299.98983857616,71238.57448261589,2369360
2020-09-03,73866.6015625,74805.18608044791,72458.72478557815,72928.01704455209,7002529
2020-09-04,73866.6015625,74523.61072506354,71426.28181583545,71707.85717121982,4582566
2020-09-07,73585.0390625,74617.4822126116,72834.17131696429,73772.75599888392,2786930
2020-09-08,74523.6171875,75086.76794710328,73397.31566829345,73866.60796796285,3380355
2020-09-09,72552.609375,73585.05271668824,72458.75088939199,73115.76028864813,3918435
2020-09-10,71895.59375,73397.32938968668,71895.59375,73209.61243472584,3541520
2020-09-11,73585.0390625,73678.89753069196,71614.01123046875,71989.4451032366,2831262
2020-09-14,75086.7890625,75180.64754882813,74054.34571289063,74242.06268554687,4099644
2020-09-15,76870.078125,77057.79504349816,75274.48431776557,76306.92736950549,5899410
2020-09-16,76494.65625,77339.38251533742,75556.0715107362,76682.37319785276,3119110
2020-09-17,77151.65625,77808.6654881387,76213.07162408759,76870.08086222628,4055050
2020-09-18,78559.546875,78747.2638328853,77151.66969086022,77808.67904345879,5199334
2020-09-21,79310.40625,79779.69859467456,78465.6800295858,78559.5384985207,4102947
2020-09-22,76306.921875,79591.96771217712,75274.47889760148,79216.53390221403,4139983
2020-09-23,78465.6875,79591.98923444976,75556.07468600478,77245.52728767942,4439085
2020-09-24,79122.6875,80155.13063463819,77245.51816429419,77714.81049822064,6401560
2020-09-25,77808.671875,80624.4259838661,77151.66258293124,80530.56751357057,3205596
2020-09-28,77433.234375,78559.53596590909,76306.93278409091,78277.96056818182,3154068
2020-09-29,78841.1015625,79685.82765066964,77151.64938616072,77996.37547433036,4707898
2020-10-05,78090.25,78934.97626201923,77245.52373798077,77902.53305288462,3396894
2020-10-06,77902.53125,79028.8329066265,77527.09736445783,78841.11596385542,2750145
2020-10-07,78277.96875,78559.54417715827,77433.24246852518,77808.67637140288,2254356
2020-10-08,77808.671875,79310.40739972859,77808.671875,79122.6904591375,3330824
2020-10-12,80248.9921875,80248.9921875,78371.82277960525,78747.2566611842,4464264
2020-10-13,82783.1640625,83534.03176374716,79404.25940688775,80248.98557079081,6375448
2020-10-14,81187.578125,83440.18144869943,80812.14423771677,82595.45520231214,3223767
2020-10-15,81750.7265625,81938.44350064581,80624.42493362514,80812.14187177095,2802900
2020-10-16,80061.2890625,82501.6097138775,79685.85511613423,81656.88333455451,2435541
2020-10-19,81375.2890625,82501.59064121972,80530.56287846022,80812.13827314014,3150011
2020-10-20,79967.4296875,85317.36336377641,78559.55240426937,80061.28817304871,6622637
2020-10-21,78653.390625,80905.99369779236,77714.8060113365,80061.26754549523,4925877
2020-10-22,78184.1015625,79122.68621511104,77433.23384041117,79028.82774984994,2593975
2020-10-23,78747.2578125,79498.12558663588,77245.52226422825,77714.81462306317,2609595
2020-10-26,78090.25,79498.12710336539,77902.53305288462,79122.69320913462,1662847
2020-10-27,77527.1015625,78277.96937424334,76776.23375075666,77245.52613309624,2265817
2020-10-28,77808.671875,78465.68116706876,76963.94564234017,77057.8041126357,1773556
2020-10-29,76682.3671875,77339.37645348837,76025.35792151163,76870.08412063953,2637314
2020-10-30,74992.90625,77057.79227941176,74992.90625,76588.5,2710477
2020-11-02,74711.34375,75649.92847047739,74335.90986180905,75274.49458228644,2000394
2020-11-03,76400.78125,76400.78125,74711.32908476658,74711.32908476658,2057723
2020-11-04,78090.25,79216.55168269231,76213.08052884616,77057.80679086539,3782296
2020-11-05,80812.140625,80905.99909262486,78184.10353150406,78934.97127250291,4082325
2020-11-06,80999.8671875,82313.88589042584,80718.29175115876,81187.58414506084,2863808
2020-11-09,80718.28125,81938.44131540698,80342.84738372093,81187.57358284884,2444330
2020-11-10,81187.578125,81844.58742774568,80624.42729407515,81563.01201228324,2849783
2020-11-11,81656.859375,81844.57629310346,80624.41632543104,80812.13324353448,2638617
2020-11-12,82689.3046875,82970.88007236096,81656.8616096765,82220.01237939841,4006433
2020-11-13,84191.0390625,84472.61444397994,82126.15293164716,82689.30369460702,3774278
2020-11-16,91981.296875,92075.15534119899,85505.06270727041,86443.6473692602,9274278
2020-11-17,92075.1640625,93483.04118883793,90573.4284610729,91418.15473687564,5218295
2020-11-18,91981.296875,94327.7585299745,90667.27834821428,93670.74926658164,3734037
2020-11-19,92169.015625,92262.8740930499,90104.12932790224,90291.84626400204,2766688
2020-11-20,90854.984375,92919.87038352274,90854.984375,92919.87038352274,2424003
2020-11-23,93858.46875,94797.0534375,90667.2808125,91324.29009375,4149013
2020-11-24,92544.453125,95735.6411637931,92262.87770981237,94797.05644650101,3766043
2020-11-25,91230.4296875,94327.75909047067,90385.70348668982,94327.75909047067,4081524
2020-11-26,93295.3125,93389.17096327968,90385.70013832998,90854.99245472837,2933290
2020-11-27,92732.171875,93764.61508413462,92169.02103365384,93483.03966346155,1976047
2020-11-30,91511.9921875,93670.73661858974,91324.27528044872,93576.8781650641,3877841
2020-12-01,94327.765625,95266.35035758706,91793.58684701493,92544.45463308458,4455519
2020-12-02,102305.7109375,102775.00318950688,96674.20391341743,96674.20391341743,7488361
2020-12-03,104652.1796875,107467.93340106502,102305.71825952915,103713.59511631166,6617912
2020-12-04,107937.234375,112160.86528532609,105590.77275815218,108875.81902173914,8258814
2020-12-07,110752.984375,112630.15360169491,108875.81514830508,111222.27668167373,5191354
2020-12-08,107937.234375,110752.98831521739,106998.64972826088,110752.98831521739,4536460
2020-12-09,113099.4609375,113568.75330653528,107937.24487811203,108875.82961618257,5490760
2020-12-10,109345.1015625,111222.27068803647,108406.51699973176,109814.39384388411,8205744
2020-12-11,108406.53125,110752.99296536797,107937.2389069264,110752.99296536797,3944552
2020-12-14,109814.3984375,111691.56764155983,108406.52153445513,108875.8138354701,3066761
2020-12-15,110283.71875,111222.30359042554,107937.25664893616,111222.30359042554,2755902
2020-12-16,110283.71875,112160.88843085106,109814.42632978724,111691.5960106383,2213552
2020-12-17,112160.8671875,112160.8671875,109814.40553085774,111222.2825248431,3649945
2020-12-18,111222.28125,111691.57357594937,110283.69659810126,111222.28125,3010798
2020-12-21,108875.828125,110752.99757543104,107467.95103717672,110752.99757543104,3585805
2020-12-22,105590.765625,108406.519375,105590.765625,107937.22708333335,4270842
2020-12-23,108875.828125,108875.828125,105590.7815867457,106060.07394935345,3173156
2020-12-24,110752.984375,111222.27668167373,108406.52284163135,108875.81514830508,3486636
2020-12-28,108406.53125,112160.86999458875,107937.2389069264,111691.57765151515,4825132
2020-12-29,109990.0,112360.47413793104,108093.62068965517,111886.37931034483,4208916
2020-12-30,112360.4765625,112360.4765625,108567.71785996835,109990.00237341772,4195192
2021-01-04,119471.9140625,121368.29365079364,114256.87019469246,118049.62937127976,7995016
2021-01-05,123738.75,125635.12931034483,117575.51724137932,118049.61206896552,7180224
2021-01-06,124212.8515625,129901.98980200382,123264.66185591604,125635.13612237596,8525749
2021-01-07,127531.5234375,130376.09273350371,124686.95414149627,125635.14390683085,5981299
2021-01-08,130850.1953125,130850.1953125,125635.1512964221,128953.81567028986,8713010
2021-01-11,126109.21875,132746.54605263157,124212.8395206767,130850.16682330827,11154671
2021-01-12,122316.46875,126583.3223110465,118997.80486918605,125161.03779069766,8700877
2021-01-13,126109.21875,126583.31355733084,121842.36548402256,122316.46029135339,6791044
2021-01-14,123738.75,126109.22413793104,122316.46551724138,125635.12931034483,5380278
2021-01-15,120894.1953125,128005.61856617648,120420.10042892158,126109.23903186274,4838114
2021-01-18,123264.65625,124212.84591346154,118523.7079326923,119471.89759615384,5927419
2021-01-19,123738.75,125161.03448275862,121842.37068965517,124212.84482758622,4513315
2021-01-20,123738.75,128005.60344827587,123264.6551724138,127057.41379310345,4913282
2021-01-21,124686.9765625,126109.26146625476,123264.69165874524,124686.9765625,3067677
2021-01-22,121842.375,125161.03891050584,121842.375,124686.94406614786,3927767
2021-01-25,128005.6484375,128005.6484375,122790.60350115741,123264.69849537038,5061864
2021-01-26,122316.46875,127057.4171511628,121842.37390988372,127057.4171511628,6270106
2021-01-27,121842.375,125161.03891050584,120894.18531128405,122790.56468871595,5068456
2021-01-28,116627.3359375,118997.81024517276,115205.05135289633,117575.5256605691,6270829
2021-01-29,116153.21875,121842.35599489797,115205.02920918367,121842.35599489797,7391307
2021-02-01,118523.7265625,119471.916375,111886.397875,114730.9673125,5620305
2021-02-02,123264.65625,125635.13040865384,120420.08725961538,121842.37175480768,4880067
2021-02-03,123264.65625,124686.9407451923,121842.37175480768,124212.84591346154,3693688
2021-02-04,118523.7265625,121842.39090625,117575.53675,120894.20109375,4600618
2021-02-05,120894.1953125,121368.29019607844,118049.62601102941,119946.00554534314,3497303
2021-02-08,118523.7265625,121368.296,118523.7265625,120894.20109375,2876471
2021-02-09,118997.8046875,123264.65824203187,118523.70984810758,120894.18404506972,5177095
2021-02-10,119471.9140625,120420.10385664682,118049.62937127976,118997.81916542658,4262526
2021-02-15,125161.046875,125635.14174952652,123264.66737689394,123264.66737689394,5384526
2021-02-16,125635.1328125,127057.41733490567,123738.75344929246,125635.1328125,3218689
2021-02-17,123264.65625,124212.84591346154,121368.27692307692,124212.84591346154,3621178
2021-02-18,119471.9140625,123264.6732390873,118997.81916542658,121842.38854786706,3792425
2021-02-19,126109.21875,126109.21875,121842.36548402256,122316.46029135339,6986526
2021-02-22,129427.875,132272.4436813187,128005.59065934067,128953.78021978022,7961516
2021-02-23,131324.3125,132746.5974729242,124686.98262635378,126583.36259025271,6400037
2021-02-24,128953.796875,136065.21949678307,127057.41750919117,130376.08139935661,9074809
2021-02-25,140806.140625,141754.33012415824,132746.52988215486,133694.71938131313,9936495
2021-02-26,134168.84375,137487.507729682,130850.17977031802,136065.22316696114,10843268
2021-03-02,137013.421875,142702.56049956748,133694.75767733564,141280.2758434256,9376523
2021-03-03,139383.890625,139383.890625,132272.46763392858,135117.03683035716,5827221
2021-03-04,134642.953125,137961.61746258804,132272.4785981514,135591.14293573945,6586562
2021-03-05,132746.5625,134168.8470982143,129427.8984375,130850.18303571429,6091444
2021-03-08,128479.7265625,135591.15054197417,128479.72656250001,135591.15054197417,5587787
2021-03-09,129427.875,130376.06456043957,123738.73763736265,127057.4010989011,7822152
2021-03-10,126109.21875,133220.6408599624,125635.12394266918,133220.6408599624,5614476
2021-03-11,129901.9609375,131798.3399292883,127057.39244981752,127531.4871977646,6707671
2021-03-12,132746.5625,135117.03683035716,132272.46763392858,133220.65736607142,4548695
2021-03-15,129427.875,134642.91758241758,128953.78021978022,134168.8228021978,4289990
2021-03-16,133220.65625,133220.65625,130850.18193950178,131324.27680160143,3304561
2021-03-17,132746.5625,133694.75223214287,131324.2779017857,133694.75223214287,2588319
2021-03-18,134642.953125,137487.52255721833,133694.76331426058,135117.0480303697,4426840
2021-03-19,130850.1953125,132272.4800441576,129902.00549139493,130850.1953125,4015627
2021-03-22,130850.1953125,132746.57495471014,129902.00549139493,131324.29022305252,2727719
2021-03-23,128005.6484375,132272.50338541667,127057.45844907408,131798.4083912037,3839090
2021-03-24,126583.3359375,127531.52571980338,124686.95637289326,126109.24104634832,3894080
2021-03-25,126109.21875,127531.50317199249,123738.74471334588,126109.21875,4157799
2021-03-26,128005.6484375,128005.6484375,125161.07847222223,127057.45844907408,3835443
2021-03-29,125161.046875,128479.71099668561,124686.9520004735,128479.71099668561,3575226
2021-03-30,127531.5234375,128479.71320283457,125161.04902416356,126109.23878949814,3304184
2021-03-31,125635.1328125,128005.60701650943,125161.03797169811,127531.51217570755,3309680
2021-04-01,133220.65625,133220.65625,129427.89735320285,130850.18193950178,5833436
2021-04-02,133694.734375,135591.11358599292,132746.54476950355,134642.92398049645,3432245
2021-04-05,135591.15625,137013.44110576925,133694.7764423077,134642.96634615384,2616440
2021-04-06,135591.15625,139383.91586538462,134168.87139423078,139383.91586538462,3753217
2021-04-07,136065.21875,138435.69294425088,135117.02907229966,138435.69294425088,2424687
2021-04-08,136539.3125,138435.69184027778,135117.02799479166,136065.21766493056,3774932
2021-04-09,132746.5625,137487.5111607143,132272.46763392858,136539.32142857142,3276077
2021-04-12,130376.078125,133220.64710227272,128953.79363636364,133220.64710227272,3878457
2021-04-13,132272.46875,132746.56362007168,128479.70978942653,128953.80465949822,2876178
2021-04-14,129901.9609375,131798.3399292883,129427.86618955292,131798.3399292883,2777203
2021-04-15,130376.078125,131798.36261363636,128953.79363636364,128953.79363636364,2291160
2021-04-16,130376.078125,131798.36261363636,130376.078125,131324.26778409092,1982877
2021-04-19,130850.1953125,131798.38513360507,129902.00549139493,130850.1953125,1906782
2021-04-20,131324.3125,131324.3125,129427.93253610109,129427.93253610109,2167732
2021-04-21,125635.1328125,130850.17606132076,125161.03797169811,130850.17606132076,5120577
2021-04-22,126109.21875,128479.69278665414,126109.21875,127531.50317199249,3007457
2021-04-23,125635.1328125,125635.1328125,121842.3740860849,123738.75344929246,4854412
2021-04-26,124686.9765625,125635.1664983365,123738.7866266635,125635.1664983365,2904879
2021-04-27,128005.6484375,128953.83842592593,125635.17346643518,126109.26846064815,3394650
2021-04-28,123264.65625,128005.60456730769,123264.65625,127531.50973557692,5596760
2021-04-29,123264.65625,126109.2252403846,122316.46658653846,125161.03557692307,3738266
2021-04-30,121368.2890625,123738.76345825195,119946.00442504883,123264.66857910156,3955947
2021-05-03,124686.9765625,125635.1664983365,120420.12185123574,120894.216819154,4085398
2021-05-04,125161.046875,125161.046875,122316.47762784091,123738.76225142046,2547004
2021-05-06,122316.46875,123738.75327034884,121368.27906976744,123264.65843023255,4211535
2021-05-07,122790.5625,124212.84700772201,120420.08832046333,121368.277992278,3450323
2021-05-10,123264.65625,124212.84591346154,121842.37175480768,124212.84591346154,3067077
2021-05-11,116627.3359375,120894.18969131097,115679.14621443089,120420.09482977641,9882491
2021-05-12,113308.671875,117101.43076621338,112834.57701359832,116627.33590481171,8272196
2021-05-13,111412.3046875,112360.49451462766,109515.92503324468,109990.0199468085,6042025
2021-05-14,112360.4765625,113782.76107594935,111886.38172468354,112360.4765625,3227201
2021-05-17,111412.3046875,113782.77925531914,110938.20977393616,113782.77925531914,3110127
2021-05-18,114730.9609375,115679.15069731405,111412.29677815083,111412.29677815083,3470048
2021-05-20,116153.21875,117575.50306122449,113308.65012755102,114730.93443877551,4600751
2021-05-21,116153.21875,118997.78737244898,114730.93443877551,118049.59783163265,4062695
2021-05-24,113308.671875,116153.24104341003,112834.57701359832,115679.14618200836,3188734
2021-05-25,116627.3359375,116627.3359375,114256.86162982722,115205.05135289633,3258364
2021-05-26,116627.3359375,118049.62052210365,115679.14621443089,117575.5256605691,3015522
2021-05-27,118997.8046875,119471.89952689243,116627.33049053786,118049.61500871515,4539067
2021-05-28,118523.7265625,119946.01128125,117575.53675,119946.01128125,2332971
2021-05-31,120420.1015625,120420.1015625,117575.53223425196,119471.91178641733,2448074
2021-06-01,121842.375,122316.46984435798,119471.90077821013,120420.09046692608,2819179
2021-06-02,119471.9140625,122316.48344494047,118997.81916542658,121842.38854786706,2885654
2021-06-03,122316.46875,123264.65843023255,119945.9945494186,120420.08938953489,3353993
2021-06-04,121842.375,122316.46984435798,119945.9956225681,120894.18531128405,2555891
2021-06-07,121842.375,123264.65953307394,121368.28015564203,122790.56468871595,2562918
2021-06-08,120894.1953125,120894.1953125,118523.72089460785,120420.10042892158,4194955
2021-06-09,116153.21875,119471.88214285715,116153.21875,118997.78737244898,6087592
2021-06-10,116627.3359375,117575.5256605691,114256.86162982722,116153.24107596544,4533076
2021-06-11,121368.2890625,121842.38394165039,117575.53002929688,118049.62490844727,4868608
2021-06-14,120420.1015625,120894.19645054133,118997.81689837598,120420.1015625,2022730
2021-06-15,121842.375,122790.56468871595,121368.28015564203,121842.375,1975082
2021-06-16,122790.5625,122790.5625,120420.08832046333,121368.277992278,1893752
2021-06-17,119945.984375,121368.26877470355,119471.88957509882,120420.07917490118,2123793
2021-06-18,118049.6171875,120894.18627635542,118049.6171875,120894.18627635542,2506112
2021-06-21,115679.140625,116627.3303022541,114256.85610911885,114730.95094774589,3275288
2021-06-22,115679.140625,117101.42514088114,115679.140625,116153.23546362705,2179712
2021-06-23,117575.53125,118049.62613407259,115679.15171370968,116153.24659778226,2703658
2021-06-24,119471.9140625,119946.0089595734,117101.43957713293,117575.53447420635,2646407
2021-06-25,121842.375,122316.46984435798,120894.18531128405,121368.28015564203,2531018
2021-06-28,119471.9140625,122790.57834201389,119471.9140625,122316.48344494047,2402730
2021-06-29,118523.7265625,121368.296,118523.7265625,120894.20109375,2211572
2021-06-30,120894.1953125,122790.57484681373,119471.9106617647,119946.00554534314,4346027
2021-07-01,118049.6171875,121368.281124498,117575.52233935744,120894.18627635542,3336174
2021-07-02,116153.21875,117101.40829081633,115205.02920918367,116153.21875,3983921
2021-07-05,116627.3359375,118049.62052210365,116153.24107596544,117101.43079903454,1632551
2021-07-06,118523.7265625,119471.916375,117101.44184375,117575.53675,2067135
2021-07-07,117101.4296875,118997.80911563765,116153.23997343118,118523.71425860324,2229140
2021-07-08,115205.046875,117101.42624742798,114730.952031893,117101.42624742798,3165552
2021-07-09,113308.671875,114256.86159780335,111886.38729079497,114256.86159780335,4823577
2021-07-12,113782.765625,115679.14505208333,113308.67076822917,114730.95533854167,2477201
2021-07-13,116627.3359375,117101.43079903454,114730.95649136178,114730.95649136178,2879072
2021-07-14,117101.4296875,117575.52454453442,115205.05025936235,116153.23997343118,2443087
2021-07-15,117101.4296875,117575.52454453442,116153.23997343118,117101.4296875,1500981
2021-07-16,115205.046875,116153.236561214,114256.85718878602,115679.141718107,2905546
2021-07-19,112834.5703125,113782.7599789916,112360.47547925421,112834.5703125,2066638
2021-07-20,112360.4765625,113308.66623813291,111412.28688686708,111412.28688686708,2070074
2021-07-21,110938.1875,113782.7564102564,110464.09268162394,113308.66159188034,2864601
2021-07-22,113308.671875,113782.76673640167,111886.38729079497,111886.38729079497,1919233
2021-07-23,112360.4765625,112834.57140031645,111412.28688686708,112360.4765625,1747651
2021-07-26,110938.1875,113782.7564102564,110938.1875,113308.66159188034,1836657
2021-07-27,109990.0,112834.56896551725,109990.0,111886.37931034483,2916330
2021-07-28,108093.6171875,109515.90162417763,106671.33275082236,109041.80681195176,6033084
2021-07-29,108093.6171875,109515.90162417763,107145.42756304824,109041.80681195176,3054699
2021-07-30,106671.34375,108093.62833333333,106671.34375,108093.62833333333,2888566
2021-08-02,109990.0,110938.18965517242,107145.43103448277,107619.52586206897,4276730
2021-08-03,113782.765625,114256.86048177084,110938.196484375,111886.38619791667,4396423
2021-08-04,114730.9609375,116627.3404571281,114256.86605759298,115679.15069731405,4162635
2021-08-05,113782.765625,115205.0501953125,111886.38619791667,114730.95533854167,3491584
2021-08-06,111886.390625,113308.67525158898,111412.29574947034,112834.58037605933,2209875
2021-08-09,109990.0,111886.37931034483,109990.0,111412.28448275862,2755724
2021-08-10,106671.34375,109515.91291666667,106197.24888888889,109041.81805555556,5420223
2021-08-11,100034.0,104300.85308056872,99559.90521327015,103352.66350710901,13715267
2021-08-12,95293.0703125,98611.73445273632,94629.33748445274,96715.35494402985,19150647
2021-08-13,96241.2578125,96241.2578125,93775.96450892858,94439.69732142857,11622957
2021-08-17,96241.2578125,98137.63727678572,95293.06808035714,95767.16294642858,7851717
2021-08-18,98611.71875,100034.00315504808,96241.24474158653,97663.52914663461,8047599
2021-08-19,97189.4453125,100034.01444359755,96241.25560213414,97663.54016768292,6161038
2021-08-20,97189.4453125,99085.82473323171,96715.35045731706,98611.72987804878,4719139
2021-08-23,97663.5546875,99559.9343901699,97663.5546875,99085.83946450242,4515699
2021-08-24,99559.921875,100034.01674107143,98611.73214285714,99085.82700892858,4454743
2021-08-25,98137.625,100508.09903381643,97189.43538647343,100508.09903381643,3194555
2021-08-26,98611.71875,100982.19275841345,98137.62394831731,100508.09795673077,3694741
2021-08-27,98137.625,99085.81461352657,95767.15096618357,98137.625,3507782
2021-08-30,98137.625,100034.00422705314,98137.625,99559.90942028986,1815758
2021-08-31,100982.203125,100982.203125,96715.34947183098,98137.63402288733,4979276
2021-09-01,102404.46875,102404.46875,99085.80541087964,100508.08969907407,4736183
2021-09-02,100982.203125,102878.58252640846,100508.1082746479,102404.48767605633,2724565
2021-09-03,101456.2890625,101930.38387120327,100508.09944509345,100982.19425379673,2513486
2021-09-06,100508.109375,101456.29908608491,99559.91966391509,100982.20423054245,1888595
2021-09-07,99085.8125,100508.09688995215,98611.71770334928,100034.00209330143,2547667
2021-09-08,100508.109375,101930.39394162736,98137.63509728774,98611.7299528302,2891267
2021-09-09,97663.5546875,100508.12424150486,97663.5546875,99559.9343901699,3233011
2021-09-10,99559.921875,100034.01674107143,97663.54241071429,98137.63727678572,1999369
2021-09-13,100982.203125,101456.29797535212,98611.72887323944,99559.91857394367,1923344
2021-09-14,101930.390625,102878.58030523255,100982.20094476744,101930.390625,2463248
2021-09-15,101930.390625,101930.390625,100034.01126453489,101930.390625,2933797
2021-09-16,98611.71875,101930.38236177884,98611.71875,101456.28756009616,3602821
2021-09-17,101456.2890625,101930.38387120327,98611.72021028037,99085.81501898365,3386517
2021-09-23,100034.0,101456.28436018957,99559.90521327015,100034.0,2493313
2021-09-24,98611.71875,100982.19275841345,98611.71875,100508.09795673077,2236954
2021-09-27,99085.8125,100034.00209330143,98137.62290669855,98611.71770334928,1839358
2021-09-28,98137.625,100034.00422705314,97663.53019323671,99559.90942028986,2951945
2021-09-29,94818.96875,96715.348125,94534.51184375,95767.1584375,6353977
2021-09-30,97663.5546875,98137.64961316748,94439.70919296116,94724.16614836165,3910557
2021-10-01,94818.96875,97189.44296875,94818.96875,96715.348125,2681124
2021-10-05,92827.7734375,94344.87698704035,92164.0406345761,93775.96315596272,3244145
2021-10-06,91500.3125,93586.32998704663,90836.57966321244,93301.87305699482,2816951
2021-10-07,90741.765625,91784.77442528735,90078.03275208986,91310.67951606582,3834957
2021-10-08,89129.8359375,91310.6723487367,88655.74106549202,91215.85337433511,4098832
2021-10-12,86759.359375,88086.8249829235,86095.62657103824,87612.73012295082,4728215
2021-10-13,87233.4609375,88655.74562669836,85811.17624830164,86190.4521654212,3045438
2021-10-14,88940.1953125,89603.92811333954,87328.27279617537,87612.72971082089,2414639
2021-10-15,93301.875,93396.69397865854,90741.76257621952,91026.21951219512,4229748
2021-10-18,92069.2265625,93207.05428520855,91689.95065493048,93207.05428520855,2111399
2021-10-19,92638.1328125,93491.50353441658,92069.21899788895,93491.50353441658,1400175
2021-10-20,92827.7734375,93491.5062404239,92164.0406345761,93112.23035303882,2010529
2021-10-21,91310.6640625,93207.04337843978,91121.02613090602,92258.85372046988,2152221
2021-10-22,93396.6796875,94060.41243654821,90552.11076300761,90552.11076300761,1962833
2021-10-25,94818.96875,96241.25328125,93207.04628125,94344.87390625,2950459
2021-10-26,96715.359375,98137.64407169117,95767.16957720587,96241.26447610294,3458645
2021-10-27,96241.2578125,98611.73214285714,96241.2578125,97663.54241071429,2859255
2021-10-28,100982.203125,101930.39282570423,96241.25462147887,96715.34947183098,6329703
2021-10-29,97663.5546875,102878.59886984223,97663.5546875,101456.3140928398,4007223
2021-11-01,100982.203125,101456.29797535212,97189.4443221831,98137.63402288733,3118661
2021-11-02,101930.390625,102878.58030523255,100982.20094476744,101456.29578488372,2892292
2021-11-03,100034.0,103352.66350710901,99085.81042654028,102878.56872037915,3116506
2021-11-04,100508.109375,102404.48879716982,100034.01451945755,101456.29908608491,2059242
2021-11-05,101456.2890625,102878.5734886098,100034.0046363902,102404.47867990655,2523345
2021-11-08,101930.390625,102404.48546511628,98611.72674418605,101456.29578488372,2212348
2021-11-09,103352.6875,104300.87729357797,101930.40280963303,102404.49770642201,3440686
2021-11-10,102878.5703125,103826.75990063364,101930.38072436636,102878.5703125,2361295
2021-11-11,101930.390625,102404.48546511628,100034.01126453489,101930.390625,2731498
2021-11-12,100982.203125,103826.77222711268,100034.01342429577,103352.67737676056,1786165
2021-11-15,105249.0703125,105723.16522381757,102404.5008445946,102878.59575591217,4701568
2021-11-16,106197.2421875,107145.4318498884,103352.67320033482,105249.0525251116,3767311
2021-11-17,104774.953125,107145.42717760181,104300.85831447964,107145.42717760181,3062491
2021-11-18,104300.8828125,105249.07265625,103352.69296875001,104300.8828125,1928891
2021-11-19,105723.140625,106671.33022701794,104300.8562219731,104300.8562219731,2324668
2021-11-22,113308.671875,114730.95645920502,109990.00784518827,110464.10270658995,9786492
2021-11-23,112834.5703125,114730.9496454832,111412.28581276261,113308.66514574579,4847270
2021-11-24,113308.671875,116153.24104341003,111886.38729079497,114256.86159780335,4001111
2021-11-25,111412.3046875,114730.9690824468,110938.20977393616,114256.87416888298,3339835
2021-11-26,109515.90625,112360.47524350649,107145.43208874458,110464.09591450216,4337936
2021-11-29,109990.0,112360.47413793104,107145.43103448277,107145.43103448277,4412863
2021-11-30,108093.6171875,112834.56530975876,106671.33275082236,111886.37568530701,7449608
2021-12-01,110464.09375,111412.28339592274,106197.24034334764,108567.71445815451,4214135
2021-12-02,113782.765625,114256.86048177084,109041.81705729167,109515.9119140625,6980518
2021-12-03,111886.390625,113308.67525158898,109515.91624735169,112834.58037605933,4567843
2021-12-06,112360.4765625,112834.57140031645,109515.90753560126,109990.00237341772,4318893
2021-12-07,115205.046875,116153.236561214,111886.38297325103,112834.57265946502,5112025
2021-12-08,113782.765625,118523.71419270834,113308.67076822917,117575.52447916668,6168137
2021-12-09,117101.4296875,117101.4296875,112834.57597419029,114256.86054529352,5631833
2021-12-10,114256.859375,115205.04907935685,113308.66967064315,114256.859375,2512642
2021-12-13,115205.046875,117575.52109053498,114730.952031893,114730.952031893,3329176
2021-12-14,114730.9609375,116627.3404571281,113782.77117768595,114256.86605759298,2201003
2021-12-15,117101.4296875,117101.4296875,113782.76568825911,113782.76568825911,2681332
2021-12-16,117575.53125,118997.81590221774,116153.24659778226,118523.72101814517,3869086
2021-12-17,115679.140625,116627.3303022541,114256.85610911885,114256.85610911885,3850444
2021-12-20,114256.859375,117101.42848807054,114256.859375,115205.04907935685,2846815
2021-12-21,118049.6171875,118049.6171875,116153.23779492972,117575.52233935744,3678590
2021-12-22,120420.1015625,121842.38622662402,119471.91178641733,120894.19645054133,3817689
2021-12-23,120894.1953125,122316.4799632353,119946.00554534314,122316.4799632353,2398358
2021-12-24,121368.2890625,123264.66857910156,121368.2890625,122316.47882080078,2462683
2021-12-27,119471.9140625,122316.48344494047,119471.9140625,121842.38854786706,2684135
2021-12-28,120894.1953125,121368.29019607844,118049.62601102941,119946.00554534314,4086063
2021-12-29,121892.3671875,123332.04081569881,120452.69355930117,122372.2583968996,3832154
2021-12-30,125731.4921875,128130.9481452767,124771.7098043893,125731.4921875,5172987
2022-01-04,123332.0390625,124771.71267023346,122372.25665734436,124291.82146765565,3622369
2022-01-05,120452.6796875,123811.91776643426,116613.55045443226,123811.91776643426,7414954
2022-01-06,119972.796875,121892.36162499999,118053.232125,118533.1233125,3725569
2022-01-07,121892.3671875,123811.93202509842,121412.47597810038,121892.3671875,3270119
2022-01-10,119492.8984375,121892.35422941767,118053.2249623494,121412.46307103413,3449197
2022-01-11,122852.140625,123332.0317993164,119492.90240478516,120452.68475341797,3958787
2022-01-12,123332.0390625,124771.71267023346,121412.47425218872,124291.82146765565,3552174
2022-01-13,124291.8046875,124771.69582528959,122852.13127413129,123332.02241192086,4155984
2022-01-14,123332.0390625,123811.93026507783,120932.5830496109,123332.0390625,3769648
2022-01-17,121892.3671875,122852.14960629921,119492.91114050196,122372.2583968996,3730393
2022-01-18,121412.453125,122372.23536314229,119972.77976778656,121412.453125,3607850
2022-01-19,121892.3671875,123332.04081569881,118533.12872170276,118533.12872170276,4094609
2022-01-20,119972.796875,121412.4704375,118533.1233125,120932.57925,5441986
2022-01-21,114214.1015625,117573.33984375,113254.31919642857,116613.55747767857,6465040
2022-01-24,114214.1015625,115653.77511160713,111814.64564732142,111814.64564732142,4883822
2022-01-25,113254.3203125,115173.88506355933,111814.64674920551,113254.3203125,5702595
2022-01-26,113254.3203125,113254.3203125,113254.3203125,113254.3203125,0
2022-01-27,108935.296875,114693.99098292952,106535.84099669605,114693.99098292952,6679404
2022-01-28,115653.78125,116613.56366701245,109895.0867479253,110374.97795643154,4776510
2022-02-03,119013.0078125,121892.35477570565,119013.0078125,119492.89897303429,5171178
2022-02-04,119492.8984375,121892.35422941767,119013.00727911647,120452.68075426707,3037097
2022-02-07,118053.2265625,118533.1177273882,114693.98840828252,118053.2265625,4804261
2022-02-08,118053.2265625,118053.2265625,118053.2265625,118053.2265625,0
2022-02-09,118053.2265625,118053.2265625,118053.2265625,118053.2265625,0
2022-02-10,124291.8046875,125731.47810086873,121892.34899855213,123811.91354971043,7269729
2022-02-11,126691.28125,127171.17246685606,124771.71638257576,125251.60759943182,6057207
2022-02-14,127171.1640625,127171.1640625,124291.81695165094,124771.70813679244,4962205
2022-02-15,121892.3671875,126691.27928149606,121892.3671875,126211.38807209645,5097120
2022-02-16,125251.59375,127171.1584051724,124771.70258620688,125731.4849137931,3499809
2022-02-17,127651.03125,128610.81343984962,124771.68468045113,125251.57577537594,5433402
2022-02-18,126211.390625,127651.06428231939,124291.82574857415,126211.390625,3108887
2022-02-21,126211.390625,126211.390625,126211.390625,126211.390625,0
2022-02-22,126211.390625,126211.390625,126211.390625,126211.390625,0
2022-02-23,126211.390625,126211.390625,126211.390625,126211.390625,0
2022-02-24,117573.3359375,120932.57410714285,117093.44477040815,120452.68294005102,5748069
2022-02-25,118053.2265625,120932.57355182926,117573.33539761178,120452.68238694106,3309625
2022-02-28,118053.2265625,118053.2265625,118053.2265625,118053.2265625,0
2022-03-02,119972.796875,121412.4704375,118053.232125,119492.9056875,2903340
2022-03-03,123811.9296875,124291.82088783915,121892.3648861434,122852.14728682171,3088097
2022-03-04,123811.9296875,123811.9296875,123811.9296875,123811.9296875,0
2022-03-07,114693.984375,116133.65781903765,114214.09322698745,114214.09322698745,5203286
2022-03-08,113254.3203125,114693.99387579449,111814.64674920551,112294.53793697034,3619045
2022-03-10,113254.3203125,113254.3203125,113254.3203125,113254.3203125,0
2022-03-11,113254.3203125,113254.3203125,113254.3203125,113254.3203125,0
2022-03-14,111334.7734375,112294.55596713362,109895.09964304956,110854.88217268318,3172353
2022-03-15,111334.7734375,111334.7734375,111334.7734375,111334.7734375,0
2022-03-16,111334.7734375,111334.7734375,111334.7734375,111334.7734375,0
2022-03-17,111334.7734375,111334.7734375,111334.7734375,111334.7734375,0
2022-03-18,119013.0078125,119972.79013356856,116133.66084929436,119013.0078125,4493159
2022-03-21,119013.0078125,119013.0078125,119013.0078125,119013.0078125,0
2022-03-22,118533.125,119013.01619433198,116133.66902834008,116133.66902834008,2246439
2022-03-23,118533.125,119492.90738866397,117093.45141700405,119013.01619433198,4085633
2022-03-24,115653.78125,117093.45487551867,114693.99883298755,116133.67245850623,4215272
2022-03-25,113254.3203125,118053.23219014831,113254.3203125,117093.44981461865,5514940
2022-03-28,113254.3203125,114693.99387579449,111814.64674920551,112774.42912473518,3234792
2022-03-29,115173.890625,115653.7818359375,113734.21699218749,114693.99941406249,3375247
2022-03-30,116424.7265625,118349.10220816114,115943.6326510847,118349.10220816114,3436282
2022-03-31,113538.171875,115462.54766949153,113057.07792637711,114981.45372086864,4558063
2022-04-01,111613.796875,113057.07873114225,111613.796875,112575.98477909483,3851558
2022-04-04,112575.96875,113057.06263354702,110170.49933226495,110651.59321581197,2470792
2022-04-05,112094.875,113538.15665236051,111613.78111587983,113057.06276824034,2101474
2022-04-06,108727.2265625,111132.6961767146,108727.2265625,110170.50833102876,4541938
2022-04-07,109208.3203125,110170.508156663,106321.75678001101,107283.94462417401,5027865
2022-04-08,107765.0390625,109689.41476004464,106321.75728934152,108727.22691127233,4268316
2022-04-11,107283.9375,108727.21917040358,106321.74971973094,106802.84360986546,2390786
2022-04-12,106802.8359375,108727.2113597973,106321.74208192568,106321.74208192568,2738163
2022-04-13,108727.2265625,108727.2265625,106802.85087112832,107765.03871681416,2484490
2022-04-14,105840.65625,108727.21960227273,105840.65625,108727.21960227273,4715700
2022-04-15,103916.2890625,104397.38299334492,102954.10120081018,103916.2890625,3694012
2022-04-18,104878.4921875,105359.58618836009,102473.02218319954,102954.11618405963,2670439
2022-04-19,108246.125,108246.125,105359.56166666666,105840.65555555555,3021192
2022-04-20,108246.125,108727.21888888889,106802.84333333334,108246.125,2905007
2022-04-21,108727.2265625,110651.60225387168,108246.13263965708,108246.13263965708,3199858
2022-04-22,106321.7421875,107765.0237556561,106321.7421875,106321.7421875,2360834
2022-04-25,103916.2890625,105359.57085503472,103916.2890625,104878.47692418982,2282343
2022-04-26,106802.8359375,106802.8359375,103916.27280405405,105359.55437077703,2969516
2022-04-27,104397.375,105359.56278801843,103435.18721198157,103916.28110599078,3261290
2022-04-28,105359.5625,105840.65639269407,103916.28082191781,105359.5625,2804966
2022-04-29,108246.125,108246.125,105359.56166666666,105840.65555555555,3752415
2022-05-02,106321.7421875,107283.92989960407,105840.64833144797,105840.64833144797,2175384
2022-05-03,105840.65625,107765.03181818181,105359.56235795455,106802.84403409091,2676115
2022-05-04,105359.5625,106802.84417808219,104397.37471461187,106321.75028538813,2491890
2022-05-06,103435.203125,104397.39106104651,102473.01518895349,103916.29709302326,2566813
2022-05-10,105840.65625,106802.84403409091,102954.09289772727,102954.09289772727,4141923
2022-05-11,106321.7421875,108246.11761170815,103916.27290723982,106321.7421875,3658168
2022-05-12,104878.4921875,107283.96219180046,104397.39818663991,105359.58618836009,4132948
2022-05-13,108246.125,108246.125,104878.46777777777,104878.46777777777,4003349
2022-05-16,106321.7421875,109689.39917986425,105840.64833144797,109208.30532381222,3930044
2022-05-17,108246.125,108727.21888888889,106321.74944444445,106802.84333333334,2056143
2022-05-18,109208.3203125,110651.6020787445,108727.22639041851,109689.4142345815,3570113
2022-05-19,106802.8359375,108246.11750422297,105840.64822635135,106321.74208192568,3680049
2022-05-20,108246.125,108727.21888888889,106802.84333333334,107283.93722222222,2398978
2022-05-23,108727.2265625,109208.32048534292,106802.85087112832,108727.2265625,3160028
2022-05-24,104397.375,107765.03225806452,104397.375,107283.9383640553,4491835
2022-05-25,103916.2890625,105840.66478587964,102954.10120081018,105359.57085503472,4151560
2022-05-26,99105.3515625,104397.38489836165,97662.06974362864,103435.19701911407,8523001
2022-05-27,101991.90625,102954.09404481133,101029.71845518867,101510.81235259434,3686487
2022-05-30,102954.1015625,103916.2894275701,101991.9136974299,103916.2894275701,2054526
2022-05-31,103916.2890625,103916.2890625,101510.81940827546,102473.00726996528,4024509
2022-06-02,102954.1015625,103435.19549503505,101991.9136974299,101991.9136974299,3097583
2022-06-03,102954.1015625,104397.38336010514,102954.1015625,103916.2894275701,1638006
2022-06-07,100067.5234375,101991.89888822116,99586.42957481972,101510.80502554087,3174521
2022-06-08,101991.90625,103435.18794221699,100548.62455778303,100548.62455778303,3075530
2022-06-09,101510.8125,102954.0941943128,100548.62470379147,101510.8125,4640744
2022-06-10,99586.4375,100548.62530193238,98624.24969806764,100067.53140096618,3480289
2022-06-13,95256.609375,97180.9853219697,95256.609375,96218.79734848485,4133447
2022-06-14,95352.8203125,95833.91425958628,93139.78815590314,93236.00694532039,3242550
2022-06-15,94198.1953125,95160.38321150409,93043.5698336951,94775.50805190246,2578500
2022-06-16,93717.0859375,97662.05567408881,93428.42961531058,96122.55528907855,3810703
2022-06-17,92754.8984375,92754.8984375,91407.83559712138,91504.05437143413,3965464
2022-06-20,90926.7421875,93139.7740079365,89579.67934027778,93043.55523313492,2386222
2022-06-21,91600.2734375,92273.80485983456,90349.42936745011,91119.1795644039,2707302
2022-06-22,88713.7109375,92081.36807720987,88232.6170603986,92081.36807720987,3509830
2022-06-23,86789.3203125,89483.44555501663,86308.22651919346,88617.47672706486,3983116
2022-06-24,88136.3984375,88521.27353984717,87077.99190604531,87077.99190604531,3045970
2022-06-27,91407.84375,92466.2503618421,89098.59296052632,89194.81174342106,3408749
2022-06-28,91696.5,91696.5,90156.99947534103,90926.74973767051,2022966
2022-06-29,90731.28125,91599.98500664895,89669.53221409574,90055.62277260638,2529973
2022-06-30,87835.59375,89862.5689903846,87835.59375,88318.20690247252,3098854
2022-07-01,84457.296875,89283.42812499999,84071.206375,87835.58875,4959176
2022-07-04,86001.6640625,86484.27721661056,83299.03039948092,84457.30196934624,4331728
2022-07-05,89283.421875,90152.12543918919,87256.44689189189,87256.44689189189,3560085
2022-07-06,88897.34375,90345.1832247557,87739.07217019543,89573.00217155265,3981326
2022-07-07,90634.7578125,91889.55211661341,88125.16920427316,88125.16920427316,3330794
2022-07-08,91503.4453125,93144.32988034018,91213.87744758702,92565.19415051423,2814478
2022-07-11,90441.6875,92372.13974119531,90248.64227588047,91696.48145677695,1885425
2022-07-12,90055.6171875,90731.27562299035,88511.25504923632,90731.27562299035,2385688
2022-07-13,90731.28125,93047.82460106384,90538.23597074469,91310.41708776596,2721816
2022-07-14,90731.28125,92179.1208444149,89090.3963763298,89573.00957446809,2550307
2022-07-15,95267.8359375,95557.40382788754,92179.11177336627,92565.20229388298,4457208
2022-07-18,97487.859375,99900.92520111386,96522.63304455444,97487.859375,4564780
2022-07-19,96522.640625,97005.253828125,95267.846296875,96522.640625,2709084
2022-07-20,98453.0859375,100866.15176930148,97487.85960477941,99418.31227022059,3981053
2022-07-21,98935.6953125,99418.30846036585,97005.24272103659,98453.08216463414,2143984
2022-07-22,96522.640625,98935.706640625,96522.640625,98935.706640625,3126556
2022-07-25,96522.640625,97970.480234375,95460.891578125,95653.936859375,2185108
2022-07-26,97005.25,97487.8631840796,95653.9330845771,97005.25,1636970
2022-07-27,96522.640625,97970.480234375,95171.32365625,97487.86703125,3159499
2022-07-28,95943.5078125,97970.4833296655,95460.89459412727,97487.87011129275,3359717
2022-07-29,94495.6640625,96522.6394918284,94013.05086504086,96426.11685233658,3899079
2022-08-01,93723.484375,94688.71078462925,93144.34852922245,93820.00701596292,2007646
2022-08-02,93144.34375,93820.00220207254,92854.7758419689,93820.00220207254,1916851
2022-08-03,94109.5625,94109.5625,92758.2457051282,93530.42673076924,1703330
2022-08-04,94109.5625,94688.69826923076,93723.47198717948,94592.17564102563,1960526
2022-08-05,95074.78125,95267.82649111675,94013.03242385788,94688.6907677665,2052852
2022-08-08,92951.296875,94302.61375584111,92468.68370327103,94302.61375584111,3206548
2022-08-09,91793.0234375,92758.24976176393,91213.88764294164,92661.72712933754,3152955
2022-08-10,88607.7734375,89766.04498570261,88607.7734375,88607.7734375,4356568
2022-08-11,90055.6171875,91117.36615755626,89379.95875200964,90248.66245478296,5206962
2022-08-12,90055.6171875,91117.36615755626,89379.95875200964,89573.0040192926,1910127
2022-08-16,93337.390625,94206.0943640124,91117.36995863495,91213.89259630299,4267280
2022-08-17,93723.484375,94206.09757981462,92565.2126834449,93433.91645211123,1764674
2022-08-18,92372.1640625,93047.82252481714,91986.07351260449,92565.20933744776,1889587
2022-08-19,93047.8046875,94109.55349617479,92565.19159264783,93626.94040132262,1890839
2022-08-22,91889.546875,92275.63740808824,90731.27527573529,91889.546875,2293601
2022-08-23,90345.1953125,92082.60291466345,90345.1953125,90827.80853532319,1932822
2022-08-24,89959.0859375,90924.31218146459,89766.04068870707,90634.74430827521,1447036
2022-08-25,90827.78125,90827.78125,88897.32893862911,90345.16817215728,2189458
2022-08-26,91793.0234375,93433.90818874868,91406.93290779443,92082.59133477918,2301949
2022-08-29,89283.421875,90055.60282094595,88800.80878378378,89476.46711148649,2619260
2022-08-30,89959.0859375,90152.13118629291,89186.90494232833,89476.4728155177,1595242
2022-08-31,91889.546875,92179.11477481617,88897.34524356617,89379.95840992648,2421669
2022-09-01,89186.921875,90634.76151582792,89090.39923227814,90634.76151582792,2337521
2022-09-02,88511.25,90055.61205016357,88414.72737186478,89476.47628135224,2036818
2022-09-05,87932.1171875,89186.91139544456,87256.45876783754,88607.77560716246,1706148
2022-09-06,88607.7734375,89669.52235668573,87932.1150343818,88704.29606651688,1389821
2022-09-07,87256.453125,87932.11150096792,86773.83999930862,87932.11150096792,2053413
2022-09-08,87256.453125,87835.58887582964,86870.3626244469,87352.97575013827,2012123
2022-09-13,91503.4453125,91889.53579905063,88511.24404173259,88511.24404173259,3288428
2022-09-14,89766.0546875,90152.1452452957,88125.16981686828,88511.26037466398,2444928
2022-09-15,88800.8203125,89766.04662024457,88318.20715862772,89669.52398947011,1755820
2022-09-16,88028.6328125,88221.67805989583,86870.361328125,87739.06494140625,2243179
2022-09-19,86870.3671875,88318.20664062501,86870.3671875,87642.54822916667,2078633
2022-09-20,84939.90625,87449.49438920454,84457.29314630682,85905.13245738637,4259789
2022-09-21,84939.90625,85422.51935369319,83299.02169744318,84457.29314630682,2954420
2022-09-22,83009.4609375,83878.16459847383,82912.9383085029,83299.02882449128,2204430
2022-09-23,80596.3984375,83588.60005613772,80403.35317178143,82526.85109468563,3932242
2022-09-26,79631.1640625,80306.82242424242,78665.93783143938,78665.93783143938,3281145
2022-09-27,79148.5546875,79824.21308117377,77893.76052782012,79341.59994283537,2606333
2022-09-28,78376.390625,80596.41154171799,77700.73208512932,79052.0491648707,3068181
2022-09-29,78279.484375,80313.97592435025,77988.84272509282,79926.453724474,2064798
2022-09-30,80507.7421875,81282.78663695848,77891.96717057763,78376.36995148918,4711130
2022-10-04,83511.03125,84479.83671693735,82542.22578306265,82542.22578306265,4277404
2022-10-05,86998.75,87580.03340757238,85351.78034521158,87192.51113585746,5927256
2022-10-06,87095.640625,89130.13278642937,86998.76004588432,88064.44641615685,3039698
2022-10-07,88355.0703125,88936.35366981907,85061.13128769188,86804.98135964911,3100583
2022-10-11,87386.25,88355.0554323725,85254.87804878049,86901.84728381374,3840842
2022-10-12,91067.75,91067.75,88064.45186170212,88161.3324468085,4648231
2022-10-13,91939.6640625,91939.6640625,89905.1720231823,90486.45546298736,4390570
2022-10-14,92520.9375,93586.62369109948,91358.3707460733,93005.34031413613,3516437
2022-10-17,92230.3046875,92327.18525965072,91067.73782169117,91649.02125459559,2134558
2022-10-18,92811.5859375,93199.10821698852,91649.01909903446,92908.46650737214,2618680
2022-10-19,90002.03125,91939.64225645857,89808.27014935415,91745.8811558127,3684934
2022-10-20,87386.25,88936.338691796,86223.68348115298,88161.294345898,4547678
2022-10-21,87676.9140625,88548.83917472376,86901.8695183011,86998.75008632596,2206754
2022-10-24,88936.359375,90195.80672998367,88355.07598039215,89323.88163807189,2165991
2022-10-25,90583.3359375,91842.78338903743,88161.32160762032,89033.24676637701,2656194
2022-10-26,90970.859375,92520.94856562834,90292.69535410011,90389.57592851439,3310322
2022-10-27,87192.515625,92133.42484374999,86998.75447916666,92133.42484374999,4550273
2022-10-28,80798.390625,85061.13545413669,80410.86836780576,84382.97150404677,7748514
2022-10-31,80120.21875,82735.99372732769,79829.57708585248,81670.30762545344,6271574
2022-11-01,81282.8046875,81282.8046875,78860.79024508344,80120.23775514004,3820185
2022-11-02,81864.078125,82832.88378328402,80992.15303254437,81573.4364275148,2536363
2022-11-03,80120.21875,80895.26318772673,79345.17431227327,80023.33819528416,2901380
2022-11-04,81864.078125,81960.9586908284,79151.42228180473,80120.22794008875,3032985
2022-11-07,83801.703125,84092.3448699422,82348.49440028901,82736.01672687862,2765284
2022-11-08,84964.2578125,86223.70519170468,84673.6161096066,84867.37724486887,2799575
2022-11-09,86417.46875,86417.46875,83898.57392096413,85351.78247617713,2619752
2022-11-10,86320.578125,87967.54762906846,85545.5336524972,86223.69756593714,3856811
2022-11-11,90583.3359375,92327.18625501337,89614.53020554813,92230.30568181818,5002149
2022-11-14,88064.4375,90970.85457920792,88064.4375,90970.85457920792,2483441
2022-11-15,88742.6015625,89227.00440945687,87580.03472980349,88451.95985432588,2460465
2022-11-16,88645.7109375,89517.63596311476,87483.14423668034,89130.1137295082,2609199
2022-11-17,84964.2578125,85739.30235354902,79442.06545752565,79829.58772805017,3703870
2022-11-18,85642.421875,88645.71947468891,85351.7801718043,85933.06357819571,2981192
2022-11-21,83607.9375,84964.26557068367,83414.17634704518,84867.38499420625,2111523
2022-11-22,82542.2421875,83898.57011076878,82251.60048965669,82832.88388534331,1617131
2022-11-23,82542.2421875,83995.45067671654,82251.60048965669,83414.16728102992,1480400
2022-11-24,84189.2109375,84479.85263233603,83026.64415815593,84189.2109375,2148255
2022-11-25,82445.359375,84576.7317677732,82445.359375,84479.85120446533,1439011
2022-11-28,80507.7421875,81573.42830550543,80313.98107513538,81476.5477493231,2471506
2022-11-29,81089.0234375,81185.90399118877,79538.93457847969,80120.2179006123,1501783
2022-11-30,82348.4765625,82735.99880514706,80507.74590992647,80604.62647058823,3332708
2022-12-01,82057.8515625,84576.74665178571,81960.97098214286,84576.74665178571,2878591
2022-12-02,79345.1875,81282.79891636143,79248.30692918193,81282.79891636143,4594058
2022-12-05,78473.2578125,79732.70516010803,78182.61611689815,79345.18289930555,3516456
2022-12-06,78473.2578125,78570.13837770061,77310.6910300926,77407.57159529321,2781352
2022-12-07,76438.7734375,78182.62378208175,76245.01228810202,77407.57918448986,3589926
2022-12-08,76341.8984375,77310.70425523477,75760.61494685913,75760.61494685913,3809847
2022-12-09,78957.65625,78957.65625,76826.28393404908,76923.16449386503,2985508
2022-12-12,78570.1328125,78763.89392917693,77020.04387908446,77601.32722911528,1242007
2022-12-13,79732.703125,80120.2253759113,77988.85299589914,78763.89749772174,2761104
2022-12-14,79248.296875,80023.34134321516,78570.13296531174,79538.93855058069,2357491
2022-12-15,77698.21875,78570.14389806733,77407.57703397755,78085.74103802993,1713617
2022-12-16,75954.359375,76923.16497927296,75082.43433115433,75276.19545200892,3827227
2022-12-19,76535.6484375,77601.33468156646,75857.48446400317,75857.48446400317,1813544
2022-12-20,75857.484375,76438.7677801724,75373.08153735632,75760.60380747126,1361926
2022-12-21,75566.8515625,76729.41850961538,75566.8515625,76051.2544571314,1513864
2022-12-22,76729.3984375,76826.2789910827,75469.95124092487,76051.23456242109,2061883
2022-12-23,75373.078125,75857.48094071337,74888.67530928664,75373.078125,1554446
2022-12-26,74598.046875,75276.2109375,74113.64397321429,75276.2109375,1414717
2022-12-27,74598.046875,75179.33035714286,74113.64397321429,75082.44977678571,1694225
2022-12-28,73917.2109375,74889.80581825657,73333.65400904605,74695.28684210527,1891221
2022-12-29,72944.6171875,73528.174125,72652.83871875,73139.13616666666,1736661
2023-01-02,73625.453125,74598.04827856671,72944.6365175033,73041.89603285996,1376985
2023-01-03,73528.1953125,74209.01193576389,71096.70737227183,73528.1953125,2719437
2023-01-04,78780.1953125,79655.53081597222,73139.14429012345,73333.66329089506,5154609
2023-01-05,79169.2265625,81017.15691223893,78585.66960995086,81017.15691223893,3510964
2023-01-06,80822.6328125,81308.9302421781,78877.4430937876,79169.22155159447,3687430
2023-01-09,83643.1640625,83643.1640625,81211.67673510173,82573.30963844476,3948670
2023-01-10,84129.484375,84810.30101156069,82670.59158236995,83156.8891799133,3105311
2023-01-11,84907.5390625,85977.39350658648,84129.46310316438,85393.83653708476,3083961
2023-01-12,84421.2421875,85685.61563040034,83448.64723142282,85685.61563040034,3065582
2023-01-13,83351.390625,85102.06160662194,83059.612128063,84421.24511376896,2058890
2023-01-16,83448.640625,84129.45704035548,82573.30523382868,83643.15960081585,1512876
2023-01-17,83643.1640625,84810.27797965116,83351.3855832122,84032.20203488371,1586136
2023-01-18,82767.84375,84129.4769021739,82184.28668478261,84032.21739130434,1494262
2023-01-19,83156.875,83448.65350877192,81697.98245614035,81697.98245614035,1674834
2023-01-20,85199.3359375,85393.85496932078,83740.44319884418,83934.96223066495,2386074
2023-01-25,88895.1796875,89478.73666575491,88117.10371649342,89478.73666575491,5019
2023-01-26,88895.1796875,89770.51515488238,87630.80623461433,88311.62270924507,4542
2023-01-27,88992.4375,90256.81092896176,87825.32356557378,88797.91851092897,5083
2023-01-30,88214.3671875,89089.70269432194,87533.55068219405,88797.92419204797,6289
2023-01-31,86074.6484375,88311.6167019774,84421.23711158193,88311.6167019774,29971
2023-02-01,88895.1796875,88895.1796875,86074.6542926012,88700.66069474835,8975
2023-02-02,88895.1796875,92299.26206065371,90159.55314038566,92299.26206065371,8254
2023-02-03,89673.2578125,90645.85279962039,88797.92232409165,89867.77680992408,13644
2023-02-06,86658.2109375,89478.73632154881,86658.2109375,88895.17934553872,14291
2023-02-07,88311.625,88700.66299559471,86366.43502202643,86366.43502202643,6885
2023-02-08,92299.2734375,92396.53294586406,89089.70966148577,89186.96916984984,18320
2023-02-09,92299.2734375,92202.01392913594,90062.30474512644,92202.01392913594,12117
2023-02-10,90937.640625,92104.75472927807,90548.60259024064,91715.71669451872,4669
2023-02-13,88117.1015625,89478.73447847682,87436.28510451158,89478.73447847682,22453
2023-02-14,90840.375,90937.63450214133,89089.7039614561,89284.22296573877,11361
2023-02-15,89186.9609375,91618.44842216467,88700.66344056708,91229.41042461833,6599
2023-02-16,90354.0703125,90840.36778458019,89089.6968850915,89381.47536833961,4182
2023-02-17,89478.7421875,90159.55870414402,88408.8876613451,88895.1851732337,5053
2023-02-20,89965.0390625,90743.1150760135,88214.36803209459,90159.55806587837,5083
2023-02-21,88700.6640625,90062.29706345942,88408.88556229441,89965.0375633909,4942
2023-02-22,86658.2109375,87825.3248895202,86074.6539614899,87436.28690551347,7566
2023-02-23,90159.5625,91132.15756472491,87144.51779935275,87533.55582524271,7805
2023-02-24,88506.1328125,91423.91741071428,88506.1328125,90937.61997767857,11917
2023-02-27,87533.5546875,87825.333203125,86658.21914062499,87630.81419270833,1893345
2023-02-28,86949.9921875,88506.14417295862,86269.17569386186,88506.14417295862,2082486
2023-03-02,85685.609375,87825.31812216231,85102.05244395573,86949.98272559591,2744038
2023-03-03,84907.5390625,86755.46946592211,84810.27956758304,86074.65300150344,2239958
2023-03-06,87241.765625,87339.02511845039,85102.05676909142,85491.09474289298,2374415
2023-03-07,86463.703125,87533.55771934758,86366.44361642294,87241.77919361643,1610948
2023-03-08,84421.2421875,85393.83714357718,84032.20420506912,85296.57764796948,2790989
2023-03-09,83254.125,85393.83382009347,82962.34652453271,84907.5363609813,3315016
2023-03-10,81017.171875,82087.02648559424,80822.65285489196,81503.46942527012,3559824
2023-03-13,81989.7578125,82378.79580923784,80141.82732799526,80919.90332147093,2860341
2023-03-14,78877.453125,80725.38359278667,78877.453125,80336.34559956843,3359381
2023-03-15,76932.25,80044.55341340076,76640.47155499368,79655.51548672566,5357314
2023-03-16,76835.0,78002.11392405063,74598.03164556962,74598.03164556962,4804196
2023-03-17,81697.984375,82476.06041666666,78877.45872395833,78974.71822916667,6239588
2023-03-20,81406.1953125,82767.82820900537,80725.37886424731,81503.45480510753,2223378
2023-03-21,81308.9375,82767.82991925838,80628.12103767943,81795.23497308613,1880231
2023-03-22,84518.5078125,84907.54582314442,81503.46323000576,82865.09626726122,2667268
2023-03-23,86074.6484375,86074.6484375,82767.82578566384,83059.60425494351,3091673
2023-03-24,84907.5390625,88214.36188967641,84323.98209299828,86658.20997100516,4670908
2023-03-27,83156.875,85393.84356725146,82378.79897660819,85102.06505847952,3211190
2023-03-28,85977.390625,86269.16909997171,82865.08689196833,82962.34638362557,3180431
2023-03-29,84518.5078125,86269.17886039989,84129.46980185558,85004.80532580552,3070422
2023-03-30,86665.625,88324.76421734235,85592.06432995496,87739.18567004504,4264354
2023-03-31,86470.421875,87348.78959156321,85494.45774548533,87056.00035270881,2676327
2023-04-03,85104.0859375,87543.9966581852,84518.50736453554,87543.9966581852,2502220
2023-04-04,82468.984375,83835.33441198224,81688.21292529585,83640.14154955621,16808036
2023-04-05,82566.5703125,83640.13091940012,82078.58821845449,82273.7810560727,4380498
2023-04-06,81785.8046875,82664.17251827267,80712.2440054445,81883.4011131414,5379170
2023-04-07,86958.40625,87251.195496633,83932.91736812571,85787.24926346802,10867359
2023-04-10,88519.953125,90276.68868867143,86372.83188051268,86568.02472092061,5387514
2023-04-11,89593.5234375,89983.90916053922,87739.19125306372,88519.96269914215,5001836
2023-04-12,88129.5703125,89788.70950996678,87543.9917722176,89691.11308658638,4751001
2023-04-13,86568.0390625,88129.58204446167,86080.05688063698,87348.81055348084,4907552
2023-04-14,87153.6015625,88129.56574573068,86470.42663423852,87934.37290908454,2324722
2023-04-17,86372.828125,86860.81020480226,85592.05679731639,86860.81020480226,1877825
2023-04-18,85494.4765625,87153.61594784532,85201.68725920377,87153.61594784532,1763334
2023-04-19,86080.046875,86372.83615008503,84518.50407454648,85884.85402494331,2024519
2023-04-20,85592.0625,86275.2374572406,84128.11616305586,84518.50185290763,1746001
2023-04-21,86958.40625,87641.58115881032,85104.07435465769,85592.05643237935,2624982
2023-04-24,85104.0859375,86665.62879873853,84908.89307984518,85982.45379694668,2054455
2023-04-25,83444.9375,85689.65511695907,81688.2019736842,85396.8658625731,4096411
2023-04-26,85299.2734375,86568.02693256579,84128.11636513159,84323.30921052632,3240654
2023-04-27,86665.625,87056.0106981982,83932.92511261262,85787.25717905405,2980163
2023-04-28,87348.8125,89203.14483240223,86568.0409916201,88617.56620111731,3737493
2023-05-02,88031.96875,88715.14367378049,86763.21532012195,88715.14367378049,2427349
2023-05-03,87641.5859375,88129.56804182906,86470.42888711025,86860.8145705735,1779615
2023-05-04,86568.0390625,87446.40698985344,85396.88182602875,86763.23193524522,1794303
2023-05-08,86568.0390625,87836.79273534386,85592.07469877395,87544.00342622605,2615242
2023-05-09,85201.671875,86470.42529352805,84616.0933741409,86275.23245990835,2297473
2023-05-10,84811.2890625,85592.06042325949,84225.71054193038,85104.07832278482,2137658
2023-05-11,84225.71875,85201.68304606025,82956.96516512167,84811.29732763616,2806299
2023-05-12,85104.0859375,85494.47165280963,84128.12164922591,84225.71807805332,2712372
2023-05-15,84323.3125,85006.4874855324,83444.94466145833,84908.89105902778,2357794
2023-05-16,88227.171875,88519.9611621958,86372.83972275996,87348.8040134126,5121364
2023-05-17,89691.109375,89788.70579434167,88129.56666553319,89788.70579434167,3340386
2023-05-18,91350.265625,91740.65137553419,89788.72262286325,90569.49412393162,3473641
2023-05-19,94961.3203125,95546.89885502312,92619.0061424075,92716.60256616135,5062669
2023-05-22,95839.6796875,97010.83666942464,94766.11912073573,95351.69761169807,4248401
2023-05-23,95546.90625,96620.46699438202,94668.5383682329,96620.46699438202,2472514
2023-05-24,95351.7109375,95449.30736629991,93985.36093430144,95058.92165110032,2097933
2023-05-25,101012.296875,101793.0682518116,98669.98274456522,101793.0682518116,7431586
2023-05-26,106575.296875,107844.05040922618,103549.80767799908,104916.15763793499,10136706
2023-05-30,107648.8515625,110674.3405910018,106868.08020030598,110479.14775045331,9058509
2023-05-31,105989.7109375,108234.42857245627,105892.11451858886,107356.06080225598,8166685
2023-06-01,107648.8515625,107844.04440304851,103452.20549070716,103452.20549070716,5553560
2023-06-02,107648.8515625,109991.16564908205,106575.29093948322,108332.02650441976,3991904
2023-06-05,106087.3203125,107844.0560674448,105892.12745083947,107453.67034412373,3316020
2023-06-07,105404.1328125,106672.88626302083,105404.1328125,106087.30774739584,3313460
2023-06-08,107063.296875,107063.296875,104135.40361497265,104428.1929409754,4355468
2023-06-09,112626.2734375,112821.46628574523,105696.9273247942,107648.85580724654,7950947
2023-06-12,112040.7109375,113016.67531848868,111259.93943270907,111650.32518510454,2637721
2023-06-13,116627.734375,117213.31295763598,114187.82361401673,114187.82361401673,6232477
2023-06-14,115944.546875,116822.91465435606,115261.37193550085,115944.546875,3240260
2023-06-15,116139.734375,118189.2590992647,115163.77022058822,117310.89136029412,3778592
2023-06-16,116042.15625,116920.524127418,113504.64904857022,114480.61335681245,4303391
2023-06-19,112040.7109375,115651.7791471581,110771.95724221473,115163.79695666376,4208396
2023-06-20,113309.453125,114187.82097868217,110479.15670757966,111259.92813307494,3319570
2023-06-21,112333.484375,114675.79855831884,111845.50225347524,113407.04504235447,2728146
2023-06-22,111259.921875,113114.25390625,110674.34333881579,111455.11472039473,2612402
2023-06-23,110869.5390625,112431.08186619719,109795.97838495819,111259.9247634243,2987472
2023-06-26,110771.9453125,111162.33102285242,108527.22747797357,110381.55960214758,3350758
2023-06-27,110283.96875,111259.93307522124,108136.84723451328,111259.93307522124,3602087
2023-06-28,111552.71875,112431.08661417323,110088.77230971129,111455.12232064742,3178571
2023-06-29,113705.4765625,114879.71556314544,112041.97131158563,112726.94406196213,4398301
2023-06-30,112726.9609375,113020.52073160806,110769.89564344617,112139.84134928384,2674318
2023-07-03,115075.4375,116347.52992134354,112824.81244685374,112824.81244685374,3022009
2023-07-04,115368.9921875,115858.25848176422,114684.01937553012,115662.55196405853,1988592
2023-07-05,114194.765625,115662.56466902314,113607.64600739074,115564.71139942159,2483034
2023-07-06,111357.0234375,113607.64869150922,110672.05053410589,113509.79541959579,3465047
2023-07-07,109399.953125,110574.19233564401,108812.833519678,110280.63253298301,2781723
2023-07-10,107932.1484375,110476.3332601428,107345.02886304398,109399.94737364007,3163245
2023-07-11,110965.6015625,110965.6015625,108812.82975088184,109106.38954337522,2209391
2023-07-12,112922.65625,112922.65625,110378.47162045061,110769.88464038128,2228477
2023-07-13,111650.5703125,114488.31486908413,111161.30400964066,112922.66269993427,3421492
2023-07-14,115466.859375,117619.63132944914,112824.82106726694,113020.52760858051,5817889
2023-07-17,114684.0234375,116151.8223722803,113509.78428967576,114390.46365054394,2427281
2023-07-18,115271.1328125,116445.3718564304,114194.74702223048,114977.57305151741,2299880
2023-07-19,114977.5859375,116543.23817154256,114194.75982047872,116151.82511303191,2580301
2023-07-20,114390.46875,114977.58835008554,112726.9632164243,113999.05568327631,1949776
2023-07-21,112629.1015625,112629.1015625,110769.8896340139,112237.68852492397,2745384
2023-07-24,111552.71875,112433.39810855263,110476.33286732457,111650.57201206141,2761991
2023-07-25,110965.6015625,111748.4276758157,109791.36239252645,111552.72114748678,2678385
2023-07-26,110574.1796875,113607.6306346792,108910.67432936946,113509.77737831858,4995935
2023-07-27,121338.0546875,121338.0546875,111650.58096648187,112531.26039566533,9638980
2023-07-28,125252.171875,126230.70446777344,119380.97631835938,123490.81320800782,8718746
2023-07-31,120750.9375,125741.4543658833,119870.25805307942,125252.18800648297,4623350
2023-08-01,122414.4296875,123686.52208233414,118108.88619729217,121338.04381494805,4656047
2023-08-02,116934.640625,122120.86317991633,116151.8145789749,120653.06434361925,3765478
2023-08-03,117423.9140625,118696.00646484374,114684.022734375,116445.3814453125,3498537
2023-08-04,117521.7578125,118304.58384289134,115564.69273652165,115760.39924411949,2375384
2023-08-07,119283.1171875,122218.7148213187,117913.17162505127,118011.0248795119,3724826
2023-08-08,116053.9765625,119772.40076939292,115760.41675669266,119283.1344263807,2729243
2023-08-09,115956.1171875,116641.09003164557,114684.02476265823,115956.1171875,2551668
2023-08-10,115956.1171875,115956.1171875,112629.10623022151,114879.73128955696,2622604
2023-08-11,112824.8046875,116836.7882019731,112726.95143104943,115466.84261166521,2412381
2023-08-14,112433.3984375,114781.87673384465,111552.71907637076,112139.83865045692,2038360
2023-08-16,113314.0703125,115956.10822134068,112531.2442654361,114684.01589486183,3870479
2023-08-17,112335.546875,113020.51972179877,110084.92180694686,111846.28055585801,3064253
2023-08-18,114684.0234375,116151.8223722803,109399.94727229096,110182.77337084044,3329697
2023-08-21,113901.1875,115956.10583118557,113118.36146907217,114781.86678479382,2621973
2023-08-22,113999.0390625,118304.58216872318,112433.3870238734,117423.90289699571,3349473
2023-08-23,113509.7890625,114292.61519396552,111650.5770002694,113705.49559536637,2573292
2023-08-24,118304.59375,120946.63182382133,117717.4741780397,119674.53941790735,6368401
2023-08-25,113999.0390625,115760.39760595495,112824.80003353005,114879.71833422747,3533647
2023-08-28,113411.921875,114977.57394575066,113020.50885731234,114488.30767364107,1746882
2023-08-29,116053.9765625,117717.48212874157,114586.17753346333,115760.41675669266,2682352
2023-08-30,116836.7890625,120163.79980632328,116836.7890625,119772.3867776382,2629711
2023-08-31,119185.265625,120163.79818349754,117423.90701970443,118402.43957820197,4403695
2023-09-01,117423.9140625,119968.0988671875,117032.50101562499,118793.8597265625,2886011
2023-09-04,116641.0859375,117130.3522375734,113705.48813705957,115760.40659736787,3491280
2023-09-05,116836.7890625,118402.44117724037,115173.28369058836,115564.69671927346,1749591
2023-09-06,115662.546875,117423.90545685278,115271.13385681048,116053.9598931895,1615519
2023-09-07,115956.1171875,118304.59551028481,114586.17149920887,115662.5573971519,2995088
2023-09-08,111259.15625,114586.1670789358,110378.47691292876,114488.31381926122,4943255
2023-09-11,113411.921875,113509.77512942192,110476.32424234254,111259.15027771787,2542590
2023-09-12,114194.765625,114977.59178181234,111454.8740761568,112922.67312017994,2749688
2023-09-13,115956.1171875,118108.88898338607,114390.46497231013,115368.9976068038,3860589
2023-09-14,119576.6875,119576.6875,116053.97002864158,116053.97002864158,3948784
2023-09-15,119772.3828125,121729.44789113563,118989.55678104576,120261.64908215891,3579662
2023-09-18,116445.3828125,120261.66006433824,116249.6762867647,117717.47522977942,2356621
2023-09-19,116641.0859375,118696.00439780831,116053.96637741191,116836.79245752936,1921912
2023-09-20,115466.859375,117130.36497616525,114194.76685646187,116347.538810911,2228681
2023-09-21,113999.0390625,114390.45207215665,111650.56100456009,113509.77280042919,3151900
2023-09-22,114781.8671875,114781.8671875,111748.41630701194,111846.26956122123,2938386
2023-09-25,114488.3203125,115173.29316907052,113216.22786458333,113411.93439503205,2181722
2023-09-26,112820.546875,114978.85298913044,111152.76487771739,114782.64334239131,3237819
2023-09-27,112526.21875,113016.74280732346,110171.70327484743,110858.43695510026,3060751
2023-10-04,113212.953125,114390.21086980069,110858.43763539862,110858.43763539862,4447702
2023-10-05,117921.9921875,120570.82229487313,115861.79099287646,120570.82229487313,6112858
2023-10-06,118118.203125,119295.46096345515,116744.73564680234,117921.99348525748,4158083
2023-10-10,117235.25,121944.2809623431,117235.25,120472.70878661088,5580659
2023-10-11,116940.9453125,121551.87184747274,116940.9453125,120668.9284684354,4293299
2023-10-12,121846.1796875,121846.1796875,118216.30154866143,118804.93043604067,4016352
2023-10-13,122336.7109375,123906.38806260025,120178.40489048717,120767.03381239976,3205273
2023-10-16,121748.0703125,122827.22323227236,120080.28852739726,122336.69917783038,3008476
2023-10-17,127536.265625,128321.1041826923,121159.45234375,122631.02463942308,6411880
2023-10-18,127536.265625,128222.99936298077,124789.33067307693,126162.79814903846,4760148
2023-10-19,123317.75,126457.10401750199,122729.12112171839,125181.7414478918,5089745
2023-10-20,123808.28125,124789.32943740096,120472.71741283678,121944.28969393819,3868266
2023-10-23,121649.9765625,124789.33079637098,121159.45246345767,124396.91151713711,2432303
2023-10-24,124396.8984375,124593.1080564866,121551.8589621944,123023.43110459385,2802010
2023-10-25,125083.640625,126555.21286764706,123710.17319852942,125083.640625,3053002
2023-10-26,117725.7734375,122434.80437499999,117235.24938151041,119785.97447265625,5961584
2023-10-27,116842.84375,118608.73055730479,115273.1665879513,117529.57750839631,5486088
2023-10-30,116842.84375,119393.56913832914,116450.42445948783,116842.84375,2798497
2023-10-31,114095.90625,118608.7279933362,114095.90625,117529.5749677558,3166739
2023-11-01,118020.09375,118020.09375,114782.634819202,115665.57816396508,2707225
2023-11-02,122925.3125,123023.41729848363,120767.00693335994,121551.84532122905,3736208
2023-11-03,123415.8515625,124789.3189089825,122631.0130787957,124102.58523574125,2796773
2023-11-06,130479.40625,130479.40625,123415.85944548872,123415.85944548872,6923192
2023-11-07,127928.6875,130969.93697277608,126849.53446127301,129498.36464723927,4940510
2023-11-08,125181.734375,130185.07955769985,124200.68629996083,129105.92667515675,3328279
2023-11-09,125574.171875,127340.05866699219,124298.80919189454,125279.85740966798,2228081
2023-11-10,128026.7890625,128321.10352011494,124593.12039032567,125476.0637631705,2656526
2023-11-13,129302.140625,131558.55127323596,128517.30213865705,130479.39835451441,2644761
2023-11-14,127536.265625,130969.93431490385,127536.265625,130969.93431490385,2589591
2023-11-15,131558.546875,131656.65168251304,129596.450724739,131362.3372599739,3616292
2023-11-16,129792.6796875,131852.88095238095,128713.52664399093,130479.41344246031,2456351
2023-11-17,127438.1484375,129498.34945150116,126653.30995597575,129007.82540054849,2438499
2023-11-20,128909.71875,129498.34760273973,126849.51776541096,126849.51776541096,2004403
2023-11-21,129498.3671875,130773.72989464963,129105.94789299244,129498.3671875,2439306
2023-11-22,128811.625,129105.93945163747,127045.73829017517,127143.84310738766,2128566
2023-11-23,127634.3671875,128909.72981120291,127045.7382842525,128124.89127353959,1839516
2023-11-24,125574.171875,128517.31652832031,125574.171875,128124.89724121094,1925668
2023-11-27,128222.984375,128222.984375,125966.57378538637,126751.41225133893,2264243
2023-11-28,128909.71875,129596.45241152968,127438.14661815068,129596.45241152968,2562226
2023-11-29,127928.6875,128517.31643021473,126457.1151744632,127732.4778565951,2227853
2023-11-30,131362.359375,131362.359375,127438.16641383496,127438.16641383496,3625365
2023-12-01,130086.9921875,130479.41147011689,128321.10541572397,129694.5729048831,3641222
2023-12-04,128615.421875,132049.09065122044,128615.421875,130871.83278508771,2680820
2023-12-05,123513.953125,127536.25024821286,123023.42908558379,127241.93582456314,4375531
2023-12-06,123219.6484375,125083.63993456408,123023.43880623009,124396.90622511943,2667583
2023-12-07,123219.6484375,125377.95438146894,122140.49546551552,123219.6484375,2478565
2023-12-08,125083.640625,126653.31768382352,125083.640625,125672.26952205882,2762531
2023-12-11,126457.09375,126653.30336016291,124887.41686869666,126260.88413983707,3696790
2023-12-12,128517.3125,129400.25586832062,128026.78840648854,128124.89322519084,3126577
2023-12-13,128713.5234375,129890.78127381859,127536.2656011814,127536.2656011814,2852873
2023-12-14,134109.265625,135678.94247211044,131068.01673372347,131166.1215366679,8217135
2023-12-15,137346.75,137346.75,134403.60535714286,134403.60535714286,5011719
2023-12-18,137346.75,138131.58857142858,136267.5969642857,136365.70178571428,2540812
2023-12-19,135580.875,138131.6005788712,135482.77017004343,137346.76193921853,2309721
2023-12-20,137837.25,138131.5644128114,136659.99234875446,137248.62117437721,3108011
2023-12-21,137837.25,137935.35480427046,135482.7346975089,136561.887544484,2737124
2023-12-22,137935.375,140976.62437766715,137935.375,139995.5761913229,3183709
2023-12-26,138229.6875,139308.84048970902,136758.1152413059,139308.84048970902,2239789
2023-12-27,138033.0625,139212.83226495728,136853.29273504275,138426.31908831908,2336777
2023-12-28,139114.53125,139212.84540636043,137148.24812279153,138524.64631183745,2459473
2024-01-02,139999.328125,140392.58466467695,137344.84648218047,137344.84648218047,2147458
2024-01-03,134493.734375,138426.29970760233,134493.734375,137639.78664108188,3257820
2024-01-04,134100.484375,136460.02368951612,133510.59954637097,134493.74092741936,2661970
2024-01-05,135181.9375,135181.9375,133510.5971818182,133510.5971818182,1846781
2024-01-08,133707.21875,135575.18724724263,133117.33396139706,135181.93072150735,2498302
2024-01-09,135083.609375,137148.20602483622,134297.09636553857,136656.63539392286,3473806
2024-01-10,131249.375,135771.82537453185,129872.9770599251,135378.56882022473,3769252
2024-01-11,133707.21875,134788.67419577207,130167.91001838235,130167.91001838235,3594909
2024-01-12,131839.265625,134985.31819770695,131151.06662472038,134100.49091163313,1878915
2024-01-15,131839.265625,132822.40705397094,131249.38076761746,132527.46462527965,353911
2024-01-16,129872.984375,131446.0106808289,128889.84293385693,130364.55509557154,3670169
2024-01-17,128791.5234375,132232.51833850192,126825.24063692748,131544.31935830152,3822702
2024-01-18,133903.84375,134493.72852422908,128398.25252386196,129283.07968520558,3050556
2024-01-19,138917.90625,138917.90625,135083.65406050955,136361.73812367304,4946040
2024-01-22,140195.984375,142948.78070213884,139901.04191137798,142752.1523930575,3784276
2024-01-23,138426.296875,140392.57950106534,135968.44359241833,139901.008844549,2912611
2024-01-24,139114.53125,139311.15956272086,135280.27915194345,137639.81890459365,2580665
2024-01-25,135083.609375,141277.39932450873,134592.0387440866,140294.25806268194,4708651
2024-01-26,133707.21875,136263.38616727942,133707.21875,133903.84701286766,3247410
2024-01-29,132724.09375,134690.37662037037,132724.09375,133215.66446759258,2311854
2024-01-30,134592.0625,135476.88979181886,132134.20891161432,133019.03620343318,2297631
2024-01-31,132429.15625,134297.12504639942,131347.7006310319,132527.47039717893,2815362
2024-02-01,130462.875,133313.9853051997,129479.73351544839,130856.13159382065,3778274
2024-02-02,132625.78125,133019.03782894736,129971.29934210525,130069.6134868421,3708253
2024-02-05,130069.6171875,133510.61235119047,129479.73230229592,132625.78502338435,3300954
2024-02-06,135673.515625,136066.772192029,129774.66711956522,131446.00752943842,4672324
2024-02-07,135673.515625,136165.08633378622,133215.66208106885,134297.11764039856,3348045
2024-02-08,140392.59375,140589.22203256303,135575.20082720587,136656.6563813025,5780714
2024-02-13,147471.203125,147471.203125,142555.49635416668,144325.15079166667,6902585
2024-02-14,146193.109375,146684.68001849361,142457.17248444856,143833.57028623065,4396924
2024-02-15,146389.75,150125.68720617864,145504.9227669577,148749.28928811284,3560211
2024-02-16,144325.15625,148061.09353712536,143243.70071951635,148061.09353712536,3265836
2024-02-19,148749.296875,150617.2655733642,143538.64734798414,143735.27563202247,3997323
2024-02-20,147077.953125,148552.66522184157,145013.3561894218,147766.15210352608,3507601
2024-02-21,146488.09375,149634.14677013425,144620.1247692953,144620.1247692953,4278500
2024-02-22,153861.625,153861.625,150027.37364217252,151895.34225239616,5966352
2024-02-23,158679.046875,164086.32542402417,157106.02038801115,164086.32542402417,7012032
2024-02-26,159072.28125,162021.70550061803,155729.60043263287,155729.60043263287,4329477
2024-02-27,151207.15625,157302.633289987,150715.5855209688,156319.49183192456,6107954
2024-02-28,155336.359375,156516.12919303798,151207.1650118671,151895.36407238923,3666960
2024-02-29,153566.703125,155729.6144366197,151895.36256602113,152288.6191681338,3386307
2024-03-04,163693.046875,165266.07315127627,157990.8266234985,158285.7690503003,5230909
2024-03-05,163004.875,166150.92807599518,161333.53430337756,162316.67588962606,3612530
2024-03-06,160153.734375,162709.90202002763,159957.10609461326,161333.50405732045,2672526
2024-03-07,162120.03125,163103.172737265,158285.77944966644,161726.774655094,3052700
2024-03-08,169002.015625,171951.43998145725,166445.84784940374,166937.41857547994,5089650
2024-03-11,163791.359375,166052.58462447478,161923.39069065126,162218.3331144958,3450905
2024-03-12,162906.546875,164381.25912794206,161235.20632166567,163299.80347578455,3102706
2024-03-13,160841.9375,166839.10020629584,159268.9112163814,165757.64463630808,5072935
2024-03-14,159170.578125,161431.80313851143,158384.06507682212,160841.918352378,3655060
2024-03-15,158482.40625,160153.74676256205,155926.23840725806,156909.37988523574,4099531
2024-03-18,161530.140625,161726.76891547473,158285.77383216677,158482.4021226415,2696598
2024-03-19,157499.25,159072.27621722847,154943.08239700375,158973.9620786517,4159293
2024-03-20,153861.625,158679.0177316294,151502.0857028754,157499.2480830671,5692523
2024-03-21,167134.046875,168510.44490808822,159858.80012867646,162414.96790441175,9205769
2024-03-22,166937.40625,170968.2859062132,164577.86693904593,166150.89314634865,5400916
2024-03-25,166544.140625,171853.1037854191,165659.3134315968,167625.5960836039,3434516
2024-03-26,173622.765625,176473.87559279444,169002.00119443657,169100.31533125706,6549669
2024-03-27,178145.234375,179914.88902110927,172639.64214266004,173721.09775972684,5774536
2024-03-28,175486.34375,179326.95396675085,175289.38937991022,175289.38937991022,3424716
2024-03-29,180213.234375,181099.5289702869,174895.4668032787,176471.10163934427,3035080
2024-04-01,182675.1875,187599.0470013477,182182.80154986522,183561.4822102426,2723474
2024-04-02,183463.0,187106.65593129362,181591.93344068708,185137.11218464843,4207759
2024-04-03,176471.140625,180902.6145804269,175486.36863490514,179228.50219726562,5416518
2024-04-04,185137.109375,185629.49530418884,181198.02194148937,181591.93068484042,5344102
2024-04-05,180016.3125,184743.21786105033,179031.54054978117,181985.85640043762,4043133
2024-04-08,178440.65625,181099.54020074505,177258.93004966888,181099.54020074505,3278855
2024-04-09,180114.765625,182478.21798968015,178933.03944265994,179523.90253382997,2302751
2024-04-11,185531.015625,185531.015625,179622.38455414012,180114.77047671177,4098231
2024-04-12,184546.25,188485.33751334043,184152.34124866597,185826.45344183565,3097301
2024-04-15,185334.078125,185531.03251195536,180213.26406416047,182576.71670762487,2672047
2024-04-16,176372.65625,182675.19673017866,175584.83868997768,181591.94758514798,4956035
2024-04-17,175978.734375,179720.8675066452,174993.96249825126,176865.02906407387,4340591
2024-04-18,179523.90625,180508.67808900165,172728.98056088865,173319.84366428963,4170243
2024-04-19,170660.96875,175781.7825843912,166918.83556332949,174501.57912579342,7545976
2024-04-22,168986.859375,169774.67690122378,164456.9085992133,168100.56465799824,5882906
2024-04-23,168395.984375,171054.86833881578,167115.78098501463,169971.61931652046,3975371
2024-04-24,177061.953125,177455.8618082592,173615.2521464822,176175.65858766684,4254632
2024-04-25,168002.0625,174009.1702447245,168002.0625,171153.3321365768,5332149
2024-04-26,175092.421875,175584.80776328742,172236.58372293308,173516.78703248032,5471765
2024-04-29,173221.390625,177652.86451819216,172925.95903212053,176372.66094904777,2892809
2024-04-30,171547.25,176274.15470723307,171153.34127439724,173221.36208381172,3655060
2024-05-02,170956.40625,172039.65536794355,166426.45539314515,166426.45539314515,3168250
2024-05-03,170562.46875,174796.98731596422,170562.46875,174304.60143620093,2336256
2024-05-07,176865.0,178145.20322939867,176569.56848552337,176668.04565701558,4349589
2024-05-08,175289.375,176668.05547752808,173319.83146067415,174895.46629213484,2304744
2024-05-09,172728.984375,176668.07181798745,172728.984375,176274.16307368872,2861600
2024-05-10,177160.46875,177357.4231343802,173713.7670233463,173812.2442155364,2813668
2024-05-13,181001.078125,181198.03250816104,176274.17292913492,177258.94484494015,3230023
2024-05-14,182478.21875,182970.60466135998,179031.51737048032,181394.9697450081,2763069
2024-05-16,190060.96875,191045.7406088083,188189.90221826424,188189.90221826424,5083178
2024-05-17,187008.171875,190553.35048874406,187008.171875,189076.19273301738,2841394
2024-05-20,187205.109375,190257.90179510784,185727.95175236717,189371.60722152813,3592128
2024-05-21,189076.203125,190553.36096191406,188288.38561197917,190454.88377278647,2468109
2024-05-22,194689.390625,194689.390625,187992.94218670967,188977.71401587,3949439
2024-05-23,196954.359375,200893.4465625,195181.770140625,200401.0606640625,4681849
2024-05-24,195575.703125,199416.3136093278,194492.45401403576,196757.42942787008,3793872
2024-05-27,198431.53125,205817.32025434243,196068.07876861043,200401.0749844913,4774882
2024-05-28,199416.296875,202370.61238425926,197446.7532021605,199416.296875,2084945
2024-05-29,199416.296875,206802.08564814815,197446.7532021605,206802.08564814815,3073139
2024-05-30,192719.84375,199416.29207652019,192719.84375,199416.29207652019,2402236
2024-05-31,186318.84375,192227.47515856236,185334.07184857293,191439.65763742072,5958829
2024-06-03,191242.6875,191636.59622811535,185334.05657826984,186614.2599446447,2982443
2024-06-04,190356.40625,193507.67629655977,189962.49749418005,193409.19910760477,1996780
2024-06-05,190750.296875,192227.454568921,185924.91507485803,186515.7781524264,2709631
2024-06-07,204340.171875,204340.171875,194295.49836596384,196461.9965737952,4805326
2024-06-10,204832.546875,206309.70466496394,201878.2312950721,202863.00315504806,2448961
2024-06-11,209264.03125,211725.96102941176,202863.0138235294,206802.10147058824,3070163
2024-06-12,211725.921875,212710.69360465117,207786.83495639535,208771.60668604652,2151331
2024-06-13,218619.3125,223050.78505067568,215664.9974662162,222558.39921171172,5777279
2024-06-14,217634.578125,221573.66551187783,212710.71889140274,221573.66551187783,3311223
2024-06-17,219604.109375,226005.12601597531,215665.02221132285,215665.02221132285,2198340
2024-06-18,230929.0,230929.0,223543.21108742006,223543.21108742006,3136231
2024-06-19,229944.21875,239299.55099036402,227974.67512044968,231421.37647216275,3758652
2024-06-20,233883.3125,234868.08434210526,227482.29552631578,229944.22513157895,2927358
2024-06-21,230436.609375,230928.99529246797,226497.52203525644,226989.90795272437,3848394
2024-06-24,219604.109375,226497.51191143497,216649.79400224215,224527.9683295964,5080726
2024-06-25,221573.671875,221573.671875,211725.953125,212218.3390625,5730999
2024-06-26,233390.9375,234868.09533227846,224035.6045622363,224527.9905063291,5166862
2024-06-27,233193.71875,235658.76863107822,224319.53917811837,226291.57908298096,3763005
2024-06-28,233193.71875,234179.7387024313,229249.63894027483,232207.6987975687,2368287
2024-07-01,232207.734375,233193.7544785032,228756.66401273885,230235.6941679936,1709955
2024-07-02,228756.65625,233686.7566002155,227277.62614493535,232207.72649515086,2343947
2024-07-03,232700.71875,232700.71875,221854.49880826272,227770.61877648305,3315677
2024-07-04,226784.59375,237137.80346467393,221854.49388586957,237137.80346467393,7599882
2024-07-05,232700.71875,234179.7487420551,224319.5487950212,225305.56878972458,4041293
2024-07-08,230235.671875,233686.74190310494,229249.65186697003,230728.681879015,2309023
2024-07-09,235165.765625,237630.81557914047,229742.655725891,232207.70568003145,4810781
2024-07-10,235658.765625,235658.765625,230728.66592573223,234179.73571521966,2579373
2024-07-11,237630.8125,245025.96226659752,237630.8125,239109.8424533195,5336097
2024-07-12,229742.671875,232700.732027897,226784.611722103,228756.65182403434,4972976
2024-07-15,226784.59375,232207.7036005435,223333.5238451087,231714.69361413043,3301380
2024-07-16,229742.671875,231714.71197693134,220868.49141630903,223333.54154372317,3982189
2024-07-17,217417.390625,226784.57979024944,217417.390625,226291.56983418367,6051510
2024-07-18,209529.234375,211994.28419117647,206078.16463235294,209529.234375,8847665
2024-07-19,206571.203125,211008.29340692124,204106.15296837708,205585.1830623508,4519170
2024-07-22,202134.09375,206571.1836128049,197697.00388719514,206078.1736280488,6662441
2024-07-23,202134.09375,206571.1836128049,197697.00388719514,205585.1636432927,5976519
2024-07-24,205585.171875,209529.25191097122,197204.00179856113,199176.04181654676,4838734
2024-07-25,187343.78125,196020.75638157895,186357.7613486842,193457.10463815788,12503762
2024-07-26,189118.625,191780.8788451512,183498.31132690303,188132.6050573514,8769107
2024-07-29,192865.515625,192964.11762685326,189513.04756198876,192273.90361388036,4017366
2024-07-30,186259.203125,189513.0695639227,183892.75480578348,188625.65144421652,5165131
2024-07-31,191879.46875,192273.87670220967,182610.88187307297,185371.7375385406,6439929
2024-08-01,190597.6875,198683.0524120538,190597.6875,198683.0524120538,6457167
2024-08-02,170778.65625,181427.67176674365,169989.8402857968,181033.26378464204,13050139
2024-08-05,153917.734375,168806.6375720692,149480.64401825753,165651.37331838565,12358821
2024-08-06,161411.484375,164073.73854612096,159242.2402355681,162791.9124637294,10717321
2024-08-07,166933.15625,168609.38995126996,155199.52034111047,158650.58972607797,9732037
2024-08-08,161115.640625,165848.53582083844,158946.39699357405,160326.82475902693,5370361
2024-08-09,169102.4375,170384.2635568513,166440.1833819242,170384.2635568513,5141277
2024-08-12,174525.546875,177286.40298375706,170187.05870409604,172060.4967778955,4413736
2024-08-13,179357.046875,179850.05689939528,176300.3847237493,177385.00677741892,4234287
2024-08-14,184089.9375,185470.3655262453,182117.8974625067,185371.76352437065,4420516
2024-08-16,196908.203125,197204.00913870806,191978.1028965323,193259.9289559339,6959688
2024-08-19,191189.265625,197105.38524207065,189710.23572073234,197105.38524207065,3977026
2024-08-20,196908.203125,199669.05925294192,195330.57105189032,195922.18307930644,4258190
2024-08-21,189907.4375,192668.29328920043,188428.40761292836,190301.8454698858,4508983
2024-08-22,188428.421875,191682.28787284147,186357.77987637362,189315.83987441132,3166217
2024-08-23,182906.6875,186653.56303908356,182808.0855121294,183399.6974393531,4371332
2024-08-26,177089.1875,185864.76527700445,177089.1875,185174.55129454343,4913204
2024-08-27,172553.5,177680.804,170975.868,174328.336,5796566
2024-08-28,176793.390625,178272.42066369212,171567.48448828777,172553.50451408254,5590086
2024-08-29,167327.59375,169299.63374705362,164862.54375368296,165256.9517530937,8284585
2024-08-30,171271.671875,173046.50785297927,167031.78592760506,168609.4179080311,4498221
2024-09-02,171567.46875,172454.88669181033,166045.75711206897,171173.06077586208,3507670
2024-09-03,165947.1875,171370.2982026144,165947.1875,170482.88008764113,3286574
2024-09-04,152635.90625,156777.19052810076,150762.4681241925,150762.4681241925,10020391
2024-09-05,157171.59375,160721.26587986198,154410.73764899623,154805.14566342536,5349484
2024-09-06,154213.5,155988.33567774936,152734.4702685422,154903.7138746803,3459914
2024-09-09,154805.125,155495.33893312103,148395.9956210191,149677.8214968153,4484162
2024-09-10,153326.125,159439.44959807073,152142.90088424436,155199.56318327974,4718523
2024-09-11,155002.34375,156481.3737476145,152142.88575461195,154607.93575063613,3203928
2024-09-12,166440.171875,168905.22181390697,161510.07199718602,162890.49996297393,8628996
2024-09-13,160524.046875,164369.52465640355,158847.81297028562,164172.32066761365,5246578
2024-09-19,150663.859375,153523.3174390543,142677.09719608966,152537.2974169666,15001257
2024-09-20,154903.734375,158552.00819541694,153720.51043324315,158256.20220997772,7155655
2024-09-23,159735.234375,160622.65234375,153523.30859375,153621.91059027778,4497592
2024-09-24,161214.28125,161411.48526376148,156974.39495412845,161411.48526376148,3442530
2024-09-25,162989.09375,166933.17345356927,162693.28777223232,164369.52164624925,4665075
2024-09-26,178371.015625,178371.015625,173736.72168670536,175905.965657822,9519633
2024-09-27,181531.5,186963.61779107724,181531.5,185185.8337867247,6886272
2024-09-30,172445.09375,181531.54771620847,172445.09375,181432.78191222795,4859468
2024-10-02,167012.96875,173333.97998595505,167012.96875,170568.53757022473,4720638
2024-10-04,171951.234375,173432.72117317634,168593.19763246697,169580.85549791786,3633358
2024-10-07,182617.953125,182617.953125,173827.79745808544,176198.17651433207,3904925
2024-10-08,175803.125,182716.73103932585,175803.125,179951.28862359552,3988028
2024-10-10,184395.734375,185778.45546833155,181136.4632264328,182222.88694262187,6325045
2024-10-11,183704.375,188840.19623655913,182815.48286290324,187655.0067204301,3475666
2024-10-14,183704.375,189926.61995967742,184593.2671370968,184593.2671370968,3309274
2024-10-15,190519.203125,190815.50048600312,187358.6979409668,189531.54525498964,4060365
2024-10-16,186371.046875,190124.14691805776,181333.99155405405,182420.41525072866,4787317
2024-10-17,193580.953125,193580.953125,186371.05027901786,188840.1950892857,3996946
2024-10-18,184988.3125,195753.78290176188,183901.88888147357,195753.78290176188,5509895
2024-10-21,188543.890625,189926.6116667758,185679.68275275014,187062.40379452595,2428544
2024-10-22,185482.15625,192889.59060503196,185185.85887579873,192889.59060503196,3466963
2024-10-23,193580.953125,194272.313671875,185679.68973214284,186173.51869419642,4366079
2024-10-24,195753.796875,199506.89691599394,187655.00204969727,191111.80471903383,6344515
2024-10-25,198519.234375,203457.52378731343,196938.9817630597,200494.55013992538,5530362
2024-10-28,193580.953125,202469.8744419643,191803.16886160715,200988.38755580355,4114186
2024-10-29,187951.296875,194568.60475236468,186766.10740442722,193580.9468602207,4067991
2024-10-30,192593.28125,192988.34439102563,187062.397275641,187852.5235576923,3580400
2024-10-31,184000.671875,190519.21419585348,183803.1402895196,187556.24041364735,4573282
2024-11-01,179951.265625,182617.9418993551,178272.24723003566,180247.56298881723,3478519
2024-11-04,191605.640625,191605.640625,181432.76382893042,182914.2507409794,3569575
2024-11-05,190815.515625,196346.40013586957,189729.0918817935,191210.57880434784,3560310
2024-11-06,193383.421875,196741.45882277834,190321.68230496682,195259.97193405262,3460361
2024-11-07,193383.421875,195852.5666895429,190716.74547529366,194963.67455630747,2976546
2024-11-08,198025.40625,200494.55096633415,196346.38784289276,198025.40625,3031573
2024-11-11,190222.90625,196840.2139959761,190025.37467549325,196840.2139959761,2636191
2024-11-12,183506.84375,190124.15189383746,182617.95161127558,190124.15189383746,3920254
2024-11-13,180642.625,187161.1669628212,180346.3276380536,183408.06704483324,3172827
2024-11-14,170864.8125,182617.94122109827,169580.8572615607,180642.6254696532,6309368
2024-11-15,176000.640625,176790.76695777217,171457.41421156004,171852.4773779461,4330750
2024-11-18,169580.875,175605.5886721025,168198.1538293535,171654.9567559697,3885644
2024-11-19,168494.4375,170766.05066676438,166025.29275351702,168296.90592028137,4075013
2024-11-20,168494.4375,172938.8980436694,168099.37434056273,172840.1322538101,3689296
2024-11-21,166716.640625,170864.80348415286,166124.0459308353,166124.0459308353,3821502
2024-11-22,174519.171875,176000.65890280137,169087.0527730617,169580.8817823288,3919973
2024-11-25,174815.4375,177284.58209745763,171753.69819915254,172346.29290254237,4393882
2024-11-26,174914.21875,175506.8135057877,172543.83972684923,173037.66869000564,1996128
2024-11-27,166222.84375,173531.5130533274,165827.78054441474,173432.74725193108,4756820
2024-11-28,159111.703125,164247.5247032123,158815.40572625698,162568.5061103352,5691298
2024-11-29,157926.5,160395.64477798625,155654.88680425266,158025.26579111945,4682788
2024-12-02,156840.0625,160691.9280147985,156642.53093513852,160198.09910264483,3558868
2024-12-03,162864.796875,163062.3284661158,157136.38073264097,157235.1465281989,4180365
2024-12-04,165926.546875,165926.546875,159111.70655691964,159309.23816034227,5701792
2024-12-05,170864.8125,173432.7229768786,167210.4783598266,167901.83887283236,4671438
2024-12-06,165037.625,171457.4009575105,162963.54353680433,171358.63517354877,4434259
2024-12-09,166815.421875,168494.44033081704,162963.55600577264,165037.6376276643,5305672
2024-12-10,168296.90625,168296.90625,165531.46412852113,165926.5272887324,3159112
2024-12-11,169679.640625,169679.640625,164938.88233047148,165333.94552168218,2281189
2024-12-12,173926.5625,175210.51781658147,171358.65186683703,174321.62567433275,4550292
2024-12-13,173333.96875,174222.8608974359,171358.65286680913,172247.54501424503,3677980
2024-12-16,177087.0625,178173.48619631902,175111.74668851087,175210.51247908533,3278975
2024-12-17,181729.0625,182222.89147418478,179852.51239809784,180741.40455163043,3188910
2024-12-18,181235.234375,181630.2975561989,179358.68426430516,181136.46857970027,2363872
2024-12-19,172840.140625,174617.92492857142,170864.82473214285,171753.71688392857,4833862
2024-12-20,166420.328125,172642.571847181,165037.60729784868,171951.21143360535,4487308
2024-12-23,167506.78125,171161.11551076063,167506.78125,167901.84441332548,3287596
2024-12-24,166420.328125,169778.36441951038,166222.7965782641,169580.83287277448,1844961
2024-12-26,168000.640625,169877.19099059375,167309.27996399175,167901.87481628454,2022727
2024-12-27,172346.296875,173827.78366762178,167901.83649713467,168000.60228330945,2643523
2024-12-30,171753.71875,173630.26886860264,170272.23181426106,171852.48454571594,1434202
2025-01-02,169087.03125,170074.68914281542,167901.8417786215,168395.67072502922,2102175
2025-01-03,179654.96875,180445.09505566244,170963.57938771302,172346.3004226223,4233446
2025-01-06,197334.046875,197334.046875,182124.11533408408,182124.11533408408,7320382
2025-01-07,192593.28125,203951.3465544872,192395.74967948717,202469.85977564103,6075445
2025-01-08,192297.0,195655.03697996918,188642.6656394453,190716.74730354393,4275792
2025-01-09,202469.875,203457.53292682927,197334.05378048783,198519.24329268295,6692254
2025-01-10,200988.390625,209877.3120777027,200000.73268581083,205432.85135135136,6149475
2025-01-13,191901.9375,200494.56156716417,191506.8743244982,200494.56156716417,4767294
2025-01-14,192593.28125,195457.48902243588,191210.56025641024,191901.92075320514,3019149
2025-01-15,195753.796875,198519.23901046923,195259.96792223764,195556.26529389506,3620460
2025-01-16,207408.15625,207408.15625,203951.35364583333,205926.66941964286,6029645
2025-01-17,211852.625,214815.59877622378,206420.5064102564,206914.33537296037,5041329
2025-01-20,209383.484375,216297.08999115566,207901.99745725235,216297.08999115566,3036234
2025-01-21,215309.421875,217284.73767201835,211358.7902809633,213827.93502723624,3323212
2025-01-22,222716.84375,224198.33051552105,214321.75207871397,218766.21237527716,5901740
2025-01-23,216790.921875,222716.86962556947,212346.4610620729,218272.40881264236,5994781
2025-01-24,218272.375,224198.32183257918,214815.57268099548,217778.54609728506,3771572
2025-01-31,196741.453125,201976.03998023344,192395.75837725904,194568.6057511295,11871995
2025-02-03,188543.890625,190815.50376506025,184593.25907706915,189136.48535718964,7926444
2025-02-04,188741.421875,191901.92710786237,187753.7639897305,190519.20606848507,5851146
2025-02-05,196346.390625,196938.9853653169,189531.55111135563,189531.55111135563,4245118
2025-02-06,200988.390625,202469.8775337838,198025.41680743243,199506.9037162162,4032622
2025-02-07,200494.546875,203457.5204741379,198025.4022090517,202469.8626077586,2206293
2025-02-10,195655.03125,200494.55499116608,194568.60755300353,195358.73387809188,2779740
2025-02-11,197235.296875,199013.08122339757,195556.2783237356,198519.2522377316,2488710
2025-02-12,196445.140625,197432.79844614127,193580.93294369028,194074.76185426093,2884072
2025-02-13,205926.6875,205926.6875,195655.0445743405,196346.40515587528,3574410
2025-02-14,207408.15625,209383.4720238095,203951.35364583333,206420.49836309522,2598656
2025-02-17,209383.484375,213334.11615566036,208395.8264298349,208889.65540241744,2497922
2025-02-18,207408.15625,212346.4456845238,204445.18258928572,209383.4720238095,1937894
2025-02-19,215803.25,216790.90789473683,211358.7894736842,213334.1052631579,3537720
2025-02-20,209383.484375,215803.2610185731,208395.8264298349,214321.77410082545,3080242
2025-02-21,206914.328125,208395.81496121717,202963.6965617542,206914.328125,2601151
2025-02-24,202469.875,202469.875,198519.24329268295,200000.73018292684,3087127
2025-02-25,198025.40625,199506.8930798005,196741.45099750624,197334.04572942643,3651613
2025-02-26,200494.546875,203457.5204741379,196148.85226293103,196543.91540948275,3849749
2025-02-27,198013.4375,203778.8889934739,196919.98980296185,203281.867313002,3993419
2025-02-28,189067.03125,191850.35242507886,187575.9663347792,190458.69183753943,5533027
2025-03-04,184991.453125,186383.1137073482,182903.9622514777,183699.19686996238,5424556
2025-03-05,191949.765625,193242.0219445883,185488.48402705853,187078.9533434749,4162368
2025-03-06,191253.9375,192844.40683471935,189166.44649818089,192347.38516761956,2540131
2025-03-07,191253.9375,191651.55483367984,186780.74249610188,189862.27683212058,2700590
2025-03-10,186780.734375,190359.29022252528,186184.30840041244,186383.1170586083,2441476
2025-03-11,186681.328125,187874.18006190096,180220.0468001198,181015.28142472045,3521800
2025-03-12,197715.21875,198162.53824943438,188570.02009489693,191253.93709150326,4064278
2025-03-13,198510.4375,203281.84511141712,194335.45584001002,201293.75860665998,3883033
2025-03-14,203281.859375,204772.9243581907,197317.59944223717,197317.59944223717,3397462
2025-03-17,204772.921875,208252.07346025485,202287.81359981795,205766.96518507283,2584679
2025-03-18,201790.796875,207755.05688115762,199802.71020628078,207258.03521397783,2696191
2025-03-19,204275.90625,208252.07960766423,199802.71122262772,200796.7545620438,3102000
2025-03-20,208749.09375,209743.13705357144,204275.89888392857,205766.96383928572,2779557
2025-03-21,214216.328125,218192.5012688515,210737.17662412993,212228.24155307424,5731880
2025-03-24,210240.15625,213222.28612588652,208252.06966607564,210240.15625,1611040
2025-03-25,206761.0,214216.32451923078,206761.0,213222.28125,2262656
2025-03-26,212725.265625,214216.33057096964,207258.02748977806,207755.04913843458,2058540
2025-03-27,205766.9375,210737.1533816425,205269.91591183573,206760.9806763285,2287220
2025-03-28,198112.8125,203281.83721149023,197715.19521450077,201790.77239086805,2673553
2025-03-31,189564.046875,194335.4544523466,189365.23822594387,192347.36796178552,4561715
2025-04-01,195826.53125,197317.59620875635,190856.3147208122,192446.7840101523,2317253
2025-04-02,196721.15625,200299.7118967913,196124.7303088681,197615.79516169784,2764223
2025-04-03,193440.828125,193440.828125,187078.95094103288,188470.6115750257,4177747
2025-04-04,181114.6875,188470.60784851812,177337.3229967069,186780.73425493963,9182017
2025-04-07,163818.328125,171770.67415048546,163818.328125,166999.26653519418,7879050
2025-04-08,168490.34375,172068.89972345132,167198.08742625368,170975.45206489676,4965171
2025-04-09,164017.125,168987.3409090909,161730.82568181818,168987.3409090909,8035679
2025-04-10,182108.734375,188768.8245513783,178927.79578329696,188570.01588939683,7836984
2025-04-11,179723.03125,180717.07456443584,175051.02767215154,176740.90130669248,3223735
2025-04-14,179126.609375,183301.59139150943,176939.71403301886,181810.52638561322,3466194
2025-04-15,179524.21875,181313.49667774086,178629.57978612956,179126.60143272424,1915455
2025-04-16,172963.53125,176442.6827406609,172466.509608477,175448.63945761495,2933428
2025-04-17,173957.59375,174355.21110714285,170776.65489285713,171074.86791071427,2989493
2025-04-18,173957.59375,174454.61544642856,171770.6982857143,172963.55035714284,1305152
2025-04-21,175548.0625,178927.81002265005,173460.5713830691,173758.7843997735,1877473
2025-04-22,172764.71875,174454.59229358457,172267.69711953393,173957.57066311853,2008388
2025-04-23,179921.84375,180518.26975138122,177039.11807665744,178033.1614122928,3857373
2025-04-24,177237.90625,182307.52667554683,176542.07599551318,181711.10074312956,3162156
2025-04-25,183301.578125,183798.59975765998,181015.2786147641,181412.89592089207,3507810
2025-04-28,180915.890625,182804.5729996566,178629.59090831043,182406.95565762362,2455710
2025-04-29,179723.03125,181810.52221031528,178033.15761545906,180915.883227323,1866386
2025-04-30,176442.6875,178927.79577464788,175647.45285211268,178033.15679577464,2354473
2025-05-02,184892.046875,185090.85552755377,177337.318077957,178331.3613407258,3886874
2025-05-07,189663.46875,190359.2990860849,184792.65639740566,186581.93440448114,3830097
2025-05-08,189166.421875,194832.46814240672,188271.78299067263,194832.46814240672,5125330
2025-05-09,188967.640625,191651.55766701736,185687.29757364545,190856.3229879011,2539822
2025-05-12,193838.4375,194037.24615384615,192347.37259615384,192446.77692307692,1624884
2025-05-13,197317.59375,200299.72363035264,196124.74179785894,199305.68033690177,3385009
2025-05-14,204772.921875,205766.96518507283,202784.83525485438,205766.96518507283,3333511
2025-05-15,199305.671875,206760.9962593516,198311.62862375312,206263.97463372818,3178957
2025-05-16,203281.859375,205518.45684978607,202287.81605287286,204772.9243581907,2419507
2025-05-19,198212.234375,201790.79026140925,196323.55210161736,201790.79026140925,2482673
2025-05-20,200796.75,206761.0099009901,200299.72834158415,201293.77165841582,2820546
2025-05-21,199305.671875,203778.86650561096,198709.24592425185,203281.84487998753,1721760
2025-05-22,195727.125,200299.72416201117,195329.50768156425,198709.25488826816,1988587
2025-05-23,198808.640625,200299.7054296875,197516.38446093752,198709.2363046875,1538701
2025-05-26,201790.796875,202287.8185421798,195727.1325354064,198808.6668719212,1459997
2025-05-27,201293.765625,202287.80891203703,198808.65740740742,199305.67905092592,1424916
2025-05-28,206761.0,208252.06490384616,204772.91346153847,205269.93509615384,3161188
2025-05-29,211117.796875,213607.3935362618,206636.5228847288,213607.3935362618,3827689
2025-05-30,203649.015625,209126.12851466992,202155.25756418094,209126.12851466992,4826628
2025-06-02,206636.515625,207632.35425451808,202155.24179216867,204146.91905120484,1775752
2025-06-04,216594.90625,222072.01882183907,215599.0676005747,217092.82557471262,5108674
2025-06-05,223565.78125,229042.89393095768,221076.1845768374,224561.61991926504,5768506
2025-06-09,228047.046875,232528.32072188865,227051.2082423581,232030.40140556768,3666084
2025-06-10,229540.8125,231532.4898318872,226553.2965021692,230038.7318329718,3718655
2025-06-11,239001.265625,239997.10423177085,234022.07259114584,235017.91119791666,4230421
2025-06-12,234520.0,245474.22505307855,234022.08067940554,241490.87048832272,4994238
2025-06-13,234520.0,241988.7898089172,232777.28237791933,239499.19320594482,4100610
2025-06-16,246967.984375,247465.90369833668,237009.59790826612,237009.59790826612,3760740
2025-06-17,247963.8125,258918.0371485944,246967.97389558234,251947.1669176707,5044669
2025-06-18,245474.21875,250951.33113590264,243980.460826572,244478.38013438135,4081001
2025-06-19,244976.296875,248959.65129573172,240992.9424542683,245972.13548018294,2317796
2025-06-20,255930.53125,255930.53125,246470.06414153695,247963.82210603112,3597877
2025-06-23,258420.125,261905.56021194605,247465.90004816957,251449.2545761079,3398736
2025-06-24,277341.0625,281822.33640035905,268378.5146992819,268876.434021544,5436312
2025-06-25,284809.84375,290286.9561298077,282818.166520979,287797.35959353147,5466598
2025-06-26,291780.75,297257.86305460753,285805.7175767918,293274.50810580206,5894020
2025-06-27,282818.15625,293274.46132262325,279830.64051496476,286801.51056338026,5134863
2025-06-30,290784.90625,293274.5030500856,284809.8739297945,287299.47072988015,4375298
2025-07-01,284311.9375,293274.4854422067,284311.9375,289789.0501313485,3687981
2025-07-02,277839.0,282320.2741935484,273357.72580645164,282320.2741935484,4702056
2025-07-03,277341.0625,282818.1750448833,275847.30453321367,279830.6591113106,3642140
2025-07-04,269374.34375,280328.5684496303,267880.585836414,278336.8912315157,3654933
2025-07-07,269872.28125,270868.11992619926,263399.3298547048,264893.0878690037,2523564
2025-07-08,280826.5,283814.0159574468,267382.67819148937,269872.27482269506,3119395
2025-07-09,279830.6875,282818.20373665483,276345.2518905694,281324.4456183274,2626484
2025-07-10,295764.09375,295764.09375,282320.2713068182,282818.19065656565,4556065
2025-07-11,293274.5,305224.56451612903,290784.9032258065,298253.6935483871,3732533
2025-07-14,298751.5625,301241.1588541666,291282.7734375,291282.7734375,2936976
2025-07-15,297257.8125,297257.8125,288793.18467336684,294768.216080402,4196196
2025-07-16,294768.28125,298253.71700802364,291282.84549197636,297257.8782200169,3123297
2025-07-17,268378.5,288295.271799629,266884.74211502785,282320.24025974027,9328322
2025-07-18,267880.59375,273855.625580855,265888.91647304833,268876.43238847586,5359504
2025-07-21,271366.03125,273357.708543578,265390.99936926604,266386.83801605506,2424891
2025-07-22,267382.65625,272361.8491038175,265888.89839385473,271863.92981843575,3139858
2025-07-23,267880.59375,269872.27102695167,263399.31987685873,266386.83579228626,3116279
2025-07-24,268378.5,277838.96660482377,267880.5807050093,275847.28942486085,3667144
2025-07-25,264893.09375,273855.6420347744,264395.17440084583,271863.96463815786,2171063
2025-07-28,260909.734375,264395.1697578721,257424.29899212785,259913.89569417937,2877357
2025-07-29,261407.640625,263897.23720238096,253440.93157738095,253440.93157738095,2944177
2025-07-30,262403.5,264893.0967741936,259415.98387096776,261905.5806451613,2482807
2025-07-31,272361.875,272859.79433272395,264395.16567641683,269872.27833638026,3472644
2025-08-01,256926.359375,265888.9067950581,255930.5207727713,264893.06819282944,3227394
2025-08-04,256926.359375,258918.03657945734,252943.00496608525,253440.92426719962,2281558
2025-08-05,262403.5,263399.33870967745,259415.98387096776,262901.4193548387,2118171
2025-08-06,257424.296875,259415.97422026112,256428.45820236942,259415.97422026112,1374559
2025-08-07,260909.734375,261905.5730558206,248959.67020515268,256926.37965171755,2724438
2025-08-08,255432.609375,264893.0763888889,254436.77074195907,260909.72185672514,2676174
2025-08-11,265888.90625,266386.8255500936,258918.03604868913,259415.95534878277,2415473
2025-08-12,267880.59375,274851.46421933087,266386.83579228626,266884.75511152414,3008648
2025-08-13,276843.15625,277838.99494154676,272859.801483813,276843.15625,3472694
2025-08-14,275349.40625,276345.24497061485,269374.37392631103,276345.24497061485,2101050
2025-08-18,266386.875,270868.14953271026,265888.95560747664,270868.14953271026,1993220
2025-08-19,261905.5625,268876.4329847909,260411.80453897337,267382.67502376426,1709646
2025-08-20,254436.78125,255930.53926125244,249955.50721624264,253440.9425758317,3571545
2025-08-21,243980.46875,249955.5006377551,243980.46875,245474.22672193876,6301130
2025-08-22,249955.5,251449.2579681275,244478.3874501992,244478.3874501992,3064062
2025-08-25,258420.125,260411.80226396918,252943.0125240848,254934.68978805395,3183709
2025-08-26,260411.8125,261407.65117112812,255930.53847992353,258420.1351577438,2050625
2025-08-27,258918.046875,259913.8855168269,254934.6923076923,257922.20823317306,2801594
2025-08-28,267768.875,267768.875,252311.08147113593,253308.35847299814,3836024
2025-08-29,268267.5,269264.77695167286,265275.6691449814,267270.22304832714,1892127
2025-09-01,255302.921875,260289.3070678711,254305.64483642578,258793.39151000977,1837054
2025-09-02,259790.671875,260787.94892634355,255302.92514395394,255302.92514395394,1584710
2025-09-03,261785.21875,264777.04982142855,257048.15288690475,258793.38767857142,2437896
2025-09-04,264777.0625,270262.086393597,263779.78542843694,266272.97810734465,2189959
2025-09-05,272755.25,274251.1654478976,271259.3345521024,272256.6115173675,3103427
2025-09-08,276245.75,278240.30415162456,273253.91877256316,277741.6656137184,2018299
2025-09-09,287215.8125,287714.45106336806,276245.7641059028,277243.0412326389,4158342
2025-09-10,303172.25,304169.5271381579,292202.20148026315,293698.1171875,5265553
2025-09-11,306164.0625,314142.27911237784,304668.14688517916,309155.8937296417,5148088
2025-09-12,327605.53125,328602.80836187216,318131.3986872146,321123.23002283106,4242516
2025-09-15,330098.6875,340570.096015861,324115.02549093653,338575.54201283987,4221256
2025-09-16,347052.40625,353036.0684267241,330597.3352640086,330597.3352640086,5841135
2025-09-17,332591.90625,341567.39997188904,332591.90625,340071.4843515742,4498866
2025-09-18,354532.0,356027.91561181436,335583.735583685,337578.28973277076,4526286
2025-09-22,350044.25,358022.4665242165,344309.90687321936,348049.69586894586,4377563
2025-09-23,360017.0,362011.5540166205,352038.78393351805,354531.97645429365,3315336
2025-09-24,356526.53125,363008.8318181818,347551.0381555944,358022.44676573423,4165199
2025-09-25,355529.25,358022.4424964937,348548.31100981764,351041.50350631133,2148215
2025-09-26,335583.71875,348049.6815564636,332093.2491641902,346553.766019688,3685324
2025-09-29,348049.65625,350044.21015401144,338076.8867299427,338575.52520594554,2275986
2025-09-30,346553.78125,355529.2748651079,346553.78125,352038.80512589926,2238614
2025-10-01,359019.75,361014.30416666664,350044.25625,350044.25625,2802437
2025-10-02,394423.09375,403398.58766592917,382954.407079646,387442.1540376106,7430763
2025-10-10,426834.5625,438053.92892085284,415365.87682535045,424840.0084696262,6835852
2025-10-13,413869.96875,414368.60726656625,401902.64435240964,404395.83693524095,4356534
2025-10-14,410379.5,435311.42588092346,405393.1148238153,423842.73997569864,4101275
2025-10-15,421349.5625,422845.47810650885,405891.76789940824,409382.237647929,2688019
2025-10-16,451267.875,453761.067679558,419355.00870165747,419853.6472375691,4247934
2025-10-17,464232.46875,473706.6007653061,448276.035882116,450270.58999060147,4541583
2025-10-20,484178.0,484178.0,464232.4593202884,476199.7837281153,3333903
2025-10-21,477695.6875,500633.05871607515,476698.4104906054,495646.67366910225,4126858
2025-10-22,480188.90625,480687.54478193144,467722.9429517134,473706.60533489095,3870276
2025-10-23,477197.09375,487169.8647792581,466725.684169279,468720.23837513063,3583993
2025-10-24,508611.28125,511603.11231617647,490161.65634191176,491657.57187499997,4254202
2025-10-27,533543.1875,535537.7414719627,521575.8636682243,531548.6335280373,3381231
2025-10-28,519581.34375,525565.0060580614,507614.0191338771,519581.34375,5659008
2025-10-29,556480.5625,557477.8394937277,521575.8677195341,536535.0226254481,4803031
2025-10-30,566453.3125,577423.3590448943,550496.8811619718,556480.5429137324,4888461
2025-10-31,557477.875,564458.8144007156,550496.9355992845,555483.3208855098,3351809
2025-11-03,618311.8125,622300.9209677419,553488.7998991936,555483.3541330645,5787058
2025-11-04,584404.3125,612328.0680460751,581412.4815486348,609336.2370947099,5969769
2025-11-05,577423.375,585401.5908894646,530551.3566493955,561466.9432210708,8976222
2025-11-06,591385.3125,605347.1917158517,581412.5416315346,600360.8062816189,5321244
2025-11-07,578420.6875,597368.9514008621,563461.531788793,575428.8563577586,4789397
2025-11-10,604349.875,613325.3681930694,579417.9494636963,582409.7805280528,4893645
2025-11-11,617314.4375,644240.9153877221,602355.2831179322,620306.2683764135,5508697
2025-11-12,615319.9375,618311.7686385738,599363.5047609401,603352.6129457051,2831484
2025-11-13,610333.5625,620306.3331290849,605347.1771854575,605347.1771854575,3875541
2025-11-14,558475.125,583407.0502232143,558475.125,577423.3881696429,5778374
2025-11-17,604349.875,604349.875,582409.7805280528,586398.8886138614,4470947
2025-11-18,568447.875,589390.6914473685,568447.875,581412.4756578947,3544391
2025-11-19,560469.6875,568447.9036921709,544513.2551156584,561466.9645240214,4529736
2025-11-20,569445.1875,595374.3904334501,568447.9104640981,593379.8363616462,4670237
2025-11-21,519581.34375,529554.1142634357,512600.404390595,516589.51259596925,6646712
2025-11-24,518584.0625,540524.157451923,515592.2313701923,529554.1099759615,6399162
2025-11-25,517586.78125,548502.369340077,516589.5042148362,544513.261199422,3716730
2025-11-26,522573.1875,526562.2958015268,499635.8147662214,511603.1396708015,5127393
2025-11-27,542907.25,554883.1452205882,531929.3460477941,533925.3285845588,3654092
2025-11-28,528935.375,550891.183018868,528935.375,549893.1917452831,2680138
2025-12-01,536919.25,543905.188197026,523945.36477695167,540911.2146840149,3134704
2025-12-02,556879.125,557877.1162634408,540911.2647849462,546899.2123655914,2686580
2025-12-03,550891.1875,557877.1264719203,542907.2572463768,548895.2049365942,2586619
2025-12-04,540911.3125,541909.303851476,530931.3989852399,540911.3125,2858305
2025-12-05,542907.25,544903.2325367647,525941.3984375,528935.3722426471,3204933
2025-12-08,575840.9375,578834.9111785096,531929.3235485269,541909.2358102254,4288433
2025-12-09,564863.0625,573844.9839885159,562867.0799469964,567857.0363295053,2391174
2025-12-10,585820.875,591808.8226149915,568855.0234241908,569853.0146933561,3986083
2025-12-11,563865.0625,587816.8527654867,563865.0625,581828.905199115,4021907
2025-12-12,569853.0,577836.9299474605,558875.0963222417,563865.0525394045,2646148
2025-12-15,552887.1875,562368.1049751805,533925.352549639,533925.352549639,2482125
2025-12-16,528935.375,549893.1917452831,528935.375,543905.2441037736,3287998
2025-12-17,549893.1875,552887.1612976406,523945.41458711436,528935.3709165155,2692626
2025-12-18,550891.1875,561869.0915987318,535921.3182744565,536919.3095561594,2959059
2025-12-19,545901.1875,568854.9851462523,545901.1875,567856.9939442413,3440005
2025-12-22,578834.9375,578834.9375,565861.0509698276,572846.9898706897,2878464
2025-12-23,582826.9375,591808.8594820206,579832.9635059931,583824.9288313356,2011188
2025-12-24,586818.875,589812.8488520408,582826.9098639456,585820.8837159864,2160697
2025-12-26,597796.8125,603784.7605383974,588814.890442404,592806.8558013355,4243548
2025-12-29,638714.4375,638714.4375,623744.5678710938,628734.5244140625,4176151
2025-12-30,649692.3125,657676.2426075268,632726.4610215054,637716.4173387097,4094603
2026-01-02,675640.0625,677636.0449593796,645700.3256093058,649692.2905280651,4181895
2026-01-05,694601.9375,698593.902658046,682626.0420258621,696597.920079023,4337511
2026-01-06,724541.625,725539.6162190082,669652.1079545454,688613.9411157025,4830275
2026-01-07,740509.5625,760469.3889824797,726537.6839622641,758473.4063342317,5693115
2026-01-08,754481.375,786417.0945767196,729531.5940806878,729531.5940806878,6496379
2026-01-09,742505.5,754481.3951612903,725539.6485215054,742505.5,4343703
2026-01-12,747495.4375,760469.3235981308,733523.5601635515,753483.3849299066,3329793
2026-01-13,736517.5625,752485.4229336043,722545.6846205962,751487.431656504,3771944
2026-01-14,740509.5625,748493.4930929919,726537.6839622641,731527.6405828841,4885051
2026-01-15,747495.4375,748493.4287383178,725539.6302570094,730529.5864485982,3003414
2026-01-16,754481.375,761467.3136574074,745499.4538690477,749491.4188161376,3712326
2026-01-19,762465.3125,772445.2249672775,748493.4350458115,753483.3912794503,3392008
2026-01-20,741507.5,762465.3162853298,735519.5524899059,762465.3162853298,2762369
2026-01-21,738513.5625,754481.4233108108,726537.6668918919,727535.6581925675,5108442
2026-01-22,753483.4375,771447.2810430464,749491.4722682119,764461.3418874172,3545309
2026-01-23,765459.3125,774441.2340286832,742505.5130378096,752485.4258474576,3508272
2026-01-26,734521.5625,752485.4050611412,734521.5625,751487.4138077445,3133330
2026-01-27,798393.0,798393.0,731527.58625,736517.5425,5660198
2026-01-28,839310.625,852284.5109988109,801386.958234245,808372.8968489893,6708497
2026-01-29,859270.5,882224.2996515679,817354.8658536585,877234.3432055749,6837983
2026-01-30,907174.0625,929129.8703932894,851286.5514988999,852284.5427667768,7875195
2026-02-02,828332.75,886216.2433734939,828332.75,868252.4006024096,7634191
2026-02-03,905178.0625,905178.0625,869250.3775496141,872244.3512954796,5272538
2026-02-04,898192.125,904180.0725,881226.27375,882224.265,3800763
2026-02-05,840308.6875,875238.3835362233,836316.7222387174,849290.609337886,5473720
2026-02-06,837314.6875,848292.5916269368,789411.1058551847,803382.9838349225,5581574
2026-02-09,885218.3125,897194.2084977452,871246.433835964,896196.2171645998,4228584
2026-02-10,874240.375,903182.1225742009,874240.375,892204.2183219178,3441377
2026-02-11,858272.5,872244.3779069767,846296.6046511629,858272.5,3125590
2026-02-12,886216.25,892204.1976351351,876236.3372747748,880228.3023648649,4619344
2026-02-13,878232.3125,901186.1115767045,876236.3299715909,887214.2338778409,3534047
2026-02-19,892204.1875,911166.021462528,886216.239932886,903182.0913730426,3285109
2026-02-20,947093.6875,953081.6349446786,879230.2831269758,890208.1867755533,5054333
2026-02-23,949089.75,978031.4984227129,939109.8367507886,978031.4984227129,3523887
2026-02-24,1002981.25,1002981.25,944099.7636815921,950087.711442786,4102382
2026-02-25,1015955.125,1035914.9506385069,1001983.2470530452,1009967.1773084479,3462525
2026-02-26,1098816.25,1098816.25,1022828.9570063695,1023828.7898089172,4461976
2026-02-27,1060822.625,1095816.7737983034,1047824.7983034872,1049824.4639491045,6453062
2026-03-03,938843.0,1039826.112886049,938843.0,1021829.1224707135,6818327
2026-03-04,848858.0625,953840.5083922261,845858.5640459363,893850.539310954,9253420
2026-03-05,940842.6875,991834.1615302869,926845.0279622742,975836.8363443146,6442459
2026-03-06,923845.5,937843.1590909091,884852.0211038961,911847.5064935065,3744322
2026-03-09,835860.25,863855.5693779904,807864.9306220096,850857.7425239235,7253621
2026-03-10,937843.1875,949841.1813699361,898849.7074227079,914847.0325826226,5304897
2026-03-11,954840.3125,984835.2961387434,940842.6534685864,953840.4797120418,3916098
2026-03-12,929844.5,962838.9822580644,927844.8344086021,937843.1623655914,3711742
2026-03-13,909847.875,928844.6987637363,883852.2214285715,890851.0512362638,3645102
2026-03-16,973837.125,974836.9577772074,923845.4861396303,924845.3189168378,3829496
2026-03-17,969837.8125,1009831.1243556702,968837.9797036083,1008831.2915592784,3326240
2026-03-18,1055823.5,1059822.8314393938,998833.0269886364,999832.8598484847,4347884
2026-03-19,1012830.625,1042825.6089585391,1002832.2970138204,1007831.4610069102,3347483
2026-03-20,1006831.625,1025828.4481132075,1001832.4610228401,1022828.9497269116,3426646
2026-03-23,932844.0,962838.9839228296,926845.0032154341,951840.8231511255,3911813
2026-03-24,985835.125,993833.7872718052,937843.1513691683,992833.9544878296,4352152
2026-03-25,994833.625,1041825.766080402,987834.7954773869,1015830.1135678391,4463869
2026-03-26,932844.0,972837.3118971061,930844.3344051447,964838.649517685,4660620
2026-03-27,932844.0,933843.8327974277,879852.8617363344,889851.1897106109,4520942
2026-03-30,872854.0625,883852.2236540664,861855.9013459336,866855.065506873,4498502
2026-03-31,806865.0625,851857.5381040892,805865.229708798,816863.3904120198,7194351
2026-04-01,896850.0,904848.6622073578,857856.5217391304,883852.1739130435,6255058
2026-04-02,829861.25,913847.2078313254,817863.2560240964,911847.5421686748,6127534
2026-04-03,875853.5625,885851.8908390411,859856.2371575342,866855.066994863,2927164
2026-04-06,885851.875,901349.2836484199,868854.7171275396,876853.3796557563,3100989
2026-04-07,915846.875,932844.0331604803,887851.5556768558,916846.7078329694,3619929
2026-04-08,1032827.3125,1055823.467570184,991834.1665053243,1006831.6589424007,6709356
2026-04-09,997833.125,1024828.6103456914,989834.4626753507,1014830.2824398798,5026817
2026-04-10,1026828.3125,1041825.8048928919,1023828.8140214216,1029827.8109785784,3134921
2026-04-13,1039826.125,1042825.6234375,995833.48125,998832.9796875,2769753
2026-04-14,1102815.625,1127811.4460562102,1077819.8039437896,1091817.4637352675,4754545
2026-04-15,1135810.125,1172803.940691021,1129811.1278609154,1164805.2778389084,4093703
2026-04-16,1154806.875,1160805.8717532468,1129811.0551948051,1140809.2159090908,2901319
2026-04-17,1127811.375,1154806.8600398935,1120812.5455452127,1148807.8633643617,3578235
2026-04-20,1165805.0,1174803.4948542023,1140809.1809605488,1147808.0102915952,3748014
2026-04-21,1223795.375,1227794.7062908497,1192800.5574959149,1195800.0559640522,3516960
2026-04-22,1222795.5,1232793.8278822568,1194800.1819296812,1226794.8311529027,2894919
2026-04-23,1224795.25,1266788.23,1182802.27,1219796.0857142857,5343871
2026-04-24,1221795.75,1241792.4071194762,1192800.5971767595,1236793.2428396072,3127857
2026-04-27,1291784.0,1316779.8204334367,1248791.1888544892,1252790.5201238391,4563073
2026-04-28,1299782.625,1327777.943076923,1295783.293846154,1312780.45125,3002713
2026-04-29,1292783.875,1316779.8633990719,1280785.880800464,1283785.3793503481,3001208
2026-04-30,1285785.0,1324778.4797822705,1285785.0,1311780.6531881804,3342342
2026-05-04,1446758.125,1449757.6235314445,1332777.180805114,1338776.1778680028,5776641
2026-05-06,1600732.375,1613730.2019050594,1556739.7300905683,1589734.213772642,6631934
2026-05-07,1653723.5,1664721.6611245465,1566738.0438331317,1621728.8494558646,5860618
2026-05-08,1685718.125,1688717.6234430603,1590734.0076364174,1590734.0076364174,4278087
2026-05-11,1879685.625,1948674.086768617,1825694.6549202127,1832693.484375,7433039
2026-05-12,1834693.25,1966671.1840599454,1803698.4321525884,1943675.0288828337,9160593
2026-05-13,1975669.625,1989667.2842864373,1780702.2277960526,1780702.2277960526,7126921
2026-05-14,1969670.625,1993666.6123096447,1936676.1424492386,1975669.6218274112,6040068
2026-05-15,1818695.875,1994666.4489417262,1788700.8908053876,1949673.9726498076,7485233
2026-05-18,1839692.375,1896682.8453125,1730710.5984375,1779702.40625,6481608
2026-05-19,1744708.25,1822695.209025788,1739709.0859598853,1790700.5591690545,4575855
2026-05-20,1744708.25,1777702.7326647565,1689717.4455587391,1742708.584383954,5535123
2026-05-21,1939675.625,1953673.2841494845,1795699.7023195876,1800698.8663015463,5096690
2026-05-22,1940675.5,1951673.6609994848,1911680.3482740854,1941675.332818135,3135190
2026-05-26,2051656.875,2086651.0224780703,2005664.566885965,2007664.2324561405,4903591
2026-05-27,2242625.0,2357605.7735176105,2199632.189032546,2278618.981275078,7545783
2026-05-28,2289000.0,2305000.0,2151000.0,2189000.0,6229499
2026-05-29,2333000.0,2379000.0,2290500.0,2352000.0,8518013
2026-06-01,2363000.0,2398000.0,2296000.0,2299000.0,5602897
2026-06-02,2360000.0,2407000.0,2259000.0,2376000.0,5837216
2026-06-04,2298000.0,2327000.0,2262000.0,2284000.0,3941067
2026-06-05,2070000.0,2188000.0,2070000.0,2142000.0,5778751
2026-06-08,1911000.0,2072000.0,1855000.0,1856000.0,6610833
2026-06-09,2215000.0,2226000.0,1998000.0,2050000.0,5878039
2026-06-10,2048000.0,2180000.0,1992000.0,2137000.0,151
2026-06-11,2101000.0,2163000.0,1960000.0,1975000.0,6625775
2026-06-12,2150000.0,2304000.0,2150000.0,2281000.0,5286416
