Date,Close,High,Low,Open,Volume
2019-01-02,20.959407806396484,21.057792827569557,20.379016605198384,20.574134018883058,30346000
2019-01-03,19.095050811767578,20.383155360589477,19.042964609760347,20.21945519273696,68580000
2019-01-04,19.282726287841797,19.548946224663663,19.153750257533222,19.370364514062913,54248000
2019-01-07,19.675443649291992,19.862293254282243,19.078516490867255,19.3174523017739,53433000
2019-01-08,19.517528533935547,19.999534826132333,19.2943006116991,19.85154252583107,36795000
2019-01-09,20.36166000366211,20.394729932054197,19.664693640537216,19.71181880100019,52971000
2019-01-10,20.629531860351562,20.716342193432208,20.2029201795346,20.302957852740235,29594000
2019-01-11,20.716346740722656,20.91063792811485,20.61300063286493,20.622096402367546,20158000
2019-01-14,20.74114418029785,20.799845622499728,20.330240392628674,20.51295681183746,25498000
2019-01-15,21.205793380737305,21.67953187178658,20.83540099110508,20.89740770579349,39247000
2019-01-16,20.80976676940918,21.27689149339376,20.781656307595785,21.264488891454885,24484000
2019-01-17,21.10988426208496,21.276891248200855,20.563389199733507,20.674176839806513,35154000
2019-01-18,21.563779830932617,21.656377513014302,21.24795424217315,21.424055416408645,34634000
2019-01-22,21.354612350463867,21.451343205343566,21.074337138759002,21.330635032708276,37156000
2019-01-23,21.290952682495117,21.571226333770582,20.9709922708451,21.457959717271883,31771000
2019-01-24,21.789487838745117,22.054053559856218,21.495985340445998,21.586102506983536,35999000
2019-01-25,22.15243911743164,22.18302852217216,21.57121992719363,21.923423854432563,30333000
2019-01-28,22.125986099243164,22.227679570844288,21.38437500903405,21.62496503470146,31320000
2019-01-29,22.018505096435547,22.12433170980145,21.812639225662753,22.103662806653034,27870000
2019-01-30,22.390552520751953,22.63279516574959,22.105316284766296,22.322756875807816,28727000
2019-01-31,22.178075790405273,22.405436916542612,22.020989261991488,22.369058568663505,21063000
2019-02-01,22.059017181396484,22.28968511137639,21.90027804554667,22.252482030870457,22878000
2019-02-04,22.498031616210938,22.499685822367162,21.905239191986634,22.116064533878184,20761000
2019-02-05,22.322763442993164,22.705556955123434,22.315321878455308,22.484809463741303,22619000
2019-02-06,22.836185455322266,23.14953064833211,22.550122842943328,22.593114866279564,27064000
2019-02-07,22.247520446777344,22.70058999575476,22.01685094548686,22.559211354760638,28646000
2019-02-08,22.65842628479004,22.677442560486078,22.07968748281665,22.10201059408235,23903000
2019-02-11,22.79566764831543,22.818817071636985,22.593934931881066,22.686534202103477,18012000
2019-02-12,23.099088668823242,23.181765849345425,22.90645173706011,23.037908280627413,19809000
2019-02-13,23.25865936279297,23.32810763774742,22.981692577599972,23.14952590873989,19190000
2019-02-14,23.273534774780273,23.384322405810703,23.062709484689165,23.199125477822026,16015000
2019-02-15,23.30908966064453,23.487671364529245,23.049483403775156,23.487671364529245,17352000
2019-02-19,23.286767959594727,23.383500378763497,23.16192507607686,23.244602263071076,15152000
2019-02-20,23.432275772094727,23.697669373278103,23.33802546011336,23.41822211829373,16150000
2019-02-21,23.227245330810547,23.426495992043794,23.06106460552439,23.417401799081755,13254000
2019-02-22,22.860157012939453,23.149526408432124,22.708031541068554,23.14539325828261,27225000
2019-02-25,23.03377342224121,23.218142464579334,23.023851341307964,23.214007738545167,19245000
2019-02-26,22.736143112182617,22.985001025160123,22.690670573648426,22.97838577688883,27211000
2019-02-27,22.445945739746094,22.744409319691727,22.28803291543255,22.58897701618072,29146000
2019-02-28,22.76590347290039,22.79484025268181,22.2094894095775,22.3202754873303,31460000
2019-03-01,22.55011749267578,22.997399692208756,22.41618198874427,22.96184924126294,19035000
2019-03-04,22.7270450592041,22.86676948673903,22.393857374028325,22.73613924997882,17382000
2019-03-05,22.902326583862305,23.185908670904393,22.697286978424085,22.777483666529097,21699000
2019-03-06,22.434370040893555,22.89570746647364,22.36244124852778,22.87338435716862,19973000
2019-03-07,21.9515380859375,22.350040922900895,21.83331044208253,22.337638319044583,25411000
2019-03-08,21.8424015045166,21.889526661610677,21.429843493575888,21.624960945642687,22167000
2019-03-11,22.245037078857422,22.368225744641556,21.83082644553918,21.900274708332272,27161000
2019-03-12,22.292165756225586,22.325237263885544,21.849018276748843,22.3029141539087,23324000
2019-03-13,22.422794342041016,22.57740031732744,22.241732108749037,22.36492078486132,32089000
2019-03-14,22.173934936523438,22.509603121899758,22.14830499483886,22.49554789085105,43094000
2019-03-15,24.000268936157227,24.76585727303669,23.43889383829947,23.683616991585502,144066000
2019-03-18,24.293771743774414,24.553376430272856,23.993653991291065,23.99530819728609,56746000
2019-03-19,24.746015548706055,24.884085780212242,24.316095415128324,24.320230142011795,51556000
2019-03-20,24.276386260986328,24.941206197255795,24.214657765622167,24.857790472645053,41263000
2019-03-21,24.757688522338867,24.972066053648625,24.273879313900594,24.347284311318166,27379000
2019-03-22,24.41152000427246,24.727664176398342,24.30725073845408,24.68428812363335,23307000
2019-03-25,24.37064552307129,24.53914436895864,24.10705284378601,24.373981897590447,23878000
2019-03-26,24.776874542236328,24.98040926843773,24.543312449743222,24.55499055436788,28009000
2019-03-27,24.688459396362305,24.914515084726784,24.39567144256609,24.821923927225768,21862000
2019-03-28,24.94704246520996,25.29988987493708,24.66342998780893,24.78354899968398,33030000
2019-03-29,25.083845138549805,25.247340206773313,24.881145683680632,25.126387490504616,24493000
2019-04-01,25.507596969604492,25.587674727045385,25.003767849404063,25.28404397800364,27040000
2019-04-02,25.279037475585938,25.637723953711316,25.242334177366097,25.53845846846123,22857000
2019-04-03,25.374967575073242,25.64189663029457,25.176438175414344,25.543466421855005,22266000
2019-04-04,25.19145393371582,25.5251152485882,25.163926059839742,25.420845988251667,15228000
2019-04-05,25.381641387939453,25.39498847766899,25.17477183877943,25.35828517417982,18875000
2019-04-08,25.3983211517334,25.466722391219054,25.19145163271489,25.36995958457971,13899000
2019-04-09,25.312402725219727,25.367456876856917,25.048810072198552,25.239831415835358,11621000
2019-04-10,25.65106964111328,25.672758460093338,25.274866002387498,25.324916388792616,14992000
2019-04-11,25.80956268310547,25.87462596640465,25.544301010371747,25.704459721919378,16669000
2019-04-12,26.445192337036133,26.47939296791034,25.906328749820563,25.9713936362925,30087000
2019-04-15,26.392629623413086,26.486056046540934,26.123197944378582,26.44518109147243,16216000
2019-04-16,26.56780433654785,26.69376080994899,26.36760757411411,26.692927114191136,21116000
2019-04-17,26.73714256286621,26.771343186474,26.512754269700007,26.712949471938597,18138000
2019-04-18,26.57781410217285,26.897294597634804,26.53944341309079,26.779679852032025,26548000
2019-04-22,26.275854110717773,26.516924276140113,26.209121846458444,26.46937815437663,13504000
2019-04-23,26.329242706298828,26.533611187093957,26.20829155544343,26.4226691612176,19777000
2019-04-24,26.2199649810791,26.443517975917764,26.12487115115709,26.240818514328577,23335000
2019-04-25,26.010589599609375,26.104849727961724,25.57265906388295,26.104849727961724,26732000
2019-04-26,25.89297866821289,25.938022113011662,25.4508764063158,25.78787570599302,16404000
2019-04-29,26.08566665649414,26.248326452527213,25.895480576850908,25.962212841659927,13404000
2019-04-30,26.559463500976562,26.561130892548466,26.069815191821345,26.135713752428902,18953000
2019-05-01,26.60116958618164,26.95985604773748,26.58365242918598,26.734634094059754,18158000
2019-05-02,26.344257354736328,26.87561442143664,26.211626512048106,26.691264200575315,20428000
2019-05-03,26.3350772857666,26.413489244382596,25.916332861367987,26.27168298962476,19214000
2019-05-06,25.98973274230957,26.019763288263015,25.470889232416063,25.591008234185235,14371000
2019-05-07,25.632719039916992,25.827076761739743,25.33575945687316,25.746163719712403,21734000
2019-05-08,25.307397842407227,25.663581625234006,25.28404163310858,25.46672123770403,15099000
2019-05-09,25.3632869720459,25.51259966176474,24.76186137009806,25.024620329039276,22282000
2019-05-10,25.354949951171875,25.475068991125518,24.746017791890065,25.294056735243693,21025000
2019-05-13,24.472412109375,24.664268758972085,24.040320584134086,24.509115411136843,37864000
2019-05-14,25.19145393371582,25.408332595115883,24.647585115411385,24.665102274778835,34277000
2019-05-15,25.38915252685547,25.672765092328792,24.908679512195317,25.047149419847564,18166000
2019-05-16,24.79856300354004,25.283205929519678,24.582516480066822,25.003765118296972,34233000
2019-05-17,24.18129539489746,24.488264153561556,24.057839980056734,24.422365579848197,39094000
2019-05-20,22.738204956054688,23.352142362332287,22.408713738109924,23.189480992862293,65162000
2019-05-21,22.966768264770508,23.33796662738087,22.910045117584023,23.113578308624593,25060000
2019-05-22,22.457096099853516,22.94424176017413,22.43624097575989,22.562199052067804,31809000
2019-05-23,21.695514678955078,22.14595706651434,21.535355971358285,22.070049374196902,46607000
2019-05-24,21.349340438842773,22.16681109483152,21.332656974592542,21.91322912052341,27963000
2019-05-28,21.227556228637695,21.49865698241235,20.86136321896434,21.401894152482498,61965000
2019-05-29,21.197525024414062,21.385208428415815,20.985650119972796,21.082411348662692,28132000
2019-05-30,21.40605926513672,21.466117178692727,21.197520777121124,21.242564212288126,17310000
2019-05-31,20.990652084350586,21.33265511657926,20.9372669126268,21.107434732908057,22192000
2019-06-03,21.119112014770508,21.54870082339139,20.95394955797617,21.066558949907403,28911000
2019-06-04,22.163475036621094,22.188500233353736,21.334326262023705,21.434423866908784,36805000
2019-06-05,22.165145874023438,22.648119960498445,21.888206068026026,22.439581410013034,23651000
2019-06-06,22.754886627197266,22.939235223029534,22.128437425321014,22.273580044537663,32687000
2019-06-07,22.928394317626953,23.178641512917235,22.795763479135605,22.92088787229212,25963000
2019-06-10,23.37383460998535,23.75420840085879,23.082715610680285,23.08354930666028,23280000
2019-06-11,23.64659881591797,24.3364439400005,23.307098458889946,24.231340987190926,37105000
2019-06-12,23.333786010742188,23.619901133794766,23.140262018813655,23.49561206629392,27057000
2019-06-13,23.490610122680664,23.597382050669633,23.14026538031975,23.483103678593405,37735000
2019-06-14,22.182659149169922,22.362836094286934,21.47696425793527,21.53035102120639,100797000
2019-06-17,22.185991287231445,22.413715899202334,21.799778580460213,22.091731171419948,35785000
2019-06-18,23.193655014038086,23.608229385519415,22.226870080831286,22.36784264564127,54920000
2019-06-19,23.146944046020508,23.278739600297442,22.831633559859053,23.254549689904422,28920000
2019-06-20,23.277069091796875,23.81092716902258,23.119413074313705,23.565685359061302,57291000
2019-06-21,23.074111938476562,23.66446039276125,23.071585265211027,23.294754926254047,45399000
2019-06-24,23.512874603271484,23.53392807368788,23.159170838934863,23.202962764162763,20506000
2019-06-25,23.286331176757812,23.822782575288024,23.245065931682653,23.509502424519876,24436000
2019-06-26,23.70151138305664,23.919629279910353,23.420233086602185,23.460656641861522,24774000
2019-06-27,24.061105728149414,24.291855341577836,23.768037415391476,23.826987753443216,21813000
2019-06-28,24.242177963256836,24.363448654761175,23.986164736098026,24.242177963256836,49265000
2019-07-01,25.294023513793945,25.748786154853047,24.95547820628684,25.406029189774994,44832000
2019-07-02,24.871261596679688,25.320969235461906,24.750832618792643,25.170225000290174,19011000
2019-07-03,23.99205780029297,24.319654729457966,23.83457521586363,23.891842194302207,49411000
2019-07-05,23.80425262451172,24.038370616048415,23.746143971032993,23.88762479252808,24565000
2019-07-08,23.155799865722656,23.680459613968793,23.107796288057536,23.580244013817317,34291000
2019-07-09,23.20380401611328,23.241700904659627,22.941052469695528,23.028636318501448,26131000
2019-07-10,23.1170654296875,23.479189321161172,23.074956879788047,23.400027174882528,30134000
2019-07-11,23.248435974121094,23.365494985786903,22.98652615349212,23.17937893161689,20712000
2019-07-12,24.03416633605957,24.079643246227352,23.275388458983155,23.275388458983155,21971000
2019-07-15,24.2825984954834,24.800521527547822,24.192487980326074,24.515033155376184,30334000
2019-07-16,23.928049087524414,24.236275860914976,23.781514916053787,24.16890380959197,14617000
2019-07-17,24.008056640625,24.194172704332907,23.848890686670362,24.04848019897824,15453000
2019-07-18,24.403865814208984,24.44765772915806,23.900257989156394,24.10069077128824,19357000
2019-07-19,24.422393798828125,24.68851366323411,24.382811932531506,24.576508000671687,22047000
2019-07-22,24.940319061279297,25.26370592611337,24.61103876731214,24.675040861563353,33905000
2019-07-23,25.330236434936523,25.463297191569996,25.198018973617188,25.222442412191416,19692000
2019-07-24,25.582040786743164,25.675519669224467,25.30665587971791,25.365607843185266,19006000
2019-07-25,25.297391891479492,25.443926092013918,25.214019704333953,25.443926092013918,15741000
2019-07-26,25.342023849487305,25.518876511671994,25.30918031142961,25.398449134609365,14996000
2019-07-29,25.411083221435547,25.479296976922775,25.008534200721723,25.36813298694823,12068000
2019-07-30,25.227493286132812,25.342868931358083,25.020323744409115,25.187913021138716,11164000
2019-07-31,24.421552658081055,25.334444607336327,24.141957733574134,25.26707254925083,20819000
2019-08-01,24.029956817626953,25.08096145272994,23.775626966991656,24.34913206612215,21911000
2019-08-02,23.456445693969727,23.90362824515506,23.235801132566326,23.754567394759945,20080000
2019-08-05,22.541032791137695,22.926738419821202,22.2395426528102,22.902314979914603,27765000
2019-08-06,22.43828773498535,22.92168388570756,22.279963456579264,22.749042862242998,22199000
2019-08-07,22.742305755615234,22.96716042462895,22.148588876486347,22.235331040547347,22244000
2019-08-08,22.82062339782715,22.953684145596032,22.1064792101952,22.77009475224703,29163000
2019-08-09,23.22064781188965,23.626565209824165,22.70272473085979,22.70272473085979,30735000
2019-08-12,23.213064193725586,23.429497112304755,22.951997667892854,23.022738088357347,20040000
2019-08-13,23.89183807373047,24.043423990092865,22.909045849458707,23.184430705600086,22340000
2019-08-14,22.869470596313477,23.592878242646787,22.770096674725654,23.47834588673277,27108000
2019-08-15,22.623558044433594,22.972208390906232,22.304382871800637,22.906521319571077,20010000
2019-08-16,23.05642318725586,23.222327451069365,22.904835665499473,22.919152407556595,17458000
2019-08-19,23.47749900817871,23.586136304159364,23.210537466406365,23.538134338357377,17489000
2019-08-20,23.61140251159668,23.997949747479428,23.328439230703673,23.4252864619006,17920000
2019-08-21,24.211854934692383,24.275858626770535,23.9213132537356,23.971000203669185,19381000
2019-08-22,24.221961975097656,24.372707821079544,23.963422119311055,24.28680896755498,12294000
2019-08-23,22.917470932006836,24.0417441529649,22.826518726284355,23.916263423246683,25742000
2019-08-26,23.346120834350586,23.407597847001277,23.159163123785977,23.32338238711407,14249000
2019-08-27,23.207172393798828,23.598773040275884,23.15159039764615,23.508664124280944,14298000
2019-08-28,23.248435974121094,23.277911149268846,22.777673254405677,23.10274347623273,17202000
2019-08-29,23.86404800415039,24.042584039969082,23.668668552092285,23.70572374656368,16429000
2019-08-30,23.802574157714844,24.07711577521237,23.57182446451923,24.031638866550967,16720000
2019-09-03,23.07917022705078,23.651832091103287,22.816418639044723,23.58024996045062,22210000
2019-09-04,23.83457374572754,23.946579416102733,23.428656393891835,23.47834334931584,19865000
2019-09-05,24.5082950592041,24.73230801263618,24.28428371204871,24.28428371204871,20938000
2019-09-06,24.583248138427734,24.70030716321569,24.363446833567984,24.57819479175691,13748000
2019-09-09,24.642196655273438,25.028743914915683,24.456082200414194,24.843471149013137,21686000
2019-09-10,24.79631805419922,24.797159743399884,24.32302850653508,24.53609313253172,20850000
2019-09-11,25.096960067749023,25.161805457559595,24.80557505181648,24.954635921993127,19260000
2019-09-12,25.313392639160156,25.460768522986836,24.967267324995312,25.384974752368354,33109000
2019-09-13,24.449342727661133,25.095273114410475,23.907839592622928,25.066639628453995,62557000
2019-09-16,24.309537887573242,24.44512525711554,24.060261510182862,24.152898663826857,22176000
2019-09-17,24.323862075805664,24.36344394290289,23.896049588225853,24.25564832894997,21912000
2019-09-18,24.23206901550293,24.48639882398453,23.906998784717164,24.295231024718284,16510000
2019-09-19,24.47629165649414,24.58661394510462,24.189118315555344,24.296072242160985,19421000
2019-09-20,24.159278869628906,24.51113739886408,23.951901909552113,24.44909468393276,35524000
2019-09-23,24.261268615722656,24.405751821215706,23.97400269371952,24.104886850520437,14850000
2019-09-24,23.993549346923828,24.553632669167428,23.775974309384885,24.41934916483408,20292000
2019-09-25,23.437713623046875,23.560100191798284,22.947321156236317,23.096053144937233,55588000
2019-09-26,23.53460121154785,23.683333191570767,23.17509291577017,23.39436681233453,27477000
2019-09-27,23.299179077148438,23.906008816821707,23.19889076145149,23.510804833421755,28660000
2019-09-30,23.463212966918945,23.518456975835864,23.159798066452726,23.4394158469653,19826000
2019-10-01,23.359525680541992,23.76747770471968,23.23458917760786,23.65019097092499,19429000
2019-10-02,22.953266143798828,23.270278389462618,22.804534182909006,23.241383052101735,19543000
2019-10-03,23.323822021484375,23.329771299538645,22.711043139781175,22.947315394540297,17096000
2019-10-04,23.91876220703125,23.941709895864747,23.38927460097206,23.668892416356254,25884000
2019-10-07,23.464061737060547,23.88391230241347,23.431765415029002,23.79807246200106,18658000
2019-10-08,22.97536849975586,23.363772156122742,22.854682420878827,23.29238080212545,22757000
2019-10-09,23.215044021606445,23.36462546783892,23.11900447870115,23.26008834228683,16329000
2019-10-10,23.325525283813477,23.69353277986781,23.257533290231468,23.334873919509242,17340000
2019-10-11,23.87455940246582,24.143979056290615,23.719878154764483,23.7538733386415,23697000
2019-10-14,23.93830680847168,24.022446159674306,23.787024890463766,23.832918639922333,13312000
2019-10-15,24.67431640625,24.699814010452283,23.984196814654556,24.021592976606524,21230000
2019-10-16,24.517934799194336,24.65561926893908,24.353053857454444,24.56212967408279,20046000
2019-10-17,24.598678588867188,24.79245488748124,24.504339551797965,24.65902081712797,13125000
2019-10-18,24.369205474853516,24.64202290039494,24.13718195120964,24.604628355234095,16981000
2019-10-21,24.610576629638672,24.80860333571347,24.397250387287922,24.51453710572802,13031000
2019-10-22,24.431249618530273,24.720216031750788,24.412552344859048,24.612277938513525,13046000
2019-10-23,23.824417114257812,24.098085579586254,23.69183248254287,24.048790856997403,20957000
2019-10-24,23.993549346923828,24.094687097389894,23.68673511779718,24.042842450244425,16896000
2019-10-25,24.631824493408203,24.763558075704143,24.070890113093864,24.07428946978409,20869000
2019-10-28,24.77885627746582,24.8578957741624,24.504338381570125,24.74570890414346,12999000
2019-10-29,24.490741729736328,24.961587504743473,24.483091961054466,24.840901421124933,13272000
2019-10-30,24.66752052307129,24.729563241462312,24.35135765155891,24.64797219550153,17281000
2019-10-31,24.88934326171875,24.993881987393735,24.46014409748141,24.630123274353107,27881000
2019-11-01,25.20720863342285,25.20720863342285,24.82475261788345,24.901243820991333,21234000
2019-11-04,25.92197036743164,25.961065396127626,25.42052884375415,25.456224516179645,34075000
2019-11-05,26.690282821655273,26.923155771895903,25.876928795185023,25.92197310737977,38711000
2019-11-06,26.61549186706543,26.710680336049915,26.237286292783544,26.522002265851647,18076000
2019-11-07,26.494813919067383,27.154337933179384,26.402175344379888,26.82117656848222,23981000
2019-11-08,26.63673973083496,26.65288870140458,25.933022644509023,26.335874780043866,17830000
2019-11-11,26.580650329589844,26.622295292141295,26.41831927061982,26.4489167275353,9154000
2019-11-12,26.816917419433594,26.89085869247791,26.62399056242302,26.686882710939898,16875000
2019-11-13,26.658836364746094,26.83221489251128,26.516903100193023,26.55769699898326,12625000
2019-11-14,26.259384155273438,26.503306239566445,26.016313125962814,26.41066768894146,17268000
2019-11-15,26.5942440032959,26.60699199548351,26.353721293117246,26.539849435918562,18120000
2019-11-18,26.4378662109375,26.63674237567476,26.179495624625755,26.501607802467166,15850000
2019-11-19,27.00135040283203,27.678722132685344,26.9121112026051,26.9121112026051,31743000
2019-11-20,26.48885726928711,26.927406704152812,26.26193359402503,26.848365582017557,19927000
2019-11-21,26.793121337890625,26.831366937222825,26.329925355337142,26.44381271943173,19317000
2019-11-22,26.765077590942383,27.15263184002923,26.66223934349777,26.9112596656884,13216000
2019-11-25,27.164525985717773,27.212121838309635,26.87981003034076,26.908705370160586,19636000
2019-11-26,26.87981414794922,27.212126006823585,26.86111525336971,27.111836062224494,30793000
2019-11-27,27.064239501953125,27.19172429088078,26.89680862540476,27.02174511266292,20182000
2019-11-29,26.874711990356445,27.0089954924843,26.771873752715184,26.929104938319288,9229000
2019-12-02,26.408117294311523,27.020894702306293,26.39451824646459,27.003046863851797,23158000
2019-12-03,26.05116081237793,26.261935532573386,25.763043832157358,25.99166801317184,18736000
2019-12-04,26.323129653930664,26.46336245348962,26.103004668843795,26.325679576985518,14439000
2019-12-05,26.44805908203125,26.55599715678879,26.267030793041258,26.397065494621955,15494000
2019-12-06,26.861116409301758,26.885764584795183,26.52200582201832,26.741281373117882,16937000
2019-12-09,26.719181060791016,26.95460394501284,26.681784893962902,26.856865547745187,24694000
2019-12-10,26.776973724365234,26.84921451069295,26.623141894651678,26.780373080996803,14563000
2019-12-11,27.17302894592285,27.311561248413398,26.787173574103743,26.787173574103743,20829000
2019-12-12,27.859750747680664,28.060327413993093,27.14838539898711,27.173881388769555,38935000
2019-12-13,26.807571411132812,27.17727781258961,26.399619408073093,27.031945174921375,70952000
2019-12-16,27.462844848632812,27.8427493204895,26.986900845314803,27.02429701294551,37921000
2019-12-17,27.519784927368164,27.617521689988614,27.345553731746094,27.51468508236047,20248000
2019-12-18,27.829151153564453,28.14871338519527,27.498539796622698,27.570780585994264,35155000
2019-12-19,27.545286178588867,27.983834027761432,27.512138800756002,27.979586857870874,31787000
2019-12-20,27.386459350585938,27.68436396146037,27.207031136056223,27.68436396146037,50540000
2019-12-23,27.431957244873047,27.672342166465505,27.267123881824443,27.518668210241415,20254000
2019-12-24,27.515235900878906,27.530690412037195,27.387317808362038,27.472311069823245,7024000
2019-12-26,27.298892974853516,27.62169216519422,27.199304875721257,27.58134144766294,15848000
2019-12-27,27.174409866333008,27.416509269749657,27.061944640153175,27.412217441354773,14487000
2019-12-30,26.910844802856445,27.243087299822843,26.84988971214839,27.17354855335947,13104000
2019-12-31,27.13062286376953,27.159812534100322,26.854183946163555,26.881655902807765,12487000
2020-01-02,27.6774959564209,27.686940926560062,27.242233153438615,27.413934130186604,20329000
2020-01-03,26.973522186279297,27.47231588446393,26.96407885279025,27.25854645489439,22870000
2020-01-06,26.933168411254883,26.950338999732036,26.582037573041116,26.68677554278783,20789000
2020-01-07,26.84044647216797,27.178700149277695,26.8069649746811,27.06451722262553,18565000
2020-01-08,26.50562286376953,26.913415205136904,26.47729123798566,26.869630709596795,31979000
2020-01-09,26.29271697998047,26.870494282638337,26.017136106375244,26.81297461878934,42397000
2020-01-10,25.688329696655273,26.231765874787413,25.65227080659866,26.223180580724165,40705000
2020-01-13,25.856590270996094,26.081519023082624,25.726954492473595,25.757003832758386,22054000
2020-01-14,26.457548141479492,26.54082367309508,25.89179000426118,25.926989210404184,28911000
2020-01-15,26.024866104125977,26.431800559897034,25.815390152409293,26.38286618110694,22733000
2020-01-16,26.36054039001465,26.430079138930775,26.116723293537074,26.184545966232506,21508000
2020-01-17,26.509923934936523,26.52280105797755,26.104707203473588,26.498762888312967,26896000
2020-01-21,26.448110580444336,26.571736855545495,26.298730059471882,26.42493208665567,21967000
2020-01-22,26.868783950805664,27.29374541614088,26.656730599795303,26.68248648518559,29264000
2020-01-23,27.442262649536133,27.455139771023706,26.684199083388393,27.058508381928927,30266000
2020-01-24,27.815715789794922,28.466465649276458,27.538415556525102,28.37374513383074,55782000
2020-01-27,26.53052520751953,27.46200908537621,26.497043709047105,27.16410611408009,38843000
2020-01-28,27.327219009399414,27.40620271924311,26.851605586726002,26.916852500842975,23166000
2020-01-29,27.258541107177734,27.93848063472643,27.226777322353225,27.542708919243164,23668000
2020-01-30,27.060222625732422,27.087694578872636,26.492746752780917,26.984672707750466,21128000
2020-01-31,26.19828224182129,27.00699788201772,26.06607068898122,26.97094063237332,22123000
2020-02-03,26.20429229736328,26.321907380060946,26.067788913902433,26.238631834017365,21288000
2020-02-04,26.751161575317383,27.006139710805673,26.583752449228655,26.76747412387265,22559000
2020-02-05,27.24738121032715,27.45599909060278,27.116887371023797,27.257682579888176,24825000
2020-02-06,27.445697784423828,27.462010334086305,26.976951872063843,27.37272524244846,22683000
2020-02-07,27.062801361083984,27.34524981549349,27.031893977601005,27.32808086631102,15883000
2020-02-10,26.974376678466797,27.008716217319687,26.63955839663343,26.817268907962756,19218000
2020-02-11,27.486042022705078,27.540127891048567,27.12976139453953,27.184706938356232,15527000
2020-02-12,27.87581443786621,27.909294302914788,27.612249333763273,27.647448550191143,15310000
2020-02-13,27.813138961791992,27.94105869216772,27.55387062347517,27.5993695690489,13857000
2020-02-14,27.28086280822754,27.961660364162828,27.22334150616651,27.887829788345023,19137000
2020-02-18,26.678192138671875,27.04391617932948,26.446394104467508,27.043058141140726,26693000
2020-02-19,27.102294921875,27.200165309968124,26.759749382287776,26.87135493100472,20525000
2020-02-20,26.548553466796875,27.102292609771222,26.280698207754103,26.95377014522405,25521000
2020-02-21,26.141618728637695,26.56658007590189,25.951887525175916,26.485022251042388,24522000
2020-02-24,25.034141540527344,25.652267905888024,24.90193162935366,25.25735424849912,36849000
2020-02-25,24.268348693847656,25.38870396640937,24.130129252990162,25.24962485008155,31892000
2020-02-26,24.543073654174805,24.742248197056327,24.38167407351414,24.411721780686218,23074000
2020-02-27,23.518871307373047,24.494137955391835,23.483672098745295,24.06402510966079,34837000
2020-02-28,23.404691696166992,23.534327504802324,22.55648496706097,22.60713705462813,44586000
2020-03-02,24.464950561523438,24.50186748710321,23.278490188951537,23.76011483535101,31976000
2020-03-03,23.544628143310547,24.76628774891706,23.314547842311214,24.437479027758496,29930000
2020-03-04,24.506160736083984,24.529340865993504,23.58927164724986,23.827079213405522,23477000
2020-03-05,23.52659797668457,24.303549802876642,23.390096238610344,23.803038517506167,24374000
2020-03-06,23.132545471191406,23.25960553273602,22.53588144353979,22.920493780876743,30169000
2020-03-09,21.266998291015625,22.344428706860988,20.969095368604503,21.555457883353615,43934000
2020-03-10,22.570220947265625,22.637183944516075,20.896126366276633,22.028500877612935,55071000
2020-03-11,21.11676597595215,22.019918338561506,20.8180049278119,21.795847552456323,36030000
2020-03-12,18.782474517822266,20.84117965563565,18.571280893086946,19.487310213352952,64281000
2020-03-13,20.108013153076172,20.12947556615935,17.2697789110809,19.360251022420925,84714000
2020-03-16,16.103925704956055,18.784192973728523,15.47292213995576,17.872457003230952,76935000
2020-03-17,17.12812614440918,17.17105097175255,15.580233683730171,16.46793136152048,70662000
2020-03-18,14.411805152893066,16.095341680513563,13.364422925712512,15.939093571848545,98993000
2020-03-19,16.693721771240234,17.811501501322624,14.165410827894275,14.392057348741307,74438000
2020-03-20,16.782779693603516,18.21990661399325,16.406472654551965,17.636674667678776,74044000
2020-03-23,16.89191436767578,17.110189995177407,15.519396782303481,16.840401306262912,46921000
2020-03-24,18.576128005981445,19.095625060081705,17.57467999648119,17.954479118279977,62970000
2020-03-25,18.99434471130371,21.303701291143216,18.26705181293481,18.52636237042607,64442000
2020-03-26,21.231233596801758,21.373549401562506,19.734736922181828,19.734736922181828,60213000
2020-03-27,20.1416015625,21.13693786857265,20.08135727750769,20.34328735848128,39448000
2020-03-30,20.964065551757812,21.0732033731289,19.945155011307165,20.273441098381838,52343000
2020-03-31,20.701257705688477,22.06417131107334,20.610456638827927,20.779837057194793,50191000
2020-04-01,19.525196075439453,20.46639999578652,19.180320115694883,19.905867899645134,41858000
2020-04-02,20.69776725769043,20.77547399279548,19.33485520510951,19.4177993428528,45049000
2020-04-03,20.45330238342285,21.177103199115756,20.129381060053664,20.66109989991296,28960000
2020-04-06,22.040599822998047,22.125290875021154,21.26528601504535,21.354341846983367,38868000
2020-04-07,22.11307144165039,23.180875653908842,22.04846236244472,22.861320750186994,45892000
2020-04-08,22.796709060668945,22.892749212748242,22.14537427817683,22.418655147877665,27565000
2020-04-09,22.2029972076416,23.355492260199853,21.941939742350822,23.206192143234556,34828000
2020-04-13,22.69368553161621,22.8333818282181,22.072036512144436,22.13315343374386,25729000
2020-04-14,23.366838455200195,23.43232013180379,22.903220990705087,23.23499914863745,23094000
2020-04-15,22.477153778076172,22.903228623254652,22.365396414335734,22.787979102102184,25926000
2020-04-16,22.55137062072754,22.85433737185748,22.186412657080492,22.85433737185748,26896000
2020-04-17,23.21405029296875,23.349381789283942,22.60811690315444,22.981806024512263,34089000
2020-04-20,22.550495147705078,23.159920775712123,22.518191441130515,22.70066958071265,23801000
2020-04-21,21.62238311767578,22.245778922374136,21.548170203707866,22.225696938496135,29138000
2020-04-22,22.69804573059082,22.894494128442837,21.892171820602677,22.244032025624136,35438000
2020-04-23,22.60724449157715,23.15468050792052,22.571446966541885,22.72249400393249,21659000
2020-04-24,23.120630264282227,23.143330118746686,22.602880073352456,22.684078973200783,23373000
2020-04-27,23.438438415527344,23.680288205847607,23.080466487058573,23.080466487058573,16588000
2020-04-28,23.113643646240234,24.133428459874732,23.060385336095788,23.943964365461053,18988000
2020-04-29,24.099376678466797,24.18406773492528,23.50654094856843,23.66806445885389,28871000
2020-04-30,23.715211868286133,23.92737581308098,23.46899564532324,23.881974440834533,23379000
2020-05-01,22.674474716186523,23.38605382638177,22.543509654664426,23.224530306014884,26836000
2020-05-04,22.897987365722656,22.91283028228831,22.292053981911003,22.631690821104584,17046000
2020-05-05,23.125869750976562,23.4812221742255,23.02459052176771,23.272552023826997,26462000
2020-05-06,23.065624237060547,23.615679816929028,23.01673070379421,23.427962621532288,22727000
2020-05-07,23.3773250579834,23.614810104230557,23.22453274769585,23.573773503575453,18238000
2020-05-08,24.012943267822266,24.058344647212692,23.57639192721688,23.76585438304526,16757000
2020-05-11,24.045246124267578,24.162240885445534,23.726562213492667,23.868005405918005,20851000
2020-05-12,23.438438415527344,24.247804555958265,23.418358095123004,24.148272246294415,18764000
2020-05-13,22.975692749023438,23.60258070360061,22.644787154719296,23.579879185966156,21927000
2020-05-14,23.27691650390625,23.30747496341578,22.242290330470926,22.784487328971753,19912000
2020-05-15,22.736467361450195,23.05514964194096,22.41865770403563,22.65002938288111,21650000
2020-05-18,23.881975173950195,24.161367730101606,23.399148226723657,23.453280825907417,26531000
2020-05-19,23.7440242767334,24.100250953568572,23.714338442778633,23.881975309670953,18702000
2020-05-20,24.331621170043945,24.561247560218636,24.104614313924028,24.182321051409026,18605000
2020-05-21,23.992856979370117,24.403216231783034,23.97976097439895,24.3525757924178,14847000
2020-05-22,24.154380798339844,24.206766480613794,23.618295598293624,23.900307658079427,17452000
2020-05-26,24.623239517211914,25.06590251389243,24.568234292579813,24.883424388119277,23573000
2020-05-27,25.109556198120117,25.127891271211798,24.44687070214025,24.710547704680796,22812000
2020-05-28,24.72102928161621,25.258861534014162,24.65903973559141,24.88342710423727,18543000
2020-05-29,25.430858612060547,25.494595058072953,24.61363390802759,24.70007187291861,27300000
2020-06-01,25.31909942626953,25.41601385533379,25.090345669413686,25.356642193621663,18444000
2020-06-02,26.023693084716797,26.046394602515488,25.32783127993338,25.409902795607742,31847000
2020-06-03,27.025144577026367,27.140394096020405,26.237607307441163,26.28475392958722,31926000
2020-06-04,26.96926498413086,27.328109524275796,26.37642759847788,26.695111499079207,34997000
2020-06-05,27.684335708618164,28.647368377102637,27.510588821414526,27.913087816455118,50958000
2020-06-08,27.72275733947754,27.838006867997805,27.35954630042913,27.721010428004288,23916000
2020-06-09,27.530670166015625,27.841495470219428,27.203256698834792,27.240801135569775,22335000
2020-06-10,27.5062198638916,27.870303432716437,27.47653403363257,27.64679041353791,25914000
2020-06-11,25.647384643554688,26.939575878687283,25.61682619082127,26.85837699057673,45115000
2020-06-12,26.21490478515625,26.537953474387383,25.558332600365397,26.439292122887032,39439000
2020-06-15,26.55017852783203,26.782422817577626,25.53039361841557,25.75652788163688,29824000
2020-06-16,27.12904167175293,27.463439427338614,26.542316011433513,27.066177851294945,30387000
2020-06-17,27.36652374267578,27.65202795771862,27.222462700861577,27.36477683164126,20279000
2020-06-18,27.8266544342041,27.862451962108757,27.198893757263157,27.25127944926617,33625000
2020-06-19,26.707273483276367,28.05952846224773,26.707273483276367,28.02248051891711,58465000
2020-06-22,27.65728759765625,27.713741115937133,26.774308404831956,26.948080389755443,27195000
2020-06-23,27.459697723388672,28.001305935908196,27.458816110333714,27.791367621027508,22419000
2020-06-24,27.0777530670166,27.430591804345823,26.86075678088048,27.274460473800012,19096000
2020-06-25,27.243587493896484,27.299159406369245,26.72755946778057,26.99748282938344,15029000
2020-06-26,27.116561889648438,27.854877493559513,26.74078946605947,27.659935012368972,31425000
2020-06-29,27.32561683654785,27.38118873660219,26.855458035985166,27.174776899294688,14516000
2020-06-30,27.83988380432129,27.968669976511553,27.05834391058653,27.34061656319904,25125000
2020-07-01,27.585838317871094,27.94926141800083,27.516152191632592,27.795776627150413,15661000
2020-07-02,27.82753562927246,28.172434791002726,27.756084588274778,28.028652778366837,16638000
2020-07-06,28.120389938354492,28.31445081021246,27.992485378906704,28.22712400674007,17561000
2020-07-07,27.6202392578125,28.06481617580733,27.56995871393674,27.992483529251974,16150000
2020-07-08,28.189193725585938,28.213009055255515,27.708450464985685,27.886633884553785,18023000
2020-07-09,28.35944175720215,28.609072870203775,27.808129024749356,28.228007372360757,25225000
2020-07-10,28.1777286529541,28.490872927203004,27.82488991559845,28.39560823470818,13280000
2020-07-13,27.460580825805664,28.538504199999583,27.396187741425752,28.37531493272643,21549000
2020-07-14,27.793132781982422,27.893692198680856,26.92073790661409,27.255935962275544,18363000
2020-07-15,27.6784610748291,28.030418195209535,27.360023760316704,27.869875435799134,15253000
2020-07-16,27.463228225708008,27.687280767396064,27.283279892415376,27.39883513926877,12929000
2020-07-17,27.584081649780273,27.80460611118652,27.345033214374375,27.711104627893437,13354000
2020-07-20,27.97396469116211,28.019833813433195,27.367963309277027,27.508217198091984,14323000
2020-07-21,27.727855682373047,28.159201686924238,27.5805455462279,28.159201686924238,14312000
2020-07-22,27.680221557617188,27.846057344272374,27.377663404135774,27.78695562144807,14404000
2020-07-23,27.31591796875,27.882224853181523,27.202127623987163,27.64229484999892,19417000
2020-07-24,26.973663330078125,27.425296540810894,26.83164455103976,27.044231071832236,15631000
2020-07-27,27.581432342529297,27.606130972035015,27.123624400999773,27.195073767431605,20646000
2020-07-28,27.111270904541016,27.53114922384316,27.006300062864714,27.449113781723383,13974000
2020-07-29,27.243587493896484,27.4535258299047,27.11921105945661,27.215360731088264,16562000
2020-07-30,27.53026580810547,27.603480071804434,26.992187406026144,26.992187406026144,21259000
2020-07-31,27.94044303894043,28.085989962151427,27.468520919839946,27.75961308379415,24719000
2020-08-03,28.335620880126953,28.534973098099936,27.987191940243612,28.05070172624763,20796000
2020-08-04,28.967201232910156,28.984843587196444,28.261523886133777,28.271224993783473,25258000
2020-08-05,29.068641662597656,29.248591664158354,28.738740056273326,28.9548530158125,22299000
2020-08-06,29.035120010375977,29.186841552561763,28.704333466362325,28.912508518567204,14193000
2020-08-07,28.750205993652344,29.085404026584666,28.357672827626278,28.967203943235635,14192000
2020-08-10,28.876346588134766,29.044825530894187,28.58525276999916,28.59936867335005,11989000
2020-08-11,28.58261489868164,29.402084508425467,28.47058944721082,28.894877600563188,19316000
2020-08-12,29.4303035736084,29.627895943864306,28.699927525416165,28.74315012033003,18471000
2020-08-13,29.05805778503418,29.410013162275515,28.919567154878614,29.30416240170493,15095000
2020-08-14,28.91692543029785,29.095990466074255,28.75638099880432,28.934564421513485,10140000
2020-08-17,29.137451171875,29.267118962353088,29.021014307883483,29.066000130924913,10594000
2020-08-18,28.989255905151367,29.38973033984112,28.94515169543252,29.273293476416903,8857000
2020-08-19,29.039539337158203,29.38179030688358,28.953975753492948,29.062471373601444,11273000
2020-08-20,29.006019592285156,29.108343926567144,28.761678140427083,28.905461849324755,8910000
2020-08-21,29.11098289489746,29.149797422106236,28.668170886005715,28.959264697863272,11508000
2020-08-24,29.46206283569336,29.65524041730496,29.209780162179662,29.286524245926387,11996000
2020-08-25,29.65082550048828,29.73462584410659,29.373847597972482,29.550267780094394,11140000
2020-08-26,29.96221160888672,30.124519280896493,29.418841797004518,29.527337417790484,14844000
2020-08-27,29.91546058654785,30.105993326397982,29.650828603205856,30.034542287103392,12552000
2020-08-28,30.41649055480957,30.41649055480957,29.788438788994405,29.90311242854315,14589000
2020-08-31,30.622013092041016,30.92457119814585,30.30181263315514,30.30181263315514,22229000
2020-09-01,31.71493911743164,31.938111744541143,30.645838492611055,30.873419185421945,29205000
2020-09-02,33.07954406738281,33.427973049026704,32.07042344976829,32.27242389591414,37053000
2020-09-03,31.057777404785156,32.54058341398731,30.887531849828154,32.28565925305937,41795000
2020-09-04,32.01573181152344,32.86078150115086,31.182149821778353,31.841078203925814,58514000
2020-09-08,30.92104721069336,31.99808887452383,30.873413190881987,31.10805010819245,26685000
2020-09-09,31.758155822753906,31.918700237756223,30.970444722891145,31.4167865293505,26273000
2020-09-10,31.49793815612793,32.44619365560218,31.26065303678503,31.943398342380476,22851000
2020-09-11,31.72905731201172,32.13217326702456,31.286241843336477,31.7996233826181,17362000
2020-09-14,31.94957733154297,32.27507090036144,31.698179640833715,32.144521500588354,16447000
2020-09-15,32.365047454833984,32.73640847620199,32.22743841396082,32.31123876984553,16618000
2020-09-16,32.37651062011719,32.81403298920289,32.315645667400595,32.47707171653113,18498000
2020-09-17,32.277706146240234,32.64818879160934,31.31445665217564,31.31445665217564,22862000
2020-09-18,31.731687545776367,32.447069222349725,31.31886730566682,32.38355945154344,35295000
2020-09-21,31.31422233581543,31.3293531880643,30.574515173428033,31.15577623446068,24198000
2020-09-22,32.186553955078125,32.20524680274741,31.41747145786485,31.721901714893363,19500000
2020-09-23,31.296417236328125,32.152729702713046,31.159336341308023,32.06104815291015,15542000
2020-09-24,31.379209518432617,31.82873110067701,31.07389287605781,31.17269845532514,13611000
2020-09-25,31.76018524169922,31.84207725320939,31.001785146547988,31.337370236133705,18183000
2020-09-28,32.69483184814453,32.7954167139437,31.958686590862797,32.194573075817786,22192000
2020-09-29,32.42422866821289,33.00638285018089,32.40019451517095,32.71174545834008,13722000
2020-09-30,32.429569244384766,33.02418191936618,32.1972447628555,32.30761918037269,22403000
2020-10-01,32.810550689697266,32.99836886708633,32.474075946139635,32.844374396396944,16016000
2020-10-02,31.76285171508789,32.48297639832542,31.702324908633997,32.04502717743394,17100000
2020-10-05,32.5880126953125,32.654773847295054,32.03612707044234,32.11979837637805,18923000
2020-10-06,32.39929962158203,33.11319330876421,32.22483302318296,32.588900467335414,16672000
2020-10-07,32.64498519897461,32.9227090471401,32.58445498932052,32.78829707479929,12747000
2020-10-08,33.23158645629883,33.31704046737223,32.78473729309388,32.92537681588806,17045000
2020-10-09,33.531558990478516,33.82530670491558,33.29122427308329,33.463018536232525,17253000
2020-10-12,34.04161834716797,34.27928416613737,33.80662148084615,33.9846501301596,18839000
2020-10-13,33.95793151855469,34.51961002605381,33.70157293560981,34.21785549498662,16731000
2020-10-14,33.85200881958008,34.15821842584995,33.63392556243662,34.140415225893506,17298000
2020-10-15,33.819068908691406,33.86891650168898,33.382009423848295,33.38468177096608,14361000
2020-10-16,33.705142974853516,34.11727539538072,33.66063327106458,34.11727539538072,10295000
2020-10-19,33.448768615722656,34.146638272669115,33.393579727315384,33.93567566521406,14803000
2020-10-20,33.55738067626953,33.92678610366412,33.43008930253927,33.559159977889685,13297000
2020-10-21,33.11764907836914,33.545805376463306,32.96276156553105,33.44877911716056,11896000
2020-10-22,33.23515319824219,33.3188245241335,32.67792274522726,33.03131109099893,13547000
2020-10-23,33.17729187011719,33.28589039856331,33.002825220390406,33.225360182564295,8868000
2020-10-26,32.315635681152344,32.931610215176754,31.832290427373906,32.899565807545194,15509000
2020-10-27,32.00942611694336,32.50612632141667,31.975602407564864,32.50612632141667,9620000
2020-10-28,30.90654182434082,31.587498167031974,30.756999003297047,31.5109474550063,22331000
2020-10-29,31.60084342956543,31.99517595343299,30.74274828525303,30.91098732105379,15697000
2020-10-30,31.121957778930664,31.421043436645768,30.658195041944335,31.100592577314593,18530000
2020-11-02,31.266155242919922,31.634674362367633,31.008013929169977,31.603519610405627,11757000
2020-11-03,31.48958396911621,31.97738086118639,30.857585548275402,31.68452615402971,15457000
2020-11-04,32.45716094970703,32.84436949775639,31.790445908531762,32.08775220529942,21277000
2020-11-05,33.902748107910156,34.06119080862627,33.11408301997108,33.14523776974221,21783000
2020-11-06,33.8804931640625,34.15198600941948,33.57339392032129,33.829755913952134,13545000
2020-11-09,33.42831039428711,35.061716092035745,33.381131735887664,34.63533905164109,24088000
2020-11-10,32.323646545410156,33.22001730329257,32.077077438727905,32.96365864177841,26784000
2020-11-11,33.46213150024414,33.57073001295063,32.806098961475655,33.011720340280654,15133000
2020-11-12,32.952972412109375,33.700689902982376,32.782064392842344,33.57873983932593,12160000
2020-11-13,33.2467155456543,33.5876419210968,33.07581092819253,33.380237855320935,10997000
2020-11-16,33.89741134643555,33.94725895274246,33.29122642287217,33.36332548450124,12100000
2020-11-17,33.87871170043945,34.04249568957218,33.56092987834352,33.706024414472424,11950000
2020-11-18,33.8804931640625,34.265032758895735,33.791480563714956,33.815511317230616,13517000
2020-11-19,34.21073532104492,34.256134669851804,33.32237838495607,33.62235364840391,14555000
2020-11-20,34.121726989746094,34.61308247166271,34.0656484303254,34.20896030440051,16140000
2020-11-23,34.448402404785156,34.63978255019669,34.092345214750154,34.30330786044714,12212000
2020-11-24,34.9139404296875,34.96556732425108,34.37540645197764,34.592600023206955,13455000
2020-11-25,34.78932571411133,35.2050200599934,34.626431364607114,34.96824396162501,11787000
2020-11-27,35.15606689453125,35.53170663992133,34.982489922735994,34.995841475087396,6846000
2020-11-30,35.74623489379883,35.79786180688973,34.95934892089485,35.0732887438865,15454000
2020-12-01,36.012386322021484,36.200204514766014,35.61627438507435,35.91358075049125,18181000
2020-12-02,35.93761444091797,36.087157272520436,35.70439689413956,36.02751671179687,10031000
2020-12-03,35.5877799987793,36.196637182851525,35.43645790008268,36.00614668795022,16120000
2020-12-04,36.6452751159668,36.70936732843694,35.81833447028316,35.81922751674036,20083000
2020-12-07,37.465087890625,37.63866484858076,36.79303151240899,37.06630367529415,19707000
2020-12-08,37.68941116333008,37.98226589822086,37.22208977786607,37.321785006765055,18121000
2020-12-09,37.04939651489258,37.928853625676446,36.82240993783573,37.33868920445135,20908000
2020-12-10,36.49928665161133,36.9630493151021,36.31858569976493,36.623905655910086,26244000
2020-12-11,36.123653411865234,36.228689933674794,35.45248657414139,35.961648677260314,26664000
2020-12-14,36.655948638916016,36.87848353672604,36.13966604610249,36.186844694023826,26116000
2020-12-15,37.21318054199219,37.33156860742589,36.76187973566499,36.96572181098554,21207000
2020-12-16,37.82202911376953,38.02230914442612,37.115256091136295,37.207830681278885,23160000
2020-12-17,37.92885208129883,38.27689566183119,37.79088151832013,37.96445848323313,17152000
2020-12-18,39.011505126953125,39.10935468413122,37.8839630330337,38.135324720531415,45243000
2020-12-21,38.50159454345703,38.781684730352545,38.03657202736406,38.436059008035166,19096000
2020-12-22,38.88043975830078,38.92083570707558,38.42259845824158,38.5015993180488,17929000
2020-12-23,38.194576263427734,39.140774941581185,38.16046093462899,39.05100388866708,10533000
2020-12-24,38.73321533203125,38.78169321479206,38.38400060918223,38.466590401393475,4123000
2020-12-28,38.77091598510742,39.254790687390624,38.70538386598946,38.991754706133754,10625000
2020-12-29,38.515960693359375,39.12551622738012,38.313974106539376,39.12551622738012,9593000
2020-12-30,39.035743713378906,39.32032007143653,38.61111711718214,38.752061161858705,10553000
2020-12-31,39.306854248046875,39.36520508863787,38.87594703983484,39.16860532295393,10211000
2021-01-04,38.17303466796875,39.70096122762374,37.8157414410783,39.43972311005681,24171000
2021-01-05,38.43157196044922,38.54737640285737,37.91986947069555,38.15776582168943,15069000
2021-01-06,38.194576263427734,39.01329963549762,37.752895423052486,38.00066818647819,17226000
2021-01-07,39.80419921875,39.91192517817996,38.656010417224216,38.78707808563706,21267000
2021-01-08,40.00618362426758,40.396694914512175,39.378676606107575,40.128275549585695,15271000
2021-01-11,40.0169563293457,40.28806738146098,39.537571224057416,39.55462888887465,11660000
2021-01-12,40.34282684326172,40.824907037078766,40.00259134603136,40.197396646981005,13846000
2021-01-13,40.50621795654297,40.71089967867536,40.227925606539344,40.424525398838,13118000
2021-01-14,40.58341979980469,41.16065445060936,40.51698702894267,40.71269299261206,19692000
2021-01-15,40.02503967285156,40.397596103250514,39.55912325159374,40.23421098242751,18165000
2021-01-19,41.22977828979492,41.249531071717904,40.24318025566134,40.24318025566134,18819000
2021-01-20,41.464088439941406,41.8150975893276,40.84645438720334,41.25222545689856,14710000
2021-01-21,41.90756607055664,42.145462467864164,41.33122859025973,41.48473731234337,15749000
2021-01-22,41.745975494384766,41.97310169331424,41.5089763278345,41.629273798033296,16248000
2021-01-25,41.72533416748047,42.19304851672138,40.943417635274244,42.15354979216202,14692000
2021-01-26,41.64273452758789,41.92641365651933,41.46408622889327,41.53321069281014,10742000
2021-01-27,39.92179870605469,41.02240677946548,39.63542444960795,40.89493146948302,21857000
2021-01-28,40.553794860839844,41.15886081032931,40.13096613863104,40.89403380177782,16946000
2021-01-29,40.442474365234375,41.12474667228336,40.184828644103874,40.38861310515674,22069000
2021-02-01,41.90038299560547,42.131995340103,40.719876796222835,40.922760621240386,17027000
2021-02-02,42.81067657470703,42.81875507981731,42.01349695046314,42.171498675252494,16141000
2021-02-03,41.7612419128418,42.957908692252154,41.707377216462625,42.81517015771212,17857000
2021-02-04,42.249595642089844,42.297176287022054,41.06908949984235,41.29531502195418,15243000
2021-02-05,41.83485794067383,42.81427494272306,41.7765036607116,42.58176190326791,12488000
2021-02-08,42.435428619384766,42.5000635095855,41.79624729315308,42.08082710536465,17610000
2021-02-09,42.60869216918945,42.658964513880264,42.069158270436525,42.37259022556797,12758000
2021-02-10,42.19752883911133,42.865435207601266,41.78816543522716,42.84029903847923,14587000
2021-02-11,42.94623565673828,43.0324177967514,42.120327476916955,42.524304117886814,17123000
2021-02-12,43.65813064575195,43.72097107640906,42.63203031451389,42.94533866112902,13551000
2021-02-16,43.91038131713867,44.41759767190171,43.72096282967882,44.06748578869472,15163000
2021-02-17,43.31340408325195,43.640174311917455,42.647292115656526,43.47050515472576,14084000
2021-02-18,43.38341522216797,43.576426041423,42.65356577251149,43.11140355854549,16715000
2021-02-19,43.984893798828125,44.44991633531823,43.69851955759381,43.741610620894434,17992000
2021-02-22,42.76398849487305,43.68415368229474,42.670625102261006,43.44984968203346,16967000
2021-02-23,42.36361312866211,42.60779701425563,40.94161801031934,42.29538588260747,21303000
2021-02-24,43.169769287109375,43.21734651292828,41.53411337145361,41.984773429474934,15125000
2021-02-25,41.04036331176758,43.03510679501041,40.86530734906919,42.619459325223026,23148000
2021-02-26,42.18136978149414,42.710130005955556,41.361749140431975,41.97130126152424,22640000
2021-03-01,43.95078659057617,43.98849084692388,42.539565246495705,43.063835910690344,24677000
2021-03-02,43.13654327392578,44.06568766063312,43.05485072992811,44.02169936771129,18546000
2021-03-03,41.57001876831055,43.2155474776733,41.472165784311606,42.9112183277806,23991000
2021-03-04,39.8221435546875,41.923715272395704,39.6282355093221,41.445227487880764,34575000
2021-03-05,40.41016387939453,40.936229034032145,38.871463711729696,40.77912795752319,42414000
2021-03-08,37.8166389465332,40.2144620175738,37.63799061951917,40.1130166710686,45243000
2021-03-09,39.82304763793945,40.11929485491448,38.65600681660397,39.112947438844884,37884000
2021-03-10,39.283512115478516,40.759371599149446,39.05997829733287,40.15969249317893,19914000
2021-03-11,40.72884750366211,41.066391299281804,39.68748760086999,40.30961116452327,26170000
2021-03-12,40.502620697021484,40.71089130106896,39.90563331978846,39.98104181907526,18906000
2021-03-15,42.26215744018555,42.303454036694035,40.68395898224214,40.86260725739416,31241000
2021-03-16,42.92738342285156,43.449859648927344,41.96053460506703,42.30705420215116,31190000
2021-03-17,43.413047790527344,43.74341033997345,42.19393673202753,42.21997013240371,23754000
2021-03-18,41.66788101196289,43.391510305699185,41.631971212206636,42.60241248965541,28728000
2021-03-19,42.92637252807617,43.12722528938156,41.08431912186747,41.35121970936541,108602000
2021-03-22,43.000553131103516,43.54339664085125,42.67394140023448,42.786129841213715,31805000
2021-03-23,41.985435485839844,43.00869866576648,41.85786797430824,42.8648443979198,24712000
2021-03-24,41.37112808227539,42.521959036361,41.33493758308199,42.473102207581505,20882000
2021-03-25,41.77191925048828,41.981821351073364,40.6509458106903,41.16212358733139,17537000
2021-03-26,43.61215591430664,43.69901170164743,41.31411523553666,41.31411523553666,28925000
2021-03-29,42.75989532470703,43.53254467768376,42.36633151488801,43.4637841278164,28410000
2021-03-30,41.27069091796875,41.980008640961145,40.85993610710165,41.96915080377403,27935000
2021-03-31,41.949249267578125,42.25776578850767,40.930510741900406,41.52764004875037,28684000
2021-04-01,43.0611686706543,43.118167131197836,42.450465455622,42.710128560523835,23528000
2021-04-05,44.1948127746582,44.29976381112419,43.139883845519044,43.45473350360204,22966000
2021-04-06,43.777732849121094,44.17129323727865,43.22312373435525,43.70987653868573,18063000
2021-04-07,43.65016555786133,43.78135351540263,43.24665154234218,43.428504812995634,12074000
2021-04-08,43.92338943481445,44.149574803578865,43.438448639225484,44.149574803578865,18121000
2021-04-09,43.88811492919922,43.908018667152554,43.11456117530738,43.427602416826915,16614000
2021-04-12,43.75962829589844,43.91795735236319,43.300924428703645,43.602203483854254,23247000
2021-04-13,43.876338958740234,44.17128485841447,43.453825566540246,43.87995938782036,15281000
2021-04-14,43.183319091796875,44.25905618189998,42.99241992651422,43.65107243594628,18220000
2021-04-15,43.42759323120117,43.63658761247916,43.13626773002579,43.575972166712745,18370000
2021-04-16,43.31812286376953,43.58864039849194,43.13626961588984,43.471023028647146,16263000
2021-04-19,41.7990608215332,43.13807791807408,41.62263649318825,43.113649509372145,26319000
2021-04-20,41.37022018432617,41.80177959692726,41.124127572594844,41.61902207884961,19128000
2021-04-21,41.5991096496582,41.648870708428866,40.94859890758498,41.185642120130865,25947000
2021-04-22,41.175697326660156,41.721253652331725,40.62290014130908,41.174789630713676,27057000
2021-04-23,42.17271041870117,42.3283267419746,41.39191952038567,41.48148803646702,22890000
2021-04-26,42.69023132324219,42.86936838325356,41.941102668459735,42.25323960795242,18271000
2021-04-27,42.192623138427734,42.90827407774569,42.07591345959531,42.857608768860544,13267000
2021-04-28,41.54572677612305,42.15823852030805,41.26073445465219,42.103952789464394,15940000
2021-04-29,42.187191009521484,42.494803244031125,41.53034713564013,42.494803244031125,14650000
2021-04-30,41.274314880371094,41.68416551604449,41.06079578657419,41.59188078696817,19367000
2021-05-03,40.726043701171875,41.6036442733963,40.55776099588208,41.59549916819553,15098000
2021-05-04,40.21937942504883,40.50527946569913,39.56525167323864,40.46185156773561,23497000
2021-05-05,40.15514373779297,40.843653493925814,40.02305155416419,40.75046453434176,16388000
2021-05-06,40.58488845825195,40.631029079206066,39.79414403239508,40.15242151916488,13495000
2021-05-07,40.94678497314453,41.47153663173517,40.64098125376446,41.128638184338655,11712000
2021-05-10,39.455772399902344,40.58036597043149,39.42591507823515,40.56679540185035,25239000
2021-05-11,39.814964294433594,39.96786446799829,38.27509436668346,38.45151870581669,17887000
2021-05-12,38.214481353759766,38.981701976352376,37.92134728885913,38.83965961905082,29940000
2021-05-13,38.95817184448242,39.339970122670586,38.509418053956516,38.89393251710395,21841000
2021-05-14,39.9552001953125,40.27186184819889,39.08936521235579,39.48202138230363,16964000
2021-05-17,39.80320739746094,40.00225168346824,39.16084159429389,40.00225168346824,15725000
2021-05-18,39.24225616455078,40.21032924032209,39.200636760140256,40.16328091783065,17824000
2021-05-19,39.9642448425293,40.0348138832455,38.51484779191198,38.54198893419164,21369000
2021-05-20,41.165740966796875,41.55478011357731,40.29085673448363,40.32885571432832,21886000
2021-05-21,40.825565338134766,41.436265300911536,40.65366220473332,41.436265300911536,13216000
2021-05-24,41.54482650756836,41.83886820464433,41.28878724164024,41.33945254808384,14420000
2021-05-25,41.57649230957031,41.88591651817436,41.30145355382193,41.79001137274092,9600000
2021-05-26,41.662452697753906,41.80811548462009,41.213702252624145,41.687785356339326,9873000
2021-05-27,42.312957763671875,42.381718320506536,41.58644896806833,41.61811478691881,19098000
2021-05-28,42.73366165161133,42.94084756138892,42.31295666844998,42.522855312066504,19946000
2021-06-01,42.36995315551758,43.246645877242635,42.26952678713768,43.015031568506416,16277000
2021-06-02,42.86032485961914,43.21950669540747,42.4749026735171,42.688421746581454,13286000
2021-06-03,42.05238723754883,42.501141038657096,41.91305764492946,42.41428524158355,20389000
2021-06-04,42.97522735595703,43.28283964771544,42.47942863979781,42.56809293284804,23865000
2021-06-07,41.96009826660156,42.92817481152526,41.841580116357605,42.79427069990135,24142000
2021-06-08,41.9374885559082,42.73908760924201,41.93568006666151,42.34643146115825,16615000
2021-06-09,41.97366714477539,42.26861302015932,41.77371869763123,42.26861302015932,12126000
2021-06-10,42.40251922607422,42.481229912091344,41.637107330925495,42.115714963686116,15413000
2021-06-11,42.586181640625,42.7155610817781,42.26499882596529,42.38171194148465,14508000
2021-06-14,43.05031967163086,43.05665283521345,42.16638605258207,42.56718729881964,14675000
2021-06-15,42.589805603027344,43.11727010089926,42.39166559895205,43.11636240500879,11131000
2021-06-16,42.13833999633789,42.62418509527508,41.752013572609755,42.54728288889366,20437000
2021-06-17,42.62870407104492,42.99693174838259,41.97457637931725,42.0596202270029,20881000
2021-06-18,41.93476104736328,42.50113209834126,41.664243571468845,42.275851000606686,28537000
2021-06-21,42.36424255371094,42.43445267742949,41.80165024107848,42.05057704335334,18591000
2021-06-22,42.34964370727539,42.726228662921734,42.06424319191749,42.54386326067558,13722000
2021-06-23,42.55116653442383,42.662407053834215,42.22108678926363,42.29585700299196,17674000
2021-06-24,42.861175537109375,43.18852122814303,42.72804939076009,42.845672617707216,12502000
2021-06-25,42.144493103027344,43.07911032130132,41.9438907732198,42.97880915639755,19100000
2021-06-28,43.111019134521484,43.42924816204461,42.44629963986364,42.49097880193268,13987000
2021-06-29,43.50766372680664,43.52225184716625,42.92318584971862,43.071811456501145,14184000
2021-06-30,43.479400634765625,43.63897256878142,43.0864048331953,43.59702736971663,15381000
2021-07-01,42.822898864746094,43.57059419469605,42.758160146107905,43.57059419469605,11153000
2021-07-02,42.68885803222656,43.638066985600375,41.55272352165682,43.47302361449154,37054000
2021-07-06,43.15479278564453,43.47119573198829,42.70070704363298,42.89218919257348,13870000
2021-07-07,42.81377029418945,43.34445237516512,42.52472442449858,43.31162736075733,12581000
2021-07-08,42.90129089355469,42.95417890547604,42.086119843909636,42.34690417839117,16011000
2021-07-09,43.78395080566406,43.84777818488132,42.676084897348346,42.81650513162632,16782000
2021-07-12,44.29182815551758,45.04590590005334,43.15296007877889,43.887889612885026,33142000
2021-07-13,44.13317108154297,44.45413056748833,43.949894359238236,44.25353175835515,11806000
2021-07-14,43.912506103515625,44.86171465349427,43.83591326726344,44.6064017209899,14020000
2021-07-15,43.52499008178711,44.17329534510094,43.140199704103985,44.066611452003364,12624000
2021-07-16,42.679725646972656,43.79306285194072,42.60587024649813,43.681818872381704,13980000
2021-07-19,42.46089553833008,42.48824913631304,41.72413973345164,42.26120453372663,14938000
2021-07-20,42.727142333984375,43.06086731662345,42.24205082431386,42.66331496143969,20727000
2021-07-21,43.67817687988281,43.701885185239945,42.71893661900134,42.82197522369534,13660000
2021-07-22,43.432891845703125,43.67543585938815,43.26694067844495,43.45751147181617,12583000
2021-07-23,44.05475997924805,44.09397120809744,43.47848743958479,43.770270739794185,13489000
2021-07-26,43.9717903137207,44.097622444128326,43.73836294641848,43.96449625198185,11160000
2021-07-27,43.34444808959961,43.93257475722234,42.6551089418666,43.83683369202764,14715000
2021-07-28,43.553253173828125,43.68364536621947,43.249615751718856,43.46662881980369,8359000
2021-07-29,44.14228820800781,44.29912266191738,43.53410208132306,43.62802048913899,9162000
2021-07-30,44.259925842285156,44.34563541075282,43.72833242688346,43.94625685704604,11548000
2021-08-02,44.194271087646484,45.09880075457898,44.08759066108967,44.59273830724443,15619000
2021-08-03,44.386661529541016,44.47510852950161,43.763883760627024,44.26812348834009,11135000
2021-08-04,44.478759765625,44.67753945059309,44.13318058068503,44.54532459433702,12123000
2021-08-05,44.46689987182617,44.718564075476614,44.213413022737974,44.718564075476614,8372000
2021-08-06,44.26264953613281,44.507930987235994,44.13499479677228,44.22982452863022,9964000
2021-08-09,44.194271087646484,44.390313328310604,43.85871992789725,44.359310959810415,5952000
2021-08-10,43.973609924316406,44.355662873577124,43.56967131474916,44.3055122934278,9319000
2021-08-11,44.09122848510742,44.31189031863032,43.74838332230508,44.206117754504184,9816000
2021-08-12,44.15597152709961,44.2234476747369,43.469369811201034,43.97543222265267,8702000
2021-08-13,44.329219818115234,44.5854406510919,43.95992887276621,44.00552283815757,8582000
2021-08-16,44.5097541809082,44.579964288421465,44.16873167108332,44.20794289436779,9188000
2021-08-17,43.64807891845703,44.334683993896206,43.26784868356477,44.27723588515002,16499000
2021-08-18,42.76179504394531,43.50128480851851,42.70526172467473,43.46207705765294,15616000
2021-08-19,43.17758560180664,43.38730462254203,42.18643165893483,42.52289411054206,14044000
2021-08-20,43.327125549316406,43.423781422359596,42.895833325258636,43.112849899860535,10007000
2021-08-23,43.99093246459961,44.331955021775535,43.37545217630879,43.43289681770493,15707000
2021-08-24,43.897926330566406,44.04472929462337,43.78212225326873,43.98637333376604,9429000
2021-08-25,44.078468322753906,44.33924925622447,43.910694490240616,43.910694490240616,10017000
2021-08-26,44.290924072265625,44.507025836483486,43.822246762288756,44.04108249487314,10836000
2021-08-27,45.220977783203125,45.2665682640596,44.37298162161591,44.49789891306312,16459000
2021-08-30,45.489967346191406,46.306961205104635,45.431611387339956,45.591179821047426,19614000
2021-08-31,45.33678436279297,45.70880927502083,44.92555170141235,45.70880927502083,17378000
2021-09-01,44.967491149902344,45.52187793880585,44.94287152489931,45.25106554210319,12586000
2021-09-02,44.852603912353516,45.224628822695394,44.69394679267305,45.20730325513508,16991000
2021-09-03,45.379638671875,46.1382731020655,45.13891729538883,45.21824411260329,25191000
2021-09-07,45.280242919921875,45.37233519993212,44.77053183741618,45.37233519993212,12398000
2021-09-08,45.0787353515625,45.58114896380143,44.50702295022189,45.55653281510532,13987000
2021-09-09,44.99758529663086,45.47264534412562,44.939229333204956,44.939229333204956,13174000
2021-09-10,45.42249298095703,46.137363070271356,45.272956047944284,45.32219530322396,16110000
2021-09-13,45.496360778808594,45.81641252250893,44.976621484934995,45.77355599642966,14927000
2021-09-14,45.76169967651367,46.085396696622716,45.44164794795613,45.773553830719315,14134000
2021-09-15,46.47929382324219,46.566829498254855,45.53829401268319,45.78448679428224,23346000
2021-09-16,46.261375427246094,46.42550396956559,45.61033267315628,46.06533319493844,17569000
2021-09-17,46.138267517089844,46.28598526091465,45.68235576898291,45.953168154331124,34470000
2021-09-20,45.11885452270508,45.86472696036561,44.537114091703415,45.49999960278346,30105000
2021-09-21,45.09773635864258,45.35124497436409,44.731253971681724,45.3273629154748,16935000
2021-09-22,45.9794921875,46.200853180603815,45.210704480883976,45.39716039439711,20610000
2021-09-23,46.32026290893555,46.59489603665486,45.97949512759225,46.15584953215928,18370000
2021-09-24,46.3772087097168,46.43048082807596,46.00153936519471,46.133805163401746,10605000
2021-09-27,46.37078094482422,46.45987614850381,45.68465537557201,45.90509838090084,9831000
2021-09-28,45.100486755371094,46.058487926669,45.05639815507542,45.64975300026899,20124000
2021-09-29,44.95903778076172,45.398998777921356,44.79094889589846,45.34021514501637,15783000
2021-09-30,44.54112243652344,45.421969570713905,44.49979133819685,45.421969570713905,15735000
2021-10-01,44.763397216796875,44.88372199745057,43.858668109835726,44.8093218229536,16052000
2021-10-04,43.71629333496094,44.690825434876274,43.42512570531852,44.541110613612844,20093000
2021-10-05,44.586124420166016,44.98751185148433,43.65935277158943,43.71538240237769,16557000
2021-10-06,44.894737243652344,44.94709486358273,44.06073638428342,44.375782586253614,12042000
2021-10-07,45.366859436035156,45.916129288632014,45.24837414718884,45.24837414718884,13261000
2021-10-08,45.268577575683594,45.74160770440245,45.1243707299036,45.633223945612635,10279000
2021-10-11,45.221736907958984,45.8876525248728,45.084877573261195,45.12070066179039,11186000
2021-10-12,44.573272705078125,45.62220530856923,44.27383946117181,45.543215113848674,20991000
2021-10-13,44.548458099365234,44.58244167142336,44.04695601990554,44.19575283963875,16424000
2021-10-14,45.70486831665039,45.84723916444392,45.08212330912232,45.17764804082796,19233000
2021-10-15,46.22382354736328,46.46355161067786,46.024508578105475,46.32944979440988,25103000
2021-10-18,46.23392868041992,46.29087631948805,45.80223313088035,45.96113501849363,16042000
2021-10-19,46.879638671875,46.92372727723268,46.087883282534705,46.32210334153054,16383000
2021-10-20,46.787784576416016,47.15886044877181,46.700528873724224,46.93566342362747,13458000
2021-10-21,47.22499084472656,47.28377447689716,46.71521969109363,46.79053786222906,11787000
2021-10-22,47.340728759765625,47.889077077564394,47.121203730020916,47.27918761053995,15367000
2021-10-25,47.95245361328125,48.17565064678146,47.31960360151208,47.531777607628236,12416000
2021-10-26,49.03628921508789,49.13916145630484,48.1297240855406,48.242697848263965,24043000
2021-10-27,48.047969818115234,49.238351449730665,47.93315656406425,48.847987086721794,23500000
2021-10-28,48.64133834838867,48.676239933658636,48.077373439213176,48.14259010487223,11872000
2021-10-29,48.83420944213867,48.87829803947566,48.08378878976196,48.08378878976196,15564000
2021-11-01,48.501712799072266,48.91779523154101,48.21513865595611,48.71205077099276,16896000
2021-11-02,49.33021545410156,49.67465529514673,48.37588612237762,48.44661079473578,16262000
2021-11-03,49.817012786865234,49.94744258165011,49.02709701371597,49.51206810184932,14038000
2021-11-04,50.391090393066406,50.432424997087104,49.68384014671722,49.9483718017443,15956000
2021-11-05,51.3371467590332,51.406035424527225,50.50038825882347,50.51784080156421,18674000
2021-11-08,51.339900970458984,51.79364252581492,51.261828789697425,51.61728811408838,17231000
2021-11-09,51.234275817871094,51.61086322782624,50.98995422857297,51.36194812635876,15838000
2021-11-10,50.40485763549805,51.519006670676745,50.3387264864987,50.91279279210713,18450000
2021-11-11,51.01382827758789,51.171812135471264,50.40853240939549,50.76491321520254,14157000
2021-11-12,51.73210144042969,51.97275100174367,50.939431595986306,51.290300912843996,13592000
2021-11-15,51.96632385253906,52.142678272495715,51.420733059510546,52.142678272495715,13972000
2021-11-16,52.24187088012695,52.31167754052833,51.68801110852493,51.812011395208906,13194000
2021-11-17,52.3217887878418,52.47977267004658,51.812935558787345,52.18401145376793,12532000
2021-11-18,52.79664611816406,52.97300051572542,52.321780052982945,52.45588185418031,12712000
2021-11-19,52.23728561401367,53.01709647328071,51.98101949954597,52.93167326718379,19612000
2021-11-22,50.81911087036133,52.54222801903835,50.74563219541002,52.5091624401191,25898000
2021-11-23,50.98811721801758,51.05608437843037,50.3828212667447,50.74012012311825,17109000
2021-11-24,51.31969451904297,51.351842093758556,50.27810609061212,50.814516843302464,12084000
2021-11-26,50.204627990722656,51.18834729199659,49.904276788167756,50.680412101908125,14219000
2021-11-29,51.83497619628906,52.12981940001445,50.855850371085666,51.08731292011298,18703000
2021-11-30,50.85584259033203,51.89467340094311,50.701534247922424,51.73668954874269,22574000
2021-12-01,50.95505142211914,52.21523993521109,50.82370360628624,51.75598683635415,21980000
2021-12-02,50.74287414550781,51.35459961237173,49.966738787462056,50.15686674017608,22619000
2021-12-03,51.26366424560547,52.263000061682675,50.55457810374439,51.89008469583009,20305000
2021-12-06,51.893768310546875,52.205142581134304,51.06435725991646,51.86345673465423,22482000
2021-12-07,54.22861099243164,54.473850596676336,52.53855931639141,52.53855931639141,29562000
2021-12-08,54.059600830078125,54.27820785989004,53.49655747368706,54.27820785989004,17998000
2021-12-09,53.58748245239258,54.21390288888411,53.49838724784678,53.49838724784678,29080000
2021-12-10,58.02019119262695,59.2206779063348,56.81786847586622,57.31294109295838,57087000
2021-12-13,57.099857330322266,58.271872150092975,57.060362236065664,58.233295057494935,26898000
2021-12-14,56.47986602783203,56.820630343898266,55.628408982758515,56.74898767287255,35956000
2021-12-15,58.771541595458984,58.8633908199094,56.06011142487345,56.54048910555463,29092000
2021-12-16,57.009830474853516,58.84500645064611,56.166642649377664,58.541897792330786,42748000
2021-12-17,58.32146453857422,58.78347511842323,56.497311283507585,56.720508304165726,50661000
2021-12-20,59.246395111083984,59.34375933264614,57.41489449665115,57.5260357485567,32770000
2021-12-21,59.737247467041016,60.03582097059281,58.54109865239367,59.9091797101223,36534000
2021-12-22,60.56549072265625,60.746675812936346,59.09202806512695,59.46732895539204,28383000
2021-12-23,61.45289993286133,62.00105338505105,60.651456918299225,60.651456918299225,23596000
2021-12-27,62.32921600341797,62.515937286564075,61.42147100728619,61.452903880793606,19442000
2021-12-28,61.84114456176758,62.650902520364895,61.659042642669334,62.63148706072826,17247000
2021-12-29,62.174835205078125,62.5806344587675,61.85222691413674,61.915085599366726,14797000
2021-12-30,61.47877502441406,62.460465020550316,61.36415119715216,62.22012382758542,11473000
2021-12-31,61.5092887878418,62.054670656634855,61.31147396295978,61.65349071034751,12046000
2022-01-03,61.31608963012695,62.090719150725334,61.121970313001086,61.593406970291284,22591000
2022-01-04,62.01862335205078,62.13601881936803,60.75314168291266,61.27541963122736,21103000
2022-01-05,59.43775177001953,62.04543200324071,59.34623182328059,62.04543200324071,34961000
2022-01-06,58.88589096069336,59.96002141872039,58.64555325250899,59.17522220024668,28581000
2022-01-07,57.23310470581055,59.15212167808965,57.16932213067961,58.77682074632488,27832000
2022-01-10,57.41889953613281,57.500242762923456,55.79290950700639,56.281910372932906,29793000
2022-01-11,57.50116729736328,58.051172029734495,56.80972874668351,56.89939388747361,19037000
2022-01-12,57.49654769897461,58.32756531524479,57.287635807721585,58.00588084918945,18806000
2022-01-13,55.203155517578125,58.04007981564143,54.92214267492151,58.002183351504115,30048000
2022-01-14,55.12735366821289,55.49802811490678,54.72339860214575,55.07281336943708,25661000
2022-01-18,53.409854888916016,54.63466146740678,53.2434658844142,54.38323021262797,35825000
2022-01-19,52.132362365722656,54.05137927509289,52.073202689258004,53.76020026310811,22692000
2022-01-20,50.63023376464844,52.702698067314955,50.54241637495287,52.504879735138125,25225000
2022-01-21,49.29081344604492,51.34016706387471,49.11610251771722,50.530409098361524,38010000
2022-01-24,50.06266784667969,50.24107425844166,47.45775933362236,49.07450352717779,54256000
2022-01-25,49.374935150146484,50.415788640465784,48.4579477881259,48.80736261584019,38158000
2022-01-26,51.49916458129883,53.07523384137579,50.84747366813454,51.02588010310973,49715000
2022-01-27,50.130149841308594,52.71379887689154,50.011830490994136,52.66388146844392,34183000
2022-01-28,51.77461624145508,51.81159235487765,49.213154695940126,50.22720150970666,30254000
2022-01-31,54.157684326171875,54.202978838802096,51.395628824841495,51.70991879107108,40288000
2022-02-01,54.789955139160156,54.89903221515526,53.22775123269849,54.15675588974081,25719000
2022-02-02,55.77996826171875,55.90660952447324,54.87407454219735,55.37046992674029,24443000
2022-02-03,53.69271469116211,55.372317621844985,53.62523662684861,55.06265057272905,30602000
2022-02-04,54.55331039428711,55.1421425077546,53.257326830789246,53.27951391029254,20548000
2022-02-07,54.31945037841797,55.608963465117405,53.99868976790656,54.5533174600144,18671000
2022-02-08,55.48324203491211,55.63391812535211,54.26028675800971,54.388775767685644,14570000
2022-02-09,56.51115417480469,56.54628254397443,55.6071082098749,56.14232745594211,22004000
2022-02-10,54.66424560546875,56.81620569705702,54.40634016814881,55.02844945277528,24920000
2022-02-11,53.005897521972656,55.4407215379845,52.604717590820094,54.66424072564624,27281000
2022-02-14,53.48287582397461,53.87388605139652,52.696225420998424,53.151945608951145,19291000
2022-02-15,55.71895980834961,56.02123233391824,54.376757801551186,54.448858760829566,34284000
2022-02-16,55.205013275146484,55.53779133060598,54.281555229117565,54.91383071350084,22931000
2022-02-17,53.521705627441406,54.68457735233288,53.51153596110753,54.51079383432578,21424000
2022-02-18,53.61321258544922,54.329606258603775,52.99295116364969,53.701029971838544,19708000
2022-02-22,53.379356384277344,54.557944732330434,52.67220478594035,53.61322701086807,20204000
2022-02-23,52.24513244628906,54.082802384595034,52.20353343438406,53.635400550867594,22416000
2022-02-24,53.614139556884766,54.14011297925126,50.7504053941124,50.98704759310404,35316000
2022-02-25,54.35456466674805,54.481205913048264,53.05950858722594,53.598423263175775,22380000
2022-02-28,54.301883697509766,54.75113330639551,53.2795183629479,53.70658089047613,25005000
2022-03-01,52.70085525512695,54.31852337794291,52.25530114748211,54.05692245843227,24898000
2022-03-02,54.148441314697266,54.587524826408504,53.0206978113128,53.10758781855729,21771000
2022-03-03,53.4847297668457,54.880544687752305,53.09001694569305,54.87869693976878,26454000
2022-03-04,55.092227935791016,56.00921518309627,53.98482038622604,54.796426052948874,44757000
2022-03-07,52.75447082519531,55.35013376600449,52.68976437910939,55.19299054729206,26494000
2022-03-08,53.239768981933594,55.097774781472246,52.0990808098402,52.89035067121564,26993000
2022-03-09,55.187442779541016,55.61450884222819,54.26121321695863,54.42667835163288,22560000
2022-03-10,54.32868957519531,54.54037308868965,53.27859392626318,54.12809960226258,19323000
2022-03-11,53.41539764404297,54.94802341303231,53.34791958379614,54.72339862646337,19813000
2022-03-14,52.48640060424805,53.61229984771332,52.20446385634324,53.33313472203945,25234000
2022-03-15,54.79365158081055,55.16340215201178,53.15564777006045,53.36178449809273,28260000
2022-03-16,56.12106704711914,56.175603821916276,53.9894394091558,55.15323852683625,29454000
2022-03-17,55.709712982177734,56.10997256230429,55.243826614345046,55.89921293227862,18174000
2022-03-18,56.425193786621094,56.68401958054745,55.09223389542641,55.8298909343535,41538000
2022-03-21,55.95801544189453,56.35911791067126,54.801238960812675,56.35911791067126,25789000
2022-03-22,56.89329528808594,57.094311570972906,55.77560527832459,55.99802855458542,19262000
2022-03-23,55.7802619934082,56.8960918114626,55.75978867061416,56.582466918867745,13839000
2022-03-24,58.29761505126953,58.371133686341786,56.02407904104683,56.45495951697466,26016000
2022-03-25,58.524696350097656,58.668013153196966,57.70573862513929,58.35811231074587,14538000
2022-03-28,58.89788055419922,58.93697050721905,57.30649949159017,58.24644050523552,14427000
2022-03-29,59.69729232788086,60.05465064526739,58.629853782334564,59.56048638205416,23001000
2022-03-30,58.73130416870117,59.95973913288595,58.38138676073123,59.45533634532042,18626000
2022-03-31,58.600074768066406,59.46742720145713,58.44838332316711,58.67452708341261,21731000
2022-04-01,58.34880447387695,59.055153566291025,57.5773078334027,58.787129503109306,16267000
2022-04-04,59.08121109008789,59.25523964163183,58.119866735314595,58.296685651019075,16484000
2022-04-05,57.15200424194336,58.84017444862858,57.0477738521293,58.58797311610881,19778000
2022-04-06,56.024085998535156,56.916562365230455,55.25817359844655,56.031530520090634,23742000
2022-04-07,56.121803283691406,56.548963337160224,55.20885357432169,55.82214087126078,16583000
2022-04-08,54.628135681152344,55.7067392604383,54.532279924567796,55.59413066820609,20464000
2022-04-11,54.03346633911133,54.84032543526224,53.92365165134327,54.216799675862305,23512000
2022-04-12,54.44852828979492,55.7067448295261,54.178643950119444,54.82450328226646,17350000
2022-04-13,55.14371109008789,55.53178475262154,54.539728541153856,54.767732556890394,20266000
2022-04-14,53.40435028076172,55.56435130393793,53.31221856202425,55.37170967379112,27385000
2022-04-18,54.58161163330078,55.02087040028214,53.311296380879114,53.311296380879114,21375000
2022-04-19,55.616477966308594,55.716984348353066,53.91714228670928,53.91714228670928,16581000
2022-04-20,55.62576675415039,57.0877896574488,55.38473398071234,56.22881552344339,13920000
2022-04-21,55.16138458251953,57.3148711861907,54.968746504216114,56.35352683710986,20352000
2022-04-22,54.62348556518555,55.72070230411628,54.55927168224141,54.9175672566565,21064000
2022-04-25,54.71002960205078,54.79192643825478,53.15029052897722,54.115355405833725,26959000
2022-04-26,52.121952056884766,54.484830138107746,52.088449928749924,54.33034474996365,35809000
2022-04-27,52.072608947753906,53.053496386247716,51.6501031326346,51.723621764425296,19313000
2022-04-28,53.8780517578125,54.443874493280994,51.926514825700544,52.668229928934245,22334000
2022-04-29,51.59333801269531,53.816619154044346,51.501206297566036,53.28988291140887,26108000
2022-05-02,53.63700866699219,53.75706177836101,51.778537369872694,51.84926564670982,26725000
2022-05-03,54.085575103759766,54.6048668425302,53.21077819175195,53.605369763604706,17064000
2022-05-04,56.17857360839844,56.2167298892199,53.4164536460378,54.1432796745065,23896000
2022-05-05,53.97575759887695,55.63972691709609,53.44529733115035,55.30097814685829,32806000
2022-05-06,53.98599624633789,54.90546385121923,52.993013550039656,53.50579089789299,20745000
2022-05-09,52.38718032836914,53.79057402225606,52.140563209461,53.31408907284606,30074000
2022-05-10,54.10604476928711,55.01434374016437,53.21356851111285,54.02228769932933,29271000
2022-05-11,52.777103424072266,54.413158527011696,52.660774350375576,53.47228750211893,26660000
2022-05-12,53.19217300415039,53.38202073433269,51.95349972537956,52.43184486179753,25518000
2022-05-13,54.7435417175293,55.05530283454026,53.371786412533154,53.702164160503656,19449000
2022-05-16,54.22517013549805,54.827292403815534,53.757993575303324,54.384309650862114,14189000
2022-05-17,56.596435546875,56.67554203726066,55.24329671655911,55.41453140027594,24676000
2022-05-18,53.09910583496094,55.904962678286246,52.69055887256549,55.837958434594825,35024000
2022-05-19,50.83208465576172,52.18522674904667,50.1573774020843,51.92930134933077,34884000
2022-05-20,50.55103302001953,51.64917978491711,47.68933703141,51.5477397511015,40281000
2022-05-23,48.984779357910156,49.841889773339176,47.85871120586029,48.7651500059509,58586000
2022-05-24,48.78376770019531,49.218375869891084,48.03833207875302,49.01270540458946,25060000
2022-05-25,49.475223541259766,50.01685244318351,48.755845586517474,48.755845586517474,17842000
2022-05-26,51.246219635009766,51.61009592455691,49.111345963271994,49.46684760973301,39743000
2022-05-27,54.281944274902344,54.48482436558852,52.116362255594794,52.30993403106821,37301000
2022-05-31,53.98879623413086,54.630931530455456,53.60444304779149,54.39548298682773,30009000
2022-06-01,53.38294982910156,54.994807687017975,52.89995054459181,54.68211292851281,18345000
2022-06-02,53.673309326171875,53.76916508923045,52.87203452683485,53.767304846282315,29488000
2022-06-03,52.42440414428711,53.00883997084755,52.20663500409741,52.94090559853054,20562000
2022-06-06,52.22990417480469,53.29919961282595,51.886501164159924,53.18752467401779,14557000
2022-06-07,53.324317932128906,53.46856485122231,51.885558576557465,52.165681322127064,15895000
2022-06-08,52.61424255371094,53.62956232279941,52.31458017129437,53.215431111350256,24004000
2022-06-09,51.76365280151367,53.38481193028123,51.736661528348385,52.22338486565035,18787000
2022-06-10,50.372352600097656,51.28158180994949,50.22810567486993,51.19317057186446,24018000
2022-06-13,48.17140579223633,49.60271706090698,48.022504717666465,49.02386559792532,31619000
2022-06-14,48.40871047973633,48.85541721596708,47.889418780229946,48.85541721596708,24380000
2022-06-15,49.01735305786133,49.679961622308575,47.975972067671584,49.244426938939625,19141000
2022-06-16,46.26919174194336,47.87453515996492,45.813183740941874,47.64373724512562,37244000
2022-06-17,46.406002044677734,46.565138024203044,45.402777248219955,46.06631954057475,43504000
2022-06-21,47.27115249633789,47.94113357497047,47.18858028417951,47.30024320069939,21901000
2022-06-22,46.55144500732422,47.27115632209238,46.37315659584343,46.57115022948133,24721000
2022-06-23,46.59648132324219,47.08160558826511,46.07382228279994,47.08160558826511,16707000
2022-06-24,47.770355224609375,48.02464742817805,47.053457462101434,47.38657054829538,21201000
2022-06-27,47.45319366455078,48.2348376834434,47.1820133103414,48.212318964765345,13207000
2022-06-28,46.771949768066406,48.2451556074455,46.7400455688702,48.10065066841814,15667000
2022-06-29,46.01752471923828,46.53549106964685,45.666582050967705,46.493267127714624,14444000
2022-06-30,45.58588790893555,46.32999722677444,45.10732839797176,45.794201290987466,18890000
2022-07-01,44.838016510009766,45.44137209177019,44.04886629689826,44.98533853375538,21315000
2022-07-05,44.69351577758789,44.75263144324829,43.53090052723962,44.29002585542187,20711000
2022-07-06,45.285614013671875,45.70224075196942,44.61844638516144,45.09043745916288,22975000
2022-07-07,46.78040313720703,47.04783218465552,45.8017068215751,45.8017068215751,21319000
2022-07-08,46.794471740722656,46.88267810572933,45.97904788845347,46.25961371491191,12713000
2022-07-11,45.30907440185547,46.1310667984915,45.13266522182685,45.93120106434224,21449000
2022-07-12,45.16926193237305,46.223024264343195,45.04727568124371,45.77449686590105,21159000
2022-07-13,45.20303726196289,45.56993023158798,44.31723654550692,44.56965309547914,17665000
2022-07-14,45.476097106933594,45.667518748727474,44.424206960812526,45.270597238665246,19957000
2022-07-15,46.397560119628906,46.42383375231984,45.61591596755985,46.056940727312394,18714000
2022-07-18,46.078514099121094,47.14354104103034,45.80920940797809,46.932410601770854,18042000
2022-07-19,47.76190948486328,47.98241823430933,46.53173461625506,46.61712390278389,27257000
2022-07-20,48.021827697753906,48.5698260954373,47.33683417504103,47.81257652146383,27412000
2022-07-21,48.57640075683594,48.588596159508256,47.482286644473,48.09502777433719,13912000
2022-07-22,48.09220886230469,48.77438894954056,47.54421399448025,48.68243124989323,17867000
2022-07-25,48.1475715637207,48.16727678440554,47.530137736082494,47.89890993419585,15061000
2022-07-26,47.95802307128906,48.494756743449734,47.75439888875314,48.290198307993194,17958000
2022-07-27,49.52506637573242,49.750271461231485,48.50602186519348,48.62519102527351,25699000
2022-07-28,50.07119369506836,50.34425333947565,48.84852478705651,49.600143973430505,14867000
2022-07-29,50.24666213989258,50.467174506311096,49.75778288743588,49.91824175129931,18482000
2022-08-01,50.33017349243164,50.651087626086145,49.77373094276949,49.866630059483214,11485000
2022-08-02,49.84598922729492,50.59572917867027,49.472527790376645,50.03459740086092,13072000
2022-08-03,51.3032341003418,51.421465423094695,50.11903804884166,50.22882529983028,19228000
2022-08-04,51.87186813354492,51.904710165197336,51.140895786543325,51.45993419952949,16293000
2022-08-05,51.744258880615234,51.79680613528518,50.97856519897709,51.1305799681408,14357000
2022-08-08,51.189697265625,51.88970332178407,50.55255820287621,51.54814615551354,13722000
2022-08-09,49.99517822265625,50.60979857125438,49.52131507954384,50.58540060791001,20072000
2022-08-10,51.647613525390625,51.70485352757825,50.5994782467608,51.23943084954412,19519000
2022-08-11,51.1803092956543,52.33823170313262,51.06958421379441,51.97978283065446,14268000
2022-08-12,52.38139724731445,52.39828539066151,51.20095253838987,51.40363531514708,18399000
2022-08-15,52.44990158081055,52.52778463938722,51.65605851468396,52.00606336198734,14329000
2022-08-16,51.76396560668945,52.354184406418696,51.234738135186554,52.314773964269975,14782000
2022-08-17,50.53847885131836,51.11274728768098,49.8300252095483,51.08084308793717,19022000
2022-08-18,52.40204620361328,52.60003626085145,50.82374200257457,50.990769267017136,23459000
2022-08-19,51.461814880371094,52.13273380339101,51.4092676246054,51.68983345935821,16923000
2022-08-22,49.615142822265625,50.96073187060267,49.45562540511678,50.91193952895569,18555000
2022-08-23,49.7118034362793,50.44746867741086,49.63016546665825,50.09370891507129,9003000
2022-08-24,49.8112678527832,49.854433209249194,49.11689229598644,49.69116084798513,11883000
2022-08-25,51.62133026123047,51.65417229250157,49.94450384259526,50.056166748917,17345000
2022-08-26,48.874794006347656,51.70203707256968,48.79409745048203,51.50029210339195,25682000
2022-08-29,48.24797439575195,49.05119929912216,48.04341594501599,48.79409359206821,16580000
2022-08-30,47.51699447631836,48.59797154940722,47.047820573460974,48.49756621512415,18282000
2022-08-31,46.83388900756836,47.87076317643487,46.59273358661994,47.87076317643487,32445000
2022-09-01,46.16765594482422,46.28776293153846,45.1195207801723,46.1169843556269,31930000
2022-09-02,46.93804168701172,48.77626502181825,46.75788119578582,48.60642426785575,40426000
2022-09-06,46.748497009277344,47.292740566694555,46.01376963856953,46.77946338095407,24738000
2022-09-07,47.398773193359375,47.80226312151818,46.83107308037165,47.19045982188682,20440000
2022-09-08,48.03684997558594,48.11285378689502,46.7954138230506,47.16136897083921,22535000
2022-09-09,49.0192985534668,49.354287311657,48.366205601625396,48.366205601625396,23019000
2022-09-12,49.64423370361328,49.85067139274239,49.22198000059576,49.42747627773567,18157000
2022-09-13,47.25990676879883,48.63176989208555,47.07504991857444,48.21608091165146,35136000
2022-09-14,47.92612838745117,48.13725527137934,47.17732631265179,47.58644684431518,20605000
2022-09-15,46.930538177490234,48.0021300209849,46.66217130032793,47.755347611154676,36574000
2022-09-16,47.15198516845703,47.263648089305825,45.9659133998003,46.70345424052122,59012000
2022-09-19,47.090049743652344,47.2354961037826,46.393798629805566,46.393798629805566,17948000
2022-09-20,46.26618194580078,46.807608376329746,45.95277408665116,46.54205502936628,17132000
2022-09-21,45.6208610534668,47.29944667119332,45.585848634202456,46.458260665020354,20669000
2022-09-22,45.19223403930664,45.722112808355384,44.7560261417537,45.648308781170506,23540000
2022-09-23,44.34725570678711,45.22818265500697,43.71518405209853,44.940532155295685,29649000
2022-09-26,43.73979568481445,44.784418551240485,43.649903982590686,44.3756502569209,19361000
2022-09-27,43.97540283203125,44.46175797164906,43.19572293795009,44.429589850318855,17850000
2022-09-28,44.08988571166992,44.353879366381705,43.18056982268406,43.652732172937675,27605000
2022-09-29,42.59202575683594,43.6555731726463,42.09526086069368,43.611100178550934,39997000
2022-09-30,42.01294708251953,43.31967216621423,41.97793465696456,42.490783672191604,27202000
2022-10-03,43.22126770019531,43.61583970779257,42.29302689149981,42.50781910892932,21479000
2022-10-04,45.40512466430664,45.43350999152748,44.08042071457343,44.33022170079486,27277000
2022-10-05,45.87255859375,46.183862350425656,44.610306594103896,44.71344525191885,18493000
2022-10-06,45.37106704711914,46.33620799437553,45.29726302168578,45.77699460129512,17250000
2022-10-07,43.57136917114258,44.78820268753146,43.43322167584346,44.69736528605529,28425000
2022-10-10,41.415889739990234,43.53541232562999,40.861404739874054,43.525951750398704,33454000
2022-10-11,40.759212493896484,41.51050700399531,40.26907099039969,41.17933275131412,28046000
2022-10-12,40.741214752197266,41.228515333231,40.498983005785355,40.90017832060062,15046000
2022-10-13,41.44143295288086,41.990236487871464,39.274596925637184,39.496958316622376,27980000
2022-10-14,40.41288757324219,42.008208650466244,40.34759843325728,41.94386520678143,22816000
2022-10-17,41.19541549682617,41.750846136637776,41.008066528293874,41.59093680394823,24120000
2022-10-18,41.14431381225586,42.442520172958645,40.70242820583772,42.410348452107776,20341000
2022-10-19,41.188785552978516,41.472653269739595,40.770560377021596,40.9929217373714,12702000
2022-10-20,40.71568298339844,41.84073690414984,40.51130065430637,41.17270703688062,23402000
2022-10-21,42.55418014526367,42.642180445189105,40.60875989710075,40.88505485026286,26980000
2022-10-24,43.196659088134766,43.411451275405355,42.684755816272386,42.83804164511303,25287000
2022-10-25,43.532569885253906,43.92903327118777,43.22599458632009,43.33575673696798,18246000
2022-10-26,43.63759994506836,44.63869544174907,43.085010015529136,43.335756737926324,29291000
2022-10-27,43.09068298339844,44.54501597632876,43.044318595638764,44.09840185205626,18512000
2022-10-28,44.74656677246094,44.88281925415393,43.11434159578697,43.238296413891746,23094000
2022-10-31,44.483516693115234,44.73804619268264,43.99999871642837,44.174104315322715,19259000
2022-11-01,44.27346420288086,45.1184332726988,43.82590427036227,45.020975991072255,16324000
2022-11-02,43.15029525756836,45.46095273347805,43.12096062250854,44.498652535748555,21070000
2022-11-03,42.023345947265625,42.85033929313554,41.762193003460204,42.66866815086148,23887000
2022-11-04,44.02743911743164,44.367131834281686,42.89008755010298,43.228834570514664,28891000
2022-11-07,44.96608352661133,45.2045289582073,43.674500495938325,44.16652972031878,17687000
2022-11-08,45.61802673339844,46.2510477526785,44.803334547068424,45.53665352821726,20743000
2022-11-09,44.42201232910156,45.323759174653524,44.38038002749485,45.27644547520313,23695000
2022-11-10,47.93247604370117,47.98924670629633,46.09870928559269,46.459214543562794,33970000
2022-11-11,49.022518157958984,49.10862707480229,47.5000586540009,47.76499806112276,26728000
2022-11-14,48.56169891357422,49.67823414418241,48.540882766821824,48.767030511312484,21608000
2022-11-15,49.621463775634766,50.3926285633418,48.81623226447091,50.145664670682805,23315000
2022-11-16,48.420719146728516,49.0650921110094,48.283517372443946,48.89288152325542,25405000
2022-11-17,48.4566764831543,48.51628784393101,47.60792115726152,47.78391815030493,20375000
2022-11-18,48.74527359008789,48.98845112924214,48.35164729687792,48.90707792055155,14536000
2022-11-21,48.96100997924805,49.28366932421732,48.362055680424156,48.53521197240955,18622000
2022-11-22,50.1541862487793,50.17594809327869,49.1095635698881,49.48426506526664,18920000
2022-11-23,50.49387741088867,51.23571125204984,50.03591130394581,50.182573652971264,13964000
2022-11-25,50.14094543457031,50.58282751989436,50.1002588296106,50.21474946327961,7455000
2022-11-28,49.412357330322266,50.032127792730805,48.847466137531555,49.69905856068759,23505000
2022-11-29,49.33476257324219,49.75677415722451,48.71404646893564,49.487102705490756,12694000
2022-11-30,52.13935089111328,52.19896225070235,48.997913455155555,49.59213565822613,47349000
2022-12-01,52.112857818603516,52.27087575038743,51.28113225025161,52.13935175663846,23006000
2022-12-02,51.1713752746582,51.35115505830851,50.72476110013214,50.816544189630804,19320000
2022-12-05,50.21001434326172,51.046471983281506,49.722713590537786,50.8846676601329,18548000
2022-12-06,49.75394058227539,50.487255966559644,49.36882917656544,50.210961011300405,19655000
2022-12-07,49.06130599975586,49.67634794189535,48.82948405336157,49.16539035392053,16524000
2022-12-08,50.251651763916016,50.3784436667933,49.239197105175855,49.279887318434476,27514000
2022-12-09,51.54228591918945,52.2916889320923,51.1902919542526,52.13083392016172,37028000
2022-12-12,52.66923522949219,52.69194638385595,51.30763077862274,51.54513054575988,23416000
2022-12-13,54.03273010253906,55.054641724063984,53.46405251901424,54.48502205363731,40414000
2022-12-14,54.35444259643555,55.4151494061467,53.719530181053614,53.79712060101649,35218000
2022-12-15,52.798866271972656,53.60220294789397,52.77048093939068,53.34577842958823,36876000
2022-12-16,52.60110855102539,52.96918662412821,52.124217627669,52.74682522205096,49549000
2022-12-19,52.44081497192383,53.09437881321127,52.06775496029524,52.85966900170197,25092000
2022-12-20,51.905555725097656,52.38070413091435,51.609779955275876,52.01527647027759,29831000
2022-12-21,53.54758834838867,53.612468672393476,52.18511610287067,52.253810775554754,25619000
2022-12-22,52.770931243896484,52.94744311509182,52.20896275231345,52.79573906528889,27553000
2022-12-23,52.70796203613281,52.8215007674473,52.23281363749063,52.47611299867605,13761000
2022-12-27,52.81386947631836,53.24989897721787,52.18415625346254,52.6240001025836,16677000
2022-12-28,51.988563537597656,53.217460681973094,51.755760900349664,52.63259150776412,15410000
2022-12-29,53.221275329589844,53.67829468321133,52.52382100101287,52.6526280516286,18176000
2022-12-30,53.34721374511719,53.396829387237226,52.28624263738833,52.64975947189706,14376000
2023-01-03,52.808143615722656,54.152486606967415,52.55148675505354,53.90728007010199,20173000
2023-01-04,53.453128814697266,54.20878841514807,53.05145023602695,53.71551087316252,17074000
2023-01-05,52.955074310302734,53.41495802460663,52.582971556012616,53.02090821049053,16277000
2023-01-06,56.14276123046875,56.387967768027366,53.64966977405609,53.72790758752717,35261000
2023-01-09,55.04172134399414,57.40600955687825,53.483658276104485,56.51200708234033,37739000
2023-01-10,54.854713439941406,54.87379610006892,52.47516068068315,54.5751595663815,44635000
2023-01-11,55.160987854003906,55.18007051604943,54.085705507240206,54.67057472233534,22502000
2023-01-12,55.5235481262207,55.826002661700585,54.74308439744703,54.91768546815751,19514000
2023-01-13,55.2430305480957,55.52258438337761,55.02072104571289,55.06651869581903,19647000
2023-01-17,55.26593017578125,55.84984569278627,54.81749680202069,54.85184777096388,15835000
2023-01-18,54.79365921020508,56.059764597660845,54.73927562260827,55.64472486774337,15703000
2023-01-19,53.73744583129883,54.39005967989734,53.459799142510946,54.30037154470371,22692000
2023-01-20,54.45875930786133,54.51410011704767,53.345311690110364,53.71932529700267,22950000
2023-01-23,55.49396514892578,55.79546607785813,54.36334576454249,54.57515855649964,23429000
2023-01-24,55.81836700439453,55.97674981596031,54.92150376990649,55.18961097296674,13825000
2023-01-25,55.88038635253906,56.003464602739996,54.960622472318846,55.116140882326995,13766000
2023-01-26,57.1111946105957,57.30010678047689,55.93572735934016,56.331684413928905,24525000
2023-01-27,56.387020111083984,57.17511621130476,56.31069310332191,56.60932966399551,19344000
2023-01-30,55.4767951965332,56.25534808782015,55.31555162945657,55.624681265276315,16984000
2023-01-31,55.816463470458984,56.02827629110013,55.409059730022086,55.535955977043415,23719000
2023-02-01,57.50904846191406,58.038580417761914,55.59605467222627,55.67906041684835,26553000
2023-02-02,57.79719161987305,58.50037108136196,57.222815563987815,57.9746570824131,24188000
2023-02-03,57.019596099853516,58.01377982302016,56.888881871858295,57.05585060854262,19093000
2023-02-06,57.37070846557617,57.55389546064859,56.508192566462874,56.61123456875759,18709000
2023-02-07,58.625362396240234,58.869615358446225,57.219957006198726,57.30964514779941,24025000
2023-02-08,57.40982437133789,58.21795664587933,57.30582514773114,57.88401555379763,15290000
2023-02-09,57.19038391113281,58.6711627864315,56.81541670707355,58.44885323590454,18837000
2023-02-10,56.6026496887207,57.09974155431607,56.257261887864495,56.89460749340669,21035000
2023-02-13,57.35353469848633,57.387882033614495,56.623640178341994,56.76961908237086,19847000
2023-02-14,57.467063903808594,57.779057908879686,56.60931969651881,56.69041826537585,17571000
2023-02-15,57.980384826660156,58.036675582538756,56.93181390358012,57.13790518515711,12683000
2023-02-16,57.29819107055664,58.09964457169632,57.20373499968695,57.318227317094006,17449000
2023-02-17,56.82590866088867,57.32777209713256,56.526318522315755,57.2466735164991,14215000
2023-02-21,55.48538589477539,56.587383241770404,55.32318872666601,56.29256466598735,22737000
2023-02-22,54.973026275634766,55.63326887609599,54.5847015854642,55.553123883663915,23475000
2023-02-23,55.701011657714844,55.905192119747085,54.735450154434346,55.887063046476925,18939000
2023-02-24,55.123775482177734,55.36134605305505,54.72877205172144,55.10278200780364,15353000
2023-02-27,55.85843276977539,56.273472409790706,55.74489404352705,55.898508901037474,18321000
2023-02-28,56.701873779296875,57.11118828825497,55.546442905472325,55.86893367611284,27822000
2023-03-01,56.633182525634766,57.07589083521912,56.321188453156616,56.674212252061736,15484000
2023-03-02,57.11787033081055,57.33636188962324,55.9233204805645,56.23436094506741,27525000
2023-03-03,60.372337341308594,60.65570919388692,58.74939409063562,58.93544547150181,46088000
2023-03-06,60.38760757446289,61.44953237960068,60.274068833498305,60.586062884282896,24983000
2023-03-07,59.64625549316406,60.66047534161533,59.489783513056594,60.57365160907913,19334000
2023-03-08,60.32463836669922,60.36947879932023,59.50505571260312,59.89719475895215,20912000
2023-03-09,59.39532470703125,61.29591826095837,59.334262381192794,60.11663321254423,21775000
2023-03-10,58.6616096496582,60.12425911070462,58.46983313024129,59.93630057858854,26098000
2023-03-13,58.818092346191406,59.57374823946352,57.90310005773359,57.9231363055178,22364000
2023-03-14,60.34371566772461,60.43054304841485,59.01177651423139,59.47833901856158,25893000
2023-03-15,59.73117446899414,60.115681145634596,58.79232799177438,59.88669286839373,22963000
2023-03-16,60.72917556762695,60.783559145606226,58.94593870082277,59.33140260077263,31716000
2023-03-17,60.20155334472656,61.02208954328456,59.83040415330096,60.72917816756575,79303000
2023-03-20,61.417091369628906,61.51536179059259,60.26166051674484,60.37042767452554,25857000
2023-03-21,61.19029998779297,62.13590019898079,60.95774265360076,61.79955921926587,25000000
2023-03-22,60.63004684448242,62.31944627381556,60.606024584565574,61.20471150327764,25799000
2023-03-23,61.42861557006836,62.28869157974059,60.688661846677036,61.39690237736157,27162000
2023-03-24,61.13456344604492,61.43534942138322,60.40229690794389,61.31330622031361,17228000
2023-03-27,60.23796463012695,61.41612575018597,60.156282350779634,61.40651757972688,14707000
2023-03-28,60.032318115234375,60.2091363116618,59.47110711619911,60.083247650478526,12439000
2023-03-29,60.109195709228516,60.92698996554417,60.02655297791812,60.80878857145384,26395000
2023-03-30,60.90201187133789,61.12303648438214,60.47437673608067,60.8039909215064,21523000
2023-03-31,61.650611877441406,61.715959175640286,60.148602798661855,60.59353703092329,22097000
2023-04-03,61.73998260498047,61.87740034991181,61.160511997432806,61.40652297338642,15682000
2023-04-04,60.96543502807617,61.91007847685889,60.733838138955434,61.80533071248679,13429000
2023-04-05,60.446502685546875,60.70500317455866,60.12841760653569,60.65118861929896,16908000
2023-04-06,59.83436584472656,60.38788967137353,59.48168617460355,59.980434988715274,14493000
2023-04-10,60.29082107543945,60.33694836028699,59.239512692303485,59.39326908651473,15400000
2023-04-11,59.73153305053711,60.6262036644551,59.65945894074165,60.61659182803357,16518000
2023-04-12,59.2635383605957,60.30331773169947,59.221256541154474,60.28602229003797,14112000
2023-04-13,59.98811721801758,60.20530001449192,59.30293839607104,59.4912930127585,17265000
2023-04-14,59.53645324707031,60.35232662004815,59.12035089841098,59.6267869158484,17465000
2023-04-17,60.28794479370117,60.38212027231386,59.3702086037545,59.44708864024595,13201000
2023-04-18,60.764583587646484,61.070175475781916,60.26583850517962,60.697315394137625,16806000
2023-04-19,60.97407531738281,61.19413944129342,60.113999278539815,60.23316111845317,19060000
2023-04-20,60.83184814453125,61.764962409201864,60.26679535283661,60.335984443211885,20239000
2023-04-21,60.8203239440918,60.906812146907896,59.77189688872786,60.59929935152659,14807000
2023-04-24,60.97792053222656,61.39210197793957,60.713653678158686,60.891432331696336,12338000
2023-04-25,59.7747802734375,61.11726653087044,59.74787299457247,60.925070110759435,23670000
2023-04-26,59.21453094482422,59.881450227486674,58.95699088895504,59.57778288316414,17179000
2023-04-27,59.42786407470703,59.589307739950684,57.96910105279364,59.21452675539461,18250000
2023-04-28,60.20530319213867,60.23221047225108,59.05789465328524,59.49129615271982,16183000
2023-05-01,61.30561447143555,61.40555631171652,60.17646559928259,60.20529744368012,17030000
2023-05-02,58.84455108642578,60.205296820983115,58.14111274386765,60.13418315999356,28357000
2023-05-03,58.927188873291016,59.768044883087796,58.850312515775634,59.28274981671238,19816000
2023-05-04,58.63505935668945,59.0002321901761,57.78267414949025,58.61968481607165,17684000
2023-05-05,60.55316925048828,60.68289971576036,58.94353123509424,59.1914630940828,24876000
2023-05-08,60.4513053894043,60.611792271713774,59.63639611866643,60.520498150855936,13934000
2023-05-09,59.437477111816406,59.971780871394174,59.182814754702214,59.843007184127806,16990000
2023-05-10,60.18319320678711,60.34944279259706,59.414411219882005,59.778623587833664,19174000
2023-05-11,60.31772994995117,60.395570432537845,59.38750429021766,60.21298585515278,14430000
2023-05-12,60.65214920043945,60.801099669231206,59.98523000162211,60.385957791184566,11942000
2023-05-15,61.483394622802734,61.504535530720354,60.3946067053929,60.721339492247246,14614000
2023-05-16,61.6410026550293,62.16666241467643,61.380581233454244,61.546827171917485,14967000
2023-05-17,63.18144607543945,63.511056551408146,61.94274355668013,62.20893497405663,24133000
2023-05-18,65.14473724365234,65.28503635911916,63.040191858173685,63.040191858173685,26389000
2023-05-19,65.562744140625,65.82221239167886,65.19373321822343,65.3465254858686,22968000
2023-05-22,65.18988037109375,65.79626181832168,64.78146900908288,65.48105813327419,17796000
2023-05-23,65.97117614746094,67.17143883377955,65.54065965209033,66.36902265810112,36088000
2023-05-24,65.30137634277344,65.76072102646312,64.96791667822045,65.48491772711053,23021000
2023-05-25,70.03608703613281,70.38107931676026,66.38149300456892,67.2117766261168,49263000
2023-05-26,78.10160064697266,78.31781932235704,71.78701235145829,71.8264054864093,82500000
2023-05-30,77.19923400878906,88.58106322695821,76.76390800317459,80.2532245379708,116912000
2023-05-31,77.64321899414062,78.96072266981628,75.92979703248744,76.38818126903122,89998000
2023-06-01,75.91249084472656,77.43468026832609,75.4521784403528,76.93784874942975,80792000
2023-06-02,78.03144836425781,79.16252189358867,75.64822587866591,75.97880417131785,62815000
2023-06-05,77.09929656982422,77.76236664856097,76.34780639412084,77.76236664856097,26222000
2023-06-06,75.91728210449219,77.07045307720398,74.60843019110823,77.07045307720398,37823000
2023-06-07,76.17003631591797,77.40200847558333,75.67801434617981,75.90000306899988,28957000
2023-06-08,77.2818832397461,77.35972372395521,75.80005468318974,76.3891334610696,21909000
2023-06-09,77.32225036621094,78.5840185424435,77.2511403617874,77.43564952472404,19241000
2023-06-12,82.19824981689453,82.45194805091256,77.94687799732968,77.94687799732968,51065000
2023-06-13,81.79077911376953,82.95740370038476,80.81826814229765,82.75271779966063,38990000
2023-06-14,85.15998077392578,85.38677173646857,81.41601265676123,82.25013827692395,43524000
2023-06-15,84.89571380615234,85.33199293903807,83.70313490596874,84.98988927521289,33814000
2023-06-16,83.4234848022461,85.52226693482066,83.16786568740649,85.45788009797795,68299000
2023-06-20,83.41580963134766,84.28453346212481,82.74119944946327,82.899761765697,27535000
2023-06-21,81.89227294921875,83.66409656545342,81.59664715736756,83.08443916172965,23229000
2023-06-22,81.38699340820312,82.01302747273857,80.69913355061037,81.64398173685554,23464000
2023-06-23,79.4277572631836,80.76773642325463,79.10895046983413,80.57355417067582,37413000
2023-06-26,79.37752532958984,80.86241331226752,79.24130660893051,79.70309846471474,21372000
2023-06-27,81.9637680053711,82.11834725580991,79.31666099293341,80.0586222311044,24923000
2023-06-28,81.91931915283203,82.94241518905487,80.86820692098453,81.02954512304412,19445000
2023-06-29,83.33271789550781,83.35879558323046,81.77149876899671,82.54824237769868,23386000
2023-06-30,83.80224609375,84.49204451924386,83.50275803330648,83.90755190984461,23145000
2023-07-03,84.67271423339844,84.70073043465912,83.55976861136286,83.91722762544849,9038000
2023-07-05,83.26412963867188,84.71714645838294,83.25350839698629,83.79934882240316,14440000
2023-07-06,81.92512512207031,82.49511948602985,81.57056285956696,81.63529273212028,23939000
2023-07-07,81.8043441772461,82.89023876806753,81.60243006612468,82.15986455527889,19409000
2023-07-10,84.79732513427734,84.93644053851098,81.95216672365899,81.95216672365899,30622000
2023-07-11,85.21468353271484,85.3064640302987,83.53173641961456,85.12386860252447,25498000
2023-07-12,85.97789764404297,86.7159964869569,85.20984410118594,85.88611715100865,28197000
2023-07-13,86.01750946044922,86.8464158722143,84.84949726536689,86.8464158722143,25912000
2023-07-14,85.84554290771484,87.2724672041594,85.61174293207925,85.61174293207925,18510000
2023-07-17,87.94873809814453,88.2250377724986,85.96146783722995,86.08029895684624,26819000
2023-07-18,87.28019714355469,87.90525826859414,86.78071873903718,87.52654948937021,24513000
2023-07-19,87.0811767578125,87.52558095500436,85.56054091766421,86.68507303835767,24118000
2023-07-20,85.82235717773438,87.62509361506548,85.59628910483642,86.2281166056315,28268000
2023-07-21,86.63484954833984,88.02602579192492,86.35274908172264,87.3826041073723,74287000
2023-07-24,87.10243225097656,87.47438207028254,86.39138401526665,87.02611557481592,19992000
2023-07-25,88.68684387207031,89.18824607868814,87.00872455611314,87.00872455611314,20042000
2023-07-26,86.28126525878906,87.97483386907355,85.75570905834812,87.81833084950969,19877000
2023-07-27,86.32376098632812,87.90043675097407,85.59629070469913,87.77001144287529,21922000
2023-07-28,86.92853546142578,87.29276074659869,86.3643345370335,86.88313168207407,18791000
2023-07-31,86.8183822631836,87.04541585030405,86.0793179887674,86.70728307291456,14952000
2023-08-01,88.88102722167969,88.94092188521704,86.72662516654869,86.85029150482454,19683000
2023-08-02,86.2049331665039,88.20475585656031,86.01074356462485,88.13712928716684,26877000
2023-08-03,85.49774932861328,86.49765701311046,85.12097166538322,85.6561908296265,18281000
2023-08-04,85.17605590820312,86.33247419542036,84.37612370042386,85.4977668129737,21156000
2023-08-07,86.66478729248047,86.69473462007635,85.5257569398588,85.75858396031134,11146000
2023-08-08,85.3219223022461,86.04069510774761,84.37900518328847,85.9914290573977,14081000
2023-08-09,82.18885803222656,85.35765847662809,81.99467580195889,85.27941066654945,24672000
2023-08-10,81.43241119384766,83.2293542817324,80.8691758145491,82.41975916523991,20186000
2023-08-11,80.1629409790039,80.80443142886242,79.55623306238469,80.57353555341123,20331000
2023-08-14,82.51444244384766,82.52216698311668,79.93302377448542,80.2953105627972,17688000
2023-08-15,81.39569091796875,82.56466866063408,80.81024016466218,82.04200926775529,14035000
2023-08-16,80.4749984741211,82.5530687852641,80.37548607845989,81.90481934551836,16003000
2023-08-17,79.9059829711914,81.09621816115568,79.8972854927007,80.81508322506029,19228000
2023-08-18,79.78424072265625,80.00934321854933,78.44715843172666,79.22003981726554,17759000
2023-08-21,83.58100128173828,83.79354401843459,80.35713424139328,80.57836708374103,30012000
2023-08-22,82.6777114868164,84.50942970809761,82.20335254412151,84.37997733911598,17079000
2023-08-23,84.68621826171875,84.84176305166382,82.11833247182277,82.19272538112077,19692000
2023-08-24,82.5492172241211,87.90140156945142,82.35600055289356,87.17586242882878,30934000
2023-08-25,82.29415893554688,83.99642461119824,80.92712938328195,82.79653402234545,24181000
2023-08-28,83.18877410888672,83.48343431452196,81.83913204136141,82.73567240488153,14306000
2023-08-29,85.97595977783203,86.25709466309885,82.73856722954754,82.92985275580324,27822000
2023-08-30,86.20299530029297,86.8242015466961,84.93065021889339,86.21362391215003,23234000
2023-08-31,89.16022491455078,89.23557602254871,86.34694489861927,86.75657395339627,55203000
2023-09-01,84.29398345947266,87.1294787922199,83.53463477851344,87.1294787922199,65017000
2023-09-05,84.26017761230469,85.30646199242783,83.7606991935613,84.00318927691168,24808000
2023-09-06,84.26983642578125,84.76254852054629,83.73559019105481,84.29205921761509,20142000
2023-09-07,82.79750061035156,83.24769821451893,81.20247185182865,83.03612104024259,27789000
2023-09-08,82.84773254394531,83.16461552292876,82.12992537537251,82.6013802038224,16810000
2023-09-11,83.00135803222656,83.95393086890518,81.69809256885179,83.93170807587697,15710000
2023-09-12,81.58891296386719,82.9172977351439,81.31260592417853,82.1415196725016,16680000
2023-09-13,82.40139770507812,82.99844999624047,81.56186271235339,81.8468598592502,17413000
2023-09-14,84.20896911621094,84.69491482753115,82.6013805979294,82.99071798152929,19648000
2023-09-15,82.2806396484375,83.8727718019839,81.43240713577691,83.8727718019839,50190000
2023-09-18,82.11833190917969,82.72987508259247,81.15223388671875,81.40149030170869,16541000
2023-09-19,82.04106140136719,82.21785608339277,81.00733657146463,81.73094468947089,13126000
2023-09-20,80.67823028564453,82.56461232501591,80.65686469796348,82.56461232501591,13681000
2023-09-21,78.52084350585938,79.89434775829668,77.23185301488664,77.23379466742117,53654000
2023-09-22,80.53349304199219,80.67919848970092,78.71705501466904,78.80059053201673,27764000
2023-09-25,81.0007095336914,81.45433727527359,79.94387272795277,80.4285817253255,15648000
2023-09-26,79.28140258789062,80.64907412154409,78.79766443873947,80.5422239724118,17641000
2023-09-27,79.34163665771484,80.00895737702872,78.13424014668652,79.57962246784885,15352000
2023-09-28,80.81713104248047,81.48348835994268,79.13474111431418,79.6680137226369,16180000
2023-09-29,80.67919921875,81.98665013342396,79.93416792830598,81.24938545254095,16481000
2023-10-02,81.10369110107422,81.4543520565152,79.99147995348092,80.53155577799889,14676000
2023-10-03,79.14930725097656,81.18138720000647,78.574259499155,80.33144742861771,18761000
2023-10-04,80.0215835571289,80.67919599844129,79.29209292581146,79.68355078254382,16417000
2023-10-05,80.02645111083984,80.4897871923857,79.21244666655846,79.66219118089403,11474000
2023-10-06,82.10515594482422,82.40918757718178,78.84721151848653,79.59322103072643,21103000
2023-10-09,83.1367416381836,83.20765641861928,81.38343686972543,81.63890497623383,15760000
2023-10-10,83.38251495361328,84.7560119705876,83.12121443659547,83.26011671943006,14718000
2023-10-11,84.95124053955078,85.02700203583504,83.20181917846713,83.50877070097496,14334000
2023-10-12,87.9663314819336,89.16401964419457,85.13287543353141,85.13287543353141,43871000
2023-10-13,85.7885513305664,89.93917409937036,85.68267199116498,88.29660292116972,28312000
2023-10-16,87.67204284667969,88.95617939796257,86.5452616939401,86.5452616939401,21150000
2023-10-17,85.90705108642578,86.7404719275888,84.11974545036458,85.97990009689744,33008000
2023-10-18,86.16252136230469,86.9978912879401,85.01339674333853,85.47479852444658,20404000
2023-10-19,84.29751586914062,86.40148157992242,84.0877062403323,86.16156151623548,26620000
2023-10-20,82.91817474365234,84.98425570058781,82.74430053219706,84.98425570058781,26953000
2023-10-23,83.7525863647461,84.85799431217205,81.86814594592421,83.3387846514153,16456000
2023-10-24,85.58748626708984,85.77107618051392,83.84000643035291,83.92549101644853,14972000
2023-10-25,82.52964782714844,85.35630866369704,82.18481921636608,85.19506256626735,21432000
2023-10-26,80.30717468261719,82.99492559765474,79.49025776816346,82.36256941726694,27917000
2023-10-27,81.43492889404297,81.61463551878768,80.48105125823264,80.62287342317714,18236000
2023-10-30,81.71564483642578,82.51021793971314,80.3460239333531,81.70107503200053,20889000
2023-10-31,81.72731018066406,82.12848378205523,80.87542860233077,81.97209181208945,14747000
2023-11-01,82.85116577148438,82.93762118534913,81.16391418692963,81.7884963766354,18684000
2023-11-02,84.63457489013672,85.52823151923639,83.53694100760724,83.73120999908409,18759000
2023-11-03,85.73999786376953,86.20819555324219,84.61128252282057,85.2368356033465,18041000
2023-11-06,85.56028747558594,86.05179234456895,84.62584128224228,85.63119484548476,12870000
2023-11-07,87.21063232421875,87.59432363497142,85.10666642424383,85.70502892514158,19365000
2023-11-08,88.50349426269531,88.67639765079723,87.32523745097171,87.42237193761403,15280000
2023-11-09,88.52779388427734,90.31704150235812,88.25387266134156,88.63658571244403,24486000
2023-11-10,93.00963592529297,93.14853817324796,89.19122105865904,89.5341153717695,36272000
2023-11-13,91.98097229003906,92.51230324317771,91.35444108271581,92.284033102325,16893000
2023-11-14,94.5094223022461,94.8795146013573,92.78914786326875,93.47784161677615,23886000
2023-11-15,94.74642944335938,95.36324495014665,93.92174597691913,95.14565390720854,16099000
2023-11-16,93.20683288574219,94.0956280063344,92.32969509081799,93.6390877072544,26198000
2023-11-17,94.9727554321289,95.57111040458567,92.37630689695351,93.07665789970407,19789000
2023-11-20,96.7192611694336,97.12334718254408,94.5133069639808,94.5133069639808,18674000
2023-11-21,95.30982208251953,96.26175049485981,94.38023008306205,94.7075763648953,43344000
2023-11-22,94.4161605834961,95.96937121773365,94.31902609494514,95.55168624716676,33743000
2023-11-24,95.08348846435547,95.17965212657029,93.90620245820679,94.70368794610272,23158000
2023-11-27,92.302490234375,95.29136013205657,92.21409317768496,94.81927923767259,96962000
2023-11-28,91.92463684082031,92.3627166131237,90.74054752409948,91.30199633484678,39025000
2023-11-29,91.3884506225586,93.19518056958644,91.24662846534278,92.1179413497122,34843000
2023-11-30,89.92168426513672,91.54288244331882,89.2067634296463,91.40495101881822,49571000
2023-12-01,90.33647155761719,90.71530132934261,88.19948272168466,89.60406832039978,29612000
2023-12-04,89.750732421875,90.43068130159807,89.01929269946729,89.42726943818809,25009000
2023-12-05,88.6968002319336,89.09991542739138,87.99062422568343,88.54916054218435,37066000
2023-12-06,87.77595520019531,89.45932338930862,87.72350094111073,89.40007334672863,24813000
2023-12-07,89.58464050292969,89.76531795898589,87.77596875497031,87.9605295164807,43517000
2023-12-08,91.72550201416016,92.35008414336406,88.44522118679481,90.12664023999226,69668000
2023-12-11,99.97623443603516,100.97381390369837,92.87073549123343,92.96009596386611,101184000
2023-12-12,104.15696716308594,104.84760997956903,99.5235841061842,99.85482112318685,90242000
2023-12-13,105.84809112548828,106.82818820735551,103.21084582941981,103.7412132955328,71654000
2023-12-14,107.47998046875,108.9341075269762,105.90540427525202,106.08996498803171,66964000
2023-12-15,109.7384033203125,111.69472193786766,106.32698662570392,106.3852732542883,118544000
2023-12-18,111.41496276855469,111.8831603717959,108.66018788090852,108.87000491152038,54741000
2023-12-19,111.2032241821289,112.26492079534513,110.51331420811995,111.43937101237873,36020000
2023-12-20,108.35379791259766,111.37690724048959,108.24450584826877,110.53183687741684,34523000
2023-12-21,110.00392150878906,110.79727176079682,108.80463459558197,110.52696745344855,24106000
2023-12-22,109.48577880859375,110.46355588119097,108.66120423192223,110.071273214614,19089000
2023-12-26,110.45281219482422,110.80508556847612,109.58725320557843,109.70630562897948,16793000
2023-12-27,109.89463806152344,111.20224930330534,109.5813986223009,110.85387707628767,20055000
2023-12-28,109.52771759033203,110.48695651504346,109.19984138155016,110.4332857705133,21247000
2023-12-29,108.9266128540039,109.71996310578236,108.77243509491456,109.43502199932493,20558000
2024-01-02,105.91424560546875,107.5360641056881,105.10528321356212,106.57194865469445,28831000
2024-01-03,103.29902648925781,104.90133167375615,102.9799278807977,104.43293175421933,34735000
2024-01-04,102.36515045166016,104.36461450789638,102.20511351715298,103.23851167003112,25658000
2024-01-05,102.3915023803711,102.99455933520345,101.63328493572786,102.61789628347839,22475000
2024-01-08,104.8866958618164,105.19408354456183,102.65692907770828,103.0960554023395,33110000
2024-01-09,105.6322250366211,106.22357853293241,103.89720593928551,103.98600202578312,23225000
2024-01-10,105.44486236572266,105.67808330428771,103.69130535283057,105.42339853485107,17643000
2024-01-11,107.33894348144531,107.4677488020579,104.85350928465766,105.8107976341754,25757000
2024-01-12,108.09033203125,108.87197138748944,107.34187488086792,108.52164859264572,26882000
2024-01-16,108.80073547363281,109.90146597425681,107.20720790777804,108.54506796068428,26145000
2024-01-17,107.69901275634766,108.62019297611977,106.38555741146811,107.95468024678823,18314000
2024-01-18,111.62574768066406,111.88336577014097,109.47600687915715,109.77070088938066,32228000
2024-01-19,118.19207763671875,118.75805120142293,112.80551258775012,112.9333500547597,53077000
2024-01-22,119.099609375,120.15642949409673,117.90129026552242,118.68488019694277,31222000
2024-01-23,119.66654205322266,119.73192372032243,117.4426347514267,119.14838005726769,16952000
2024-01-24,122.35594177246094,125.34977784267313,120.12519965847825,121.22691292836446,34805000
2024-01-25,120.02664184570312,125.00336221966711,119.90954000273969,125.00336221966711,36356000
2024-01-26,117.57535552978516,119.16888299786315,117.12159988425736,119.02153227698163,25818000
2024-01-29,118.83319091796875,119.4089248185861,117.58608511839792,118.554101579371,21526000
2024-01-30,117.89543914794922,119.83147977440542,117.51779333478086,118.73562570198546,20683000
2024-01-31,115.14749908447266,116.82787202921463,114.59225370234344,116.06965460561332,27400000
2024-02-01,117.10012817382812,117.40068135591574,115.06065483468812,115.86473324254071,19411000
2024-02-02,119.47431182861328,120.48429559277677,117.60170246514028,117.95300051833074,26689000
2024-02-05,121.30496215820312,121.758725248564,119.26060491590654,119.72998009507096,22045000
2024-02-06,119.30940246582031,124.13583853168394,118.26429332804723,123.30248650119036,25354000
2024-02-07,122.66722106933594,122.90629374601421,119.704609410331,120.41696587902204,25768000
2024-02-08,124.39443969726562,126.46416956187247,123.44301048024921,123.63719748496332,29326000
2024-02-09,125.24144744873047,125.46686606831152,121.87973352037115,122.17638555537432,26293000
2024-02-12,123.44202423095703,125.88842440387253,122.85652995284642,125.8825726624258,24778000
2024-02-13,122.13929748535156,122.55109331750779,119.74266688589918,120.52625676025332,31907000
2024-02-14,123.17074584960938,124.22268944699543,121.13127248116345,123.8557792987253,27306000
2024-02-15,123.4488525390625,124.9057574073701,121.47572880541321,124.90088095640817,21873000
2024-02-16,121.5372085571289,124.48420810234944,121.23568008189162,122.86043173724356,21268000
2024-02-20,119.68997955322266,120.77998187251558,118.32479646699277,120.59847364520313,26329000
2024-02-21,119.7778091430664,119.83635634223124,117.35678120608623,118.85565353139884,20579000
2024-02-22,127.33555603027344,127.92885998016818,124.56128010193834,125.07261501493677,40819000
2024-02-23,126.50318908691406,128.7719971726533,125.76645034702554,127.67419257242896,23115000
2024-02-26,127.74834442138672,128.69099597351766,126.99988730823492,127.83324678996968,16282000
2024-02-27,126.48950958251953,128.02253157541904,126.0982023574314,127.74831871936031,12126000
2024-02-28,125.82500457763672,126.71301014415646,125.19559240247396,126.17435208428829,10967000
2024-02-29,126.90522003173828,127.67709892837385,125.61615443019443,127.18040076224469,27536000
2024-03-01,136.5347137451172,137.3729423343744,128.8090886397347,129.38775597545373,44488000
2024-03-04,136.83621215820312,140.3404076200568,135.17047600490335,136.92306510342704,34854000
2024-03-05,131.02908325195312,136.12778212255077,130.01618093328784,136.12778212255077,36040000
2024-03-06,131.73654174804688,136.11117242798898,131.44964264069716,135.79403187954384,43196000
2024-03-07,137.29971313476562,138.01206202433391,133.97019195319592,134.8581972849422,62832000
2024-03-08,127.70832061767578,137.88424504675962,127.01159119333944,136.05457092164318,74025000
2024-03-11,126.1860580444336,126.76179203800875,122.22810646505671,124.70378050534465,31105000
2024-03-12,126.06505584716797,127.61759887936293,122.88385991485055,127.54049883121101,42789000
2024-03-13,122.74625396728516,125.18678733726615,122.20857128367759,125.18678733726615,37838000
2024-03-14,123.17562866210938,124.23538208119407,121.75483170754039,123.20197639016544,38029000
2024-03-15,120.56334686279297,123.67330194301906,120.03347387674505,122.31592864046691,88823000
2024-03-18,120.7331314086914,123.23515294416211,120.19252280814608,122.36666813836688,25737000
2024-03-19,120.80828094482422,121.02881567589162,117.49144514113888,118.75318790268032,24491000
2024-03-20,125.04571533203125,126.2207114257337,120.20362188813044,121.42174341512153,40946000
2024-03-21,132.10157775878906,137.55124730145462,128.96563832172694,130.1729708928277,72468000
2024-03-22,132.63763427734375,134.86708752088026,131.92029266065273,132.2975803770442,38624000
2024-03-25,132.4524383544922,133.124695733636,131.06967294834436,131.8105512121756,21237000
2024-03-26,130.483642578125,135.23165719122574,130.38759727146925,133.73717547192084,23522000
2024-03-27,129.2332000732422,132.2976034862421,127.00766421598483,132.2976034862421,25583000
2024-03-28,129.8878173828125,130.34645131209237,128.52760164993737,129.15184383348915,19856000
2024-04-01,132.3230743408203,133.56961477980906,129.8878180337213,129.91427049451363,17252000
2024-04-02,131.1960906982422,131.54985681986378,127.73185038223613,128.94505972983626,24694000
2024-04-03,133.59213256835938,134.92589567856345,129.87407443983668,130.14161958886712,28650000
2024-04-04,129.11264038085938,137.58752059201714,128.86764485831506,135.75887664353414,27014000
2024-04-05,131.26173400878906,133.3981027346553,128.78924410744025,129.94563074609113,19438000
2024-04-08,130.93540954589844,131.56259749447966,128.94114237496444,130.69531871542804,17139000
2024-04-09,130.7374267578125,133.22657414298382,128.24434664508158,133.0197994027014,17986000
2024-04-10,129.58987426757812,130.90108762094863,128.91467124138163,129.65161660037623,17467000
2024-04-11,135.4786376953125,136.40079543414646,129.71536491274475,130.60028882632298,31713000
2024-04-12,131.71646118164062,133.9155443998963,130.98637925044028,132.49457324480508,27823000
2024-04-15,128.4452667236328,134.25753998550363,127.98566088722458,134.25753998550363,24370000
2024-04-16,130.2454833984375,130.95694824196383,128.47563628206078,128.9048568808245,18923000
2024-04-17,125.69544982910156,132.003591401519,125.57686983675995,131.6223858851552,24718000
2024-04-18,123.37877655029297,126.67739388389786,123.03283847988179,126.22170576625062,24888000
2024-04-19,118.0594253540039,123.47774577867845,117.35873425794689,123.37876961928792,44797000
2024-04-22,119.99488830566406,120.85139320599717,117.65077277913981,119.99880608081332,25162000
2024-04-23,122.41837310791016,123.27193960345303,120.34375433477024,120.35845346698564,22025000
2024-04-24,123.1661148071289,125.98846068480513,122.00385891744092,123.85994234318306,20108000
2024-04-25,126.8508529663086,128.18460127862903,123.18375539113298,124.69783352129349,30410000
2024-04-26,131.71646118164062,132.8689151886374,127.70441992183444,128.37766420309845,24100000
2024-04-29,131.18235778808594,132.58961656938865,129.91622862508027,131.71743313577858,13372000
2024-04-30,127.42414093017578,132.1359090765106,127.30458896116947,130.22787759518042,22113000
2024-05-01,121.79805755615234,126.64994537339437,121.65007930298006,125.27405117169533,30958000
2024-05-02,121.37765502929688,123.91384639788778,119.88220126624441,123.11319964127713,29480000
2024-05-03,125.25248718261719,125.8179402543354,122.21748254943982,123.3797458466504,24898000
2024-05-06,128.4080352783203,128.45310464377113,124.95457645897648,126.04724688771655,16287000
2024-05-07,127.70244598388672,129.25865497346888,127.080147809463,129.00875476463168,12413000
2024-05-08,129.88388061523438,131.11277592561467,126.26970342518075,126.76068135977746,13918000
2024-05-09,127.95335388183594,129.51543996992433,127.59369606104886,129.14501574172968,12170000
2024-05-10,130.6120147705078,131.70958995154626,128.8980329939276,128.8980329939276,16300000
2024-05-13,131.0736083984375,133.11980875465582,130.34841617490824,132.1016057960284,18507000
2024-05-14,135.24049377441406,135.4325694544279,129.9260460649335,130.56694630980644,19420000
2024-05-15,140.74208068847656,141.01451556773003,134.25557653198058,135.2375174297212,32757000
2024-05-16,138.38623046875,141.64662733568554,137.69338230268448,139.74547433820197,28395000
2024-05-17,136.7359161376953,139.1113885726239,135.41194752786788,138.41462280185905,18174000
2024-05-20,138.57240295410156,138.85757809211975,136.52717489436174,136.80550140287897,27170000
2024-05-21,137.11907958984375,138.1176784960234,136.5565648977507,137.06811861183712,15333000
2024-05-22,136.43702697753906,137.6874850945575,135.65107941905717,136.80647915271814,21002000
2024-05-23,136.53993225097656,140.03944778446186,135.0415476297657,139.98359705434905,31039000
2024-05-24,137.9657745361328,138.52828919582748,136.41544238429523,137.17689624949202,16730000
2024-05-28,138.41757202148438,138.8811106298134,136.4664302203944,138.17748118322086,22919000
2024-05-29,136.28317260742188,137.1092997942111,135.53152800823736,137.1092997942111,26861000
2024-05-30,133.6774139404297,135.50997583285903,132.85029976884584,135.13953670692757,21717000
2024-05-31,130.19552612304688,133.52747445039338,128.109146250586,133.41085334303474,73091000
2024-06-03,129.54383850097656,132.59158348444382,127.64561660861094,132.56218521718694,26278000
2024-06-04,130.41799926757812,130.5326614980548,128.08466474673654,129.396850459933,23048000
2024-06-05,138.48028564453125,138.6037553647373,131.37051126545134,131.90558659524837,32947000
2024-06-06,137.3219451904297,139.42106509039903,136.04503466585973,139.3407058436336,20172000
2024-06-07,137.8482208251953,139.64746675075793,136.90547242402,137.95993724344837,17859000
2024-06-10,141.16348266601562,142.0043090062864,138.09221604627143,138.15787616471582,31042000
2024-06-11,143.17832946777344,143.5683724135259,138.78801360686768,140.94104049914938,34844000
2024-06-12,146.55728149414062,147.5656897801049,144.6845403383081,146.99729843176812,56697000
2024-06-13,164.5380096435547,170.11019217297846,161.94399402488654,167.5769319727514,89061000
2024-06-14,170.0308074951172,171.22638682082834,164.84279113173946,165.30926056498305,69705000
2024-06-17,179.22598266601562,180.61070684548417,174.29766074265194,176.39678075890885,87528000
2024-06-18,176.6437225341797,181.45543796489758,174.9277819880299,180.27651669348464,86797000
2024-06-20,169.98377990722656,176.86228691377855,168.77448825785663,176.73585641464507,68157000
2024-06-21,162.5427703857422,167.9689185943633,161.83619518800367,166.17163186064232,99289000
2024-06-24,156.5291748046875,163.29189005610505,156.37679646213644,161.42892306065718,58575000
2024-06-25,155.406494140625,157.88881521757884,153.7558786564692,157.30780336741915,53329000
2024-06-26,156.508544921875,159.08228101611766,154.6986657028687,157.06104021010248,46479000
2024-06-27,155.98358154296875,157.84752379028075,154.4440620920015,156.50855034034618,31649000
2024-06-28,157.83868408203125,161.15172104622707,155.91871363018058,156.89000197691496,69377000
2024-07-01,161.30606079101562,162.0876186989725,156.65603050180792,158.10117984129755,47623000
2024-07-02,162.94583129882812,163.1149205512913,159.4578104364042,161.30603156996372,32539000
2024-07-03,169.99855041503906,169.99855041503906,163.63203673627353,164.17667156462375,39954000
2024-07-05,167.4513702392578,173.5622856248351,166.73274079869375,172.5880421553976,45240000
2024-07-08,171.63442993164062,172.719769435847,167.6175097022567,167.6175097022567,36398000
2024-07-09,170.40065002441406,174.10397822909152,167.67257033242802,172.68635544295833,37802000
2024-07-10,171.5194091796875,173.6625617483505,169.71740532569692,171.64820624521283,41074000
2024-07-11,167.71090698242188,173.50329462716132,164.02922508521496,173.48265349523658,51026000
2024-07-12,167.19183349609375,169.67316456777718,166.2716530350707,168.21031434773144,30453000
2024-07-15,168.52195739746094,170.57662008312803,166.39847093723122,167.1259658358718,22999200
2024-07-16,166.51644897460938,169.88845383890944,163.58681836270804,169.48538174118295,22244900
2024-07-17,153.3429718017578,160.08699609312055,152.97923188397516,159.56595756193192,43343400
2024-07-18,157.8062286376953,158.77948194642119,151.29813716517035,156.20378086563406,37973500
2024-07-19,154.6898193359375,161.17822957926435,154.4636969556373,159.10390100885886,26309500
2024-07-22,158.3370819091797,160.2344607062348,155.23050196217147,157.52111227115293,28813300
2024-07-23,161.0012664794922,162.53489031832814,157.19668349380453,157.68823036526834,21570200
2024-07-24,148.78143310546875,158.68119627009045,148.5455001606713,157.63911909504037,37162600
2024-07-25,146.736572265625,150.95405298409875,143.0598111273686,148.70275982647078,30872100
2024-07-26,149.0665283203125,150.98355836680176,147.38543120211605,150.90490905709683,20839900
2024-07-29,147.6803741455078,152.37956201932835,146.62845642020505,149.4499462529937,16625800
2024-07-30,141.0936279296875,150.87540834722188,140.92650378194597,150.68861812303396,31102300
2024-07-31,157.96351623535156,158.60253625297966,148.44717474979876,148.9092300699467,45827500
2024-08-01,144.53445434570312,156.22343900093946,143.69881861728572,154.83727314591238,40320000
2024-08-02,141.3885498046875,142.89268203658247,137.23989299490057,139.53048822324303,33745800
2024-08-05,139.677978515625,142.96150843337438,126.32756199285711,127.41879678598004,41309300
2024-08-06,141.48687744140625,146.39252158138507,137.8789244970892,139.33389932185477,24751300
2024-08-07,133.9661865234375,147.56237458265355,133.5336228829584,145.7436451854082,29749800
2024-08-08,143.2760772705078,143.79711571701299,136.06015831171766,138.81282359565117,27583200
2024-08-09,145.7534942626953,147.02169377718016,141.6736606326356,141.7621354822539,18438700
2024-08-12,146.10740661621094,148.57498183815645,143.89544540179116,145.5765425251119,17778500
2024-08-13,153.51992797851562,153.73620980974948,147.27727648764997,148.98786506173042,22053600
2024-08-14,155.02406311035156,157.54078082828835,152.10427333580841,155.3484858631698,20184200
2024-08-15,163.3213653564453,163.8522293676559,157.6292442874718,158.47470549111816,27945000
2024-08-16,162.91830444335938,163.2820443462105,159.9296909146134,161.68943720311006,19296900
2024-08-19,164.8747100830078,164.99267656899943,157.7079460425216,162.07288603410873,20441700
2024-08-20,163.14443969726562,165.5235252808835,161.37486756871664,164.22584905382982,19417500
2024-08-21,162.97727966308594,163.6556167465057,160.1263138061143,162.32843419191747,16097700
2024-08-22,159.595458984375,169.50504722560026,158.75983817584483,167.95175707461073,30044500
2024-08-23,163.5474853515625,165.43502364958215,160.69651932869158,162.23996879599673,18848000
2024-08-26,156.92144775390625,162.89866062736266,155.97768598488952,162.17118072225037,18521200
2024-08-27,158.66151428222656,159.2906937399708,153.19551493041945,154.93559522793927,16683100
2024-08-28,155.5057830810547,159.53647399827534,153.60841908886368,157.37367045766857,18063600
2024-08-29,154.2769012451172,160.44090350788034,152.782609485094,155.8105401580159,23519300
2024-08-30,160.0673370361328,160.48023462512052,156.02682098575673,158.3960656034608,25158500
2024-09-03,150.2069091796875,158.02251762285726,148.82075819239526,157.66860322165402,37179100
2024-09-04,151.514404296875,155.12235656754282,146.62842714811504,147.7589939636974,20324100
2024-09-05,150.23643493652344,153.71658115768867,147.57224354905892,148.02447339741673,31548500
2024-09-06,134.68386840820312,141.0739789531179,134.29063683653754,140.82820547062116,76634600
2024-09-09,138.43927001953125,139.19624141160318,132.61934177911837,136.75817309520554,39516700
2024-09-10,145.704345703125,147.32644455077934,138.6555496175304,138.8325143104649,36067500
2024-09-11,155.59426879882812,156.18411611197098,142.58792628256415,145.8812967006935,39700800
2024-09-12,161.77792358398438,163.50817838220144,154.1786122284463,155.4271456338285,43530700
2024-09-13,164.85501098632812,165.23841698984117,161.2667094141873,163.9210748240088,29850000
2024-09-16,161.24703979492188,162.7020143331397,157.698070785568,162.39725767319067,26126900
2024-09-17,159.72325134277344,163.21323734291678,157.98317111156803,162.6921988274926,19844300
2024-09-18,158.93678283691406,164.6387302355115,158.63202613988793,161.0012859470203,26557600
2024-09-19,165.1309051513672,167.67563124331426,163.39497462243494,165.38734481638784,32453100
2024-09-20,168.76058959960938,169.66800881575972,164.19388985677136,164.89417373926975,91758500
2024-09-23,170.575439453125,170.95024862951573,166.04820092316606,169.64828941689086,29431100
2024-09-24,172.44947814941406,173.58376368389034,169.33267996882006,170.4472347413488,34223400
2024-09-25,173.1201629638672,174.71800829124547,171.38421737347156,172.26204802310227,16613800
2024-09-26,175.65501403808594,177.78548448219934,172.60726648757216,176.05941181732362,24340000
2024-09-27,170.328857421875,176.02982779687693,169.41156524138304,175.7339266080034,20580900
2024-09-30,170.14146423339844,170.55571990551266,167.31070961553766,169.52007320014678,16902000
2024-10-01,165.1802215576172,169.8948644886151,163.53305689805725,169.80609865041248,23770400
2024-10-02,168.32662963867188,170.47681604367028,164.73639867653355,165.2591509694978,14317800
2024-10-03,169.539794921875,172.54809612463393,166.87671428588638,167.30082779062033,13072300
2024-10-04,174.224853515625,174.4812931953401,170.24009784922612,173.8895058459606,17921400
2024-10-07,172.68618774414062,175.87202075068134,171.48286721842052,172.42974806085093,15588300
2024-10-08,178.2589111328125,179.11702603328334,172.49876388098934,173.0215160944161,20774200
2024-10-09,183.4075469970703,183.87112200319834,174.00784961776665,176.78929965453483,25504100
2024-10-10,183.15110778808594,183.76262586145086,180.0343100945086,181.05022594871906,16318000
2024-10-11,178.99868774414062,180.0935117320496,174.97447024939856,178.66334004878578,23070000
2024-10-14,179.81732177734375,182.4212251622244,177.6671355577031,180.7937911904839,17195800
2024-10-15,173.57386779785156,179.21566095497292,170.99955303542328,178.31809953221278,27657500
2024-10-16,174.40240478515625,176.79917296020497,172.93277165323119,176.06928532183724,15285100
2024-10-17,179.04798889160156,182.973567229094,178.21947759326522,178.8901729156823,25232400
2024-10-18,177.430419921875,180.21187017156402,176.23695724980777,179.8272031210922,17835200
2024-10-21,177.529052734375,179.23539471654794,175.8128378472892,176.92739249092767,13695100
2024-10-22,176.92738342285156,178.21946968677898,174.98431757475703,176.21722661288,12062600
2024-10-23,171.13766479492188,176.53287697274038,170.21052966459413,175.1618824644014,19513700
2024-10-24,169.00718688964844,171.91684938043508,167.1824753860202,171.87738786080894,20485200
2024-10-25,170.63462829589844,174.3826751644532,170.35845784717804,171.80836022804044,19977700
2024-10-28,169.6680145263672,171.59134961719008,169.00717708747723,170.63461099890603,13195800
2024-10-29,176.789306640625,177.76576101326683,168.86909980615744,170.08227814346148,23702300
2024-10-30,174.224853515625,176.73999113842856,173.21879545647155,175.04350697991887,17911500
2024-10-31,167.44879150390625,172.0647960870776,165.09146983682643,172.0647960870776,26086600
2024-11-01,166.61041259765625,168.98746510096208,165.20982957977537,165.9594329407063,17847000
2024-11-04,166.24546813964844,170.0921385598425,166.1172407755886,166.96548284903653,13621300
2024-11-05,171.52230834960938,172.01547199069526,167.72495734334396,167.72495734334396,13441800
2024-11-06,177.09507751464844,177.74605717332057,173.55416596393812,177.1739855081385,24300800
2024-11-07,181.29681396484375,182.34231846805935,179.3044286557922,179.50170615087126,18970600
2024-11-08,181.12913513183594,182.5198601628718,179.34388522185745,180.48802844101428,13503200
2024-11-11,176.4638214111328,181.1192874858165,174.40240095967505,180.8924213699862,17036700
2024-11-12,173.8105926513672,177.10492211976333,170.83188008315716,176.4539425097948,15862000
2024-11-13,171.2067108154297,173.18922345883544,170.24011418358702,172.32126558643378,17472500
2024-11-14,168.05044555664062,173.16948651052638,167.54740901540757,172.38042168225007,20638900
2024-11-15,162.586181640625,166.8273918612032,161.19545659443082,166.16655440418376,20836200
2024-11-18,163.4048309326172,164.07554127733505,160.0020049878093,163.39497307834162,17856900
2024-11-19,163.08921813964844,164.51938965379793,162.06342936318066,164.38130443967646,18003400
2024-11-20,161.01792907714844,163.27661193493515,158.6606074709197,163.27661193493515,17196700
2024-11-21,161.698486328125,164.06566562835079,158.40415703609378,163.97689979087806,24835300
2024-11-22,161.98451232910156,162.65522265320115,160.1795317416543,162.0535624573854,17332500
2024-11-25,162.56646728515625,164.94350455924942,160.6628478347686,163.13852385557357,26850600
2024-11-26,162.48756408691406,164.09526734455116,160.46559012100516,162.3494788675435,16308800
2024-11-27,157.4868621826172,160.96859599382267,155.38598043103818,160.96859599382267,19722700
2024-11-29,159.86395263671875,160.4656129746996,156.90497032864806,157.38827619035803,11024000
2024-12-02,164.23333740234375,166.07777950885668,160.5247525315011,160.72201496236826,21472400
2024-12-03,165.8509063720703,165.9692758656905,161.7872432781858,162.2310874913267,17024400
2024-12-04,168.22796630859375,172.99192853265495,166.255311891185,171.0685934857132,32748200
2024-12-05,168.1392059326172,170.04281028316504,166.88656612283535,168.41537635601108,18490000
2024-12-06,177.07534790039062,178.20961833256297,167.01481194275772,167.77428821612654,27830800
2024-12-09,176.49339294433594,178.31808924838717,173.61331930402648,176.50325079835523,20886300
2024-12-10,169.46087646484375,176.05940794370028,167.40931405085325,175.37883975706896,27762600
2024-12-11,180.69512939453125,182.34229391556264,174.0176904295106,177.5487434036973,41295200
2024-12-12,178.18988037109375,179.5115552427107,173.5837340288521,178.45617788616346,46967200
2024-12-13,221.7263641357422,225.57303430958544,208.22354195987432,210.97538830729152,121336600
2024-12-16,246.5818328857422,248.43613308509438,227.65420898540688,228.620805556274,111623200
2024-12-17,236.9453887939453,239.15476723093408,230.60331186099987,237.35964442897583,70382100
2024-12-18,220.56251525878906,236.57061884517165,216.22268097687103,236.13663240694768,53960100
2024-12-19,215.33497619628906,224.93193629197148,214.60508860051337,224.7938510765717,40845200
2024-12-20,217.77117919921875,227.1412877426412,215.91689426894428,217.34706572080327,131910400
2024-12-23,229.7871856689453,230.8255920971575,222.64682105758146,224.1896118439952,40643800
2024-12-24,237.03631591796875,237.58025242129077,232.21015271059096,237.47146512062636,22827200
2024-12-26,242.6536865234375,244.55250716516346,234.97928454348445,237.35280657302064,28459000
2024-12-27,239.08349609375,243.06904396306888,233.7430641613554,242.93058876750266,29282200
2024-12-30,232.98155212402344,236.1363688075348,229.06522432265098,232.11125370361077,27316800
2024-12-31,229.2827911376953,234.84081255583195,228.75863826788742,233.27823821340093,17927700
2025-01-02,229.42124938964844,236.85830778855365,227.70045129995046,233.55515171083866,31525800
2025-01-03,229.9849853515625,233.88152971570196,226.4741386986179,231.01350755125367,24973200
2025-01-06,233.80239868164062,239.08349480029065,230.72670141275174,233.8914023589193,34028400
2025-01-07,226.11810302734375,236.85831796542894,225.08958085428003,236.85831796542894,25928600
2025-01-08,226.78070068359375,229.90584940055177,223.56654829133555,227.1663983670454,18756500
2025-01-10,221.83584594726562,225.31702437898215,218.8096003300595,224.7928715153737,23864000
2025-01-13,222.80503845214844,226.73125044999077,217.0887932186595,217.56350967058134,23772100
2025-01-14,222.22157287597656,227.72024407952756,220.639229809972,224.07095717810287,18143100
2025-01-15,225.48516845703125,227.79935472211065,223.09186277812623,226.02910499552902,21745600
2025-01-16,226.87960815429688,235.96824474188983,226.68181717515512,232.6255213596018,23471900
2025-01-17,234.82102966308594,235.4737534582526,230.09375446260756,234.46499987394813,31196600
2025-01-21,237.6593780517578,240.07246726386182,234.78147173287226,238.83625476507777,30903200
2025-01-22,238.2527618408203,244.2657011385912,238.03518723767354,244.0283429104808,29610500
2025-01-23,237.6297149658203,237.748386539149,233.51559606492995,235.78034585918525,17653900
2025-01-24,242.0009765625,246.8370396701561,239.24175666765967,242.0009765625,25387800
2025-01-27,199.9005126953125,216.02071176536583,194.0655805894632,211.04619382864885,90569400
2025-01-28,205.0727996826172,207.63422810958278,196.69622339725782,205.71562408335174,50316000
2025-01-29,204.07395935058594,209.11769714341634,200.53344504704296,206.5364849180351,32533700
2025-01-30,213.28128051757812,219.51179473127902,211.34289261691015,216.1591869296449,42449500
2025-01-31,218.8293914794922,224.2983942561441,213.91420947660487,217.2371492096768,41104700
2025-02-03,215.32843017578125,218.50303046106163,211.15497564023354,213.08347917949365,24507300
2025-02-04,219.97659301757812,220.5699810622988,212.92524707778153,216.9305786534341,23768500
2025-02-05,229.44102478027344,235.30560924781983,224.99066007548365,231.3596288674824,29196000
2025-02-06,228.80810546875,232.21016476746016,226.0389863820916,231.9134707420173,21169500
2025-02-07,222.38967895507812,233.05077434228005,221.63806718804454,232.40794987880912,22117500
2025-02-10,232.44749450683594,233.21890496468305,224.61485417558436,224.9214324510127,23901600
2025-02-11,232.44749450683594,235.26606495022816,227.43342461897655,229.91573380467187,18476200
2025-02-12,233.74307250976562,233.87162835207147,227.4631067862131,227.8191366004544,16397300
2025-02-13,233.19912719726562,234.33643665219162,228.18504209298325,233.45625396268352,20962000
2025-02-14,230.46957397460938,233.1398051838795,226.37523856834332,231.9431447827226,16988800
2025-02-18,226.00930786132812,229.6388258696694,221.82596907979357,227.56199797019465,26080500
2025-02-19,226.2071075439453,226.54336881816806,221.92486556362536,225.33682419135806,16375500
2025-02-20,224.23904418945312,226.45432714341382,220.29304879198565,226.1279652602714,16104000
2025-02-21,216.24819946289062,225.2379337913994,213.25162135338772,223.16109060498803,24883600
2025-02-24,205.63650512695312,217.05911054911817,205.2508074675779,216.18882729414628,33050400
2025-02-25,200.3059844970703,206.338707754233,198.7038578673421,204.71679749844446,33100800
2025-02-26,210.59127807617188,211.18465103276202,203.7278237358365,204.62779007405584,21368300
2025-02-27,195.61827087402344,216.83167455718848,195.22267381597945,214.8834024314655,27572900
2025-02-28,197.2302703857422,198.9708671600704,191.0195402912148,193.60075247088662,39747200
2025-03-03,185.3032989501953,201.80921020853262,182.49462784952914,201.7498744246499,37435600
2025-03-04,185.41209411621094,191.81073131806144,178.48930401384894,187.13290737422975,37910500
2025-03-05,189.4668731689453,191.93929815273913,185.03629182332247,189.74378355989145,25644500
2025-03-06,177.47068786621094,184.7692922979875,175.65098643790196,179.04314676054904,56864100
2025-03-07,192.8096160888672,193.32386967239137,179.55740778028076,185.65935144695968,74528900
2025-03-10,182.41551208496094,189.86245492069332,178.43984849007097,187.50871660024785,44217100
2025-03-11,187.99330139160156,193.46230421783983,183.30559330653128,185.97580925595483,42153200
2025-03-12,192.087646484375,197.77422420965345,190.32728102187542,194.05570229491562,30409700
2025-03-13,189.2493133544922,194.1546115455409,187.3801605242741,191.01956314143465,27236100
2025-03-14,193.3831787109375,195.32156646605918,191.06899263376465,194.03590250413518,25900900
2025-03-17,192.35467529296875,194.5501900176903,185.43188492252773,185.97582146973087,26830600
2025-03-18,186.58895874023438,190.76241313836516,184.8384777026053,188.33943977786345,24951000
2025-03-19,193.4128875732422,196.08310379577742,184.83850362091707,187.25159305285524,37962700
2025-03-20,189.008544921875,192.28202449061752,187.4214138622241,189.98067915647198,31430000
2025-03-21,190.11956787109375,190.5262761961297,185.8640395650328,186.69729970651233,43086500
2025-03-24,189.7128448486328,195.10912374611092,189.13750473157765,192.73833376756608,33180300
2025-03-25,186.7468719482422,190.0600385059313,186.17153182907637,189.3557384063574,23417300
2025-03-26,177.82913208007812,186.54847630839103,176.15271293462126,185.15973478110882,30578500
2025-03-27,170.60763549804688,176.9462752554903,169.08993408683833,176.23206104596315,32151700
2025-03-28,167.76071166992188,171.90712324830164,165.13201680928688,170.54812418074758,30391500
2025-03-31,166.08428955078125,166.5902001599504,159.32902671951672,163.16793224400578,35656400
2025-04-01,167.16554260253906,167.35401791946424,162.10652725744052,165.0328139179336,20472400
2025-04-02,170.70684814453125,172.0360744577063,164.16981793903045,164.74515809013954,19523700
2025-04-03,152.7721405029297,162.11642551775435,152.4646345470422,159.24965447330013,44354900
2025-04-04,145.11419677734375,151.5718827538793,138.05142816767963,146.9790912405844,72302200
2025-04-07,152.901123046875,159.1405614873529,136.99004871947528,143.32868947991963,68503500
2025-04-08,154.77590942382812,168.41539395390183,151.85953721888708,166.27275129686595,58888200
2025-04-09,183.661865234375,185.82435152488372,156.24402018806086,159.209993744844,72708300
2025-04-10,170.9151611328125,175.52778122571803,165.06257263833805,173.89104896982207,51212200
2025-04-11,180.47769165039062,181.19190598783305,171.9170489149746,172.22455492267773,33964100
2025-04-14,176.92645263671875,184.50504641072408,174.406874254241,183.59244262115936,25748300
2025-04-15,177.51168823242188,180.7950817204984,176.64868569182622,178.28541777974488,17242400
2025-04-16,173.2065887451172,174.66477496583272,165.57839399303128,169.060177240944,34638600
2025-04-17,169.6156768798828,174.83339429025574,168.55426971728085,174.83339429025574,22501800
2025-04-21,164.87411499023438,166.6497214337,160.31108084889985,165.6478446288561,23469800
2025-04-22,168.21702575683594,169.1494730571671,163.89206805514885,166.08429700612876,18504900
2025-04-23,175.48809814453125,178.99963890745144,174.40686259899212,176.35110071843806,24380500
2025-04-24,186.63775634765625,187.05439395770773,176.86693386059227,178.24576126332568,27576900
2025-04-25,190.7643280029297,191.81580595268252,185.3878924478258,185.41765011537368,21242300
2025-04-28,190.9230499267578,191.54799123154527,186.17154041996957,188.99863998947146,16385800
2025-04-29,189.63348388671875,191.69676786167108,188.57209180092053,190.17906633088964,14630000
2025-04-30,190.9230499267578,191.6471784135418,182.54096867254592,184.40584813725602,22768900
2025-05-01,195.74398803710938,199.7812680795465,194.6627524006387,196.54747534744348,24939700
2025-05-02,202.0032501220703,204.02684703456853,199.46382845299527,202.2611549322852,17766800
2025-05-05,199.1067352294922,201.59655591831608,198.3925209432048,198.6405115943838,14025400
2025-05-06,198.48179626464844,200.28717549168252,194.36515746142425,194.86113876957887,16348800
2025-05-07,203.16384887695312,204.5724338915524,196.83512291973943,197.6882113242035,20253700
2025-05-08,206.1000518798828,209.46280413339434,202.0528430828532,206.32819901567336,18460900
2025-05-09,206.52659606933594,208.2724598122335,204.86010628145775,207.64751857370567,13289200
2025-05-12,219.79905700683594,220.01728997213652,214.14487366983641,217.72585897262726,25437700
2025-05-13,230.55194091796875,233.38895450086977,220.2156926556064,220.2156926556064,28790500
2025-05-14,230.25436401367188,231.62327730555495,226.51467574492406,228.37955522251184,19751400
2025-05-15,230.77017211914062,232.57555126533205,226.2369110363982,228.31010917897373,18803700
2025-05-16,226.77256774902344,230.7701757660246,224.57040959373398,230.4527556088002,23094600
2025-05-19,228.77635192871094,229.39136393114245,219.81893036642137,220.06692103013071,15355500
2025-05-20,229.81788635253906,229.90717448940936,224.5208097369431,224.6696132076283,11787200
2025-05-21,227.88356018066406,234.59915111236128,225.99883732555242,226.55433395080016,17642900
2025-05-22,228.6771240234375,231.8117292946869,225.6020340830357,226.50472363061684,14340200
2025-05-23,226.88168334960938,228.796163870756,224.36208991082574,225.11599116155526,15385600
2025-05-27,233.75596618652344,234.57929690996914,229.2723064096958,230.99831153987253,17941700
2025-05-28,237.50558471679688,239.05305900027113,232.54577199528856,235.24391132668086,20443000
2025-05-29,240.0251922607422,244.09224498753431,235.49191589964445,243.9335273383775,20743700
2025-05-30,240.1243896484375,241.21553940766836,233.01200461099728,239.28121539872237,27088600
2025-06-02,246.7110137939453,247.99063883040535,241.2353762504487,241.2948915819844,19197000
2025-06-03,254.7855987548828,255.80731901754143,247.39546530814795,248.07000774400734,30380200
2025-06-04,258.9815673828125,263.2966104989245,255.5196277951951,255.985851401254,31536000
2025-06-05,257.8408508300781,262.7610074938025,256.9778481464538,260.83659748264785,41970900
2025-06-06,244.9453125,253.26789307302678,244.1517545452877,249.12148161976054,41146700
2025-06-09,242.31661987304688,246.17535373631114,239.17210028429176,243.08043530420346,25334100
2025-06-10,242.66380310058594,244.30053525126982,239.4597531706743,242.25709482299632,25491300
2025-06-11,250.8772430419922,252.7222939234308,241.84046393423768,244.37988554822917,24599000
2025-06-12,254.01185607910156,255.81723517575236,247.49465489526634,248.17911147287248,20410900
2025-06-13,246.7010955810547,251.95850038803462,246.35391775276003,248.64534893686752,19028400
2025-06-16,250.07376098632812,253.13892158506687,247.56409698509125,248.33782655106128,20363000
2025-06-17,247.36569213867188,251.9188116709702,245.92734949230686,248.93299475796073,22014300
2025-06-18,249.24050903320312,253.58530991844873,247.40538736669419,248.87348772713085,30435500
2025-06-20,248.5644073486328,252.07427588432242,242.7775893178268,251.7660461241791,42134900
2025-06-23,252.32284545898438,252.760338725152,245.05453418015304,247.6894161171529,19747000
2025-06-24,262.26580810546875,264.3538386650651,257.294321222405,257.294321222405,32764900
2025-06-25,263.14080810546875,268.33104189049055,261.9277640302399,264.48311570123377,18894200
2025-06-26,268.6293640136719,270.12081023639746,262.62379872730264,263.5683631288982,23569600
2025-06-27,267.81402587890625,270.2997695192459,265.3581099485086,268.75859025610515,27477600
2025-06-30,274.07806396484375,276.12631411950804,270.5781481462096,273.16332737685366,24708400
2025-07-01,263.23028564453125,272.9346380403458,261.1621603905054,272.83520223100203,28847600
2025-07-02,268.36083984375,270.4488702785806,261.23174507180704,262.4845390578685,17582100
2025-07-03,273.6107482910156,274.2272078173821,268.5796059289009,269.1861431149877,10592700
2025-07-07,272.616455078125,275.97718516023826,271.10513394699154,273.5610497498013,16760600
2025-07-08,270.25,274.774071021526,269.60371280936664,274.774071021526,14869400
2025-07-09,276.31524658203125,277.85642578711236,271.16479323572867,271.40341490627577,20133000
2025-07-10,273.8294982910156,279.57653605766296,271.1449135132259,278.19447844829074,17891600
2025-07-11,272.8153076171875,274.89338540599704,270.33951696310925,272.5766859667356,14274700
2025-07-14,274.0283508300781,276.7725908334091,268.04266147021036,272.56673253796464,11934200
2025-07-15,279.337890625,281.74407313940566,276.2655155571406,278.2143298019854,17918400
2025-07-16,279.2086181640625,279.9046384009573,274.0979458979762,278.51259792716763,15031000
2025-07-17,284.8164978027344,286.6360486644115,278.3137844147582,279.536781120835,17231100
2025-07-18,281.7242126464844,285.89032104645884,279.39756044627137,285.4727028006807,15012400
2025-07-21,286.5664367675781,288.883166634135,282.01256816006986,282.34067294130205,17726800
2025-07-22,277.0013122558594,286.35765454022237,274.8536262055818,286.0096443774533,16564800
2025-07-23,282.0722351074219,282.3804648775155,271.4431933505695,275.2016363524508,20556200
2025-07-24,287.0635986328125,289.5394198336083,281.8833175888375,288.1374568350622,16413800
2025-07-25,288.52520751953125,290.92146785547334,285.6317984917393,286.4272546048279,12476200
2025-07-28,292.6216735839844,293.7651397160392,288.93283921906095,290.792170253659,13683400
2025-07-29,295.7239685058594,300.4667565401795,293.1884917372768,295.8034989527347,19210800
2025-07-30,300.894287109375,301.53065203729915,294.1131712709888,295.45547888669455,16738900
2025-07-31,292.025146484375,305.1995864915155,288.5749334348008,301.07322817670536,25488500
2025-08-01,286.9940185546875,290.9712081886923,280.0040786431172,284.9059879281252,21428100
2025-08-04,296.022216796875,296.7778925146136,289.7382500811123,290.5337061901919,17164600
2025-08-05,291.259521484375,299.48238015902194,289.78798079577285,296.1116975078201,18477500
2025-08-06,299.94970703125,301.0831902773515,290.23540210982287,291.22969949995144,17392100
2025-08-07,302.0278015136719,308.57026534867197,298.16992257324665,304.42406199663805,16319400
2025-08-08,303.2308654785156,306.1143217384544,300.82465252896566,302.31609856102506,12458700
2025-08-11,302.1669616699219,306.5518166692501,299.5718601249272,303.31039756534346,12396400
2025-08-12,311.0460510253906,311.65258823506815,302.93261071587807,304.88142517840953,17609600
2025-08-13,307.3273620605469,315.54026782243,303.01211523379976,314.9436833480101,17371200
2025-08-14,309.4552001953125,312.3784370682503,305.2493111409307,305.25926382517076,15717600
2025-08-15,304.59307861328125,309.7236571204512,298.0506147129102,309.2563361030282,22806900
2025-08-18,304.0163879394531,304.42405352165923,297.29492769042946,300.97384027084104,14724700
2025-08-19,293.2282409667969,301.17266724150545,290.7226225185964,300.69542392387547,20149600
2025-08-20,289.50958251953125,293.8049241553724,280.26259864638365,293.77509644760784,23600500
2025-08-21,287.9485168457031,290.7226149312188,284.53808423877217,288.4058851276779,14946300
2025-08-22,292.32342529296875,298.37869260424026,287.361891151843,290.08625622184906,16301300
2025-08-25,292.5521240234375,296.698327034538,290.0464752489418,291.1402084168925,15124700
2025-08-26,296.310546875,298.537763107986,292.3134523254253,292.6714151306097,25689100
2025-08-27,298.53778076171875,299.4624700191788,292.1046756627868,295.8332907430747,13830300
2025-08-28,306.889892578125,309.2264975835595,300.6059256020137,301.2025101226533,18907100
2025-08-29,295.6941223144531,305.2592585756986,291.98538203906287,305.2592585756986,21610700
2025-09-02,296.5392761230469,297.00659716089535,285.5324258801925,287.690034458678,19693000
2025-09-03,300.66558837890625,302.7138384798026,294.7097266554902,300.5661525758095,18529400
2025-09-04,304.35443115234375,307.01914082260106,300.5263802075415,303.32035339092016,31220800
2025-09-05,332.9802551269531,354.307915143692,329.5300420981367,353.75111105346923,78401600
2025-09-08,343.6788635253906,352.15029613473433,339.30396137418364,340.795407358246,43535600
2025-09-09,334.7501220703125,348.9785155669414,333.9148855443519,347.5566472108421,26972300
2025-09-10,367.4624938964844,370.8430989555386,348.5509381089459,349.51540779149104,51086800
2025-09-11,357.5791931152344,372.0959418044151,356.7141591976126,369.06331640702246,29430900
2025-09-12,357.8177795410156,362.31202294585194,355.12324224091253,360.84045195630114,31949800
2025-09-15,362.01373291015625,363.4156958706093,354.307928141354,357.8177967126278,21792200
2025-09-16,357.947021484375,363.6045754458755,354.9541769559185,363.34604844264686,21306500
2025-09-17,344.1959533691406,357.87746531965445,339.5525710377554,356.80363745055035,45197100
2025-09-18,343.380615234375,348.70011242524,341.8295137084828,348.00409210361323,24663900
2025-09-19,342.9729309082031,344.2953330347468,334.5114507356632,342.6845761800293,41240100
2025-09-22,337.4351806640625,345.28367325298416,336.5885737516059,341.0606084270775,28660000
2025-09-23,337.5845642089844,343.8394489551671,335.67222901216985,338.8793532849425,21944100
2025-09-24,337.95306396484375,338.71997371776,332.4750589983509,338.4012765294073,19677300
2025-09-25,334.7559509277344,336.7081044280019,325.9911236613484,331.65837193110127,21678200
2025-09-26,333.19219970703125,337.7239919137433,329.2579837594843,336.08059640996515,15464700
2025-09-29,326.5887145996094,339.68612138090174,326.2401081782098,334.656328600332,21336000
2025-09-30,328.5906677246094,329.72609296966556,323.3118446022923,328.7998194074157,20109500
2025-10-01,332.0567932128906,336.59855541282326,323.2023295934908,326.837727221675,21122700
2025-10-02,336.8276062011719,346.21988820563433,333.9093306066824,346.21988820563433,19917600
2025-10-03,337.016845703125,343.0227303782379,334.3973582704928,340.13433362422603,14749100
2025-10-06,334.1483459472656,342.75380866679006,333.2220723671261,334.57664945247484,18465700
2025-10-07,335.0646667480469,336.7578500424013,325.2739608698581,335.6821824433723,18086700
2025-10-08,344.11834716796875,345.1541967237403,331.28984936250185,332.48506272651053,21478300
2025-10-09,343.6402282714844,345.9210789009516,339.03870886032774,344.36731988927625,17643700
2025-10-10,323.331787109375,349.1979325045112,322.75408954786695,344.0087761645016,28941000
2025-10-13,355.2735595703125,357.9428348856006,342.1462436328903,351.35925264203496,45984300
2025-10-14,342.7538146972656,349.267669476328,338.2917194609827,348.7298204480106,22078000
2025-10-15,349.92498779296875,357.96272246505765,346.1103176658243,353.05244525324514,23918500
2025-10-16,352.7337341308594,361.78737921559485,348.09236600682163,355.3731305974428,20317200
2025-10-17,347.9329833984375,349.56643947544666,339.417187803511,348.2118624365201,20937900
2025-10-20,347.8433532714844,355.16396614831154,346.4489580557878,352.3851150572024,15640200
2025-10-21,341.2897033691406,349.6959541684103,339.94509595160935,348.6003469987353,16092600
2025-10-22,338.9391174316406,346.6183067837734,334.16829467718156,345.91112421133204,19268800
2025-10-23,342.9131774902344,345.1840584530217,339.03871918336426,339.03871918336426,12859200
2025-10-24,352.7138366699219,356.8671437910621,349.47683344124437,351.1003199238364,16143700
2025-10-27,360.6021423339844,361.2993551775869,353.66001429366173,360.09420250359625,20065800
2025-10-28,371.4784851074219,372.56412252342585,361.0802324898972,361.169868930242,21056000
2025-10-29,384.43646240234375,384.9344628835344,371.69760158273596,371.69760158273596,24975200
2025-10-30,374.9645080566406,384.8547909652582,368.58013782259627,384.8547909652582,24295300
2025-10-31,368.15185546875,377.30510711464575,363.6399721426167,376.75728832587123,21598400
2025-11-03,361.1001281738281,373.3509579573757,360.5324307393669,370.5123492029235,17198900
2025-11-04,350.5325622558594,367.47454744020746,349.5963189699949,357.0862348613752,24047500
2025-11-05,357.54443359375,363.41086341015694,348.6899705182648,349.48678951919794,17087600
2025-11-06,354.16796875,362.0463397915529,351.29948119455554,358.6698820328004,19896900
2025-11-07,348.0325927734375,353.08232471234805,335.9212179877443,352.77356686003935,21903200
2025-11-10,356.9568176269531,358.56036466797076,353.1919046182223,356.4687564616332,16409000
2025-11-11,350.552490234375,360.4428028921463,348.2716699151433,357.53446670774576,16446800
2025-11-12,353.7994689941406,357.4348664885674,350.2736170175513,356.6081990499921,12190500
2025-11-13,338.6203918457031,352.1361007553853,332.8236593997151,350.17397779599213,22616600
2025-11-14,341.0904541015625,343.3613349004467,327.74404833985596,330.14441411689927,18500800
2025-11-17,341.2796936035156,350.7915201932923,336.17020425351814,338.46102450242506,14799600
2025-11-18,339.1383361816406,346.57846477272454,334.16830098149796,341.8275510056133,21726800
2025-11-19,353.0026550292969,358.25156886971325,336.44909441350086,339.347460701947,21851900
2025-11-20,345.43304443359375,374.57601052051825,343.79958834409007,364.5363346772143,28867000
2025-11-21,338.8395080566406,347.2059092836678,330.47307643407913,343.77966385998917,30280300
2025-11-24,376.448486328125,380.4723384179547,346.2696716432394,346.3393990001815,47262400
2025-11-25,383.490234375,386.5778433170829,370.2633433262028,383.39062820353877,33507600
2025-11-26,395.9801025390625,398.2708925516895,381.7273314642951,384.0081517409119,28693000
2025-11-28,401.3485107421875,401.38835928859874,395.57171772949863,397.752962113603,13365500
2025-12-01,384.5360107421875,393.83868581507573,383.55994932184797,393.27095801210174,23252000
2025-12-02,380.0440979003906,391.92638219264916,378.271217387361,386.7571347201425,22207000
2025-12-03,379.0879211425781,380.7711652425636,369.1677598209674,378.4803751302536,21336400
2025-12-04,379.5062561035156,382.35483474134327,375.02425164733893,379.1576496778165,15845900
2025-12-05,388.6794128417969,391.9562645778702,383.60977149932444,384.6257119524167,24779900
2025-12-08,399.4959716796875,405.6612197534834,395.81075614894235,400.8704578008361,30410600
2025-12-09,404.66522216796875,405.30264695088596,393.92833346962834,397.1553667228235,24546000
2025-12-10,411.3185119628906,412.9519377089591,397.9621356270513,400.591592714844,31531000
2025-12-11,404.7449035644531,407.66317907015735,392.61361921715974,403.2110535816976,45681600
2025-12-12,358.4906005859375,380.47234798569394,353.72971744738294,378.4404976165911,95588500
2025-12-15,338.4510803222656,360.5523438301254,336.1602902959243,360.44279831550426,65894900
2025-12-16,339.93511962890625,346.11033781431183,333.7200832894025,334.67623571189444,58061100
2025-12-17,324.7162170410156,345.22387284443886,320.13463701193336,345.22387284443886,73300900
2025-12-18,328.560791015625,334.6861906441596,322.335785215176,334.6563118321389,54501900
2025-12-19,338.99884033203125,342.07650975758594,331.2499548064838,332.00692519159463,159095200
2025-12-22,340.7352600097656,345.5152112478357,336.5141036420898,345.3056593647258,28739600
2025-12-23,348.5887756347656,349.37710000083763,337.83134263055865,340.09657987546063,28232600
2025-12-24,349.48687744140625,352.1213352312898,346.41333827759297,349.95589479748145,11424400
2025-12-26,351.39288330078125,352.51053390724485,347.02204717974354,350.325115846726,15028100
2025-12-29,348.65863037109375,349.5966346351222,343.9684567824758,347.99001949427986,21946900
2025-12-30,349.1176452636719,351.9417076647023,348.56877833761786,349.2373891882818,16633600
2025-12-31,345.3755187988281,349.1476049485987,344.6969495441743,348.9979250326745,15346100
2026-01-02,346.8923034667969,359.9050146598044,344.83661821199536,352.04150541544425,25398600
2026-01-05,342.7011413574219,354.2868238323912,335.7956134115607,353.9974223547191,31136000
2026-01-06,343.0503845214844,348.3193308210368,337.2924736709646,342.8807574319921,27135500
2026-01-07,342.78094482421875,348.9679784261048,335.1769007897924,340.98472498041707,20249300
2026-01-08,331.7840270996094,342.96056375017343,329.80816089100165,342.0624538203319,24385200
2026-01-09,344.24786376953125,346.6628113007461,332.8018730929831,337.21263395609,22482500
2026-01-12,351.47271728515625,353.15918207806476,340.2363083277168,340.2363083277168,20949600
2026-01-13,353.86767578125,358.73746528807953,350.17543931029473,352.14131670251004,18308000
2026-01-14,339.17852783203125,349.95590816787893,333.7199768852006,348.2395074006754,30094700
2026-01-15,342.30194091796875,348.9480031099011,340.9547912530556,348.38917780130276,22218800
2026-01-16,350.9737548828125,353.7679118987322,343.3297859509546,345.5451400301808,31291200
2026-01-20,331.9037780761719,344.676971791908,331.10543443537836,343.3797052494505,32293900
2026-01-21,328.1116943359375,335.09704088588245,323.521348108929,334.8076698840445,32006600
2026-01-22,324.8086242675781,336.28455068973165,324.20990464329054,334.6479996271889,24275400
2026-01-23,319.3800354003906,321.3159768846752,313.4524670130363,318.63160535606505,30259500
2026-01-26,324.16998291015625,327.9919519985048,316.9351596626858,319.1305360310809,25006400
2026-01-27,332.0933837890625,334.0592612332574,326.335442560478,329.06972766461007,25537600
2026-01-28,332.54241943359375,339.2782896681297,326.0161315330155,338.14069186444095,23001700
2026-01-29,330.0376892089844,335.2467633278134,319.6095521592842,331.86384504465474,20447500
2026-01-30,330.6064758300781,337.49205638766097,327.6426917281563,331.7441040800076,28313000
2026-02-02,330.4168701171875,335.3565204232709,325.06810486670184,325.4273366579902,17278200
2026-02-03,319.659423828125,338.1905576294392,308.0038814637992,336.0350756107717,36914800
2026-02-04,307.4051513671875,318.84118424748516,294.6818407512307,318.84118424748516,43330300
2026-02-05,309.8600158691406,325.8464700699139,306.0579938188423,313.6819850898965,42775800
2026-02-06,332.2231140136719,334.29874656285386,315.6378789762252,319.42994273184223,33003400
2026-02-09,343.22003173828125,351.60244190077435,329.957843210597,330.0775871416233,30091000
2026-02-10,339.72735595703125,347.2815169087097,339.12860585233244,346.7426387691113,19542700
2026-02-11,342.0425109863281,346.473219180328,333.0413730422485,346.0740321364971,17004700
2026-02-12,330.4767761230469,345.5651205948349,328.87013049582544,343.1102481796043,22007300
2026-02-13,324.48931884765625,333.6201586063177,324.0103126922267,329.1595146617416,18397200
2026-02-17,331.8439025878906,335.0471745682695,315.64786588146853,319.01080658831154,23469700
2026-02-18,332.8118591308594,337.17270635210474,326.54500653910026,328.83019085840954,13565300
2026-02-19,333.29083251953125,337.73152929658954,328.98985729134307,332.31290349221706,15180900
2026-02-20,331.9536437988281,339.39801894284784,328.89006304890444,331.6642423408814,17658900
2026-02-23,329.64849853515625,337.7914209335216,324.6390178202407,331.5545040034344,16472400
2026-02-24,324.8086242675781,327.6227283165058,313.79175682897045,321.8648179358508,23614400
2026-02-25,331.6143798828125,335.2068501676741,328.590723737574,330.0476590225998,20182300
2026-02-26,321.0265808105469,325.8963396711904,307.28538677861513,325.81652053898387,33025300
2026-02-27,318.8810729980469,319.3301431933908,309.35107621859737,310.04962308831114,28004200
2026-03-02,318.1526184082031,319.37006578889145,306.55694753594133,308.71239918840047,20567200
2026-03-03,313.18304443359375,315.21878268947023,306.75652265723,312.344806434985,20826200
2026-03-04,316.86529541015625,321.96461419625706,311.08740741510985,315.0191620282564,34895800
2026-03-05,332.0733947753906,335.4163882424698,322.35379346219895,329.4888201299173,57076600
2026-03-06,329.7882080078125,342.7909307290547,326.7146384032199,327.5928011473892,39152200
2026-03-09,345.0262451171875,347.7604997584722,322.9325759313887,326.5649709749808,40605800
2026-03-10,341.86285400390625,352.4007764686792,340.08658134740205,348.0000043944519,29531700
2026-03-11,340.85498046875,345.08609490367104,337.51198711307126,341.8728342845959,20104100
2026-03-12,335.2667236328125,339.1186289737268,331.50462624270904,337.03300757281824,21982700
2026-03-13,321.4856262207031,337.6118021518748,320.7571433661591,336.97312724591364,34725000
2026-03-16,324.2398681640625,328.5109077510106,319.39002561955,325.3375412042841,31363100
2026-03-17,320.63739013671875,326.75456290471493,316.5858914873138,325.0780870057256,38026500
2026-03-18,315.2686462402344,324.7587483959258,314.88943683389,319.7592262452072,25460600
2026-03-19,319.17047119140625,322.59328381974194,307.8642018246381,311.81590377906156,23524800
2026-03-20,309.8600158691406,320.83698945248267,309.27125457684116,319.4498845364502,43325900
2026-03-23,322.510009765625,326.4800109863281,314.92999267578125,318.0,27369200
2026-03-24,318.2900085449219,324.3999938964844,314.8399963378906,320.0,19799000
2026-03-25,318.80999755859375,324.29998779296875,316.7200012207031,322.5899963378906,19900000
2026-03-26,309.4200134277344,316.9200134277344,309.1700134277344,314.0199890136719,20343700
2026-03-27,300.67999267578125,307.5,298.8699951171875,307.05999755859375,23593900
2026-03-30,293.4100036621094,304.7699890136719,289.9599914550781,300.8699951171875,28054500
2026-03-31,309.510009765625,310.30999755859375,296.3399963378906,299.3900146484375,29289500
2026-04-01,313.489990234375,315.7900085449219,310.4800109863281,313.3699951171875,19171000
2026-04-02,314.54998779296875,314.69000244140625,301.75,304.489990234375,14021100
2026-04-06,314.42999267578125,316.3999938964844,310.2799987792969,315.05999755859375,12111300
2026-04-07,333.9700012207031,334.1499938964844,321.79998779296875,326.7300109863281,33310900
2026-04-08,350.6300048828125,354.1400146484375,342.5299987792969,351.75,31573100
2026-04-09,354.9100036621094,358.70001220703125,351.5,352.29998779296875,20514900
2026-04-10,371.54998779296875,376.54998779296875,360.82000732421875,360.94000244140625,29958100
2026-04-13,379.75,380.8599853515625,369.4800109863281,369.6600036621094,24115800
2026-04-14,380.7799987792969,382.2799987792969,376.32000732421875,377.8999938964844,24423000
2026-04-15,396.7200012207031,397.0799865722656,385.57000732421875,389.8800048828125,29559300
2026-04-16,398.4700012207031,399.67999267578125,392.3500061035156,395.0,18872900
2026-04-17,406.5400085449219,406.7300109863281,399.80999755859375,400.8999938964844,20581700
2026-04-20,399.6300048828125,406.4200134277344,395.8999938964844,405.70001220703125,16922000
2026-04-21,402.1700134277344,403.6000061035156,394.57000732421875,399.4100036621094,16275500
2026-04-22,422.6499938964844,423.20001220703125,404.8599853515625,406.9800109863281,23702500
2026-04-23,419.94000244140625,429.30999755859375,417.79998779296875,422.3900146484375,19501600
2026-04-24,422.760009765625,425.0,408.8599853515625,424.9800109863281,22491100
2026-04-27,418.20001220703125,422.75,414.6300048828125,420.4800109863281,17451600
2026-04-28,399.8299865722656,405.80999755859375,394.6499938964844,400.30999755859375,25519200
2026-04-29,405.45001220703125,405.6400146484375,396.7799987792969,403.5,15962500
2026-04-30,417.42999267578125,418.3800048828125,404.2300109863281,415.5199890136719,21821600
2026-05-01,421.2799987792969,423.1700134277344,413.2799987792969,415.0899963378906,11882600
2026-05-04,416.5,423.8299865722656,409.5299987792969,418.2200012207031,15140400
2026-05-05,427.3599853515625,433.3900146484375,419.3500061035156,421.6600036621094,21175200
2026-05-06,425.44000244140625,437.67999267578125,417.7799987792969,435.55999755859375,20707000
2026-05-07,412.55999755859375,426.489990234375,406.29998779296875,421.82000732421875,22791700
2026-05-08,430.0,435.0,414.0,419.79998779296875,22561400
2026-05-11,428.42999267578125,433.6499938964844,425.04998779296875,427.6199951171875,16825500
2026-05-12,419.29998779296875,429.3399963378906,408.4100036621094,423.42999267578125,19004300
2026-05-13,416.7900085449219,418.6300048828125,404.79998779296875,415.80999755859375,16981200
2026-05-14,439.7900085449219,442.3599853515625,415.5899963378906,416.7300109863281,19733800
2026-05-15,425.19000244140625,432.80999755859375,419.79998779296875,432.80999755859375,18957100
2026-05-18,420.7099914550781,422.010009765625,414.3699951171875,421.4100036621094,17863300
2026-05-19,411.07000732421875,417.95001220703125,405.8599853515625,409.82000732421875,20652100
2026-05-20,417.760009765625,424.1700134277344,411.4200134277344,412.80999755859375,16312600
2026-05-21,414.57000732421875,422.25,410.5,413.54998779296875,16865300
2026-05-22,414.1400146484375,419.989990234375,410.2099914550781,417.489990234375,14086400
2026-05-26,422.010009765625,435.30999755859375,417.0,418.5,22562900
2026-05-27,421.8599853515625,432.79998779296875,416.489990234375,425.07000732421875,17601000
2026-05-28,426.5799865722656,429.67999267578125,414.010009765625,421.1400146484375,17855600
2026-05-29,446.7699890136719,448.8999938964844,431.4700012207031,432.95001220703125,41798400
2026-06-01,459.9700012207031,466.04998779296875,442.2200012207031,450.0899963378906,30586000
2026-06-02,481.57000732421875,488.82000732421875,470.4599914550781,488.7900085449219,38306700
2026-06-03,479.2300109863281,495.0,472.6400146484375,494.7799987792969,50126400
2026-06-04,418.9100036621094,426.4800109863281,403.010009765625,408.989990234375,80979400
2026-06-05,385.7300109863281,410.5,385.5899963378906,407.6099853515625,51146100
2026-06-08,396.6000061035156,402.8399963378906,391.3500061035156,402.6199951171875,37099000
2026-06-09,392.1600036621094,407.8699951171875,370.3299865722656,401.6099853515625,37026900
2026-06-10,372.1000061035156,385.80999755859375,371.1700134277344,381.5,38193500
2026-06-11,385.57000732421875,389.5,370.54998779296875,372.82000732421875,35187600
2026-06-12,382.07000732421875,384.9800109863281,377.0,383.7200012207031,27600900
