Date,Close,High,Low,Open,Volume
2019-01-02,31.940645217895508,32.26249167307027,29.990071464130896,30.233893183351473,26004300
2019-01-03,30.233901977539062,31.355483700359812,30.097362370327897,31.03363715156898,29145500
2019-01-04,31.891889572143555,32.22348734180276,30.77030789583078,30.877590074312447,28557300
2019-01-07,33.15976333618164,33.598643300892626,32.48681653724163,32.86717793318273,44841500
2019-01-08,32.90618896484375,33.73518152613068,31.999171648392114,33.69616914854833,33434100
2019-01-09,34.564178466796875,35.39317485354509,34.05702865524428,34.10579599361373,54147900
2019-01-10,35.022560119628906,35.061572497096165,34.21307374952118,34.38862200727369,24437400
2019-01-11,35.12008285522461,35.82229067820681,34.14479586571582,34.54466338259744,30469800
2019-01-14,33.813201904296875,34.057023678814474,33.41333434290501,33.861969235540414,34612000
2019-01-15,33.15000534057617,34.35935908510112,32.81840762602749,34.15454971681577,30633600
2019-01-16,32.750144958496094,33.481610336087485,32.70137762364976,33.19877616385008,24890900
2019-01-17,33.0427360534668,33.354827703995625,31.852884310559425,32.40879779559052,29398500
2019-01-18,34.876258850097656,35.29563252607183,33.21827405160372,33.38407104328337,44872400
2019-01-22,33.032981872558594,34.37887947234412,32.720890214699054,34.37887947234412,37021900
2019-01-23,33.39383316040039,33.83270939508642,32.613600475569285,33.26704479105156,31011600
2019-01-24,35.68575668334961,36.51474926608286,34.2325772044261,34.437390331819486,65094800
2019-01-25,37.997188568115234,38.3385413217092,36.573270143433014,37.14868974250671,61032300
2019-01-28,37.138938903808594,37.997188973627566,35.74427788982093,36.03686331000583,44213000
2019-01-29,36.46599197387695,38.0166989476456,36.32945234556444,37.3339970856572,30331000
2019-01-30,37.294986724853516,37.80213282968882,36.661048513170876,37.353501579797616,32848100
2019-01-31,37.275474548339844,37.86064532638338,36.35870228353322,36.70005500441284,34130500
2019-02-01,38.621368408203125,38.87494514247596,37.28522609744662,37.36325085273829,36839900
2019-02-04,38.49458694458008,38.63112655720576,37.55830840578536,38.572607985898145,30851500
2019-02-05,38.397056579589844,39.33333513270265,38.201998392673616,38.27027192045595,25094000
2019-02-06,40.493919372558594,40.92304434167112,39.37233775999018,39.401598901819945,47472600
2019-02-07,38.40681457519531,40.035542565950244,37.948428357723216,39.80147569946398,40396400
2019-02-08,37.62657928466797,37.821633734449485,36.524503785361674,36.86585279290448,35573200
2019-02-11,37.62657928466797,37.90940972502123,36.43672779478993,37.646081753306,30356500
2019-02-12,39.40160369873047,39.76245891488036,38.27027071476902,38.41656156002826,43587900
2019-02-13,40.64997100830078,41.23514184322082,39.79171722604935,39.84048084222178,50101700
2019-02-14,41.18638229370117,42.093399781681946,40.28911976217333,40.36714081166775,41759200
2019-02-15,40.95231246948242,41.352180085402786,40.39639532498285,41.22539170364495,28968400
2019-02-19,40.92304992675781,41.439954671480734,40.47441870867222,40.669476892317164,25575900
2019-02-20,41.1668701171875,42.190920890766364,41.08884907903424,41.26440106541065,28048700
2019-02-21,40.5036735534668,41.810558464069594,40.39639137327605,41.42044584206028,24048800
2019-02-22,41.517974853515625,41.517974853515625,40.796264425517336,41.04008621992155,22834300
2019-02-25,41.69352340698242,42.902881044546234,41.64475979620546,42.727329069409144,25233700
2019-02-26,41.89833068847656,42.083637608665356,41.244890152131426,41.30340499393855,18051500
2019-02-27,40.298866271972656,41.703278481995945,39.99652590462877,41.56673887107463,29522200
2019-02-28,39.86973571777344,40.133063668200315,38.816423916065915,39.206540224940895,25777900
2019-03-01,40.552433013916016,41.508213774861666,40.09404695860836,40.610947849623756,26755800
2019-03-04,40.045291900634766,41.10835504779072,39.63566936114909,40.845027069641056,27047800
2019-03-05,39.001739501953125,39.66493142170156,38.533598339126726,39.25531255476056,28798800
2019-03-06,36.992637634277344,38.47507437789937,36.592770097673196,38.40680458290048,44890400
2019-03-07,36.895118713378906,37.36325615022775,36.22216812506287,36.612284515983056,31567800
2019-03-08,37.69485092163086,37.86064795610324,35.66625180538431,35.97834340474142,34080900
2019-03-11,38.065460205078125,38.57261002190376,37.870405731274545,37.94842677671085,25164700
2019-03-12,38.28001022338867,38.426304744259205,37.87039151762992,38.20198548681126,18623500
2019-03-13,37.870399475097656,38.73840438957654,37.68509254700105,38.426312818537504,22786300
2019-03-14,37.460784912109375,38.65063660445063,37.392515098984134,37.78263150577904,19757300
2019-03-15,38.56285095214844,38.855436323839236,37.480281728510114,37.62657627456794,30702000
2019-03-18,38.63111877441406,39.41134763253355,38.18248764604844,38.6213638209487,22296600
2019-03-19,39.372337341308594,40.03553283588236,38.904200001684444,38.943212376759334,32407300
2019-03-20,39.138275146484375,39.742952149742976,38.640876606693595,39.499130357413264,41714400
2019-03-21,42.90288162231445,43.117442256707555,40.62070963522361,40.66947324665727,84985400
2019-03-22,40.591453552246094,42.405488398950396,40.52318374364329,42.39573716361808,46605600
2019-03-25,39.547889709472656,40.94255050892138,39.07000113144961,40.31836738309745,34516000
2019-03-26,39.323577880859375,40.620711585745745,39.10901351573826,40.152570476313265,24689600
2019-03-27,38.26051330566406,39.84047739977033,38.045948948534466,39.38209498284589,26856700
2019-03-28,38.367794036865234,38.95296479914845,38.055702467590855,38.42631260126355,24584500
2019-03-29,40.30862045288086,40.493923675510445,39.22605110076657,39.25530852528038,35716900
2019-04-01,41.205875396728516,41.70327012547734,40.688974481695965,41.225381583012236,28073000
2019-04-02,41.39119338989258,41.73254619131016,40.71824646432651,41.04009307248373,21438100
2019-04-03,42.81510925292969,43.741629109767544,42.473756503187765,42.473756503187765,39097200
2019-04-04,41.830074310302734,42.25920313013621,41.20589099464608,41.31317319960445,37038400
2019-04-05,42.24943923950195,42.46400360404934,41.66426843491393,42.22993304995899,21119400
2019-04-08,41.83982849121094,42.073895370027174,41.07910183399328,41.13762041391031,24546800
2019-04-09,40.688987731933594,41.54723788535618,40.25010769869146,41.48872302787445,29055900
2019-04-10,41.12785339355469,41.39118134530391,40.48416408497598,40.6597160528088,23252200
2019-04-11,41.235137939453125,41.674017884306714,41.088847104785316,41.157116905048646,18163900
2019-04-12,40.9718017578125,42.13239557044349,40.77674735069661,41.79104291714201,21740400
2019-04-15,40.786502838134766,41.18637036711943,40.181825928056064,41.127851806624825,16932300
2019-04-16,41.70327377319336,41.86907451089503,41.040081983661516,41.21563023472072,19337500
2019-04-17,42.083648681640625,42.961405023524726,41.70328350768912,42.288458122704334,22092000
2019-04-18,42.32745361328125,42.454238233568006,41.73252799966502,42.13239548613136,16193600
2019-04-22,42.32745361328125,42.49325060308285,41.478951318242856,42.07387693185909,19447900
2019-04-23,41.713035583496094,42.39573739365396,41.66427196571887,42.29820643767394,21489400
2019-04-24,41.96660614013672,42.32746507523034,41.33267170576544,41.761796725359474,19637000
2019-04-25,41.69352340698242,43.54657037990721,41.63500484179505,42.54202213986166,28346200
2019-04-26,41.05958557128906,41.23513754756208,39.76245565818846,40.464663563280546,26092400
2019-04-29,41.06935119628906,41.55699487476235,40.698740958930074,41.08885738987912,13452800
2019-04-30,41.02057647705078,41.31316186090942,40.552439118791966,40.82551831433669,16342700
2019-05-01,40.86452865600586,41.869073121385696,40.85477370212217,41.381429599096485,17673300
2019-05-02,41.50822830200195,42.13241157083382,40.60121082684761,40.962066081561204,17046800
2019-05-03,42.259193420410156,42.307957033161735,41.361927319995445,41.4399520767381,16577000
2019-05-06,41.08884811401367,41.244893907080524,39.986772607739844,40.376888950619566,25776000
2019-05-07,39.26506042480469,40.89379195811421,38.74815940737385,40.64997016190338,35094100
2019-05-08,38.767662048339844,39.48937613603808,38.60186502789938,38.87494422411898,26190100
2019-05-09,38.299522399902344,38.65062632858621,37.255965567661285,38.133721668946166,27844400
2019-05-10,37.97767639160156,38.31902909139201,36.71955892449344,38.045946187474684,30368100
2019-05-13,36.45623779296875,37.041408644304944,36.14414617619937,36.43673160186747,33092100
2019-05-14,37.55830764770508,37.65583859791585,36.47574200355547,37.08041901316094,24004000
2019-05-15,37.460784912109375,37.74361912101439,36.8268466811741,36.963390027850366,17532300
2019-05-16,36.38796615600586,37.05116173842477,36.18315301994608,36.748821372184416,29479200
2019-05-17,35.168853759765625,36.35870147815459,34.915277033251996,35.70526091449447,31096300
2019-05-20,33.76445007324219,34.330118573277836,33.48161954365069,33.89123848194437,34489500
2019-05-21,34.75923538208008,34.99330594820766,34.28134673519002,34.41788634858718,32501300
2019-05-22,33.87171936035156,34.573927238503366,33.774192141908216,34.33010547197009,20902400
2019-05-23,32.98421859741211,33.062243372915134,32.14547086288493,33.05248841576422,32186700
2019-05-24,33.15976333618164,33.51086730795043,32.75989575065058,33.31580913247607,19706000
2019-05-28,32.12595748901367,33.462103567685304,32.067442640890256,33.306057771980804,26758400
2019-05-29,32.46730422973633,32.59408885754277,31.37498014108008,31.521274675225424,28796100
2019-05-30,32.49656295776367,33.471849970230586,32.213728831246335,32.60384512440299,20957600
2019-05-31,31.804107666015625,32.67211244618364,31.716331692716363,31.794352713191028,18607300
2019-06-03,31.882137298583984,32.39904204560715,31.6675766440026,32.135714054578465,21174500
2019-06-04,33.637664794921875,33.70593461677329,32.28201215426574,32.535588967222075,25076000
2019-06-05,32.51606750488281,34.52515998861163,32.22348215998092,34.33010185186886,27070300
2019-06-06,32.64286422729492,32.98421326385929,32.12595947423613,32.438051084930834,21088100
2019-06-07,33.15000534057617,33.189013991374935,32.39903393643874,32.72087669796936,21430400
2019-06-10,34.0765380859375,34.661712718169426,33.66691919175848,33.744940243800514,21728000
2019-06-11,33.979007720947266,35.100589539426046,33.89123172019305,34.915282582041826,19208600
2019-06-12,32.14546585083008,33.25729268541196,31.921150236872812,33.16951668686995,28746500
2019-06-13,32.55508804321289,32.80866108029365,32.194229097563706,32.262502624911875,16586700
2019-06-14,31.852882385253906,32.0284343931186,31.443263513853417,31.64807294955366,19715000
2019-06-17,31.628564834594727,32.03818368109155,31.345730647960924,31.735847024036893,20050000
2019-06-18,33.442588806152344,34.027759459946765,32.08694060586998,32.08694060586998,33727300
2019-06-19,33.10124588012695,33.83271127242542,32.8769302729398,33.83271127242542,20436400
2019-06-20,33.30605697631836,34.3886225654173,33.179268607704465,33.979003756637994,21691500
2019-06-21,32.42829132080078,33.05247437802347,31.92114165670123,32.867171195543136,38858200
2019-06-24,32.36977767944336,33.23778632815355,32.203980657377684,32.37953263393255,27306000
2019-06-25,31.87238121032715,33.0427264187705,31.804111414206897,32.52582175045664,39590500
2019-06-26,36.124637603759766,36.68055099201097,34.81775264952836,34.983549682321566,100271600
2019-06-27,37.129173278808594,37.38274996507985,35.607724322454224,35.93932202882283,51612400
2019-06-28,37.63633728027344,38.42632133733805,37.109681242230366,38.38730895220319,61402700
2019-07-01,39.1187629699707,40.67922071390065,38.75790781426654,40.14281359695128,60928000
2019-07-02,38.621368408203125,39.040742166833105,38.06545504823782,38.64087459702604,29774500
2019-07-03,38.61161422729492,38.787166192878544,38.20199173412487,38.640871648083916,13479700
2019-07-05,38.44581604003906,38.58235936041728,37.841139074350096,37.987433628828505,18408000
2019-07-08,39.41135787963867,39.60641607499059,37.97768442229154,38.06546042417862,28148500
2019-07-09,40.328125,40.38664357246781,39.089513506381294,39.13827712322506,28254700
2019-07-10,41.83982849121094,42.91264308004159,41.001080781196514,41.186384036961535,51625500
2019-07-11,42.405479431152344,42.46399799204748,41.3911800315184,42.151906441456234,30392400
2019-07-12,43.410030364990234,43.59533730864108,42.288452350058854,42.66881375166277,33257800
2019-07-15,43.30274963378906,44.15124838681527,42.62979913964318,43.585580071181056,26623300
2019-07-16,41.9958610534668,43.01015674203032,41.869072697237065,42.96139313438035,31238900
2019-07-17,42.29821014404297,42.66882036839052,41.54723845910819,41.93735487636097,19539300
2019-07-18,43.56607437133789,43.81965110892545,42.42499021346934,42.532272393185224,26456600
2019-07-19,44.39507293701172,44.86321033756131,43.527067940966084,44.01471153159175,39328400
2019-07-22,46.0237922668457,46.25786278422009,45.165542384130504,45.35084557508443,46042800
2019-07-23,45.78973388671875,45.97503711173411,45.08752592594417,45.623933131346824,29354400
2019-07-24,46.80403518676758,47.03810203543907,45.662947208111255,45.78973558805651,33169900
2019-07-25,46.58946990966797,47.496487301729296,46.413917916338335,47.2039018863217,28127800
2019-07-26,46.31638717651367,46.940570340885515,45.926270838568705,46.75526340617034,19676200
2019-07-29,45.66294479370117,45.8092393567047,44.71691505257569,45.71170840789392,21939500
2019-07-30,46.28712463378906,46.50168898521575,45.0582645311294,45.72146005333462,21301600
2019-07-31,43.780635833740234,45.633682748845274,43.34175590959168,45.555657997696684,34493900
2019-08-01,42.522518157958984,44.82419642214593,41.78130156258236,43.887921653114866,37906500
2019-08-02,42.990665435791016,43.31250830617179,41.17663048505612,41.58624936016361,31954100
2019-08-05,40.903541564941406,41.459454940541725,40.33787695486794,41.352176479636135,35172900
2019-08-06,41.56673049926758,42.1226437862972,40.65971330034038,41.61549410471455,26857000
2019-08-07,40.718231201171875,41.888576315110825,39.6941806216345,40.971804177653446,35604600
2019-08-08,41.57648849487305,41.703273134227416,40.64021008782801,41.04983258848988,18567500
2019-08-09,40.493919372558594,41.19612724967446,39.85998129233734,41.00106909265062,22900300
2019-08-12,41.08884811401367,41.35217608739371,39.95751518417267,40.03553622049351,23969200
2019-08-13,43.07843017578125,43.965945023935475,41.45945371023937,41.566735888386596,33040200
2019-08-14,41.00107192993164,42.08364124192428,40.630461777982546,41.82031326978349,24657200
2019-08-15,41.19612503051758,41.50821657677398,40.4744110045342,41.29365224356344,16104000
2019-08-16,42.47374725341797,42.79559374276197,41.4984602729931,41.58623625004832,17914100
2019-08-19,43.89767074584961,44.24877469721229,43.24423017447743,43.5660729829432,22613400
2019-08-20,43.1369514465332,43.8586655954084,42.951648222023174,43.74162845531491,13191000
2019-08-21,43.07843017578125,43.88792026876474,42.81510592814275,43.702617055871876,14973800
2019-08-22,43.67335510253906,44.32679939348791,42.96139596672243,43.40027590535598,20599000
2019-08-23,41.89833068847656,43.85865973836165,41.60574531816643,42.805347940735366,27519900
2019-08-26,42.35672378540039,42.68832158528443,42.09339579251376,42.65906415954995,12282800
2019-08-27,41.39119338989258,42.717584768190285,41.30341738043388,42.629808758731585,19122100
2019-08-28,42.083648681640625,42.190927159988895,40.727996203089575,41.059594035470454,11545700
2019-08-29,43.56607437133789,44.10248526991728,42.82485778850343,42.90288254481503,18674100
2019-08-30,44.151241302490234,44.79493054985143,43.936676979895,44.00494676973448,16391500
2019-09-03,43.878177642822266,44.209775476502244,43.34176664685037,43.497812467380605,17108100
2019-09-04,45.653202056884766,46.326148987027175,45.25333439339273,45.3020980166623,26978100
2019-09-05,47.81833267211914,48.413258489826966,46.70650580249988,46.71626075843723,33075500
2019-09-06,47.75981903076172,48.27672009579665,47.496491020151744,47.65253683528073,19565700
2019-09-09,47.91585922241211,48.76435801006822,47.65253124270671,48.315726809277656,19474400
2019-09-10,48.16944122314453,48.7058485171263,47.301436084086156,48.14993502985462,23111300
2019-09-11,49.23250198364258,50.12001326928247,48.60831871291902,48.78387072286324,31012900
2019-09-12,49.19348907470703,49.8566847228875,48.8618912506168,49.54459309085266,19671300
2019-09-13,49.25200271606445,49.69088269227287,48.822877695119196,49.26175395090227,14733000
2019-09-16,48.910648345947266,48.99842433159776,47.808572908429916,48.3059676801661,17495300
2019-09-17,49.58359146118164,49.6518612538676,48.69608043583946,48.939902186982096,13776500
2019-09-18,49.23250198364258,49.90544887481158,48.46202413115692,49.73965182121191,15247100
2019-09-19,48.588809967041016,50.03223463483562,48.5205401579202,49.90544625200028,16633600
2019-09-20,47.94511795043945,49.20323931421299,47.56475654288591,49.09595712840551,23195000
2019-09-23,48.37424087524414,48.94966043927111,48.257207459632355,48.31572602765085,16198500
2019-09-24,47.31118392944336,48.66683636272995,46.8625526772093,48.51079054802134,24959000
2019-09-25,48.24745559692383,48.47177119076933,46.677242719580114,47.2721684651998,23571800
2019-09-26,47.39896011352539,48.51079073304375,46.94057762380999,48.15968671850381,33341000
2019-09-27,42.14215087890625,44.78517778747621,41.849565519507216,44.76567532121768,75941400
2019-09-30,41.791053771972656,42.3957344964499,41.52772950988535,41.93734833573254,31423100
2019-10-01,41.254638671875,42.268938027958896,40.71823157485406,42.034867514853154,28087300
2019-10-02,40.94255065917969,41.61549739659864,40.72798631373093,40.78650487715102,26408500
2019-10-03,42.385986328125,42.41524747781744,40.72799712854635,40.96206772395635,23627100
2019-10-04,43.44904708862305,43.51731689981704,42.22018676670547,42.62980563386943,21860000
2019-10-07,43.06867218017578,43.624585452005725,42.97114497194841,43.20521175986391,14911600
2019-10-08,41.58625411987305,42.75659974337126,41.56674792543169,42.52252913050115,20664600
2019-10-09,41.8203125,42.30795605711615,41.7715488883734,42.11289789018467,12784000
2019-10-10,42.210426330566406,42.707824856605306,41.55698573099299,41.81055875101807,15572600
2019-10-11,43.98545455932617,44.68766258698429,43.18571929246029,43.29300148784425,27483700
2019-10-14,43.751380920410156,44.20976705862378,43.69286235369401,43.84890814451194,12443300
2019-10-15,45.31184387207031,45.39961987170196,43.926937789466024,44.09273483297829,17767700
2019-10-16,44.04396057128906,45.3996088998685,43.96593954626398,44.85345056341902,16646900
2019-10-17,44.37556076049805,44.980237689581486,44.160996419032216,44.63888871036297,11718700
2019-10-18,42.39572525024414,43.86840691967925,42.1616547433625,43.72211610824966,26215300
2019-10-21,44.10247802734375,44.180499050417474,42.83460198846873,42.87361436021786,15473700
2019-10-22,43.55632781982422,44.57062743837317,43.51731543747413,44.18051105572341,13802400
2019-10-23,43.55632781982422,43.712373628799014,42.86387477502516,42.96140201047483,13959200
2019-10-24,45.93602752685547,45.99454610062272,44.45359419567415,44.76568581491501,25760200
2019-10-25,46.84303665161133,47.07710718474893,45.76046741164662,46.11157135114057,19855300
2019-10-28,47.486724853515625,47.54524341553383,47.038093705983826,47.30142165442853,15240000
2019-10-29,46.92106628417969,47.95486830199019,46.87230266982688,47.59401309126908,12183600
2019-10-30,46.69675064086914,47.14538184520202,46.092069918063665,47.02834842677285,12932800
2019-10-31,46.37491226196289,46.69675886989134,45.311848912796904,46.11158423377397,15445800
2019-11-01,47.184391021728516,47.340436809182734,46.08231555509403,46.3066311420329,18311700
2019-11-04,48.36448287963867,48.6668231914972,48.03288514807356,48.16942473393719,16021500
2019-11-05,47.47697448730469,48.49127392493257,47.40870469058213,48.393742986453994,13682600
2019-11-06,46.501686096191406,47.10636301577921,45.94577278423693,46.960072192879224,21803600
2019-11-07,47.20389938354492,47.867094940866025,46.81378303673537,47.320932799417704,19253600
2019-11-08,46.0237922668457,46.8235273105358,45.78972546989598,46.384651136148904,18518800
2019-11-11,45.11677169799805,45.58491269788574,44.71690420592994,45.565406512855056,14635900
2019-11-12,45.74097442626953,46.50169730591919,45.52641003645012,45.64344346706722,15170700
2019-11-13,45.15579605102539,45.39961784797523,44.67790741244191,45.350854232670336,15423600
2019-11-14,45.643436431884766,45.67269757534818,44.63889188970181,44.98024089323239,11797400
2019-11-15,46.53094482421875,47.32092868360667,46.17008965308224,46.4236626521559,17859200
2019-11-18,46.63822937011719,47.21364891466763,46.2968803692928,46.76501773631985,12631200
2019-11-19,45.42888259887695,46.989340735028634,45.13629344297606,46.9210709240986,18384000
2019-11-20,44.44383239746094,45.35084968887239,44.11223463801562,45.00950069551323,24660700
2019-11-21,44.42432403564453,45.03875591405348,43.92692928102526,44.180502275053264,14192900
2019-11-22,44.736419677734375,45.2338181982102,44.61938626367983,44.79493824497422,11253700
2019-11-25,46.345638275146484,46.37489569435095,44.804683043018194,44.96072881281635,18803600
2019-11-26,45.56540298461914,46.49192251907565,45.38985105336074,46.47242005597947,12849300
2019-11-27,46.9698371887207,47.07711938920332,45.9457862466677,46.1798531200608,15409400
2019-11-29,46.33588790893555,46.76501660868163,46.26761811041685,46.75526165436468,7343600
2019-12-02,45.24357223510742,46.76502159376182,45.204559854530935,46.394411419136,16053800
2019-12-03,44.11224365234375,44.27804442616026,43.44904799792922,44.004961455243496,20321400
2019-12-04,45.15579605102539,45.44838146328013,44.59988265161378,45.03876263020857,16921700
2019-12-05,45.4678840637207,46.22861054003282,45.107028874444175,45.5556600525096,13003800
2019-12-06,46.745513916015625,47.13563026851606,46.150588152643834,46.26762157022386,20468100
2019-12-09,45.30208969116211,46.58946845510272,45.28258350135388,46.39441027744574,16540500
2019-12-10,46.28712463378906,46.73575580456759,45.56541426695839,45.87750583971084,19263100
2019-12-11,48.04264450073242,48.12066926036965,46.511443936892235,46.56996250662016,22081300
2019-12-12,49.71038818359375,50.061492159625004,48.10116286692559,48.14017524657913,36590800
2019-12-13,49.9347038269043,51.027024415121886,49.44706024211114,49.759151838744735,30039700
2019-12-16,51.63170623779297,52.9580975075023,51.38788442263833,51.456154233247574,38629600
2019-12-17,51.690223693847656,52.66551093335422,51.34887464819059,52.6557596979464,28344800
2019-12-18,51.72922897338867,52.392424502823786,51.07578467802243,51.69021659626306,39099100
2019-12-19,53.18240737915039,53.92362770049356,52.56797915011949,53.6505447671657,55792900
2019-12-20,53.699310302734375,54.547809057567136,53.279936542436836,53.54326451195565,44285000
2019-12-23,54.03091049194336,54.72336348699579,53.7773337453106,53.865109739079585,23693800
2019-12-24,54.050411224365234,54.264975584555515,53.679804791850415,54.079672368298105,8621900
2019-12-26,53.748077392578125,54.27473336569338,53.55301921137707,54.07967518449232,13537400
2019-12-27,52.694766998291016,54.15769781974652,52.55822738355658,53.874867355121815,17176700
2019-12-30,51.89502716064453,52.548471470681434,51.35861998461209,52.44118929138992,15271500
2019-12-31,52.45094299316406,52.56798013267438,51.475655819796636,51.60244419405349,13296400
2020-01-02,54.02116012573242,54.11869108288578,53.162906304910884,53.494504118381094,20173200
2020-01-03,53.18240737915039,53.943133890047356,52.66550637746322,52.82155217346832,16815800
2020-01-06,52.24612808227539,52.80204141496711,51.84626053208617,52.421680052643815,18768700
2020-01-07,56.829986572265625,56.95677495217518,53.99190092005089,54.01140711083893,49908200
2020-01-08,56.0985221862793,56.94702103874739,55.64989095122035,56.6544356124231,29730800
2020-01-09,55.89371109008789,57.03479533479074,55.084220923667566,56.878749530717904,22376100
2020-01-10,55.2695198059082,56.07900990865459,54.87940718662482,56.04975248532525,19122800
2020-01-13,56.030250549316406,56.352093391644296,55.454830950802496,55.60112179897865,16163000
2020-01-14,56.0985221862793,56.85924503880755,55.06471637814623,56.37160142145856,26454300
2020-01-15,54.78187942504883,55.70840299538119,54.460036588447274,55.62062699986706,21638600
2020-01-16,56.25457000732422,56.41061582164087,55.35730378468423,55.39631616836981,22732700
2020-01-17,56.23506164550781,56.683692879303386,55.60112345656911,56.586165644278445,20549200
2020-01-21,57.51268005371094,57.717489446738526,55.85469128067229,55.952218500087824,24821700
2020-01-22,57.70773696899414,58.76104884192311,57.3956453889615,58.04908969244709,22604400
2020-01-23,57.73699951171875,59.0633906192162,57.57119876306897,58.83907502315784,26146100
2020-01-24,56.332576751708984,58.53672750478764,55.82543077426098,58.51722131789737,28555300
2020-01-27,54.04066467285156,54.60633304585247,53.2701868766988,53.78709163281958,27310100
2020-01-28,55.074462890625,55.37679950595867,53.87486022230515,54.85989854134951,18544900
2020-01-29,53.93337631225586,55.77666835055899,53.92362507816579,54.60632679764752,19278300
2020-01-30,53.670047760009766,53.70906013679369,51.904780495425086,52.84105521568907,30783800
2020-01-31,51.77798843383789,53.83584465693396,51.397627088417245,53.78708104964858,28550800
2020-02-03,52.45094299316406,52.77278954617947,51.690220188473575,51.934041981815426,20471900
2020-02-04,54.12843322753906,54.63558295828412,53.582271120484776,53.92362383255307,19998600
2020-02-05,55.36705017089844,55.84493877558754,54.44052666411789,55.61087195055515,19795300
2020-02-06,57.22985076904297,57.70773939335859,55.9912356310669,56.644679962004396,23358700
2020-02-07,55.47433090209961,56.56665140474816,55.367048726581224,56.5373939824886,20891100
2020-02-10,55.9132194519043,55.92297068735139,54.811143825104146,54.90867106127737,15929000
2020-02-11,55.83518600463867,57.38589262939236,54.93792366600132,56.449617914181644,26776900
2020-02-12,57.805267333984375,59.67781679542286,57.44441214576603,57.580951745609454,47180800
2020-02-13,57.86378860473633,59.13166116024022,57.40540245204117,57.55169329281553,23679700
2020-02-14,57.05430221557617,59.06339522269152,56.82023164642249,58.673278847577215,20920200
2020-02-18,56.322837829589844,56.605672020683855,55.2207622121575,55.6596422120576,21513200
2020-02-19,58.50748062133789,58.761053655728126,57.11281963112807,57.13232582153123,23335500
2020-02-20,57.54194259643555,58.507478524447606,56.264315074009055,58.4001963412879,20797100
2020-02-21,55.581626892089844,57.27862477257268,54.508808590688595,57.181097527184356,27038900
2020-02-24,53.65054702758789,54.08942700997616,51.309859988892754,51.99256177033836,33321100
2020-02-25,50.81245803833008,54.079672159525195,50.276050860350324,53.48474641433078,41894200
2020-02-26,51.075782775878906,52.92882969565926,50.59789419537523,51.34886568516306,28075600
2020-02-27,49.330020904541016,51.54391923988967,48.754601394710676,49.37878451308429,36349200
2020-02-28,51.2610969543457,51.61219722381157,47.19414736533865,47.44772412267145,40121300
2020-03-02,53.240928649902344,53.33845588219578,50.812461873371234,51.88528003072622,33272700
2020-03-03,50.51987075805664,54.03090653100103,49.83716904772648,53.25067387895227,36893200
2020-03-04,53.92362976074219,54.01140575687528,50.919743422343544,51.70972738754133,28222000
2020-03-05,52.392425537109375,54.23571760779488,52.02181538794995,52.12909756695071,26223000
2020-03-06,50.19803237915039,51.87552379999783,48.76435903304282,50.909991574581774,30313700
2020-03-09,44.833953857421875,47.39895651945757,43.80989931918835,44.3560614915512,31260800
2020-03-10,46.677249908447266,47.0673625889639,44.17076189152072,46.9600841131092,31652900
2020-03-11,42.63955307006836,45.175298034020585,41.79105061699837,45.05826462410318,38483800
2020-03-12,37.850894927978516,41.48871548347475,37.06091101179509,38.42631448461023,40117200
2020-03-13,41.92760467529297,41.95686210516022,37.402268261050764,40.542694708236155,35264800
2020-03-16,33.6181526184082,38.172742279315905,33.59864642700333,36.42697721304878,36879100
2020-03-17,36.45623779296875,38.162990449862455,33.17927209646474,34.61294551879163,34869000
2020-03-18,33.83271026611328,35.656499935370704,30.360688494800428,33.413336489368554,36519000
2020-03-19,35.39317321777344,36.37821164824617,32.81841561690867,33.80345404738141,31015200
2020-03-20,35.217613220214844,37.63632446885856,34.95428529083021,36.83658944795316,37667400
2020-03-23,37.30473327636719,38.49458478316908,34.807996847144835,36.07587311130924,45286000
2020-03-24,42.20068359375,43.32226180104594,40.123320520513595,40.78651620849117,45588000
2020-03-25,41.44969940185547,43.77088361007832,39.04073921078816,42.824853986135324,54091000
2020-03-26,43.68310546875,44.61938009254409,42.25918734667673,43.79038763363936,62450700
2020-03-27,42.405479431152344,44.16099533333432,41.26439539688272,42.18116386169143,39791500
2020-03-30,43.41978073120117,44.443831408926336,42.083638489225,43.07842802500951,33763900
2020-03-31,41.02057647705078,44.05371621157614,40.874281924908956,43.30274842382814,36723700
2020-04-01,38.90419387817383,41.25463516031686,38.358035594789925,39.54788308389362,37452800
2020-04-02,40.07455062866211,40.56219422174857,38.54335004400466,38.806678030722395,31457700
2020-04-03,40.20134353637695,40.82552681062212,39.54789911335882,39.957521712348324,28522400
2020-04-06,45.224063873291016,45.53615546206638,42.26894501438821,42.27869624885141,37899100
2020-04-07,45.38985824584961,47.174631535893454,44.90221474184287,46.90155236418558,34646400
2020-04-08,47.096614837646484,47.48672744444506,45.643435425184855,45.916518342411386,27694400
2020-04-09,44.98999786376953,48.579054920674,44.22927134686107,48.081656384184775,39799400
2020-04-13,45.02899932861328,45.243563660695024,43.29298964664187,43.79038810366325,30449900
2020-04-14,46.44317626953125,47.18439663849137,45.46788905173935,45.838499236219405,25738000
2020-04-15,45.2825927734375,45.50690842152513,44.51211486016297,45.25333534294704,22389400
2020-04-16,44.40482711791992,46.03355875329066,43.55632825565585,45.858006751384224,26589000
2020-04-17,44.57062530517578,45.73121572135214,43.741628961828056,45.623933535236816,23388300
2020-04-20,42.32745361328125,43.96593592866145,42.22992268949414,43.419773916726605,30463300
2020-04-21,40.38664245605469,42.00561904532236,40.17207808336276,41.93734923954318,32482200
2020-04-22,42.82484817504883,43.107682272549184,41.693515505471716,42.04461938920674,21346600
2020-04-23,42.68832015991211,43.61484372162998,42.34696741589746,42.737083774649825,22273100
2020-04-24,43.06867218017578,43.224717945594286,41.91783326505515,42.71756827787803,16581800
2020-04-27,44.16100311279297,44.268285299787316,43.478305050875115,43.887923888025824,16667200
2020-04-28,44.19026184082031,46.51144256519278,44.161000696606656,45.0680180383008,25234900
2020-04-29,48.59856033325195,48.900896967827194,45.18505531787833,45.428877104690734,35743000
2020-04-30,46.706504821777344,48.354742620573774,46.19935501602656,48.257211665376204,28585400
2020-05-01,43.94643783569336,45.76046870705639,43.4197819115436,45.214310314982576,28194000
2020-05-04,43.361263275146484,43.58557886015412,42.53227073401281,43.097935313504905,21377100
2020-05-05,44.28779602050781,45.78973935121578,43.99521057541003,44.326808405301065,21007500
2020-05-06,44.94123458862305,45.955530418107884,44.78518506978275,44.93147963348287,22011900
2020-05-07,45.438621520996094,46.326132543002956,45.19479977076976,45.95552244094003,16372100
2020-05-08,47.05759811401367,47.262407492696056,46.121323479673045,46.121323479673045,17437100
2020-05-11,47.00884246826172,47.525743479257024,46.26762213357097,46.56021126172144,17353500
2020-05-12,44.56086349487305,47.359939976910674,44.512099886983584,47.32092760242919,26738900
2020-05-13,42.45424270629883,44.74616943103153,41.888578170435785,44.73641447741293,35117500
2020-05-14,44.59988784790039,44.64865146888668,41.45946154676252,41.99587253888915,27543500
2020-05-15,43.312503814697266,43.67335903207522,42.17141959200534,42.21042825195202,28803900
2020-05-18,44.78518295288086,45.009502265398034,43.83915697239267,44.69741068331996,20307800
2020-05-19,44.00495529174805,45.08752462660271,43.907428064640065,44.648644663766326,17389500
2020-05-20,45.48739242553711,45.87750877666437,44.95098523305606,45.36060405335696,17876500
2020-05-21,44.10247802734375,45.419113950268375,43.653843193077805,45.35084415991966,17445300
2020-05-22,43.82939529418945,44.19025415345612,43.14669738838669,44.034208386354834,13385400
2020-05-26,44.66815185546875,45.536156845650545,44.32680283250692,45.077774403448274,24303900
2020-05-27,48.22794723510742,48.35473559823861,42.81510464197959,44.814442427856086,56071500
2020-05-28,45.32159423828125,47.584260088070714,44.931477897107136,47.496484097327794,38289300
2020-05-29,46.726009368896484,46.83329155562664,45.06802039312464,45.46788799430267,26337000
2020-06-01,45.19480514526367,46.49193507609955,45.17529895647496,46.31638681785135,21809100
2020-06-02,45.66294479370117,45.69220221813176,44.44383583675609,45.34110196368882,23035600
2020-06-03,47.71105194091797,48.19869558080679,46.27738216953432,46.852801813420164,34662100
2020-06-04,49.9542121887207,50.695428832846744,47.39895701459767,47.652533773153614,34830800
2020-06-05,52.392425537109375,53.46523988626677,51.2903500443176,51.3586198454226,34110700
2020-06-08,52.372920989990234,53.28968957672934,50.93924768099083,53.15314997023897,22850600
2020-06-09,51.836509704589844,52.17785869385631,51.153808005631966,51.348866165394924,17840800
2020-06-10,51.173316955566406,51.98280333969843,50.2955570494713,51.61219318818881,18766700
2020-06-11,47.32093811035156,49.82742606078479,47.008846486047275,49.173981664605066,29897600
2020-06-12,47.486724853515625,49.232489555931544,46.18959501905633,49.04718635684445,24293600
2020-06-15,48.02314376831055,48.50103241688587,45.93602601762449,46.1896027751924,18092300
2020-06-16,49.7591438293457,50.86121919530357,48.62781104354572,49.89568341584187,20987200
2020-06-17,49.70063400268555,50.23704120978912,49.29101517121839,50.03223179405554,13905100
2020-06-18,49.23250198364258,49.77866420573857,48.78387072286324,49.252008175905914,13220200
2020-06-19,49.57384490966797,51.44639434947519,49.49582015613016,49.89568771694889,28081500
2020-06-22,49.88593292236328,50.129754679128645,48.998421876554346,49.8371655946704,15952200
2020-06-23,48.60832214355469,49.63237312688671,48.34499411005342,49.43731491091251,23194200
2020-06-24,47.096614837646484,48.861882103291954,46.83328687483431,48.42300588569669,19346500
2020-06-25,47.974369049072266,48.09140617475136,46.11157091689938,47.047849320207774,14971900
2020-06-26,47.29167556762695,48.13041939195111,46.95032283267592,47.93536493817935,16929700
2020-06-29,47.935359954833984,47.935359954833984,46.404159585272396,47.4867250846933,24666200
2020-06-30,50.246803283691406,51.17332698382042,49.71039600059331,50.500376350463384,47852100
2020-07-01,48.47177505493164,50.28580985982094,48.38399905726198,50.246797478539875,25218400
2020-07-02,48.59856033325195,49.49582272291749,48.25720759945946,49.252000936105084,18562400
2020-07-06,49.661624908447266,50.15902348862693,49.23249985845503,49.49582786200445,16321000
2020-07-07,47.87684631347656,49.33977703759531,47.79882155571946,49.27150723477045,19797900
2020-07-08,48.48152542114258,48.520537801724444,47.75006002714673,48.33523457459864,15311900
2020-07-09,48.744850158691406,49.14471773192539,47.52574124999937,48.618061790468396,18510800
2020-07-10,49.44706726074219,49.45681849683503,48.17919450440025,48.77411663713527,18128700
2020-07-13,48.23770523071289,50.98801490616002,48.15968418737441,50.0419888282874,23296400
2020-07-14,48.48152542114258,48.55955018230632,46.76502160021949,47.86709716889234,17455200
2020-07-15,49.26175308227539,49.39829641057452,48.18893868861638,48.96916767677069,15911400
2020-07-16,48.86188507080078,49.047192011677424,48.0133862860467,48.58880585741447,14014000
2020-07-17,48.24745559692383,49.18373035047686,48.062148660824164,49.066696936389015,15003800
2020-07-20,49.9444580078125,50.05174019806357,48.31573012432963,48.43276354986465,17604200
2020-07-21,50.246803283691406,51.35863023567587,49.96396906736529,50.3443305277362,16650200
2020-07-22,50.37358856201172,50.490621991712885,49.75915654533571,50.30531875131724,11412600
2020-07-23,51.339107513427734,52.86055658548513,50.29555071234772,50.46135143835302,33399900
2020-07-24,48.78386688232422,50.01272713476525,48.42301165492554,50.01272713476525,25348000
2020-07-27,50.315059661865234,50.43209306755014,49.24224538216636,49.34952383379633,15991700
2020-07-28,48.852134704589844,50.0029738677821,48.80337108996481,49.99321891260191,15614400
2020-07-29,49.14472198486328,49.37879255257546,48.54979619066923,49.14472198486328,14714800
2020-07-30,49.48607635498047,49.495827590424824,47.896357106908745,48.51078911181939,17644300
2020-07-31,48.8228759765625,49.44705915612095,48.042643281689216,49.36903439846353,17433200
2020-08-03,49.14472198486328,49.36903759702366,48.78386675838141,49.14472198486328,15143500
2020-08-04,50.03223419189453,50.207786191058325,49.047195725853705,49.10571057862462,15753100
2020-08-05,49.78841018676758,50.012725793481984,49.37879135374789,49.827422567176704,13198600
2020-08-06,47.496482849121094,48.793612766649915,47.12587270678783,48.764355343979545,32204700
2020-08-07,47.545249938964844,47.964623723239995,46.862548170115154,47.48673136891762,13637300
2020-08-10,47.935359954833984,48.442505946428085,47.07710630984617,47.642770863743365,15881500
2020-08-11,46.579715728759766,48.510787687495046,46.452931069577765,47.79882474691688,21532800
2020-08-12,47.28192138671875,47.5257431783502,46.48218620780163,47.18439415823629,17176600
2020-08-13,44.99974060058594,46.06280355615369,44.79493122796704,45.99453376528073,41051700
2020-08-14,44.47309112548828,44.94123221644825,44.180505733957126,44.47309112548828,18167300
2020-08-17,44.10247802734375,44.80468211670543,43.63434072762778,44.765673465380836,17303800
2020-08-18,43.30274963378906,44.0439662083036,42.961396909395106,43.94643898443396,20118100
2020-08-19,42.961402893066406,43.5953410977894,42.76634469773428,43.205224707125154,19455500
2020-08-20,41.92760467529297,42.58104541183474,41.20589040168432,41.62526425843613,22445400
2020-08-21,41.60574722290039,41.99586354812353,41.35217421580285,41.79105043114763,15476700
2020-08-24,42.67856979370117,42.7370883699338,41.83007090066948,42.054386528922656,14972200
2020-08-25,43.98545455932617,44.414583340862,43.49781092243597,43.770893888983956,21524900
2020-08-26,43.848915100097656,44.68766275395073,43.58558708874199,44.473098362381144,15328900
2020-08-27,43.51731491088867,43.72212805553549,42.590791303626126,43.4490451028149,13777000
2020-08-28,44.56086349487305,44.65839443107677,43.3124972748638,43.51730666025442,13459100
2020-08-31,44.38531494140625,44.687655286237245,44.024459750780615,44.22926915191205,13241800
2020-09-01,44.629127502441406,44.65838863972031,43.94642963967248,44.40481195889957,14079800
2020-09-02,46.647979736328125,46.99907993674504,45.1362818859906,45.28257642648285,24636200
2020-09-03,45.185062408447266,46.647993358888975,44.71692123033122,46.57971982507662,20632800
2020-09-04,45.33134841918945,45.789734591800695,43.780641628884304,45.04851423947506,20608500
2020-09-08,43.91717529296875,45.08752051362947,43.42953176106219,43.878166637939145,20893600
2020-09-09,44.03422164916992,44.746180908533454,43.35151981731735,44.746180908533454,17529100
2020-09-10,43.76112747192383,44.81443923755239,43.585575510985734,44.346301915192385,13744700
2020-09-11,44.950984954833984,45.33134634859495,43.84890943208218,44.112237409399434,18365500
2020-09-14,47.81833267211914,48.36449487141702,47.10637342614235,47.15513704455228,26715400
2020-09-15,47.837833404541016,48.43275915435872,47.49648439419897,48.14992499126093,14456000
2020-09-16,48.96916961669922,49.95421177611232,47.75006061177985,47.89635518054035,23542200
2020-09-17,49.72013854980469,50.02247890620052,47.60376721630956,47.94511623125225,20556900
2020-09-18,49.48607635498047,50.88073368990928,48.735104731295365,50.227293022795635,25549000
2020-09-21,47.935359954833984,48.54978811710467,46.70649618944294,48.383991104549835,21257500
2020-09-22,48.47177505493164,48.54979609706831,47.57450888759453,48.052401257223885,10845300
2020-09-23,48.61806106567383,50.334568466960725,48.41325166496888,49.749393967257205,19160000
2020-09-24,48.24745559692383,49.11546054889019,47.87684544514965,48.296219209425,13842300
2020-09-25,47.92561721801758,48.37424848209771,46.59922589775823,48.34499105370033,17773000
2020-09-28,48.49127960205078,48.54004321678663,46.94057284272878,48.41325484213317,18904000
2020-09-29,49.45680618286133,50.11025045115929,48.36448571156797,48.48151911767175,35676600
2020-09-30,45.79948425292969,48.05239893740355,45.67269960052519,47.74030734307279,55392600
2020-10-01,46.73575973510742,46.98933648456057,45.88726093285337,45.936024547617336,24460000
2020-10-02,45.39961624145508,46.345645970680174,45.35085262787574,45.701956598327335,20277500
2020-10-05,46.42367172241211,46.55046010693329,45.81899466769092,45.8287496236525,16933700
2020-10-06,46.15058898925781,47.62327471223967,46.05306175957737,46.37490459386309,17926200
2020-10-07,47.213645935058594,47.78906544329485,47.12586995175392,47.223397168570294,13889300
2020-10-08,48.66682815551758,48.764355378103765,47.02834551717929,47.779317036453094,14569700
2020-10-09,48.65708541870117,49.34953854604183,48.091420688898914,48.99843822431595,13933700
2020-10-12,49.427547454833984,49.58359323232228,48.84237671935907,49.3300202390631,13108800
2020-10-13,50.56863784790039,51.44639778163392,50.36382843683766,50.60765022727194,22179400
2020-10-14,50.35408020019531,50.95875723475461,50.08099724876088,50.724686665014445,15899400
2020-10-15,50.656410217285156,50.685671359933096,49.076446170021605,49.505571151133,14000600
2020-10-16,50.33456802368164,51.25133656192422,50.3053106011029,50.86122395264921,14225400
2020-10-19,51.32936477661133,52.66550715721416,50.03223105526839,50.685675393506834,24176200
2020-10-20,52.20711898803711,52.860563301130895,51.44639621557508,51.826757601806094,17343400
2020-10-21,51.992557525634766,52.6264919191738,51.86576915875692,51.98280257103065,12922200
2020-10-22,53.03611373901367,53.49449614784712,51.76824124833438,51.97305064720198,14842600
2020-10-23,51.54391860961914,52.782533597682075,51.08553623040752,52.75327617699883,16175700
2020-10-26,50.85146713256836,51.58293243360168,50.129756785653434,51.10504385369786,11678900
2020-10-27,50.67592239379883,51.02702638366298,50.26630355257428,50.74419220066958,8964800
2020-10-28,48.76435852050781,49.593351127186324,48.34498473959742,49.49582389831543,15463700
2020-10-29,49.23250198364258,49.6518758162398,48.159687452139686,48.48153032342025,12420700
2020-10-30,49.0959587097168,49.18373470816594,48.081659109954614,48.77411214192812,15955700
2020-11-02,48.48152542114258,49.53483737430078,48.218197432853025,49.53483737430078,13103200
2020-11-03,49.81767272949219,50.31506757216983,48.77411198661958,48.89114913112942,11429500
2020-11-04,50.67592239379883,51.20257837859505,49.67137776090729,50.45160678259127,13554400
2020-11-05,53.23117446899414,53.42622892278657,51.47565462146044,51.57318556878188,16373600
2020-11-06,53.796836853027344,54.040658630591906,52.98735048613405,53.114135131761564,13922600
2020-11-09,54.57707214355469,56.40086193052006,54.48929614460755,55.07447071106361,20968500
2020-11-10,54.04066467285156,54.55756570854685,53.01661383666682,53.767585441982426,14502100
2020-11-11,54.967185974121094,55.53285060301544,54.46978742966064,54.586824569783886,14765500
2020-11-12,54.859901428222656,55.562109357039965,54.508797463814005,55.2012504378282,13785600
2020-11-13,56.49838638305664,56.75195941173858,55.34754721815525,55.38655959808334,14318800
2020-11-16,60.33126449584961,60.38002810991245,58.13686837919412,58.244150562387546,31397200
2020-11-17,60.45805740356445,60.66286683024582,58.80981959346297,59.49252140282642,17703600
2020-11-18,59.23894500732422,60.506817598462035,59.131662822152684,59.980161627851984,18734500
2020-11-19,60.30200958251953,60.43854919575122,58.17588318110352,58.556244595227646,12723600
2020-11-20,59.882625579833984,61.09197942267726,59.83385825162797,59.96064660819897,14115700
2020-11-23,62.59394073486328,62.906032380824,60.76039952452467,61.06273993423544,20612600
2020-11-24,62.36961364746094,62.70121142547494,61.335807934729,62.70121142547494,22625600
2020-11-25,61.862464904785156,62.41837828878563,61.062729730594114,62.08678050530945,12468500
2020-11-27,62.642696380615234,63.19860975370806,61.94048472768323,62.252580035794736,7500200
2020-11-30,62.506141662597656,63.637478179620885,62.008750638835224,62.96452775343122,20373500
2020-12-01,65.4222640991211,66.93395472384219,63.53020463862385,63.6374868208696,36160400
2020-12-02,67.402099609375,67.67517883735934,65.1101761563912,65.93916879587246,23298900
2020-12-03,68.17257690429688,69.3624284812089,67.83122787178544,68.82601754379746,20462300
2020-12-04,71.52754974365234,72.54184918370281,68.79675042737782,69.35266375654636,31860800
2020-12-07,70.81560516357422,71.58608295509859,69.71353329108669,71.47880076635145,17460600
2020-12-08,71.38127899169922,71.73238301065672,70.20118226608987,70.22068473787574,15431100
2020-12-09,69.64527130126953,72.76618775827029,69.03083552568529,71.34226915971045,18367300
2020-12-10,69.51847076416016,70.17191140553955,67.94825776924196,68.40664394601137,15610600
2020-12-11,68.78700256347656,69.55748031680214,67.68493074562763,68.64070800054249,15322000
2020-12-14,69.77204132080078,70.41572694949568,69.27464280713868,69.6355017195367,13573700
2020-12-15,71.34225463867188,71.55681899657785,70.54251949429069,71.01065314713075,11538300
2020-12-16,71.18622589111328,72.51261736246575,70.83512182864631,72.35657524628732,13889300
2020-12-17,70.47423553466797,71.91765602192802,69.98659207043305,71.77136149448779,11988100
2020-12-18,69.69400787353516,71.6348269130362,69.30389158678463,70.90336166569745,23912500
2020-12-21,69.70376586914062,69.92807772123895,67.92874375576216,68.27009273124847,13180400
2020-12-22,68.6992416381836,70.0061230836748,68.03604595873755,69.74279877957719,11154200
2020-12-23,68.2213363647461,69.30390574727086,68.16282151407475,68.72848987340045,8524000
2020-12-24,68.83578491210938,68.89429977370568,68.03604955993374,68.57245315322163,4848500
2020-12-28,68.9137954711914,70.32795890094222,68.72848852656243,70.01586730205959,8345200
2020-12-29,68.47489929199219,69.63549320162149,67.43134250092318,69.2453769139365,9403400
2020-12-30,70.14266204833984,70.85462506367897,68.63097117159776,68.6797310729336,11620300
2020-12-31,73.32207489013672,73.8097183763864,70.5815208784852,70.60102334396159,23214500
2021-01-04,72.22000885009766,76.66731540601882,71.92741975948194,74.5899566733661,31155900
2021-01-05,75.3506851196289,76.74534600154654,74.15107868574651,74.55094997732405,33418200
2021-01-06,75.20438385009766,76.51126490514622,74.21934186149342,74.47291857398402,22390900
2021-01-07,77.15496826171875,78.10099800283577,76.12116624731074,76.13091376155381,27945300
2021-01-08,75.50672912597656,82.0801698533889,75.16538011273715,80.50020199673021,51272100
2021-01-11,76.7258529663086,77.81817746174804,74.53145645947939,74.69725352085759,19920800
2021-01-12,77.4963150024414,77.65236451594808,75.89684469324979,77.23299074946183,18231000
2021-01-13,77.93519592285156,78.40332956511827,76.60880486834577,76.998913756618,15067700
2021-01-14,79.29085540771484,80.1783629248505,77.58410274160285,78.03273397807872,17639300
2021-01-15,78.72518157958984,79.85651082793056,77.56458746582472,78.92023603731565,14322600
2021-01-19,83.38704681396484,83.56259878910193,78.95924249959617,79.27133407307876,26602500
2021-01-20,81.43646240234375,85.09378855813763,81.1731381931002,83.80641004893215,21191700
2021-01-21,82.90917205810547,82.99694433989904,80.47095390804468,81.92412984204255,14696200
2021-01-22,80.24662780761719,82.8506427868236,80.19786791323226,82.0021477041893,14229500
2021-01-25,79.2713394165039,81.43647810885629,76.940403692249,81.13414146940457,19283400
2021-01-26,77.54507446289062,79.95403463691603,77.05743094396563,79.76872771865267,13678000
2021-01-27,73.23433685302734,75.6725556712667,72.49312368969697,75.41898627158419,23513400
2021-01-28,76.45277404785156,78.19853928073573,74.82404597456673,75.29217973126023,18351400
2021-01-29,76.33570861816406,77.40853024838715,75.0483301027455,76.42348831556829,17934400
2021-02-01,78.44233703613281,79.08602261420431,76.54053028177425,77.62309205212861,14900200
2021-02-02,79.60293579101562,79.71996548088674,77.94494325629086,79.25183183970215,11386200
2021-02-03,77.15496826171875,80.49044858208654,77.01842865381016,79.82725301188033,17456000
2021-02-04,79.24208068847656,79.32985296009251,77.00867222909314,77.19397916808295,11519700
2021-02-05,79.09577941894531,79.99304173221098,78.72517301325291,79.74921996615944,10958000
2021-02-08,81.93388366699219,81.9826435648095,79.6224502139372,79.72973240632696,12394800
2021-02-09,81.26094055175781,81.92413623798511,80.3636779882891,81.2901979813065,10362500
2021-02-10,80.31488037109375,82.35323400458373,79.29083351863626,81.92410535735446,9869200
2021-02-11,84.34283447265625,84.49887654457723,81.9241191106533,82.31423545173124,18750400
2021-02-12,85.83501434326172,86.1373509441299,83.34802941870518,83.98196748191073,14273900
2021-02-16,85.57170104980469,87.01512945071333,84.89875790851286,87.01512945071333,10312800
2021-02-17,83.9234619140625,85.16207331586877,82.80188020766603,84.54764509241612,10033500
2021-02-18,86.3519515991211,86.53725859544336,83.83570819571938,84.38186678590789,19168100
2021-02-19,88.71212005615234,89.22902106551729,86.61525115328932,88.01966705862094,21886500
2021-02-22,84.14778137207031,88.2829971614351,83.79667737250762,87.31746488306325,16077000
2021-02-23,86.0495834350586,86.99560566435756,80.40267027725032,83.13346967141692,23203200
2021-02-24,90.2335433959961,90.31156813611884,85.5619255540905,86.1178388059797,21281700
2021-02-25,85.94230651855469,90.79923236895539,85.41565056353826,89.25827688289071,22546200
2021-02-26,89.26803588867188,90.64319440709205,86.04959260532497,87.52227091435623,22787600
2021-03-01,92.41822052001953,93.3837527997325,90.28233909318828,92.20365613767196,19908900
2021-03-02,88.8388900756836,92.55473863964582,88.65359060375641,91.25760513190875,18679600
2021-03-03,86.9078369140625,91.02354980098855,86.20562898859735,88.33175523365558,26424100
2021-03-04,82.24595642089844,87.53201029882293,79.82724133031095,86.61523811629266,31971100
2021-03-05,86.73228454589844,87.11264593035406,81.2414206967992,85.36688107923328,30329100
2021-03-08,82.94818115234375,87.50277069025422,82.77262915486632,86.38118889752901,22708300
2021-03-09,87.0931396484375,87.95138960435017,84.16727839405573,85.82526346186542,22301400
2021-03-10,83.29927825927734,87.78559761835324,83.20174359252648,87.78559761835324,23407800
2021-03-11,87.10289764404297,87.99041256961907,84.7036920196258,85.42540246578767,20716500
2021-03-12,85.60093688964844,86.34215709458964,84.29405587860539,85.40588246559254,21916400
2021-03-15,86.65426635742188,86.71278864928526,84.0112389344933,85.60095439409106,16144400
2021-03-16,89.17052459716797,92.34020855181618,87.88314556552955,88.5073288874844,28539000
2021-03-17,92.41822052001953,93.13017603506255,87.87337843095143,89.07298500459872,24616700
2021-03-18,87.60028839111328,91.1698428044138,87.20042454311661,90.67244429221533,27081000
2021-03-19,88.27325439453125,90.38962602067112,86.69328631151612,88.12695981336941,24963400
2021-03-22,89.02420806884766,90.13603480219156,87.43449272506477,89.56061896688651,19365800
2021-03-23,83.28950500488281,89.01443450085561,82.87013132888602,88.77061276924931,32043800
2021-03-24,80.9488296508789,84.99627262159287,80.87080489673669,84.90849291297035,24232800
2021-03-25,82.01188659667969,82.34348807154913,78.5008546134995,79.13479270066325,23630200
2021-03-26,85.81551361083984,85.96180817042874,81.95337741828513,82.08016950899236,23949100
2021-03-29,84.45010375976562,86.0690838664247,83.65036866056711,85.59119528590178,21772800
2021-03-30,84.4013671875,85.06456287547758,83.1432456276226,84.12828792318898,13897000
2021-03-31,86.03007507324219,86.87857753757964,84.56714440836048,85.27910727257698,25372300
2021-04-01,90.12629699707031,92.04760660053918,88.99496023237083,90.70171289436149,39700600
2021-04-05,91.43317413330078,92.3304365629914,90.18480771967023,91.60872612527075,19795100
2021-04-06,91.17958068847656,93.72508038562383,90.37009812338424,91.52092965458168,22847000
2021-04-07,91.63796997070312,92.72053918728444,90.25306415086295,91.92080410701128,17621500
2021-04-08,92.93510437011719,94.00791864251957,91.46241883352998,92.65227023124615,17815600
2021-04-09,92.94486236572266,93.02287967763525,91.00403570521654,92.00858021427199,14080200
2021-04-12,93.2276840209961,94.56382993646172,92.40844648393364,92.83757516002325,18818300
2021-04-13,89.87271118164062,94.4273003265854,89.14124582873663,93.91039933440264,27102100
2021-04-14,88.42928314208984,90.24331781661101,87.29795392964728,89.39482276749169,19117400
2021-04-15,88.03916931152344,89.68740700520769,87.23943413203207,89.48259759299228,16017000
2021-04-16,88.41954040527344,89.07298103816058,87.85387204806482,88.20497603248046,12358700
2021-04-19,86.22515106201172,88.43904988964572,84.38185127720371,88.42929493351302,21361600
2021-04-20,85.31812286376953,86.75178871904502,84.39159560993251,86.19587534308297,17396900
2021-04-21,87.2784423828125,87.34671218365472,84.19653894941352,84.90849438093232,14781300
2021-04-22,82.61656188964844,86.17636097144727,81.8265817910382,86.02031147792705,34044100
2021-04-23,83.9039535522461,84.32332733051939,82.4800351853032,83.1334757995649,18118600
2021-04-26,85.66921997070312,86.11785860915089,83.98197736244052,84.33308133288196,14757700
2021-04-27,87.24920654296875,87.96116959145948,85.85454531717353,87.12242186456993,17681000
2021-04-28,83.9039535522461,85.59120362042019,83.24075798290346,85.49367639216257,19433500
2021-04-29,85.88379669189453,85.9130541201658,83.43583094241295,85.55220258368487,16463300
2021-04-30,83.94296264648438,86.29340819201286,83.4455641287312,84.7817101702053,14548100
2021-05-03,82.91889953613281,84.8597260719979,81.79732541081167,84.82071369812202,16300400
2021-05-04,82.32398223876953,83.328526694806,80.0027943321187,82.06065057230683,17850500
2021-05-05,83.04570007324219,83.82592530771099,81.95337581596556,83.37729412370012,13172100
2021-05-06,82.70435333251953,83.01644492302204,81.22191269699478,82.77262313541537,13716900
2021-05-07,83.85520935058594,84.18680347688404,82.88966951985496,83.78693953394503,12746100
2021-05-10,78.85198211669922,82.89942617704291,78.80322221287105,82.85065883236264,24862900
2021-05-11,78.68617248535156,78.76419724803998,74.92156325542075,75.36043952405402,23227800
2021-05-12,74.90206909179688,77.99372810789345,74.52170763257246,77.18423784714335,23472600
2021-05-13,75.28240203857422,76.91112945898928,74.63870908007786,76.04312466890705,20153800
2021-05-14,77.73038482666016,78.16926851966929,75.1751371917674,76.84287736716057,18241100
2021-05-17,78.40333557128906,78.43259299606576,75.79932059425322,77.1452142199362,15011500
2021-05-18,76.9306411743164,78.92022768410689,76.8526238639941,78.55937623142296,20893800
2021-05-19,77.95469665527344,78.28629069109195,74.2778676351363,75.30191460532572,27300000
2021-05-20,79.12505340576172,79.47615741765017,77.55484030838596,78.5106251053826,17123000
2021-05-21,78.72518157958984,79.96379301193494,78.38383255814439,79.74922864392619,13076900
2021-05-24,80.851318359375,81.55352640331617,79.34937503002341,79.40788988673465,15730400
2021-05-25,79.22257995605469,81.64128796659507,77.74013929334231,81.50474835829927,26272100
2021-05-26,80.20760345458984,80.40266532556365,79.01775208462305,79.56391788250016,12609800
2021-05-27,81.85586547851562,82.65560078731933,80.29540724680739,80.42219192034088,22286500
2021-05-28,82.06068420410156,82.63610766012444,81.16342154950425,82.13870898472376,11330300
2021-06-01,82.0704116821289,83.64062452234373,81.55351070507373,82.82137948182506,11067200
2021-06-02,82.25570678710938,82.72384784828013,81.38770190194982,82.30447411628228,10314200
2021-06-03,80.00282287597656,81.99241003116929,79.86628323755814,81.61204854688194,14742100
2021-06-04,81.69004821777344,82.28497393412482,80.80253339995909,80.91957052871426,12591100
2021-06-07,81.96312713623047,82.14843406259317,80.60747868963475,81.13413460599457,9006400
2021-06-08,78.53988647460938,82.8799195012699,78.03274034356892,82.87016454465805,29666500
2021-06-09,76.71610260009766,78.56914251766973,76.57955553249552,78.18878106588586,21434900
2021-06-10,77.32076263427734,78.84220817912235,76.58929728527873,77.43779976882323,22683300
2021-06-11,77.37925720214844,78.76417022168441,77.25247258692156,78.09121989589536,12675700
2021-06-14,78.50086975097656,78.93975348403607,77.4085527780668,77.53533744360774,14303000
2021-06-15,80.14910125732422,80.86106417720477,77.94495013313522,78.64715809771585,22308600
2021-06-16,78.50086975097656,81.05612505990004,78.140018225648,80.6855185784987,18116400
2021-06-17,78.64715576171875,79.42738846382271,77.39878939103282,77.73038345287416,16003900
2021-06-18,75.04834747314453,77.3207684473477,74.248612262415,76.95016198803187,39881500
2021-06-21,75.1653823852539,75.37994675459156,73.83899123012174,74.95081801591625,19810100
2021-06-22,75.74079895019531,76.34547218360532,75.14587323026934,75.69203161937516,16771800
2021-06-23,77.06717681884766,77.8961767360792,76.14065712892344,76.16991454890113,16662200
2021-06-24,78.58865356445312,78.9007452073647,77.94496036546893,78.44235897915202,15721000
2021-06-25,80.00282287597656,80.79280327551918,79.08605035443668,79.55419157248,19603800
2021-06-28,81.3194580078125,81.5340224191576,80.12961367000698,80.58799248232809,18365500
2021-06-29,80.88056945800781,81.76807695902865,79.84676738580633,81.47549525751836,18530800
2021-06-30,82.8799057006836,83.28952451995382,81.36820763418807,82.75311360839721,40670800
2021-07-01,78.13025665283203,80.21737062457417,77.93520219300312,80.20761566932752,53299000
2021-07-02,78.34484100341797,78.89099958290612,76.94042472375976,78.61792029316204,22685500
2021-07-06,79.07628631591797,79.5249175256781,77.78890753634738,78.79345214090276,21126500
2021-07-07,76.2869644165039,79.78824182138784,76.02363271100555,79.67121212192251,23026900
2021-07-08,75.20438385009766,75.95535159293384,74.08280227188683,74.36563640488606,23114500
2021-07-09,76.79411315917969,76.99892258125027,74.83379121613946,75.49698681939935,15441100
2021-07-12,77.5938491821289,77.75965366530218,75.7895693053931,76.80386891153968,12639300
2021-07-13,76.51126861572266,77.53532302828526,76.16991962515176,77.32075867968358,14263400
2021-07-14,76.55029296875,78.76419915841254,76.38449592465399,77.3890405858665,15952300
2021-07-15,75.01908874511719,76.52103190813912,74.45342039004709,76.40399476682612,16616800
2021-07-16,73.15629577636719,75.69204103665209,72.99049129545998,75.25316476806753,19132100
2021-07-19,72.73690032958984,72.8344275334874,71.39099961691805,72.01518265088082,23436900
2021-07-20,73.52689361572266,74.04379458637281,71.94692584056081,72.81493820209698,14855800
2021-07-21,75.28240203857422,75.33116192155644,73.47811522870659,73.4878701816426,15945800
2021-07-22,73.66343688964844,74.36564482475927,72.61987994187271,74.3461423558286,19042200
2021-07-23,74.06329345703125,74.16082066398387,73.04899413485629,74.0535385040813,12345200
2021-07-26,74.41441345214844,75.56525260117765,73.6439357011089,73.93651738525837,12023900
2021-07-27,72.38581085205078,72.94172420986091,70.71807077862042,72.94172420986091,23940500
2021-07-28,73.6829605102539,74.13159178764421,72.54186868294077,72.70767318353103,14348300
2021-07-29,75.17513275146484,75.21414512904028,74.0730535472969,74.1998456346296,14529400
2021-07-30,75.66276550292969,76.17966641048712,74.18032513020175,74.2485949209952,12528900
2021-08-02,75.7212905883789,77.52557025283312,75.55549356556341,77.0866940298862,14904200
2021-08-03,78.86174011230469,79.06654957431927,76.01390267736048,76.92092026105497,25807600
2021-08-04,79.95405578613281,81.03661783892088,77.57435240323467,78.46185997319732,29176900
2021-08-05,79.47613525390625,81.0170904940358,79.15429620013683,80.11007328974175,14821000
2021-08-06,79.97354125976562,80.83179121896931,79.04702150199857,79.19330861259866,14612600
2021-08-09,78.227783203125,80.01256051437149,78.10099854942275,79.71022387200809,13363300
2021-08-10,74.0340576171875,77.84742683868677,73.89751055863674,77.84742683868677,40705000
2021-08-11,73.17579650878906,74.17059360720368,71.89817267386616,74.16083865188766,31624900
2021-08-12,68.51390838623047,70.41571496651935,67.1094927941101,70.39621250145053,72492400
2021-08-13,69.16736602783203,69.47945763234638,68.15306645294768,68.31887093101061,25301400
2021-08-16,69.17711639404297,69.98660649734343,68.19207430979601,68.46515351552381,18135900
2021-08-17,69.03083038330078,69.6842710551748,67.8897460862937,68.43590456537034,17545800
2021-08-18,68.87478637695312,70.10364292069858,68.83577399512535,69.48921464882585,14004300
2021-08-19,68.54317474365234,69.0698306593839,67.33382084874096,68.40663514781637,18022600
2021-08-20,68.49442291259766,69.27464820333279,67.86048474829045,68.40664319589011,14603100
2021-08-23,69.96707916259766,70.10361873145642,67.19726797620741,69.08931947647102,22265000
2021-08-24,70.20117950439453,70.89363255874993,69.9183453090914,70.35722159509726,18092700
2021-08-25,72.21026611328125,75.1263727954958,70.39623130259035,70.99115709754011,36552100
2021-08-26,70.97164154052734,71.43002768451696,69.92808460370325,71.42028017057913,20315100
2021-08-27,72.17124938964844,72.31754395090566,70.36696964307733,70.66930627971857,14994200
2021-08-30,71.35200500488281,72.90270786136277,71.03015848872101,72.2882796912037,12810700
2021-08-31,71.87865447998047,72.77592424438615,71.50804807003783,71.8591520124466,14807400
2021-09-01,71.89815521240234,72.48332589478491,71.21544988224856,72.48332589478491,14007100
2021-09-02,72.1614990234375,72.18100893463269,70.52301620303618,71.40077618554598,14803300
2021-09-03,71.98595428466797,72.87346931225598,71.78114484157497,72.17126125545046,9222500
2021-09-07,71.8201675415039,72.64916038951283,71.35203373030365,71.93720471473036,12028400
2021-09-08,70.48399353027344,71.43002318213667,69.3526643942168,71.39101080629335,17375500
2021-09-09,71.06916809082031,71.4592769475938,69.65499744204321,69.85980682410414,14638100
2021-09-10,71.68360900878906,73.76096806054156,71.64459662799104,71.9469332781123,18240600
2021-09-13,72.5125961303711,73.36109860636206,71.70310603221479,72.71740553336541,15796700
2021-09-14,71.6738510131836,72.28828668362662,71.10819011773276,71.96644013633271,13945100
2021-09-15,71.99569702148438,72.10297920311253,69.98660787617635,71.14719452338466,15258800
2021-09-16,72.78567504882812,73.10752158406386,70.98139536594178,71.48854883495267,12867700
2021-09-17,72.46383666992188,72.65889111940567,71.5080520094106,72.57111884939305,20449600
2021-09-20,70.58153533935547,70.96189674129141,69.43069617838628,70.80584722211225,23228300
2021-09-21,70.35721588134766,71.32274809665984,69.88908220640565,71.11793868376638,16026800
2021-09-22,72.1419906616211,72.73691641002367,70.84485698455646,71.23497332724098,16996100
2021-09-23,72.21026611328125,72.94173152272593,71.43978832243073,71.79089231423225,17304500
2021-09-24,72.22000885009766,72.65888504517157,71.26422426948933,71.488543564408,14804300
2021-09-27,73.32207489013672,74.00477279454664,71.69334743186656,71.82988701274853,18435200
2021-09-28,71.29347229003906,73.1367639716633,71.2544599203776,72.65887546479556,27311500
2021-09-29,69.86957550048828,71.50805831963083,68.48466944073172,69.40144180407665,38169200
2021-09-30,69.32263946533203,70.90480813443816,69.20543875044444,70.51414653606311,16923300
2021-10-01,69.3324203491211,69.89887945553087,68.46320195708816,69.67424655083308,17813800
2021-10-04,68.9710693359375,69.89888444267527,68.71713808886868,68.95153215087296,19525700
2021-10-05,68.8538589477539,69.54727989548886,67.98464061529376,69.54727989548886,14512100
2021-10-06,68.30693054199219,68.73665164599272,67.41817511204007,68.1702000837305,17899300
2021-10-07,68.8929214477539,69.99653373873086,68.48273006009005,68.75619098519928,15236100
2021-10-08,68.48274993896484,69.28360321693211,68.07255098097885,69.27383462355652,13666200
2021-10-11,67.60374450683594,68.71712540999448,67.56467759516791,68.26786710268941,12700200
2021-10-12,65.16212463378906,67.80884667918774,64.13663859552936,67.76977976378951,36911700
2021-10-13,64.8300552368164,65.8457726153902,64.683563627949,65.18165000060164,17532400
2021-10-14,66.21690368652344,66.49036462113271,65.25001437325999,65.7090412783191,15541600
2021-10-15,66.0997085571289,66.861494782808,65.90438143048122,66.50013140213231,11786100
2021-10-18,65.68951416015625,66.05087007329537,64.74216199097718,65.44535153722359,11849300
2021-10-19,65.99227142333984,66.30479927314896,65.08398619557404,65.79694431142853,16930300
2021-10-20,66.67591094970703,67.5841960028805,65.44533696895607,65.6308954542279,19457800
2021-10-21,67.03730010986328,67.09589676454092,66.08994778589144,66.36340877605792,11140700
2021-10-22,65.93368530273438,67.47678761610993,65.51372523897481,66.91033592066333,17892100
2021-10-25,67.15448760986328,69.45938328792226,66.93962331680244,67.99440760023656,23341300
2021-10-26,67.3302993774414,68.18974928207865,66.8712723716823,67.75025946236428,14267900
2021-10-27,66.64662170410156,67.08611885811293,65.87506698822725,66.92008262593018,13541900
2021-10-28,67.9553451538086,68.70736277769285,67.56468345450091,67.67211560809183,16966000
2021-10-29,67.4865493774414,67.92604658177389,66.45130221162857,66.79312840305242,11440900
2021-11-01,69.04917907714844,69.31287885318095,67.33027976847833,67.35957808775947,11988400
2021-11-02,69.10778045654297,69.19567541093916,68.40459101637028,68.8440806908528,9761100
2021-11-03,69.58633422851562,69.66446804121267,68.61945251295376,69.06871075908604,10266900
2021-11-04,70.55323791503906,70.78763942612511,69.38126016462009,70.68020726302387,15936600
2021-11-05,71.21734619140625,72.018199230484,70.67042434557305,71.29548001259708,13019300
2021-11-08,72.8190689086914,73.27809589901089,71.41269706215755,71.60802420851549,18742300
2021-11-09,73.82500457763672,74.4891271874328,72.81905579763345,73.34644793934667,20127300
2021-11-10,71.6958999633789,73.39526934839508,71.49079684938967,72.42838766655402,15228300
2021-11-11,72.80929565429688,73.20971847309004,71.901010417459,72.29166464518352,12192600
2021-11-12,75.49507141113281,76.19825337032376,73.19993723781695,73.26830246098484,26553200
2021-11-15,74.98719787597656,76.45217311174453,74.81140054963443,75.94431830856135,12650700
2021-11-16,75.01653289794922,75.3485979885362,74.01058393599243,74.77237023917318,11807600
2021-11-17,73.69802856445312,74.7821109614947,73.43433626980122,74.69421601369415,11600500
2021-11-18,75.22161865234375,75.69041417351772,73.98127578895442,75.10442536048927,16848200
2021-11-19,81.0912857055664,81.90190736770933,77.08702034912464,77.08702034912464,47216100
2021-11-22,81.90191650390625,85.62295275066145,81.70658937253552,81.70658937253552,34775200
2021-11-23,83.41571044921875,85.66200179637036,82.36092627686014,83.05434713519287,31823300
2021-11-24,84.1970443725586,85.12486688069987,82.63440495773155,82.77113544082565,21666100
2021-11-26,81.47217559814453,82.08747012663682,80.06580407141497,81.18894608445386,16487200
2021-11-29,84.12867736816406,84.25563925659033,82.19491346135244,82.40977032224636,18889800
2021-11-30,82.03864288330078,84.8904605857055,81.98980737727418,83.58175247821575,27301000
2021-12-01,83.16177368164062,86.97071130279409,83.01527464789426,84.52908557785602,31633400
2021-12-02,80.94478607177734,81.63820699248602,79.45051208547893,80.70062346091156,22994500
2021-12-03,79.71420288085938,82.45858793284152,78.75708227574154,81.75539850071425,19167200
2021-12-06,80.5248031616211,81.28659654972888,78.64963663223907,79.91928482783595,15094900
2021-12-07,83.8259048461914,85.00765092512816,82.36092925972005,82.44882421830778,21716900
2021-12-08,84.011474609375,84.32400247831093,82.06794215728138,83.4450229696645,12908500
2021-12-09,82.94690704345703,84.51931456125851,82.65390898437906,83.30827032281985,11964300
2021-12-10,83.54267883300781,83.67940929736409,82.16559814752483,82.37069384405926,11955900
2021-12-13,82.38046264648438,85.33971227033993,82.2339635910828,84.58769471444735,13054400
2021-12-14,81.34520721435547,82.79064553599898,80.97408276987959,81.27684198902436,12082500
2021-12-15,83.65989685058594,83.78685875050256,80.14394860863159,81.53079817129269,13971500
2021-12-16,80.75922393798828,84.30446220655398,80.21229464728923,83.87473364627284,16503200
2021-12-17,81.06198120117188,81.34521070433814,79.05008381118168,79.71420636485577,23165900
2021-12-20,80.11463928222656,81.30615408382346,79.0207954915818,80.22207143327232,22346800
2021-12-21,88.56266784667969,89.01192618358778,85.31041988571779,86.91212611339083,58363600
2021-12-22,88.2305908203125,88.36732872721863,86.8437490836668,87.8985332712217,18593900
2021-12-23,92.21533203125,92.78179107029531,88.24036506976215,88.58219123082347,36400100
2021-12-27,92.22510528564453,92.71343052649804,90.56480244724332,91.53168433778276,17110100
2021-12-28,90.76988983154297,91.69770472359238,89.9104327176434,91.56097426479039,13683800
2021-12-29,93.92446899414062,94.49092802538382,91.71724441240215,91.80513937349953,32234600
2021-12-30,91.69772338867188,93.27990002847005,91.24846501098286,92.19581727640971,19327800
2021-12-31,91.07199096679688,92.31365624764041,90.95466526766982,91.90302748949023,13660600
2022-01-03,93.6139907836914,93.70197946615468,91.39463365760233,91.81504143416328,18705500
2022-01-04,94.1908187866211,94.43524172197255,91.45328638620245,93.46732898655569,19725000
2022-01-05,92.29410552978516,96.25375276352246,92.24521795710348,93.25223929709695,28613100
2022-01-06,93.51622009277344,94.55257099090109,92.02035286534124,92.97848663099231,22320300
2022-01-07,92.34297943115234,95.021860098932,91.84436202748468,93.94639324585471,14857900
2022-01-10,91.79549407958984,93.53578450954844,89.00907359009449,92.1572427765128,20290000
2022-01-11,92.09857940673828,92.16701754539085,89.60546939079654,90.39739748937599,14924900
2022-01-12,92.98827362060547,94.08329119169845,91.68794165353198,93.03716119739953,13339200
2022-01-13,93.48687744140625,95.92132754005893,93.17401641450789,94.34724340057791,23679800
2022-01-14,95.18807220458984,95.25651033075516,92.2941054337192,92.33321399998457,18385000
2022-01-18,90.7982406616211,93.809525753556,90.47560057560062,93.39889698545531,19900500
2022-01-19,87.99226379394531,92.66562949975228,87.76739139331427,91.62927855756651,19043800
2022-01-20,83.17223358154297,88.3148940715323,83.03535733869727,88.26600650228919,24701300
2022-01-21,80.1022720336914,83.24066113334439,79.70141490254575,82.34118666337176,29716300
2022-01-24,81.09952545166016,81.18752158552556,75.90798478867339,78.47931133524884,29757100
2022-01-25,78.91928100585938,80.58135403408697,77.8731511084981,79.11481637652277,22128400
2022-01-26,80.14138793945312,82.8984781696161,78.81172666229129,81.39283209226532,21018700
2022-01-27,76.96388244628906,81.83278234229843,76.64124243436699,81.64702601416934,22694000
2022-01-28,77.50162506103516,77.51140406752904,73.83528084144949,75.64401662380222,24434600
2022-01-31,80.43470001220703,80.47380857877978,76.27950991860575,77.19854258507452,21898200
2022-02-01,79.63298797607422,80.55202058403799,78.62596669332032,80.3662567694421,15237400
2022-02-02,82.62471008300781,82.81046639424821,80.69865665016823,81.07017673184313,19862800
2022-02-03,80.14138793945312,83.2797773268262,79.88718601491455,80.82576912952369,19598200
2022-02-04,79.3592300415039,80.35647970920827,78.05889834694595,79.40811760805241,15657500
2022-02-07,79.06592559814453,80.20982302653563,78.68462645534751,79.54499241308524,11799800
2022-02-08,82.2434310913086,82.5171835824982,79.19303020549029,79.33968545696926,18315700
2022-02-09,86.1541976928711,86.79947035409138,81.69591834423935,82.71271863570989,22386900
2022-02-10,88.98949432373047,92.52874092612407,86.50616399572559,87.20032420038152,33820700
2022-02-11,87.75762939453125,92.47010418099744,86.96569386196255,89.24371784048185,31000000
2022-02-14,87.8553695678711,91.09152644305262,86.7310227130585,89.93785003311193,23499100
2022-02-15,93.8584213256836,94.3472672700882,88.97974088910087,88.97974088910087,27069700
2022-02-16,93.91706085205078,94.33746857486965,91.48261064554858,92.33320509660878,15573600
2022-02-17,91.63904571533203,93.85840257756803,91.40439433826724,92.91981944689581,17943300
2022-02-18,88.77439880371094,92.56783946401454,86.91678330242195,92.42118423458741,19530500
2022-02-22,88.54954528808594,91.87369887216263,86.69192939176105,87.83582699800031,24825700
2022-02-23,85.36227416992188,89.82055413736884,85.1276302113816,89.42947590033708,19135400
2022-02-24,86.84835815429688,86.95590484131793,81.92079094066345,82.25320254840419,24472300
2022-02-25,88.09001159667969,88.46153917826298,85.33292158528475,85.99775217111306,15008700
2022-02-28,86.87767791748047,87.7478228622198,85.21560514777941,86.47682077301657,17269800
2022-03-01,84.33570098876953,87.8358321394263,82.77139552210772,86.58438776609685,20794800
2022-03-02,91.2186508178711,91.97147024571017,85.08851886022377,85.22539511983086,28398700
2022-03-03,87.1905288696289,90.13338239349703,86.41815168419933,89.5760985330218,22099800
2022-03-04,80.08272552490234,85.46980107131428,78.72372728772855,85.46980107131428,28211500
2022-03-07,74.01126098632812,81.1190840414428,73.94282286358764,79.93607794310236,26715500
2022-03-08,75.4386978149414,78.45976169415266,72.28075023043894,74.54899475612636,28343200
2022-03-09,77.6678466796875,78.69441869595393,75.8102305836661,78.18602219159301,19647900
2022-03-10,74.03083801269531,76.00577253274588,72.16344274811873,76.00577253274588,21692000
2022-03-11,71.19550323486328,74.98894402262277,71.01951844547678,74.94984292204362,22786500
2022-03-14,67.851806640625,70.86309891870319,67.42161989827216,70.14938068336288,24893400
2022-03-15,71.47904205322266,71.88967078430856,66.81544838424638,68.48730778503128,22851000
2022-03-16,77.89269256591797,77.93180112732297,74.45122121342698,74.76408224547161,35742800
2022-03-17,78.72374725341797,78.78241383873868,75.47781049543038,76.4555023798748,21612200
2022-03-18,77.63850402832031,79.38856566472846,76.31861422259718,77.33541451910885,28601200
2022-03-21,76.60213470458984,78.10778065065048,73.84504471484112,77.22785672643388,30878200
2022-03-22,77.35497283935547,77.95136539506444,75.78088854762468,75.96664490521556,16768000
2022-03-23,73.9623794555664,76.47504685537146,73.40509547846398,76.12307724254933,28059800
2022-03-24,76.46527862548828,76.787918725909,73.63974977823335,74.20681284093699,23348000
2022-03-25,76.35772705078125,76.55326988364253,73.45398125075948,76.52393286431607,22491000
2022-03-28,78.07846069335938,78.3913217427366,75.54623528126608,76.83678804234657,26605300
2022-03-29,80.21961975097656,80.7084656788699,77.49185857822808,80.26849986824776,41290700
2022-03-30,77.39408111572266,84.31613291199378,76.84656867333584,82.41941602342717,70087000
2022-03-31,76.15239715576172,78.17621844357532,75.11604645992519,75.93730381303455,34588600
2022-04-01,74.48055267333984,77.14965424868694,72.40784362107038,76.68035895902752,33536100
2022-04-04,75.93730926513672,76.43593409915015,74.80319082095967,75.184489970736,24305700
2022-04-05,72.94559478759766,76.27952035782774,72.64251267917604,74.99874632887452,21171400
2022-04-06,72.13410186767578,73.21934039336074,69.87563613221089,71.5474882627858,28080100
2022-04-07,71.645263671875,73.01403387020311,70.52091645684843,72.0265629290896,22658600
2022-04-08,70.6270751953125,71.32218413836648,69.34455098046266,70.9795258522681,20562600
2022-04-11,70.51937103271484,71.38092027460505,68.62005471606344,69.07041407580931,21127900
2022-04-12,70.45082092285156,72.0466331249958,70.06900077958156,71.26341557417487,18658500
2022-04-13,70.86203002929688,72.20330081476834,70.35293885584612,70.84245275967506,18892000
2022-04-14,68.65922546386719,71.28302059295268,68.62006345067006,71.03826361251332,18543500
2022-04-18,69.65782165527344,70.58789497325698,68.58089268987446,68.77669524016937,17476700
2022-04-19,71.2046890258789,71.87042817111062,69.28578813067851,69.47180578680447,15139000
2022-04-20,71.66482543945312,74.63128567732487,71.3613292393237,72.26203294056428,19042600
2022-04-21,69.43265533447266,72.92778456113193,69.1683210938705,72.4186933509615,17645300
2022-04-22,67.95430755615234,69.49138054990283,67.85639882315651,69.15850729036977,18682400
2022-04-25,68.64944458007812,68.69839149739627,66.50537091575012,66.985092534056,20072100
2022-04-26,65.67320251464844,67.70958262426339,65.63404049684148,67.24943825177056,18628700
2022-04-27,65.07598876953125,67.04383703253575,64.47878112488506,64.74311538378873,17123600
2022-04-28,68.70816040039062,69.32494512754108,65.65359146009942,66.23122165452541,21058400
2022-04-29,66.75990295410156,69.83404941287304,66.5934625641257,67.650814299718,16843500
2022-05-02,69.11934661865234,69.25640988421398,66.16268657232403,66.730524369301,15342800
2022-05-03,69.76551055908203,70.45082690794426,68.72773619873468,68.99207784000153,13539100
2022-05-04,72.07601928710938,72.35014583783007,68.68858446719679,70.26481213384079,17201900
2022-05-05,69.79488372802734,71.03824558662565,68.88438769305485,70.79348866829314,16603600
2022-05-06,68.87459564208984,70.40188389870266,67.44521612877165,69.07040565929067,15159800
2022-05-09,66.5053482055664,69.90257532789602,66.06478875319131,67.74871002784799,21770900
2022-05-10,67.46480560302734,69.10956504669014,66.19206654470092,68.11096003169645,17662700
2022-05-11,65.5556869506836,69.39347333545406,65.4186236847552,67.22003834599484,17237300
2022-05-12,66.28997039794922,67.45501585181037,64.48856285961895,64.61583378263494,27022900
2022-05-13,70.41168212890625,71.1067910154536,66.59347196853658,67.65082385344938,22872000
2022-05-16,68.99209594726562,70.52916942117196,68.84524027128425,70.01028583950912,13394700
2022-05-17,72.91798400878906,73.16274092582135,70.63684774939497,70.73474902233022,17671500
2022-05-18,69.55992126464844,72.66343728955677,68.62004809699368,71.64524758242128,20635100
2022-05-19,67.94453430175781,70.19629387571653,67.60187604804558,69.27601277565937,17558000
2022-05-20,67.45501708984375,69.20747775274201,64.72352862439155,69.11936136642969,20313300
2022-05-23,68.13055419921875,68.72776187032312,67.08299454930285,67.32775154666069,12356200
2022-05-24,65.22284698486328,66.9753079725986,64.62563931705552,66.92635358564095,18764500
2022-05-25,66.44662475585938,67.40606789325358,64.51793864147378,64.54730828270564,16241200
2022-05-26,69.11934661865234,69.55012115006767,64.95847934558928,64.99764134566229,14902500
2022-05-27,71.7823257446289,71.89981178228923,70.13755856433504,70.25504460199537,13078700
2022-05-31,72.2914047241211,72.91798934945336,70.42146562511817,71.92916924079097,15453000
2022-06-01,72.00750732421875,73.80891513223689,71.02847939306358,72.93758087106002,13595400
2022-06-02,73.78932189941406,73.82848390451632,71.5962944300203,71.5962944300203,11373200
2022-06-03,68.47319793701172,70.1864963671935,67.66060317461516,70.1864963671935,30306600
2022-06-06,68.9725112915039,70.62707080210542,68.5417441026568,69.25643027357926,13198700
2022-06-07,69.27600860595703,69.3837022605545,66.69137583439633,67.21025936869907,14328000
2022-06-08,67.16132354736328,68.92357704640604,66.33894356073756,68.37531625259754,16363000
2022-06-09,64.63540649414062,67.24941617139699,64.61582922636063,66.5151453847338,15073700
2022-06-10,61.30671691894531,64.18505717164629,60.973847333147695,63.4801559935585,26626900
2022-06-13,57.60599136352539,59.68152909031218,57.351445798842654,58.7612443752969,24278600
2022-06-14,57.46892547607422,58.61438606728962,56.509478799287734,58.11508359450978,17036000
2022-06-15,57.88011932373047,58.81998879867924,56.34304606059756,58.085717988850355,19726200
2022-06-16,53.856319427490234,55.80458645760932,53.11225991798782,55.80458645760932,22706200
2022-06-17,54.580806732177734,55.13885234976699,52.47589520288834,54.72766241457286,24139800
2022-06-21,55.6087646484375,56.70527446967433,55.158412867266236,55.62834564779631,15502800
2022-06-22,55.15841293334961,55.94163423517141,54.43393089498085,54.7863814144741,13513800
2022-06-23,55.04094696044922,55.63815454691647,53.807369777160666,55.42276722466405,13366600
2022-06-24,57.21437454223633,57.762631370924815,55.931850710475956,55.951431711646336,15647600
2022-06-27,57.5472526550293,58.7906184041397,57.14585140804835,58.33047787960206,16159900
2022-06-28,56.64655303955078,59.319298671004724,56.597602393090185,57.7430632059869,19393600
2022-06-29,54.84513473510742,56.31367635292991,54.15981456651803,56.029757410490895,17351400
2022-06-30,54.12065124511719,55.2269536160387,53.08288425061405,53.83673604427247,29572400
2022-07-01,52.524845123291016,52.82834136356383,50.32203248272849,52.17239450324984,43681700
2022-07-05,55.54024124145508,55.696885524824914,50.997553289035615,51.08566593184954,33745900
2022-07-06,56.16682434082031,56.901095197363816,55.27590918426864,55.657729432120114,23565000
2022-07-07,57.615787506103516,58.06614315568642,56.62697102039761,57.86054446872026,22945500
2022-07-08,58.013065338134766,59.278484820229664,56.99288201573236,57.11059806662968,19283000
2022-07-11,56.708412170410156,57.49316715040576,56.61031545915638,57.00269482015764,13941800
2022-07-12,58.05230712890625,58.93515884785491,56.99288506616786,57.30678706801471,21523100
2022-07-13,57.738407135009766,58.287733786341995,56.26699004692902,56.286609390477615,13987600
2022-07-14,58.21906280517578,58.523156990269825,56.22774638622342,56.83593101440467,14803800
2022-07-15,60.35752868652344,60.52429123825495,58.26811908346899,60.30848219789907,20317800
2022-07-18,59.29810333251953,61.14228027537063,58.99400915163238,60.90685191887626,13233000
2022-07-19,61.21094512939453,61.564082045527684,60.21038117866713,60.2986663432021,19103700
2022-07-20,62.09379577636719,62.309604797434176,60.67142528134789,61.03437749714362,15176200
2022-07-21,62.42732238769531,62.46656107520911,60.74990778755624,61.40713896437988,12924700
2022-07-22,60.122100830078125,61.72103797739212,59.8474337728529,60.122100830078125,22201700
2022-07-25,59.00382995605469,60.651817484202354,58.562404057085246,60.180960697296705,14479400
2022-07-26,58.52315139770508,59.53352308148672,58.415246899047524,59.16076684867797,11044800
2022-07-27,60.71067428588867,61.20114669568516,58.47412129465907,59.337353783663005,14589800
2022-07-28,60.88724136352539,61.11285821080261,59.04306415455462,61.06381172087405,10120300
2022-07-29,60.68124008178711,60.906856915014366,59.61201020309709,60.18095618645125,14199700
2022-08-01,61.34828186035156,62.77065241040457,60.818570829241004,61.30904317463811,13347200
2022-08-02,61.27961730957031,62.09379947406864,59.71991506899386,60.573335920024114,11535800
2022-08-03,63.02568817138672,63.300351451578685,61.25017716527277,61.30903518617385,12290100
2022-08-04,63.61425018310547,63.75158181623005,62.43711976089113,62.898164879529105,11338400
2022-08-05,61.269805908203125,62.01532598600019,60.62238254696205,61.66218529041286,15047100
2022-08-08,60.279052734375,61.42675624046692,59.818007526625046,60.80876377195915,11454300
2022-08-09,58.02287673950195,59.38638918536838,56.639744951866824,57.87573354724014,33107200
2022-08-10,60.23000717163086,60.386958176803546,58.25830619326641,58.8566830698645,17418400
2022-08-11,61.13247299194336,62.878553348713574,60.81857098942303,60.81857098942303,18298500
2022-08-12,63.80062484741211,64.17338102618054,61.044169728801364,61.46597612130778,16194000
2022-08-15,63.46711730957031,63.87911975982173,62.672554519824594,63.46711730957031,9689100
2022-08-16,62.643131256103516,63.32978957568548,62.01532722562447,62.898178982240125,9275400
2022-08-17,60.44581604003906,61.6131427181838,59.60220293408794,61.6131427181838,14728400
2022-08-18,61.7798957824707,62.21151009654007,60.08286192727981,60.57333426954332,11303900
2022-08-19,59.35696029663086,61.06380566780435,59.13134347171836,60.66161850304608,14050300
2022-08-22,57.19887924194336,58.474106434946044,56.865357938357434,58.425059954831816,13096800
2022-08-23,56.75746154785156,58.16021278321726,56.65936483159799,57.238122360469205,12769100
2022-08-24,57.19887924194336,57.45392318374127,56.26698115174681,56.7770727773492,9961300
2022-08-25,60.0338134765625,60.102479302871416,57.463739534981585,57.483355135063945,12171600
2022-08-26,56.531837463378906,60.05342867209206,56.512218122644335,59.90628548758608,15754000
2022-08-29,55.92365646362305,56.8947933763578,55.44299564958815,56.21794287124438,11607600
2022-08-30,55.22719192504883,56.698609136597234,54.52091420807067,56.38470709749417,12743700
2022-08-31,55.45280838012695,56.070804652263156,54.74653066826446,54.923101031731946,14172200
2022-09-01,56.21794891357422,56.306234096948124,53.74596752111231,54.20700904139159,17594500
2022-09-02,55.25660705566406,57.6795374951396,54.93289356527703,57.189065231163916,12809700
2022-09-06,54.177574157714844,55.60975249059213,54.07948118664374,55.25661554953195,12133300
2022-09-07,53.95194625854492,54.65822747973513,52.98080957940837,54.25604039366986,17030600
2022-09-08,54.33452224731445,54.8544217017661,52.715965859264166,53.451674328925236,18415300
2022-09-09,56.3454704284668,56.580898837243694,55.09967002895585,55.09967002895585,13925600
2022-09-12,56.835941314697266,57.0321310263774,55.94328168145979,56.365088251869444,10711500
2022-09-13,52.5982551574707,55.16833303369478,52.127402138057406,54.638621983602135,22361800
2022-09-14,52.09797286987305,53.19662987038241,51.46035732719849,52.8631085274769,19984900
2022-09-15,51.685970306396484,52.43149030772163,50.98950052932155,51.69578184804922,15620800
2022-09-16,51.842918395996094,51.9998693756034,50.508836940337275,50.901212518352274,24901700
2022-09-19,51.107215881347656,51.76445075700626,50.89141059821195,50.97969576831513,19251400
2022-09-20,49.83198928833008,50.60693648816408,49.62599180240165,50.54807845989581,19373800
2022-09-21,49.14532470703125,51.509401127236,48.772568440049476,48.79218778178643,31117300
2022-09-22,48.71371841430664,49.41018832130804,48.409624180457506,48.85105008701031,21317000
2022-09-23,49.14532470703125,49.19437493237706,47.52676830480368,48.34095040585,24591700
2022-09-26,47.948577880859375,49.49846855768948,47.879912051367306,48.9785690652475,19266800
2022-09-27,49.616180419921875,49.68484624360727,48.45866547492996,48.870660417042295,17297500
2022-09-28,50.028175354003906,50.214553483690516,49.14532370389526,49.155135245566875,17784300
2022-09-29,49.057044982910156,49.341519856647245,48.28210147936073,49.08647586978425,25582100
2022-09-30,49.14532470703125,51.067979035178276,48.86085360686238,49.576942741230724,38917700
2022-10-03,50.73445129394531,52.07834422592463,49.67502942616155,50.037977847380944,24632400
2022-10-04,52.9317741394043,53.76557936425755,51.65654680128361,52.53939851183247,24275500
2022-10-05,53.68709945678711,54.14814463295648,51.17587984255485,51.872353377748766,20418300
2022-10-06,53.579193115234375,54.059857616713074,52.28434653991247,53.36338784735185,17149400
2022-10-07,52.011287689208984,53.72173426149091,51.618080459978046,52.65024849923375,21977700
2022-10-10,50.50728225708008,52.227557502553765,49.90764285724486,52.16857528702979,17227400
2022-10-11,52.79770278930664,53.84952790259938,49.475116800541926,49.77984886613556,32813700
2022-10-12,51.854007720947266,52.85668282260124,51.50012194978678,52.68956843070781,18131900
2022-10-13,53.928165435791016,54.970158200380816,49.8781475443942,50.477783121232676,27605000
2022-10-14,51.824520111083984,54.49831671589686,51.706555683739026,54.30171683679325,20403000
2022-10-17,52.59127426147461,54.05596747497563,51.952313354598445,53.67258868090837,18261700
2022-10-18,51.657405853271484,54.20341329351349,50.78252363923313,54.07562037182965,19774800
2022-10-19,52.129249572753906,52.522456811147514,51.17572820698793,51.2052174374017,14786100
2022-10-20,52.787872314453125,54.16409017978668,52.26687214945126,52.59126869086198,15711800
2022-10-21,55.097965240478516,55.32405813888991,52.433996687571295,52.58145037127144,20199200
2022-10-24,55.28472900390625,55.84504688655545,54.13460025800903,55.27489676040592,15293600
2022-10-25,54.921016693115234,56.06131331387235,54.40002023058474,55.71725975369231,17313000
2022-10-26,54.508155822753906,56.46435261541102,54.02647705853772,55.127456019631055,23511300
2022-10-27,51.323184967041016,55.27490361632853,51.23471351407552,54.42951056574776,27335800
2022-10-28,53.122093200683594,53.51529666725396,50.58591452923133,50.94963251693388,19171100
2022-10-31,53.18108367919922,53.9969875253393,52.26687988167245,52.9943122716034,15932500
2022-11-01,53.928165435791016,54.4983117834134,53.1909047061728,54.154258276219025,11729700
2022-11-02,52.542118072509766,55.31421825613841,52.51262509189947,53.81020749158943,17302700
2022-11-03,52.571617126464844,53.44649946670184,51.02828459932485,51.81469548100401,12769200
2022-11-04,55.206092834472656,55.943353691637036,53.88885328634286,54.32137830591435,18882700
2022-11-07,55.59929656982422,55.854878667341765,54.517978465182544,55.47150364611424,11411300
2022-11-08,56.51349639892578,56.887039150459245,55.520649809565754,56.405364220886355,14190100
2022-11-09,55.019317626953125,55.687767724521684,54.56712814925507,55.26507122900326,19952500
2022-11-10,59.246280670166016,59.35441285840692,57.07381966062556,57.60464460759524,24982500
2022-11-11,61.45805740356445,62.10684672236812,58.8629001283498,59.6198216252711,17579400
2022-11-14,60.730628967285156,61.68415414365787,59.95405043436651,60.887911122675284,13988200
2022-11-15,62.028202056884766,63.34544514483634,61.35975201967145,62.42140928462273,16325000
2022-11-16,57.870059967041016,60.33742835121788,57.132799125139194,59.501863813787615,25901900
2022-11-17,57.74226760864258,57.98802120907961,55.550142192830165,56.326724470187756,14212300
2022-11-18,57.58497619628906,58.64662962954335,57.11312605939632,58.548329705133376,9703700
2022-11-21,56.1890983581543,57.03449127299183,55.85487333949532,57.03449127299183,9968400
2022-11-22,57.62430191040039,57.68328412317009,56.01215892705122,56.57247682370545,8955700
2022-11-23,57.92903518676758,58.05682810056641,56.76907796896793,57.250756644116095,8996800
2022-11-25,57.41787338256836,58.12564498047324,57.39821264374851,57.67345548742151,4360500
2022-11-28,54.80305862426758,56.77891612829742,54.52781576298453,56.34639109629509,15512600
2022-11-29,54.183753967285156,55.55997565999216,53.839700419059625,54.76373262708137,12874200
2022-11-30,56.67078399658203,56.700273229829165,51.716390316328415,52.66991552361243,31461400
2022-12-01,54.5474739074707,56.93619558975998,54.164095119051375,56.84772788847386,21764200
2022-12-02,53.75123596191406,54.47866462988763,52.473317795279826,53.41701086449561,15946500
2022-12-05,53.122093200683594,54.33120032896831,52.78786819165272,53.4464859668566,13806900
2022-12-06,52.768211364746094,53.70207576061917,52.33568639450799,52.94515425027582,17988000
2022-12-07,52.90583801269531,53.31870603643374,51.549277005987015,52.21772713973298,11367300
2022-12-08,54.26239776611328,54.75390498546231,53.13192966164952,53.633269125330926,13609100
2022-12-09,53.9379997253418,54.91118564297811,53.59394618117371,53.75122833706518,9932200
2022-12-12,54.409847259521484,54.439340242387125,52.433989903036654,52.61093280062067,13250600
2022-12-13,54.30171203613281,56.906697702979564,53.72173344428583,56.21858693724386,14210500
2022-12-14,53.66275405883789,55.147104092382506,53.14175764804114,54.3017148927564,11235300
2022-12-15,51.15606689453125,52.807531277360695,50.96929177093969,52.65024913375323,17785000
2022-12-16,51.18556213378906,51.64758012545899,50.74320488111599,50.86116931509717,22951400
2022-12-19,50.84149932861328,51.40181716344958,50.23202778027405,51.28385275092479,16470000
2022-12-20,49.81916046142578,51.08724969226739,49.59306764312018,50.46794969001192,16942000
2022-12-21,50.32051086425781,50.871000333776706,49.887985834573286,50.06492874442212,20400800
2022-12-22,48.590396881103516,49.12122550015342,47.60738258652307,48.65920758173199,40959600
2022-12-23,49.347320556640625,49.691374075252114,48.157874106695644,48.167702600126496,17425700
2022-12-27,49.17038345336914,49.45545854508866,47.69586177194029,48.76734767710802,15159100
2022-12-28,48.285667419433594,50.22220703317946,48.00059608662068,48.99343900413308,12518700
2022-12-29,49.7896842956543,50.064927146678436,48.50193399282938,48.560916210864235,13204300
2022-12-30,49.24286651611328,49.28227747573465,48.40540429555696,48.720684455656,11989800
2023-01-03,49.62710952758789,50.20840797536765,48.81920371995305,49.814309689790164,12422800
2023-01-04,53.40062713623047,53.71590728653445,51.95230636184689,52.26758651215087,25077300
2023-01-05,53.903099060058594,54.57307026137713,53.0951932746631,53.0951932746631,18030900
2023-01-06,55.93272399902344,56.44505519241668,53.23313343353515,54.61248693562743,21069800
2023-01-09,55.528770446777344,56.671661939816346,54.82924284294224,55.98198519643649,15715900
2023-01-10,56.36623001098633,56.43519730625467,55.03614216402737,55.33171682352539,10571300
2023-01-11,57.20368576049805,57.60763860029257,56.08049624060679,56.50415455532239,12143000
2023-01-12,56.425350189208984,57.38104528480269,55.59773883265389,57.25296154576408,14888100
2023-01-13,56.090354919433594,56.12976587212995,55.29230004029123,55.89330391438711,12520600
2023-01-17,56.011539459228516,57.73572937452411,55.71596479686499,56.316968740117744,10962700
2023-01-18,55.676551818847656,57.19383979126225,55.52876637224766,56.66180316325678,10035300
2023-01-19,55.528770446777344,56.24800352995883,54.464697112687986,54.8883555225455,12034200
2023-01-20,57.59779739379883,57.706175651880365,55.92286921989304,56.62240058793681,13826400
2023-01-23,60.908241271972656,60.99691404834597,57.991898028817104,58.0510107074421,20175400
2023-01-24,60.356502532958984,60.80972105907113,59.972255066518976,60.297389851005775,10183200
2023-01-25,60.63237380981445,60.76045378944115,59.52888950385881,59.77520236097527,10787200
2023-01-26,61.873783111572266,62.12009594542282,60.386055248826565,61.657030373519966,12219500
2023-01-27,62.928009033203125,63.39107465877579,61.04617891481613,61.22352447641792,15895800
2023-01-30,60.799861907958984,62.34670627770503,60.780156429298025,61.83437510782722,16169000
2023-01-31,59.4106559753418,59.45006693157997,57.784993494091445,58.22835359724613,23856300
2023-02-01,61.67673110961914,62.29744049338981,59.49932659511467,59.72593394763257,20902200
2023-02-02,62.23833084106445,62.97726941133254,60.947653877061846,62.622582054690035,15877600
2023-02-03,61.489532470703125,62.84918029468874,60.987055969684185,61.08557959468857,12187100
2023-02-06,59.095375061035156,60.27767742350015,58.85891684360352,60.04121544763291,11484300
2023-02-07,61.21366882324219,61.46983252636982,58.81950768749186,59.20375512140117,12713100
2023-02-08,59.361392974853516,61.4107175571216,59.3416874971276,60.54369532935929,9510500
2023-02-09,59.29242706298828,60.908238689790686,58.809652243548214,60.29738389980248,10094700
2023-02-10,58.937740325927734,59.8638753184108,58.37614731070219,59.607711599957504,11429700
2023-02-13,59.233306884765625,59.39094694184571,57.97218642812492,58.937732247544886,11466200
2023-02-14,61.15455627441406,61.39101827254382,58.15939100976223,58.642165866660676,12496200
2023-02-15,60.92794418334961,61.026467815863136,59.56829625573606,60.425467644033546,10457400
2023-02-16,59.16434860229492,60.445174730877106,58.967297561335506,59.883581707126176,12683400
2023-02-17,58.13968276977539,59.2924288484711,57.64705707562621,58.95744322611222,10874900
2023-02-21,56.7504768371582,58.82935780827395,56.64210234463551,57.47956449732813,12667500
2023-02-22,56.139625549316406,57.706175459929774,55.99184009114437,56.878564115484295,12260300
2023-02-23,57.883522033691406,58.868773472562744,56.592841295732995,58.26776949350147,16094600
2023-02-24,57.321922302246094,57.509118700675415,56.50416189968717,56.84900211797554,9867400
2023-02-27,57.046058654785156,58.6815758597386,56.977091356140534,58.297324649300975,8514000
2023-02-28,56.96723937988281,57.87367268165997,56.55343556881912,56.789893815588066,10493300
2023-03-01,56.494319915771484,57.68647330248374,56.3760907907382,57.00665113549721,9141400
2023-03-02,55.597740173339844,55.86375851847975,53.91296107922313,54.68145601511439,16625500
2023-03-03,55.94257354736328,56.03124632410976,54.622336514935604,55.62729339858376,13769200
2023-03-06,55.99183654785156,57.78499372093565,55.706112751656626,56.435196652746725,14472200
2023-03-07,54.74056625366211,55.893308526893996,54.494253416636255,55.66670116784249,13278300
2023-03-08,56.05095291137695,56.08050925139818,54.53366481635534,55.01643966783891,11515700
2023-03-09,54.77996826171875,56.711063577474555,54.72085559183125,55.80463046870179,10200000
2023-03-10,54.1198616027832,55.676556915050995,53.72575952557224,54.839094699022645,14180700
2023-03-13,53.10504913330078,53.74546025411051,51.9818594400717,53.174016426950516,17365200
2023-03-14,53.4695930480957,54.602629884367325,52.90800006002287,54.15926976842038,14657000
2023-03-15,53.3316535949707,53.46958817477687,52.10008947750791,52.5434533114816,14643600
2023-03-16,55.73566818237305,55.873602769066956,52.81932510861853,52.8981432616855,14791800
2023-03-17,55.8243522644043,56.868720252803655,55.39084293861176,55.96228687904572,26655200
2023-03-20,56.789894104003906,57.01650149099004,55.25290421689169,55.86375907565588,10610200
2023-03-21,57.765289306640625,58.64216243113617,56.750477832229464,57.51897646230207,14613700
2023-03-22,57.31206512451172,59.519029644305036,57.23324697653804,57.53867622622002,16949300
2023-03-23,60.4353141784668,60.868823392309366,58.257909733211115,58.30717154594214,23903100
2023-03-24,60.257972717285156,60.49443469618045,59.60770697336766,59.617557833205296,18735600
2023-03-27,58.90817642211914,60.51413334303598,58.297317907006324,60.28752599392076,15901000
2023-03-28,58.405696868896484,58.98699529626227,56.967230848105054,58.918028004747306,20496300
2023-03-29,62.602874755859375,63.46989328037065,59.97225156776581,60.011662525726095,51939800
2023-03-30,62.159507751464844,63.15460996012658,61.55850382729555,63.08564266637951,23038300
2023-03-31,59.450069427490234,60.75060097046538,59.01656016597712,59.459920287745526,35416500
2023-04-03,58.730838775634766,58.927889814771326,57.01649962111341,58.927889814771326,23610800
2023-04-04,56.425350189208984,59.21360979862701,56.11007003037238,58.79980599956745,21303200
2023-04-05,56.17902755737305,56.267700321522675,55.18392167542331,55.98197655276996,19456200
2023-04-06,57.81291961669922,58.395392816758964,56.07537078403271,56.223458658941375,21496500
2023-04-10,62.46283721923828,62.95645849920758,60.22179615625391,60.39950011832538,43280100
2023-04-11,62.75900650024414,63.469822317567015,62.23576917139888,62.82811317514705,23090200
2023-04-12,61.16954040527344,63.53892375710047,61.05107236749139,63.53892375710047,16694100
2023-04-13,62.19627380371094,62.56155245251388,60.014468912221865,60.72528090907745,23286500
2023-04-14,61.830997467041016,62.41347067984745,60.98196833318439,62.373980076870126,14953000
2023-04-17,61.742149353027344,61.96921468529467,61.18929217487771,61.42623204152224,11546800
2023-04-18,61.13992691040039,62.64053592757295,60.695667042482334,62.52206788480519,12175200
2023-04-19,59.876258850097656,60.42911223724019,59.60970292442625,60.20204691523076,11652600
2023-04-20,60.675926208496094,61.159676714964974,59.10621040363052,59.1160849381064,14382200
2023-04-21,60.35013198852539,60.6660492710625,59.95523350233847,60.369877289437845,9606200
2023-04-24,58.750797271728516,60.103322156559976,58.59283862840899,59.33327047510008,13402600
2023-04-25,57.39827346801758,58.58296512051339,57.28967619968441,58.37564511698513,15987300
2023-04-26,60.24153518676758,60.399493829269154,58.58296755748546,58.81990740425338,25385000
2023-04-27,61.110313415527344,61.16954555639082,59.36289370545927,59.97498301258037,13524600
2023-04-28,63.53892517089844,63.61790637519788,61.50520435256094,61.63354692653199,18094700
2023-05-01,61.554561614990234,63.28223580043458,61.515074781506385,63.074915802028656,12823400
2023-05-02,61.110313415527344,61.78163862954326,60.46860427194317,61.4361014883705,12237600
2023-05-03,60.132938385009766,61.38673676732714,60.044086412529595,60.7055408223333,10818100
2023-05-04,59.73804473876953,60.18230463721,59.13582994980737,59.77753534441567,13357900
2023-05-05,60.4488525390625,60.952348279027944,59.34314209020469,59.83676329705579,12312700
2023-05-08,60.093448638916016,60.56732457688605,59.54059526096656,60.46860183540399,11510400
2023-05-09,60.152679443359375,60.60681004132315,58.79028388343718,59.11607568156177,11895200
2023-05-10,59.22467803955078,61.515080292150486,59.027228790320216,61.13005256143685,14548700
2023-05-11,60.82400894165039,61.02145818808527,59.30365463994232,59.817021174260546,15536600
2023-05-12,60.14281463623047,61.396613132865106,59.38264118307253,61.1991676347122,12131400
2023-05-15,63.81536102294922,64.04243013492012,61.011591889998854,61.436106509025365,22227200
2023-05-16,62.91696548461914,64.38795849967464,62.49245089881265,63.72650781752999,15259000
2023-05-17,64.0917739868164,64.48667244821648,62.63065570528544,63.756115190466424,15947700
2023-05-18,66.70796966552734,67.7149536144976,64.24973816169785,65.1382578414139,30688000
2023-05-19,67.3003158569336,67.51751040057341,65.58251610678742,66.70797189468273,16812100
2023-05-22,65.38506317138672,65.89842587156008,63.933815733579856,64.91118353640562,37491000
2023-05-23,65.1678695678711,66.69809068961723,64.87169385034016,65.00990717663822,15896200
2023-05-24,65.68123626708984,65.8786892681313,64.05228478579153,64.12139145314057,15806600
2023-05-25,68.7219467163086,68.988498860479,66.64873910278334,68.86016005507281,29021500
2023-05-26,72.98683166503906,73.63840773889956,68.90952322370273,68.98849689212757,33410000
2023-05-30,70.77542114257812,73.81612248607944,70.66682385901775,73.44097302691097,24454700
2023-05-31,67.32994842529297,68.95890036972476,67.05352167730483,68.0210228273273,30403600
2023-06-01,68.20857238769531,68.89964657261703,67.23120454091841,68.06049205641216,18153000
2023-06-02,68.28755950927734,69.64995893175501,67.41878885145536,69.09709802944805,13468200
2023-06-05,66.90542602539062,68.61335899505885,66.64874837885425,68.61335899505885,12441100
2023-06-06,66.67835235595703,67.96176295202562,65.9675366254271,66.17485662482137,12476600
2023-06-07,66.20447540283203,67.79393632867583,66.08601113093344,67.53725871818752,14610800
2023-06-08,64.4866943359375,65.67138259017648,63.19340877965246,65.65164104983366,25856800
2023-06-09,64.59526824951172,65.55289454878465,63.64751648286697,65.0888894320597,14649300
2023-06-12,66.58950805664062,66.67836380424376,64.95068931393145,65.00004692298826,14731100
2023-06-13,67.004150390625,68.00125988069568,66.73759070083635,67.68534258573085,11911900
2023-06-14,68.23821258544922,68.32706080583209,66.65861836827285,66.67836743862246,11085800
2023-06-15,67.94203186035156,68.63309863121056,67.4879011920638,67.71496276017623,11842600
2023-06-16,66.79682922363281,69.60059422673847,65.21723524390096,69.25506086819549,32259700
2023-06-20,66.04652404785156,66.75733984535579,64.93093521429981,66.4611640857082,13261600
2023-06-21,64.96055603027344,66.34268943052689,64.50641787640487,65.89843334216859,10427200
2023-06-22,65.40481567382812,65.80958871452033,64.67425833226024,64.69399986816747,8639500
2023-06-23,64.44718933105469,65.11851453375579,64.01280021987677,64.61501874871432,12663600
2023-06-26,64.6150131225586,65.84906614271488,64.57553005412805,64.79271705874358,13815900
2023-06-27,65.93791961669922,65.98727721657652,62.97619246984257,64.43730697767067,18305200
2023-06-28,66.21434783935547,66.86593144241206,64.55578029673899,64.81246543116085,27100100
2023-06-29,63.50931167602539,67.08312469668921,62.73925996702375,66.9745274193921,51141900
2023-06-30,62.304874420166016,64.26948487491893,62.09755440020277,63.67714088472929,31549600
2023-07-03,63.08479309082031,63.49943310574594,62.45295476907537,62.630658708623784,12921300
2023-07-05,61.26827621459961,62.93671482839672,61.22878560733029,62.68990418201084,16553000
2023-07-06,60.4488525390625,61.00170964650687,59.728166028983594,60.21191646875129,15607300
2023-07-07,59.988929748535156,60.819774082823464,59.96914729139521,60.760426711403625,15028100
2023-07-10,61.79897689819336,62.14516421444612,59.919688877703535,60.166963915119375,16953100
2023-07-11,62.90677261352539,62.976009327219884,61.63083619464254,61.91767239146922,13454500
2023-07-12,63.09469985961914,63.99477707757716,62.44189390755456,63.767288267578735,13953600
2023-07-13,63.826629638671875,63.94532436990705,62.8573119722898,63.48044610536311,11384700
2023-07-14,63.38153839111328,64.82562368105233,62.98589682830809,63.599141627967896,13860200
2023-07-17,64.44977569580078,64.95421138831718,62.64960977557633,63.10459498350037,11333600
2023-07-18,64.232177734375,64.41021609531785,63.05514592890636,63.668390849095424,10393100
2023-07-19,64.25193786621094,65.04322091883968,64.09368578342585,64.9146330837027,9463900
2023-07-20,63.984886169433594,64.83551283634135,63.54967972229901,63.698046242570776,12745100
2023-07-21,64.9344253540039,65.43886853565996,63.638699046073036,64.57834870180376,24540200
2023-07-24,64.76628112792969,65.913633377632,64.50911297604104,64.6475863933114,10272700
2023-07-25,64.96409606933594,65.28060780533056,64.37063750762539,64.68714924362001,8610900
2023-07-26,66.64556121826172,67.14011126230228,64.29150572527317,64.29150572527317,14920600
2023-07-27,70.29535675048828,71.55151078847369,69.19745483360386,69.71179120621372,25068300
2023-07-28,70.4239273071289,71.34379074384951,69.88981986950361,70.79979019182812,11932900
2023-07-31,70.61185455322266,70.98770986935065,70.09752582871936,70.34480085028024,11193800
2023-08-01,69.98873138427734,70.30524314244525,69.12821150446044,70.22611331634438,13141100
2023-08-02,67.42695617675781,69.08864474939489,66.60600123187933,68.98973624252365,14004400
2023-08-03,68.42594146728516,68.6336515713459,66.42796269520016,66.8334897899184,11075200
2023-08-04,69.14798736572266,70.15686608540813,68.37648299627561,68.7424527274402,11255500
2023-08-07,68.62376403808594,69.46450518233145,68.07976349642513,69.08864230479061,10537500
2023-08-08,66.9126205444336,68.01052221434163,66.23013908848141,67.95117107932323,14767800
2023-08-09,65.97298431396484,67.22914586987541,65.89386202831572,67.04121440570702,10043200
2023-08-10,64.72672271728516,66.72470190016607,64.22227947728727,66.3290602912704,12775300
2023-08-11,63.668373107910156,64.59812202599359,63.37164007361116,64.19259492843513,11823100
2023-08-14,67.53575897216797,67.73358353558461,63.50022843329425,63.66838119875727,21954000
2023-08-15,64.617919921875,66.89284592612168,64.60802680661595,66.8532810113214,13808500
2023-08-16,63.52001190185547,64.51900515154068,63.391424054664846,64.29150880005855,9895400
2023-08-17,62.86721420288086,64.00467724378098,62.70895831140267,63.78707397807918,9933300
2023-08-18,62.89687728881836,63.16393477614556,61.076932902420715,61.63083033240871,9576500
2023-08-21,63.26284408569336,63.49034043836933,62.174835440306786,62.9858972537297,11311900
2023-08-22,62.718841552734375,64.37064079665294,62.60015058895124,63.59914387238597,8876000
2023-08-23,64.47944641113281,64.90475981189964,62.481459720558995,62.87710132182235,10747400
2023-08-24,62.99578094482422,65.5179853224511,62.67926923007748,65.41907682651171,12661600
2023-08-25,63.02545928955078,63.68815454240675,61.94734003458423,62.7682911517877,9409000
2023-08-28,64.5981216430664,65.38940469901678,63.95521264962053,65.00365628445546,9904900
2023-08-29,65.95320129394531,66.29938485289306,64.16293235607584,64.19260415452341,9955000
2023-08-30,67.34782409667969,67.95117577848853,65.79493719749179,66.45764001842346,16892200
2023-08-31,69.17767333984375,69.77113197579284,67.22914465571816,67.22914465571816,18420900
2023-09-01,69.62275695800781,69.85025330632669,68.79191647802939,69.44471863426458,10772000
2023-09-05,69.52385711669922,70.38437704637165,68.77213881766016,69.14800174029769,11144300
2023-09-06,69.64253997802734,69.88981499704394,68.88092869356478,69.3655856178916,9192800
2023-09-07,69.10842895507812,69.52384919951542,68.3468176273746,68.69300116440569,12043200
2023-09-08,69.41504669189453,69.84036004515059,68.85125992560022,69.00951202068606,9805000
2023-09-11,69.26669311523438,70.08764817904832,68.554539688612,70.05797637731179,9310400
2023-09-12,69.54364013671875,70.90860338930952,69.02931129767171,69.19745653868358,11062100
2023-09-13,70.0777587890625,71.0767522626481,69.59310172704521,70.27558338821834,14525500
2023-09-14,71.00749969482422,71.44270616961782,70.50305651233482,70.88880496181636,11170300
2023-09-15,69.1183090209961,70.84923411459756,68.88092712110499,70.51294371860472,16416100
2023-09-18,69.73155212402344,70.27556015908758,69.14798672844042,69.8799186377895,12735700
2023-09-19,69.93926239013672,70.28544589225302,69.20733047905736,69.85024700940727,10399000
2023-09-20,68.92049407958984,71.5218245810202,68.89082228449986,70.17664786455266,15522100
2023-09-21,67.159912109375,68.5347609273871,67.09067538998721,68.24792093385585,14978600
2023-09-22,68.12921905517578,68.98973894576783,67.05110345943504,67.8423790916451,15487200
2023-09-25,67.83248138427734,68.43583300196909,66.87305315462868,67.54564147207681,14900000
2023-09-26,67.19947052001953,68.29737235416877,66.85327941036643,67.22914231885021,12752500
2023-09-27,67.46650695800781,68.09953032488052,66.02242193068984,67.37749158433843,20852300
2023-09-28,64.48931884765625,66.35871729805295,63.13425663803419,65.25093009558637,46749800
2023-09-29,67.2884750366211,67.98084959774137,65.63667976808323,65.63667976808323,24315500
2023-10-02,67.21923828125,68.52485004129841,66.32904672980007,67.49618508698231,14880500
2023-10-03,67.09066772460938,68.89082976925255,66.37851438013769,66.43785797676513,12481500
2023-10-04,67.36763000488281,67.7533785638099,66.38842270500923,67.56544706978588,12912800
2023-10-05,68.29736328125,68.78202020565041,67.59509558644967,67.8621568329196,14045000
2023-10-06,69.31288146972656,69.67946175636075,67.3710120300373,68.07444374858618,15113400
2023-10-09,68.83732604980469,69.30297228646394,67.94564937322224,68.96612085243503,8588700
2023-10-10,68.43111419677734,69.46149528450938,68.25277886315403,68.84722745562377,9007600
2023-10-11,69.5605697631836,69.6200123556149,68.29241073248848,69.07510428773838,11165300
2023-10-12,69.1048355102539,70.06586453966516,68.65900088533071,69.73891511668141,11408700
2023-10-13,68.56980895996094,69.41194497726683,68.45091623468063,69.22370761076829,10287900
2023-10-16,68.44102478027344,69.3822344350566,67.50971718501393,68.37167256948756,11294100
2023-10-17,68.36177062988281,68.98594059706564,66.99453793846212,67.44037254947487,11843000
2023-10-18,68.5004653930664,68.90667658651861,67.3511991391391,67.38092043449925,11201000
2023-10-19,66.90535736083984,69.1345452296843,66.55859631522881,69.035471725056,18111000
2023-10-20,66.59822082519531,67.88619137916828,66.5189590055844,66.9350722203069,11506100
2023-10-23,66.2613754272461,67.52954212399709,65.61739379792316,66.20193282978852,9762000
2023-10-24,67.44036865234375,67.71777751061678,66.50906100629184,66.66758467320471,8450700
2023-10-25,65.8848876953125,68.55991018723165,65.29043909253315,67.8564784587466,11924300
2023-10-26,63.93310546875,66.81619201087739,63.28912014394701,65.83534392771568,16697900
2023-10-27,65.04275512695312,65.65701544149762,64.27987320499854,64.31950412187632,9980300
2023-10-30,65.45886993408203,66.92518365726963,64.56719318071286,65.74618841899125,10667700
2023-10-31,66.25146484375,66.44961184900045,64.65635650736557,65.46877132301039,8268400
2023-11-01,68.75807189941406,69.01566909226527,66.3802696826007,66.3802696826007,16777500
2023-11-02,69.7884521484375,70.37299118545533,69.10483203635074,69.66955939364965,11926000
2023-11-03,71.90866088867188,72.51301919571294,70.49188761199244,70.64050167351199,14457900
2023-11-06,72.24551391601562,72.31486613836242,71.35383708668171,71.90866242428133,10073900
2023-11-07,72.1266098022461,72.45355158826806,71.04668827016343,71.80957007480247,8248400
2023-11-08,71.6114273071289,72.10680243521787,71.05660958249312,71.94828632481818,9917600
2023-11-09,72.88949584960938,75.3960927816201,72.82014363421548,72.86968417042165,22435900
2023-11-10,74.6629409790039,75.10877557713584,72.88949708800129,73.75145254439101,12306000
2023-11-13,74.08830261230469,74.50441590389849,72.71116036715526,73.46413267491397,9116000
2023-11-14,76.45619201660156,76.7336008664433,75.20785219231375,75.29701608312392,12972700
2023-11-15,76.4264907836914,76.7831615582163,75.6041660780464,76.7831615582163,9954000
2023-11-16,75.96083068847656,76.76334364544813,75.77259325412696,76.17879698397932,12989000
2023-11-17,76.84258270263672,77.21907261437073,75.7626686183608,75.89146342252953,9376900
2023-11-20,77.89277648925781,78.18009492865883,76.41655338073292,76.62460999709432,11424100
2023-11-21,76.00045776367188,77.20917438930464,75.60415611544101,77.12991254789343,12016700
2023-11-22,76.38683319091797,77.72434434904459,76.13914565945662,76.4859066917378,8579500
2023-11-24,76.15898132324219,76.29768576607472,75.66360615346161,75.97073633990149,4349600
2023-11-27,76.79306030273438,77.5658443518088,75.95092403281545,76.15898069534893,11005600
2023-11-28,75.4159164428711,75.53480164261934,73.30561344143948,74.38553521171117,19225700
2023-11-29,75.98063659667969,78.28907885868081,75.67349888926314,76.7336013196042,14062900
2023-11-30,75.4159164428711,76.28777399593332,74.27655207272527,76.10943863748594,21701600
2023-12-01,75.22766876220703,75.83202703529851,74.39543459974306,75.30693059840831,14354700
2023-12-04,73.60283660888672,74.90071701102659,72.65171728073561,74.72238166457173,11659300
2023-12-05,73.00839233398438,73.2858012097433,72.36440312450118,72.79042605765238,8800500
2023-12-06,72.45356750488281,74.70257494325563,72.25542046626032,74.60350142394438,8883900
2023-12-07,72.96875,73.52356766472577,72.31485127329567,73.33532271755506,10641300
2023-12-08,74.26665496826172,74.65304705020684,72.75080794542684,72.800348492887,12007100
2023-12-11,77.07047271728516,77.78381419798356,76.2580577106732,76.47602400297832,18547600
2023-12-12,77.43702697753906,77.53610047005965,76.38682679211644,76.70386650347612,10262100
2023-12-13,79.05195617675781,79.52751202063631,77.30823377861437,77.57574055476688,11629900
2023-12-14,81.42975616455078,81.6378127862254,80.04270446122968,80.06251613808378,17342800
2023-12-15,80.65699005126953,82.22236986789862,80.35976192115655,82.12329634413608,19547800
2023-12-18,80.80558776855469,81.1028158663392,80.06252508291793,80.83530906656823,12416600
2023-12-19,81.4099349975586,81.5090084971261,80.4191848842365,80.91455994089755,14316400
2023-12-20,77.96214294433594,80.86504160403739,77.9026927867784,80.70651792898379,29085000
2023-12-21,84.68933868408203,85.22433719251065,82.34125775982912,84.21377521580395,53969700
2023-12-22,85.68999481201172,86.68074515226472,84.82804685363975,85.3531433245618,22531800
2023-12-26,86.25471496582031,87.05722781408616,85.63054502501318,85.89804426855207,11203900
2023-12-27,85.8584213256836,86.68073829836531,85.42248879161765,86.67083623809991,9186300
2023-12-28,85.20450592041016,85.94756847204164,85.04598228116032,85.94756847204164,9606200
2023-12-29,84.66383361816406,85.45749811517055,84.3562922208232,85.15987203655672,8549200
2024-01-02,81.6875991821289,83.41381824481887,81.1022775096484,83.3344502851433,13597100
2024-01-03,81.60823822021484,81.93561780593103,79.94154892341948,80.556631684237,12915600
2024-01-04,82.0546646118164,83.59238655556088,81.95545845359459,82.8086450384026,19134200
2024-01-05,82.7887954711914,82.86816342170931,80.36813353195018,80.83441078006243,15483700
2024-01-08,84.27693176269531,84.83249998765474,83.16581045066899,83.22533264411433,16219800
2024-01-09,82.66976165771484,83.52294831223328,82.24316833045562,82.47134175611444,12138700
2024-01-10,81.72730255126953,82.36223124141652,81.01301345156443,82.30270904201119,10748600
2024-01-11,82.72929382324219,82.78881601642973,81.17173336028293,82.14397207304141,10579300
2024-01-12,81.73721313476562,82.391987505432,81.06260055693325,82.09436141532076,10187500
2024-01-16,83.93961334228516,84.54478075750916,81.67767959243896,81.88601479898323,13713500
2024-01-17,82.62015533447266,83.30469075385022,81.97530389567665,83.02691045872466,10245400
2024-01-18,84.14796447753906,85.14004140256026,83.37414568705394,84.5447967613368,15077700
2024-01-19,86.81664276123047,87.09442305379584,84.94161821746899,85.37812686195228,18156800
2024-01-22,88.53292846679688,89.23730206229008,87.3126782833879,87.57061279287326,14371200
2024-01-23,86.83649444580078,88.47342293130004,86.19164291285301,88.29484877708292,16850900
2024-01-24,87.38211822509766,87.86823369253464,85.92376425384207,87.70950535516414,19752800
2024-01-25,88.49324798583984,89.32659643796127,87.79879724985976,88.4436486869529,15892400
2024-01-26,87.35236358642578,87.7987951102558,85.60630633272508,86.54877624700852,14934500
2024-01-29,88.3642807006836,88.86031910308306,87.32259702806657,87.79879722470601,12108100
2024-01-30,85.47734832763672,88.08650781900288,85.08051605853396,87.38213413659481,12980400
2024-01-31,85.07059478759766,86.23132295240906,84.11820186501295,84.28685312268037,11396700
2024-02-01,84.93170166015625,85.50710806275268,83.94954767568707,85.3880561132323,10459000
2024-02-02,85.79480743408203,85.92377469692916,84.26700821036258,84.3959754732097,10450000
2024-02-05,86.29084777832031,86.52894410311204,84.93169976844882,86.05274388458288,8409300
2024-02-06,83.92970275878906,86.49918582071633,83.05667782687357,86.142037537445,12990300
2024-02-07,84.49519348144531,84.60432255335506,81.81658869753421,83.47335541624179,16374800
2024-02-08,84.20746612548828,85.34835582469016,83.86024080023843,84.83247927988243,12524500
2024-02-09,84.8821029663086,84.9416327312767,83.29478133118026,84.38606448227183,12161500
2024-02-12,85.02098083496094,86.22140045331878,84.71343944141805,84.85232959133712,10366000
2024-02-13,80.88401794433594,82.88801726075509,80.13003747892462,81.8165725313198,21207900
2024-02-14,81.18164825439453,82.5209504518494,80.84433819867402,81.52887362870572,12870900
2024-02-15,80.98322296142578,82.0546676756958,80.86417859469243,81.58839038880356,11527600
2024-02-16,78.8700942993164,80.69551171667277,78.62207513485315,80.31852531150854,15553100
2024-02-20,80.07051086425781,80.13003304517349,78.52287360889292,78.70144772058461,12627200
2024-02-21,80.84434509277344,80.8542679811558,79.30663042713755,80.14989428493092,9913300
2024-02-22,85.22933197021484,85.62615668370933,83.21540946139376,84.32653833843854,17510900
2024-02-23,85.31859588623047,86.13209847448093,84.37612605227433,85.8642410968016,10232800
2024-02-26,88.7511978149414,91.61829942617166,88.19563717770387,88.96945594212643,28920100
2024-02-27,91.12226104736328,92.01513176425577,89.77303586826929,91.16194503133028,21422700
2024-02-28,88.99921417236328,90.07065899734954,88.59246659575201,89.74327181711278,14190700
2024-02-29,89.89208221435547,90.11034032809005,88.11626377954163,89.93176619584771,17027000
2024-03-01,94.39611053466797,95.29889650117052,91.19169908938254,91.19169908938254,23446200
2024-03-04,95.01117706298828,96.60842106866306,93.8702949751727,96.16198960551297,20913200
2024-03-05,93.72149658203125,94.61436721653483,92.540922767024,93.50323847482534,12887500
2024-03-06,94.8028564453125,95.66596598485253,93.8107796467841,94.29690272770362,14232400
2024-03-07,98.19576263427734,98.90013623707483,96.69772458297683,98.14615576789147,24843300
2024-03-08,96.84654235839844,101.04302308854571,96.54891628339068,99.08863053272701,22379000
2024-03-11,93.76118469238281,95.69573151156682,92.78894605444312,95.14017090071309,15673300
2024-03-12,96.64812469482422,96.7274926591941,92.89807542122215,94.57468771604414,14993700
2024-03-13,93.4139633178711,94.58460677840382,92.36235667071315,94.56476857099902,16732600
2024-03-14,90.70558166503906,92.7095734605022,89.58453761156582,92.56076799641592,16718900
2024-03-15,92.51116180419922,93.94967013979631,91.29090400716981,91.74726599684902,29579500
2024-03-18,93.0369644165039,96.31082100103315,92.94768113440821,96.05287890451406,23140300
2024-03-19,93.25521850585938,93.41395442577158,90.2789881280128,91.84647127689219,21054700
2024-03-20,95.4874038696289,95.9139972494147,92.84847562050132,94.23738482693972,39807400
2024-03-21,108.9796371459961,112.6007190522132,107.9181152515216,112.47175179045392,89554100
2024-03-22,109.33679962158203,110.45784384893206,106.20184039915142,108.44392885385145,37281400
2024-03-25,116.20197296142578,120.44806875788902,109.28720282712598,109.36656323245643,55766100
2024-03-26,117.85873413085938,121.48973150677533,117.23372086421668,118.05714647550882,44295100
2024-03-27,118.30516815185547,119.15835487569899,116.15236313494734,118.35477502352266,29320700
2024-03-28,117.06881713867188,118.79669476009802,116.53257768866017,118.60802338831202,21047800
2024-04-01,123.4341812133789,126.4927214634992,118.171095766392,118.36969961953244,44309400
2024-04-02,121.89498901367188,122.8185114330781,120.07773399867057,121.85526672317296,25026400
2024-04-03,127.11833953857422,127.38646309342464,120.48487642230322,121.34881157931657,40130100
2024-04-04,123.22564697265625,129.63071644138756,122.7887169462654,129.2732234167256,36009900
2024-04-05,122.71920776367188,124.81451120635349,120.35578075796823,123.5334957667814,23326500
2024-04-08,122.09358215332031,128.79656466646216,121.755954078148,128.1610232268718,27955800
2024-04-09,121.77581787109375,125.26137108353858,120.42529034650693,124.02007795992951,19212900
2024-04-10,121.34880828857422,123.61293322715503,119.09462339222071,119.16413550154654,22242300
2024-04-11,126.62181854248047,126.67146571675997,121.22964144414584,122.0439293495918,21745300
2024-04-12,121.66658782958984,125.11241887639761,120.98139915265777,124.37757544224118,24808200
2024-04-15,120.52460479736328,123.91084863771046,119.76989642592503,122.76885740193269,17732600
2024-04-16,120.92180633544922,121.69637960055871,117.53556266919325,118.69741120247964,17452400
2024-04-17,115.51970672607422,123.5533523003723,115.39060739057116,121.17006795370558,25546500
2024-04-18,111.15035247802734,116.8007212374197,110.70348998115622,115.19200261143003,32146900
2024-04-19,106.02628326416016,110.10765539706173,104.98360165342892,108.89615975072422,33787500
2024-04-22,108.35992431640625,109.46219318647029,105.88726302612649,106.85050767620514,19820900
2024-04-23,111.6766586303711,112.10366376715756,108.15139071155441,108.94581376345234,17887500
2024-04-24,111.00138854980469,113.1562714674459,108.46915527221411,111.93484334829968,20505900
2024-04-25,110.80279541015625,112.27248228159682,107.31724206540166,108.60818999345959,18342800
2024-04-26,114.04007720947266,114.25854600950069,110.82264758281485,111.21986289411564,20630700
2024-04-29,113.56342315673828,113.9507059958528,111.32909558819215,113.0172511650374,14419100
2024-04-30,112.17317199707031,115.47004611017333,112.14338217538968,113.38467525376058,14845600
2024-05-01,108.93588256835938,112.93781800226894,107.99250281564308,109.75017056240195,16686200
2024-05-02,111.54756927490234,111.62701385467821,108.6677676561698,110.96167496937039,15439200
2024-05-03,113.90104675292969,114.6756199768857,112.65975370821053,114.2287499350359,15564400
2024-05-06,119.29322814941406,120.52459634707161,117.19792481168831,118.94566760017675,22538700
2024-05-07,118.37964630126953,120.56432682942945,118.34985647734614,119.31310119088118,12508300
2024-05-08,118.48887634277344,119.63086753404376,117.39653990704826,117.47598448541969,10867900
2024-05-09,116.98939514160156,118.79671767676659,116.62197721560098,118.48887939795483,11524800
2024-05-10,120.39550018310547,121.001251831813,118.3498515455861,119.20386181831306,13922400
2024-05-13,122.14323425292969,123.24550307058063,120.8026392946722,122.0737221462423,16643200
2024-05-14,123.94062805175781,124.16902931023056,120.82250046544438,122.13330564455543,13887700
2024-05-15,126.91974639892578,127.05877063309838,124.56625930882369,125.3507575309419,14265100
2024-05-16,126.99917602539062,129.2235786626715,126.16503071859903,127.0388983127976,15874700
2024-05-17,124.41729736328125,128.13124438981512,123.99029221167758,127.46591307199732,13774700
2024-05-20,128.1014404296875,130.10737420469812,125.75787858781946,126.2444633332175,19123200
2024-05-21,126.61189270019531,127.9227054507636,122.42128609823172,123.33487597627784,15717800
2024-05-22,125.40039825439453,126.97932708438367,124.3676414421301,126.89988250430514,11190100
2024-05-23,125.39046478271484,131.0309011267912,123.7916861848998,130.85216218742548,20747400
2024-05-24,128.58804321289062,129.49169309446825,125.71816652986065,126.92966983538669,14048900
2024-05-28,131.74588012695312,132.371496686205,128.36956902044213,130.84221513081224,14143000
2024-05-29,130.66346740722656,132.17288392911226,128.99516174566818,129.0944712460892,11242500
2024-05-30,125.41032409667969,130.75284681660344,124.8244298198632,129.39239444181666,12639700
2024-05-31,124.12931060791016,126.4331503097429,120.1671051346562,125.46990564722522,24153800
2024-06-03,127.2772216796875,127.94255293264916,124.27826102038551,127.23750696940003,16134300
2024-06-04,125.75788116455078,126.96938439633563,124.54637793276592,126.46293470942113,12995500
2024-06-05,132.7786407470703,132.93751474050018,126.76084692926604,127.9028380428408,22301800
2024-06-06,129.16400146484375,133.19571900982942,128.28018623549605,132.9077305266141,15505000
2024-06-07,130.0279083251953,131.61675404842916,128.7170958298396,129.30299755867298,12139500
2024-06-10,133.88092041015625,134.72499065529823,128.8065134390521,128.8065134390521,14652100
2024-06-11,134.129150390625,134.90371593367473,130.86205905295287,134.37740896602557,14125000
2024-06-12,139.76959228515625,140.72291197956642,135.87689924194456,137.5451897665342,16973600
2024-06-13,142.14295959472656,143.21543868714255,139.2830153482839,141.79539145415043,16312900
2024-06-14,140.37533569335938,141.49746935263389,138.6772402953644,140.8122732298026,14028500
2024-06-17,146.80026245117188,147.71385218926926,141.1498948573133,144.56593527519973,23909000
2024-06-18,152.38111877441406,156.44262565056763,150.45462970093243,150.6830385124289,42192600
2024-06-20,143.18563842773438,156.31355494587868,141.91455555584926,155.91633207810017,41285000
2024-06-21,138.56802368164062,141.60672189682367,134.75477494229787,136.69118913395604,49893500
2024-06-24,138.04173278808594,141.83513219198568,136.92953889699737,141.44784930830266,32410100
2024-06-25,140.13702392578125,140.14696396839335,136.79050250636865,139.09434982178308,31160600
2024-06-26,141.36837768554688,143.06647317539208,138.5680134064168,142.04363380384632,55490300
2024-06-27,131.3089599609375,136.43302209629684,130.1669762402397,134.8441606868426,68172700
2024-06-28,130.6138153076172,134.47671857334927,129.83924967662225,131.8948381875337,38140600
2024-07-01,130.60391235351562,131.16000929455012,126.38350780744123,129.59101283805694,24749000
2024-07-02,131.66644287109375,131.78561731674492,128.518525272927,129.00511764078402,20776000
2024-07-03,135.86697387695312,135.86697387695312,131.50753831468708,131.7359471364817,14507100
2024-07-05,130.683349609375,136.17482932287757,129.99815336241824,135.86699104439074,30104600
2024-07-08,129.89320373535156,132.45747565530212,129.29685578531343,130.48953651963132,20500700
2024-07-09,130.34043884277344,134.385631333249,130.0820295223874,130.94672027954044,21850900
2024-07-10,135.5584259033203,135.66775583699868,131.89092150582118,132.2884917945406,22460200
2024-07-11,129.43597412109375,135.59816924411666,129.27696117852122,135.52860392532028,25401500
2024-07-12,132.7357635498047,133.61038797505003,129.92301592488096,130.9467349162789,20726900
2024-07-15,130.07208251953125,134.52477893921306,129.23720762799957,133.09355617329794,20416000
2024-07-16,126.71269989013672,130.1714858998046,126.46422412338374,129.62483617979663,21312600
2024-07-17,118.77141571044922,122.2798923001835,118.50306522062439,121.83263895618262,31414100
2024-07-18,116.73389434814453,120.89834998903423,113.39437994669821,119.76530127242324,30404900
2024-07-19,113.56336212158203,116.49537302152373,113.15585824025192,115.97854678334329,18038900
2024-07-22,114.57713317871094,114.87530710288908,112.94713291439362,114.65664723620883,23837800
2024-07-23,113.55342102050781,115.63067471055433,113.13598356837574,114.4280529558624,14707700
2024-07-24,109.60763549804688,113.34471337419568,109.3293438360884,110.79038264424949,25261000
2024-07-25,106.79487609863281,110.02506090252577,104.39957377176579,106.14884520415681,29068400
2024-07-26,108.74293518066406,109.95549051911563,107.12286837339796,109.32933433412911,18547900
2024-07-29,107.19244384765625,110.35305589189171,106.4867735827421,109.8660455141383,13517700
2024-07-30,101.93470001220703,108.5839142105213,101.54707840792564,108.33543843429585,23915100
2024-07-31,109.15043640136719,110.66116575285461,107.09305732042908,109.180252280632,26503600
2024-08-01,100.8910903930664,107.20237259744067,99.3405966375471,106.52651828936243,31643700
2024-08-02,92.13480377197266,97.0943851319422,90.51474463457733,96.56761776260598,36039400
2024-08-05,89.86870574951172,91.68755002518662,84.39230578220524,87.09571552173145,36977600
2024-08-06,88.45736694335938,90.3060271288059,86.61864791111236,88.65614451008085,26460000
2024-08-07,86.27079010009766,93.00945174759623,86.05213020993928,92.81066658250738,29483800
2024-08-08,91.5086441040039,92.28388719005605,87.49327528479857,87.9405361610517,24760700
2024-08-09,92.51248931884766,93.95364557741857,90.89242264131832,91.2303535907496,21627200
2024-08-12,94.06299591064453,95.94147230546862,92.0652484049391,92.53238411062499,18886600
2024-08-13,96.84590911865234,97.18383249319075,94.33133578417993,96.03090897566668,23565500
2024-08-14,99.79780578613281,101.32840976259125,97.47206877837661,100.38420492761155,22459000
2024-08-15,106.29792785644531,107.39122727458125,102.12353809168827,102.87890653070625,29128000
2024-08-16,107.33157348632812,108.80255313450927,104.7076704017909,106.17865004997205,18383300
2024-08-19,107.96768188476562,108.05713709929114,104.12128206636787,106.59609845269301,15744600
2024-08-20,107.33157348632812,108.52426153203979,105.51273691793757,107.66950441995353,16075500
2024-08-21,107.66950225830078,107.73907515752136,105.56242539452764,107.500540586319,13658900
2024-08-22,103.62432861328125,110.32323269133289,103.32615468096425,108.28572851388226,17967000
2024-08-23,102.22291564941406,103.77340938893997,99.69840127712928,102.4117596341414,25465100
2024-08-26,98.30693817138672,101.56693842677126,97.01486138541925,100.05620179245139,26752300
2024-08-27,97.26335144042969,97.88950762154069,96.08060440434167,96.49804185841566,17234600
2024-08-28,94.28164672851562,97.0844531094058,92.13481243700211,96.76640442727921,25564300
2024-08-29,94.9873046875,97.38261443827707,94.41083915624937,95.97126648540868,18984300
2024-08-30,95.6532211303711,97.80999637029376,94.41084239941752,96.32907546332495,18819400
2024-09-03,88.03992462158203,93.307605676382,87.77156658022295,93.05912994031942,28897200
2024-09-04,88.74559020996094,90.17681280214437,87.27461059211937,87.82126021632202,16356500
2024-09-05,88.84498596191406,90.14699642726912,87.22492684918687,87.56285021951071,13890700
2024-09-06,85.85334014892578,89.10340727116017,84.74017361942315,88.8251156387845,23587100
2024-09-09,85.7440185546875,87.42371724869517,84.49170608712201,87.31438729921071,20526400
2024-09-10,86.32047271728516,86.6584036752293,84.35254905370208,86.43974380530274,17019000
2024-09-11,90.09730529785156,90.27620813487468,85.55516905091372,87.66223848376605,20879600
2024-09-12,86.67826843261719,87.49326848317094,83.60711220233149,86.56893851022413,30900000
2024-09-13,90.66383361816406,90.91230937020556,87.33426005738356,87.5529123495624,21267200
2024-09-16,86.64846801757812,87.70200282181085,85.39614805404213,86.70809977392987,26494300
2024-09-17,88.18901824951172,89.02389314604208,87.0062712298821,87.52309746351354,17744800
2024-09-18,86.81742858886719,88.65614768700324,86.1813312531107,87.45352592462368,20130600
2024-09-19,88.70584869384766,89.83889758313879,87.04603239252032,88.8052374839317,25208900
2024-09-20,90.34578704833984,90.4153599572054,87.79145656159301,87.86102947045855,28711000
2024-09-23,92.99951171875,94.22201585448074,92.0155497840118,92.1149385763193,23394100
2024-09-24,93.42688751220703,94.42079057084753,92.1944498426988,94.15244008148116,23043200
2024-09-25,95.18608856201172,95.59359243859369,93.35731065127433,93.58591168155561,54762900
2024-09-26,109.21006774902344,114.10007666778111,106.87439702656278,112.41043688130414,107965900
2024-09-27,106.84457397460938,110.2934186454689,106.37743834490173,109.82628301576126,42960200
2024-09-30,103.07768249511719,106.09914862106288,101.63652613247892,105.43323540979573,39544700
2024-10-01,99.69841766357422,103.5647001209502,98.33677526785357,102.76958218964796,34309800
2024-10-02,99.2412109375,101.4973749462627,98.72438472488147,99.97669701876103,26334900
2024-10-03,101.19920349121094,101.90487371359825,98.79396004315088,98.86353295006573,22176700
2024-10-04,101.62657928466797,103.60444408348161,100.78176327173776,103.0180449674884,21911200
2024-10-07,102.3977279663086,104.06935780673565,100.30817548294245,101.65146139122531,21749300
2024-10-08,102.0295639038086,102.42757424983837,100.75593686964605,101.67135535152339,18858300
2024-10-09,101.19374084472656,101.78080780986325,99.82061312968953,101.74100601634416,18442700
2024-10-10,105.16388702392578,106.04945607589207,100.34797616525104,100.8653919027647,27605600
2024-10-11,106.38775634765625,107.11412578836374,104.46736347696519,104.51711761630445,19133900
2024-10-14,107.80068969726562,108.16885060385296,106.26836235754045,107.27332920365141,15021900
2024-10-15,103.80070495605469,108.94496738059398,102.19871877101771,107.32308409382081,23419100
2024-10-16,108.69622039794922,109.08427843933767,105.08429263140418,105.49224777609243,20450900
2024-10-17,111.49222564697266,113.57181812318002,110.45740178629438,110.78575329893728,26584800
2024-10-18,110.5967025756836,112.33799116633092,109.31312321789368,111.19371428847953,16700400
2024-10-21,108.5370101928711,110.58675324623731,107.15393011045578,110.54695145210974,14829400
2024-10-22,107.28327941894531,107.9797918322567,105.84050045219345,107.70118686693215,13758100
2024-10-23,104.5270767211914,106.56686751192449,103.02459119470208,106.02955465626441,15174700
2024-10-24,106.31810760498047,106.99472292224328,105.02458345734769,106.24845636311883,13206300
2024-10-25,107.37284088134766,109.33302808585542,107.18378424882208,107.80069310625697,12265000
2024-10-28,105.86039733886719,107.64148775377227,105.7907460976772,106.24845533855655,12381000
2024-10-29,107.64149475097656,108.20865706365353,105.0743358235265,106.05940561050936,15164600
2024-10-30,103.56190490722656,106.2683663100928,103.12409274164044,105.73105344998703,14321800
2024-10-31,99.15394592285156,101.97980481895176,98.57683132866246,101.69124752185722,19830300
2024-11-01,99.23355102539062,100.10916768446883,98.87534248499144,99.50220363498218,13623400
2024-11-04,101.22360229492188,103.27334540628286,100.49723281651993,100.99474387006705,15765800
2024-11-05,104.96487426757812,105.09423199300161,101.28329570726564,101.49224942746994,12071900
2024-11-06,111.2733154296875,111.76087409875979,106.46735720315665,107.84048487155877,20304500
2024-11-07,112.84545135498047,113.29320822909226,110.81560551560352,111.99967656167838,13569800
2024-11-08,111.34297943115234,113.73103409501996,110.01959815770107,111.58178262011415,13045700
2024-11-11,108.10914611816406,110.95490975866332,106.23849982525601,110.39769225433834,14479700
2024-11-12,103.58180236816406,104.56687215272676,101.56190865589839,104.47732380477397,21859700
2024-11-13,99.42261505126953,102.82558910709547,99.32311435090477,102.28828380684239,18416200
2024-11-14,98.68628692626953,101.78080609978895,98.06937052421264,100.78578405277732,18459700
2024-11-15,95.86042785644531,97.7111696158305,95.16391540567298,97.0644113078632,18518300
2024-11-18,97.02460479736328,97.58181473090568,95.05445774582758,96.06938451496949,14236400
2024-11-19,97.24352264404297,97.69127959608481,96.0295943491885,96.51715310007668,14160300
2024-11-20,97.88032531738281,98.03952490358151,96.04948073189352,97.49226731121695,10490600
2024-11-21,102.24848175048828,102.7758422933664,97.57187293097306,99.60171909724454,18915200
2024-11-22,102.12907409667969,103.19374750632458,101.14400428193191,101.8504691059564,12063700
2024-11-25,103.95991516113281,105.87035582288495,103.29324456661799,103.33304636266487,22837900
2024-11-26,101.29325866699219,104.19872154486401,99.81067018654223,103.4823043768591,19275700
2024-11-27,97.71116638183594,100.53703307018965,96.15893434782323,100.43753237928917,17046400
2024-11-29,97.46241760253906,97.71117314271034,95.62162812355496,96.75595277942264,13729400
2024-12-02,98.05943298339844,99.5917603680776,97.04450616958968,97.11415741434783,16525600
2024-12-03,99.34300231933594,103.16389111161139,99.1340485903592,100.61663697770517,23479700
2024-12-04,102.686279296875,102.8952406216045,99.30321017685202,100.26837525222743,16306200
2024-12-05,100.36788177490234,103.73105373379322,100.10917390378269,103.36289282456202,13448900
2024-12-06,100.66637420654297,101.6813009006441,99.53204973060554,100.37781691474619,12381000
2024-12-09,102.30815887451172,103.97979609140819,99.87035807926965,100.14896301684986,14141900
2024-12-10,97.61166381835938,104.47731763860826,96.78579367603817,104.4375158447284,23548500
2024-12-11,101.55195617675781,102.14897552799799,97.8106784331067,99.00470195275427,15248400
2024-12-12,97.75096893310547,101.4723570512006,97.27336257651984,100.89524241152816,19334900
2024-12-13,101.9897689819336,102.68628144085339,99.17385451395586,100.2683773457226,23926000
2024-12-16,107.7210922241211,110.57680072773167,104.019608881594,105.08428220074747,42741200
2024-12-17,108.05940246582031,109.9399936957994,107.14398392251739,109.20367944065718,35811500
2024-12-18,103.38280487060547,111.48228471842113,102.2186307548918,109.7011941250579,63024300
2024-12-19,86.65647888183594,90.5470192885539,84.1888281018688,89.63160069570856,91396800
2024-12-20,89.67139434814453,89.80074448818168,83.12414711088903,84.98484117003596,49578400
2024-12-23,89.27337646484375,90.64650411362497,87.95994770775263,89.5519814146183,26041500
2024-12-24,88.8355712890625,89.25347874637386,87.79080264578411,89.13408095366553,13021300
2024-12-26,89.37288665771484,90.17885214695094,87.66144739395041,88.05945776087039,14468200
2024-12-27,88.18880462646484,89.04452422654651,87.14403599246936,88.55696553068195,19422600
2024-12-30,84.99562072753906,86.72921410689919,84.26831511546213,86.66943004470374,22022900
2024-12-31,83.84986114501953,86.08160427321972,83.78011180852421,85.1251429325625,18691500
2025-01-02,87.00818634033203,87.32700682003359,84.42772666916767,84.66684772990371,18860000
2025-01-03,89.538818359375,89.86759648309904,87.18751470387,87.62588806926175,17484600
2025-01-06,98.89421081542969,101.14587682782812,95.1281420252155,95.21780671008783,42903300
2025-01-07,101.5344467163086,106.3466415086328,100.78721060306385,103.02891894279807,53570000
2025-01-08,99.04366302490234,103.09866416599245,97.93775293176148,102.44109271546368,33516900
2025-01-10,98.97391510009766,100.40861093897111,96.51302376713998,97.75841734914009,20512600
2025-01-13,94.70968627929688,95.64622466151684,92.53771962355711,95.48681063846706,22699100
2025-01-14,97.001220703125,97.05103948937173,95.02851382745943,96.692365511978,18613400
2025-01-15,102.80973815917969,103.54700906539657,98.98388494601623,99.07355724072453,27568100
2025-01-16,102.2219009399414,104.41379814605415,101.4945953643385,103.9355636788706,16243800
2025-01-17,105.36029815673828,105.48981635418201,102.12227480913167,104.25438803606876,18908900
2025-01-21,108.97691345214844,109.83374481470497,104.84221298551454,105.04147291115511,23533600
2025-01-22,108.82746887207031,110.2621570141924,107.36288490089514,108.76768481524282,20004300
2025-01-23,104.45365142822266,105.78871735916883,102.96914434192537,104.40384024353213,22677600
2025-01-24,102.80973815917969,105.33041366929271,102.34146893452858,105.11122317253862,19743800
2025-01-27,90.77424621582031,95.745855168381,88.03438038966266,94.51042688785348,50696200
2025-01-28,87.9247817993164,93.10561576001108,87.71555660180576,92.2687149699685,34793600
2025-01-29,88.6819839477539,90.11667211468848,87.43659042709055,89.54877297331716,25342800
2025-01-30,92.15913391113281,92.81670543414012,89.96724403700162,90.32591803113652,22497100
2025-01-31,90.90377044677734,93.92260341407395,90.80414047582859,91.31226320933065,20492100
2025-02-03,89.588623046875,91.06317226342765,87.6956234477131,88.32330662290552,18607900
2025-02-04,90.3259048461914,91.11298686152321,88.47275868075958,88.72183738470171,12827500
2025-02-05,93.25506591796875,93.30488469963319,89.88752455249325,90.05689624810617,15660000
2025-02-06,94.19161224365234,96.2539837976105,93.23515084484504,94.53035566350349,16141100
2025-02-07,91.9598617553711,95.57648184810832,91.25247153766982,95.23773085359005,15602800
2025-02-10,95.57648468017578,95.90527040778852,92.8266535423513,92.84658409623766,16217900
2025-02-11,93.73330688476562,95.48681562215917,93.21521888409255,93.9026785921367,12124000
2025-02-12,91.3421401977539,92.2986014834403,87.02809533527369,89.26980361146077,22874700
2025-02-13,95.30747985839844,95.71596498419893,91.68088690030847,91.72074040548296,16579900
2025-02-14,99.15325164794922,100.3289034882862,97.63885640339812,98.04734914512836,21284500
2025-02-18,106.39646911621094,107.48244870893421,101.6739386171019,102.2617607596704,29641900
2025-02-19,103.97541809082031,106.79499093348768,103.23814723204534,105.37026039754416,17875900
2025-02-20,102.79976654052734,104.46361051593848,101.96285811375252,103.59682146114346,14488000
2025-02-21,98.47576141357422,103.27800654568463,97.38978181737063,103.25807599089808,18650800
2025-02-24,95.05841064453125,100.32890990874759,94.92888483946001,99.8506830014558,14883700
2025-02-25,92.87647247314453,95.57648483181603,92.41816854965984,95.14806913792917,18608200
2025-02-26,97.34992980957031,99.35252492483541,95.14807475104523,95.64623221047478,21335200
2025-02-27,91.48162841796875,99.5218888826684,91.15284269605488,97.47944041762904,22386300
2025-02-28,93.28495788574219,94.11190104633486,89.53881947380276,90.66465253252638,23359100
2025-03-03,90.20635223388672,95.84549063245852,89.06058857512858,95.45692842837316,20281800
2025-03-04,90.8639144897461,93.24510645727221,86.48013507588871,89.8675996045459,23611500
2025-03-05,93.99234008789062,94.69973032644299,90.09675294441699,91.81041571697938,14010300
2025-03-06,88.94102478027344,92.9462147999767,88.70191134069209,90.59491110713579,18708100
2025-03-07,92.61742401123047,92.99602090332955,89.16021039739095,89.95726528750129,19133900
2025-03-10,86.75909423828125,91.03328562420536,85.44395901194142,89.25983890269497,21897900
2025-03-11,88.72184753417969,90.76428857938627,85.7528256989807,87.57608384471861,21962100
2025-03-12,95.28754425048828,96.63256767334317,91.90007250313923,92.1292282454169,23584700
2025-03-13,94.53034973144531,97.75841530128879,93.65359540454408,93.90267411572637,18824700
2025-03-14,100.4185791015625,102.40124361272132,98.38609580518043,98.38609580518043,24623600
2025-03-17,102.73001861572266,104.06507678584823,100.5879402967434,100.68757025549807,17095100
2025-03-18,101.34514617919922,102.92928311740366,99.92041566184604,101.52448315345623,18434100
2025-03-19,101.68389129638672,103.21821707961944,100.11967728381815,100.44846300907068,16633100
2025-03-20,102.62042999267578,104.30420452884842,100.97650896282855,101.20566472387985,29204400
2025-03-21,94.37094116210938,98.13700997330679,93.35469578688792,97.83811248617604,63239600
2025-03-24,96.582763671875,98.05730538828034,94.97869616057957,95.74585524797871,35406600
2025-03-25,93.83292388916016,96.02481330869595,92.90635086336182,95.82555339829392,22191700
2025-03-26,91.79048919677734,96.28387153374194,90.63476786297186,95.64623060448109,27107200
2025-03-27,90.82406616210938,91.87019220291242,89.27977509070787,90.7543168247767,15658700
2025-03-28,88.11408996582031,90.55505836873756,87.27718151826517,90.13660794559962,17118000
2025-03-31,86.68251037597656,86.88202974141498,83.89917184440793,85.79463626077654,21089500
2025-04-01,88.4981689453125,88.67773942870846,86.04404407968524,88.31859846191654,15337100
2025-04-02,88.388427734375,89.71525361197476,86.49296328225762,86.92193677609905,14520400
2025-04-03,74.1624755859375,83.15096221997379,74.03278876043606,82.72198873725262,44839500
2025-04-04,64.56546020507812,71.1696478323159,63.707513138689094,70.48130061760043,50737700
2025-04-07,68.20674133300781,72.28697112772434,61.39304893165705,63.787315664293104,50181800
2025-04-08,65.38349914550781,72.7957574887861,63.36832220990868,71.42902614671698,40822100
2025-04-09,77.6840591430664,78.37240633574812,63.5478933111861,66.04191982545925,63132600
2025-04-10,69.88272857666016,72.87556478788883,67.33881475264535,72.32687510469314,44882300
2025-04-11,69.3839340209961,70.00244873583031,66.67042752274548,68.87514964977977,30807800
2025-04-14,70.85041046142578,74.60143421923632,69.80292228663833,74.49169627551908,32634700
2025-04-15,70.870361328125,72.62616067673765,70.381533552114,70.95017211923829,19132700
2025-04-16,69.1644515991211,70.2817723264843,67.00960572004641,67.76779307874045,28475000
2025-04-17,68.63571166992188,70.31170020824621,66.84000694629727,70.27179481314613,20694100
2025-04-21,66.58062744140625,67.83762078112703,65.49323393813212,67.59819601538176,19826100
2025-04-22,70.04234313964844,70.231891870198,67.27896103027251,67.37872071591792,20351200
2025-04-23,72.75584411621094,75.21994699607303,72.32687064792107,73.5140313741321,26385500
2025-04-24,77.23512268066406,77.4047149015955,73.42424497402789,74.39192987525861,23875600
2025-04-25,79.5895004272461,80.10826303564988,76.71638001939195,77.36482947430814,19746200
2025-04-28,78.37240600585938,79.4199017802626,76.7363227318111,78.58190363850473,16882400
2025-04-29,76.6964111328125,78.0032880848613,76.28739415295664,77.75388507408854,17098000
2025-04-30,76.76624298095703,76.96576995448623,73.32448450771813,73.44420069183565,19779300
2025-05-01,77.58428192138672,79.69922210223599,77.45459510135926,79.21039435317421,15349200
2025-05-02,80.5272445678711,81.47497295529595,78.91111033345813,79.38996745849094,18899700
2025-05-05,80.22795867919922,80.9562188195776,78.86123505130853,79.22037599571762,12513600
2025-05-06,80.31775665283203,81.02606036885872,78.35245949158637,78.85126556860601,13173800
2025-05-07,82.42272186279297,82.67212491024749,80.00849457893872,80.79660912223623,14889700
2025-05-08,84.94667053222656,86.00413690640463,83.16094398731896,84.04881813378472,17580500
2025-05-09,85.65498352050781,86.06400056192429,84.47780082803716,85.36567507112687,13017600
2025-05-12,92.06961822509766,93.97505330797803,91.73042616580172,92.58837314903874,27765300
2025-05-13,96.69854736328125,97.1774045509305,92.32900882488032,92.32900882488032,28009100
2025-05-14,95.0923843383789,97.41682234023729,94.09477224602865,96.0700475377997,28044400
2025-05-15,95.2220687866211,95.38169037076584,91.94990242341419,93.78551258519857,24196100
2025-05-16,97.76598358154297,97.95553231181823,95.47147275913834,95.67099974131655,22609300
2025-05-19,98.41443634033203,98.78354795050399,95.47147604414434,95.48145429639061,14380100
2025-05-20,97.8657455444336,98.39447873995154,96.7384466108043,97.68617506188257,12331300
2025-05-21,95.61112976074219,98.58401684895445,95.03252058926539,96.92798489829933,15764300
2025-05-22,94.60356140136719,96.9878538156039,94.14466072866647,95.18217827131983,13245200
2025-05-23,93.14704895019531,93.61592026612234,90.71287287476852,92.03969885759881,16545000
2025-05-27,96.14985656738281,96.46909215189994,93.9650911278842,94.95272502823772,17612600
2025-05-28,95.95032501220703,96.9778641817031,95.37170821016095,96.46907991706425,10500300
2025-05-29,96.56884765625,99.3920839198074,95.8804929192055,98.35456649410835,14628700
2025-05-30,94.23442840576172,96.37929572342422,91.9997796616549,95.81065718908351,23758200
2025-06-02,97.94554901123047,99.00301532315058,94.17457677096561,94.35414724008183,16850300
2025-06-03,102.00582885742188,102.68420533422145,96.72846036798533,98.12511871565216,22757600
2025-06-04,103.00344848632812,103.66187612033171,101.45714669944786,102.13552322637145,14595900
2025-06-05,106.03618621826172,108.76964111729035,105.27799892548282,106.04616446993901,28833700
2025-06-06,108.30077362060547,110.78483337828624,107.78201864648332,107.82192404621222,20710100
2025-06-09,110.68505859375,112.2612875262312,108.32072280620444,109.24850235646983,20159700
2025-06-10,113.86743927001953,114.64557545459297,110.96439214978969,111.26367119937704,22949400
2025-06-11,115.75292205810547,116.97998819793332,114.45603099214124,115.32394858285232,21614100
2025-06-12,115.90257263183594,116.20185930256065,113.24892082568384,113.83751591512879,17076500
2025-06-13,115.3239517211914,116.82036979960958,113.38858951537023,113.52825459379517,17453000
2025-06-16,119.55382537841797,120.67115362341124,117.03984634115305,117.52867411844812,21374100
2025-06-17,120.05262756347656,123.21506347060088,119.06499378879995,119.31439679531657,20837700
2025-06-18,121.52909851074219,122.68633213148158,119.89301537265784,120.17234552630505,20180000
2025-06-20,123.30485534667969,123.86352330420999,120.0925431327919,122.47683546820772,29290400
2025-06-23,121.78848266601562,124.21268028730064,119.52389901724585,123.37468219527351,23399200
2025-06-24,127.60456085205078,127.79410957695356,124.66160074053931,124.8112440701375,26420600
2025-06-25,126.94613647460938,127.19553949322354,125.32003153326843,126.30766535585121,39407000
2025-06-26,125.6991195678711,129.5399320880524,123.49439782847416,129.22068892210345,62678100
2025-06-27,124.46208953857422,127.23544999915002,123.09535820165908,124.8411794020681,36888600
2025-06-30,122.95569610595703,124.78132814662644,121.5590375894147,124.60175765719704,22799700
2025-07-01,120.601318359375,123.69391414710455,118.79564301074605,122.05783101782373,24825800
2025-07-02,121.44929504394531,122.70628842232779,117.77808220783837,120.21225816984146,29303800
2025-07-03,121.99797821044922,123.3347747008261,121.53907758190898,122.03788360569305,13247900
2025-07-07,119.74625396728516,121.33395428235092,118.7377227750919,121.00443056925451,19148400
2025-07-08,124.23973083496094,125.26823728877409,121.77330830370924,122.27258387300422,26238200
2025-07-09,122.0628890991211,125.96722770944325,121.10428091987492,124.63915286616175,20464000
2025-07-10,122.93162536621094,124.16982658534894,121.84320071598219,124.09992831374454,15378400
2025-07-11,124.34957122802734,124.62916432600565,121.06433709010123,121.95304698796393,15820600
2025-07-14,118.43814849853516,120.26549886953019,116.85044826228591,120.20558062208842,32117700
2025-07-15,119.93597412109375,121.21411831965061,118.94741065788811,120.76477336864997,24958900
2025-07-16,116.26129913330078,118.91744096652472,114.6436436886261,118.85753034135378,30614800
2025-07-17,113.09590148925781,114.03453435747744,110.78924323168371,113.76492890832743,34702400
2025-07-18,114.22425842285156,114.63366802600726,113.11586610496687,114.07447423588386,19349900
2025-07-21,113.06594848632812,115.7520458618148,112.50675466967192,113.42541988643063,22189800
2025-07-22,109.06175994873047,112.83628215040231,107.97333521246811,112.69648559614342,27917600
2025-07-23,109.67086791992188,110.13020050660514,108.72223981448322,109.2814336047265,17810000
2025-07-24,111.56812286376953,112.56667400949314,110.0902638160287,110.89908780619581,20293100
2025-07-25,111.09880065917969,111.33845079681777,108.67232111286519,110.8291875882889,16372300
2025-07-28,111.08880615234375,111.8377194522472,109.70082077932325,111.55812637255099,12932300
2025-07-29,111.79778289794922,113.37549550183502,110.50965103414427,111.88765646062144,16653300
2025-07-30,114.5737533569336,114.7235375485772,112.2471350376527,112.43685456995017,16378800
2025-07-31,108.98186492919922,112.10732708613885,106.78505558708078,112.02744878918814,29224300
2025-08-01,104.72803497314453,106.34569047222593,103.23020834677516,105.33715174400196,24003300
2025-08-04,107.61384582519531,107.7236870527334,105.30719528357558,105.86638144679489,14780600
2025-08-05,108.90198516845703,110.47969780208521,106.6752203868449,109.14164292787389,17836000
2025-08-06,108.62239074707031,108.80213025527775,106.5953331712724,107.74366849491207,13021900
2025-08-07,111.7079086303711,115.11296374702592,110.62947166870063,113.97461616026484,18986500
2025-08-08,118.71773529052734,119.15710019618989,111.50819539552295,112.00747092710674,28962200
2025-08-11,123.5407485961914,127.09558822640383,121.47374803549566,124.78893752459078,35065800
2025-08-12,127.56490325927734,128.36374718808057,122.86172848384064,124.5193193513479,25961200
2025-08-13,124.0899429321289,128.41367867975276,123.17127774048181,127.3951522825585,18438200
2025-08-14,125.10846710205078,125.55781204565197,121.22410396763792,123.02149136038291,12235900
2025-08-15,120.69486999511719,123.20122768360156,119.2669416671264,122.99153287410725,18986700
2025-08-18,123.3709945678711,123.5008034715467,120.4851824254618,121.17417752138985,12208800
2025-08-19,121.87316131591797,124.0599829818883,121.13422803785157,122.76187116002748,11491200
2025-08-20,117.04017639160156,118.73771787430165,113.29560967462555,118.52801543401137,25795000
2025-08-21,115.62223815917969,117.55942982112036,115.44249864808889,116.83048413215752,13174900
2025-08-22,117.5094985961914,120.5251196904183,116.34119558943844,117.47954328089116,17038300
2025-08-25,116.2513198852539,117.90891840586654,115.931783830699,117.50949643308779,8674800
2025-08-26,116.33120727539062,118.18851299672248,115.642204554088,115.92179765306861,12584300
2025-08-27,117.57939147949219,118.5579749050218,116.27129198243,116.68069396999363,15349300
2025-08-28,121.82323455810547,122.39240838204496,118.55797580357681,118.70775237434484,17295500
2025-08-29,118.83757019042969,122.59211689323759,117.88894206128386,122.42236503228763,16774000
2025-09-02,118.30834197998047,118.388220280945,114.08446732139421,115.69213526029205,13771900
2025-09-03,118.54798126220703,119.26693923342542,117.13004060693738,119.18705332143674,14101300
2025-09-04,124.03003692626953,124.22975172646719,118.34827846785245,118.67780217442308,18589100
2025-09-05,131.1796417236328,131.21959229669977,125.47792397100609,127.58485959990992,28416000
2025-09-08,131.26953125,132.06835992203332,128.21395215641957,130.3608461133798,19492600
2025-09-09,135.04405212402344,137.8000475906312,131.3693762651996,131.56908343176303,20705000
2025-09-10,139.79714965820312,142.03390953793922,138.1395512268812,139.8171249458533,25791300
2025-09-11,150.3518524169922,156.033595603026,147.39613433936492,147.50597557419826,52446400
2025-09-12,157.002197265625,158.0506790486256,152.988032505207,153.32753624852324,32288300
2025-09-15,157.54141235351562,160.10768077438675,156.3231787845372,156.73258839504385,20101400
2025-09-16,158.5898895263672,159.3288075726342,156.94227110560914,157.7510950409448,16911600
2025-09-17,159.75820922851562,160.35733079621326,155.03505116324965,157.18194534837468,18843600
2025-09-18,168.64529418945312,170.20303146314984,162.36441449247226,162.75384881089644,28212800
2025-09-19,162.4942169189453,163.46281270894633,159.14907986190946,162.51419220729974,37309900
2025-09-22,164.3814697265625,167.01764390114386,161.35586125016843,164.14182722494232,25851200
2025-09-23,166.1688995361328,168.74516331615206,164.99060126309394,165.4399462305747,43316500
2025-09-24,161.47569274902344,165.75946993662004,158.07063010135366,164.84080482320414,57096400
2025-09-25,156.602783203125,158.7197068264904,154.42593371021755,157.16196942539648,32209200
2025-09-26,157.0421142578125,158.68971725251635,154.9551311647282,158.29030296188466,24045000
2025-09-29,163.6625213623047,165.5597776194337,159.73822280095163,159.7681781154138,26506500
2025-09-30,167.07757568359375,168.7052035992652,163.72244341190353,163.87221998072343,20092500
2025-10-01,181.8860626220703,182.1257203526332,165.26019419500858,165.360055391913,41674800
2025-10-02,183.48374938964844,185.9102210475626,180.9474365103876,184.69200282446204,25122200
2025-10-03,187.67530822753906,191.69200169266892,184.767701195086,185.05747089388944,29399300
2025-10-06,190.802734375,200.83445884477962,189.27398043786616,194.8493866472828,36392300
2025-10-07,185.53707885742188,195.1391652251319,183.08909958546354,194.68953886844125,27828200
2025-10-08,196.3781280517578,196.78779404549877,188.6445122723342,188.83435823266402,26833900
2025-10-09,192.17160034179688,196.4580604229229,189.34392927817512,192.81107263294027,19721500
2025-10-10,181.450439453125,193.2806843123076,179.4620729381871,192.8010839115899,26990300
2025-10-13,192.61123657226562,193.24070732923747,187.83517465760693,190.63285634686343,20928400
2025-10-14,186.9059295654297,192.30149111787793,186.09659914411782,186.8060210760382,15912400
2025-10-15,191.78192138671875,192.72114964569582,187.26563977255464,192.32146993643858,17793100
2025-10-16,202.3632049560547,206.1700647865925,195.03923975679353,199.79532941067083,42041300
2025-10-17,202.2133331298828,203.22249584725913,195.3889562042053,199.11588006243252,23283100
2025-10-20,206.59971618652344,214.5731398863498,205.33075784235103,209.4873354801509,23268400
2025-10-21,202.12338256835938,205.70043582709462,200.6745798711446,204.13173684344656,13717300
2025-10-22,198.30654907226562,205.41069416355634,192.2415407692192,202.08343479206854,21949800
2025-10-23,206.53976440429688,208.827871696848,195.03923405709398,196.5379986864972,19397900
2025-10-24,218.83963012695312,219.63897433539046,209.8070664901897,212.21508539135147,25821800
2025-10-27,219.91873168945312,224.794702152935,215.5623219765756,224.62484399451952,23873100
2025-10-28,221.7272491455078,222.71642407104707,217.38082549996858,218.74969235438624,14957500
2025-10-29,226.443359375,232.20859640302862,225.9137970864112,228.87135078348572,23217300
2025-10-30,223.8255157470703,227.212723373412,220.55821966466257,225.91380615828191,14795100
2025-10-31,223.58570861816406,231.05954386538664,218.6397884581818,227.56242644472132,16320000
2025-11-03,234.5067138671875,237.42430732266837,231.60910820999857,233.68739709189376,21199300
2025-11-04,217.85043334960938,228.4816698347356,217.22094732703684,221.95704904031803,23696200
2025-11-05,237.30441284179688,239.68245773138185,224.54492498552918,225.4841533115408,28617400
2025-11-06,238.13372802734375,246.20707567016703,234.68657228255316,237.64412607230432,32016800
2025-11-07,237.7240447998047,242.35023636274957,226.21352852190947,233.83724925385255,30613800
2025-11-10,253.0913848876953,256.858284180447,247.6059009691577,247.75578657672412,27870600
2025-11-11,240.9114227294922,249.78411405190826,238.59332616026848,248.135463842015,22622500
2025-11-12,244.69830322265625,248.9847786735164,240.64164932949222,244.69830322265625,17263100
2025-11-13,236.75485229492188,249.29451955420765,229.97045103623338,243.39938470933058,32324600
2025-11-14,246.62672424316406,254.95985215207114,231.0395655714366,231.25938560947498,36171100
2025-11-17,241.750732421875,260.36537880925664,239.26279288694604,246.71664046236828,30304400
2025-11-18,228.3118133544922,238.73321616010134,225.33427187377848,235.28606053944208,33843900
2025-11-19,225.7339324951172,234.15699755114895,216.18180846432955,226.72312262868198,35256600
2025-11-20,201.20416259765625,230.41010204162293,199.43563120798396,230.05039789951238,47420700
2025-11-21,207.19921875,211.8254106635664,192.43139181117184,204.36156124737403,36679700
2025-11-24,223.74557495117188,225.9237875384637,212.18511136196352,213.23424968286807,33052800
2025-11-25,224.3450927734375,226.00372938148487,215.82211865905327,219.03946812913145,17441600
2025-11-26,230.0703582763672,233.63742543404436,225.81387219183372,229.4308859738144,17817600
2025-11-28,236.28524780273438,237.90392405462185,233.27773211099682,235.4259554270632,12914700
2025-12-01,240.261962890625,242.16039194453728,231.30933567412265,232.09867831862545,18238200
2025-12-02,239.2927703857422,244.16874103087034,234.13701631172938,238.55337433372216,18166200
2025-12-03,233.9671630859375,237.6041647835438,227.90215466713155,236.1953223185405,19188200
2025-12-04,226.4633331298828,233.96715792212248,223.14607529026708,230.0903484714977,23513900
2025-12-05,237.02462768554688,240.37187473615015,226.50330137516542,228.76143455869826,21161000
2025-12-08,246.71664428710938,249.02473941992127,241.4110198397423,243.2894764223214,20495400
2025-12-09,252.2121124267578,255.29956393386357,242.63001412991284,244.2886506614627,17067100
2025-12-10,263.4927978515625,264.53194983734414,250.3736221892886,254.9198778230841,21960700
2025-12-11,258.24713134765625,262.63353050812447,251.34283380916006,261.3146103034218,18867000
2025-12-12,240.94140625,255.60932432443443,239.12291305634324,255.45943871062732,25936900
2025-12-15,237.30441284179688,249.9040288029513,235.80564812911186,246.90649937758124,27483600
2025-12-16,232.31851196289062,239.20283712501302,230.39010872376193,235.60581103630304,22577300
2025-12-17,225.3342742919922,237.25444186461323,221.5074267095709,236.36517544572627,41957100
2025-12-18,248.34530639648438,263.43286144325225,244.79822699687696,256.3187300925832,65006100
2025-12-19,265.70098876953125,268.15895405598565,251.54264645412775,251.54264645412775,62312100
2025-12-22,276.3622131347656,279.7594069968648,268.06906072207244,276.92174951240804,30961900
2025-12-23,276.0424499511719,281.62784230536295,272.0957215109541,275.69276260905343,20767600
2025-12-24,286.44390869140625,289.06174621510235,277.02168171361717,277.7710640807415,18592600
2025-12-26,284.55548095703125,290.6304605959691,283.18661404533066,290.60048652098465,17878500
2025-12-29,294.24639892578125,294.376349223858,278.38306709285047,280.212285314488,26642900
2025-12-30,292.5071105957031,298.7044885113904,291.8873758546106,294.5762485898116,23056400
2025-12-31,285.2901611328125,293.0469125010942,284.0606666232223,293.0469125010942,17573800
2026-01-02,315.2875671386719,315.4674842347152,294.73617231120267,295.00607846003123,42604300
2026-01-05,312.0189208984375,325.39330746509376,309.42000654760994,324.9934815276042,34608600
2026-01-06,343.2857666015625,344.40529136816224,317.92642580949723,318.14633463899094,48732400
2026-01-07,339.40740966796875,346.15457532139726,337.0384097193049,340.5669262408333,32781100
2026-01-08,326.8826599121094,343.51568673613724,321.225033117604,342.7559961297741,33897700
2026-01-09,344.9450988769531,345.6547922186109,326.0530407686874,332.61028389510386,33387500
2026-01-12,345.7247619628906,348.32367630622775,339.1775245541738,340.40698854579153,23152600
2026-01-13,337.9880065917969,351.0825113246795,335.0792249908501,346.12457232198557,23881300
2026-01-14,333.21002197265625,338.9576073671734,328.0621907202587,334.69938651336355,20277200
2026-01-15,336.4886474609375,347.62395369792637,336.1287827693935,345.18497586053485,25370200
2026-01-16,362.5976867675781,365.65639947952997,351.8921922757467,352.95174475741555,47901900
2026-01-20,364.84674072265625,381.3997849298565,361.1982794163825,364.5268677658108,49744900
2026-01-21,388.94659423828125,394.0344837413667,366.5760174445932,372.69344271558526,56712800
2026-01-22,397.41302490234375,397.61295311527766,376.7617278072447,396.4734477148891,39607600
2026-01-23,399.482177734375,412.2568100921039,390.5759154525779,396.9932330663986,35404200
2026-01-26,388.9266052246094,397.83286729626053,384.1386081547605,395.3339171248016,29193900
2026-01-27,410.0677185058594,416.27513270929563,399.43220241444334,404.440077826186,36212100
2026-01-28,435.09722900390625,438.7556958666012,416.8249058156781,422.2626240537506,42725700
2026-01-29,435.6070251464844,444.5232626546009,417.5246245977186,439.1855085220348,42675700
2026-01-30,414.7057800292969,455.30871717161017,406.95903456699176,446.2825104531407,51022900
2026-02-02,437.61614990234375,442.2442105860814,409.8278356846554,412.0069129532501,37771200
2026-02-03,419.2638854980469,442.11427226406215,407.3588826785566,441.9743469105657,42763300
2026-02-04,379.2406921386719,412.8265903346469,363.7472002495992,410.4175985803548,58074900
2026-02-05,382.729248046875,390.76585027465586,365.8463251223046,369.46480028783395,38899500
2026-02-06,394.5242614746094,396.4834298764643,372.7134169593978,377.81128143293284,37196000
2026-02-09,383.3389587402344,391.6454667226209,370.5243348583356,380.53014117002857,31009600
2026-02-10,373.09326171875,382.6292641429955,365.90627856367956,375.83210135336617,35433800
2026-02-11,410.1676940917969,413.9860973904565,386.40768612441155,395.2239899172025,48475000
2026-02-12,413.7961730957031,438.5857472467042,410.9873554694847,422.07269506107974,45639100
2026-02-13,411.4871520996094,420.7032819419831,392.54509679679575,405.0198675621167,33807600
2026-02-17,399.61212158203125,413.486297918331,395.1339918596243,400.78164369310247,28549500
2026-02-18,420.77325439453125,427.6703509687872,394.434312715064,399.3322490936073,32306600
2026-02-19,417.17474365234375,420.14349764725006,407.5687634245411,415.6353818204169,21651300
2026-02-20,427.9902038574219,430.3891898788619,414.97565207039486,415.00563825173424,29894900
2026-02-23,420.7932434082031,431.5187490538549,415.1256107182112,422.13267710547626,25426600
2026-02-24,417.83447265625,436.08678389659474,411.1072878383078,429.03975664153035,33389200
2026-02-25,428.8198547363281,436.7065562174714,422.82237425050533,426.32090453390197,27296300
2026-02-26,415.385498046875,433.81775727083726,401.79120277798825,424.6616000236277,35433500
2026-02-27,412.19683837890625,417.7844874423968,401.0115346894632,401.64127502928784,28653900
2026-03-02,412.4967346191406,417.4346322646796,396.83330097953973,401.30142526113724,30049200
2026-03-03,379.52056884765625,389.9262014534376,374.39271800254,386.3876793226664,39010900
2026-03-04,400.6016845703125,407.70871456901386,387.4472074874173,393.4747044571419,32644900
2026-03-05,396.8832702636719,404.36014046423224,380.1403034300277,398.43263773621084,29960100
2026-03-06,370.1445007324219,391.0157382085629,367.2957218365765,379.98039581121793,34458800
2026-03-09,389.1565246582031,389.83623179249304,357.51982117907266,363.807157928399,35547200
2026-03-10,402.9407043457031,415.1355933099149,393.4747104385503,393.8445501809074,33745400
2026-03-11,418.5141906738281,422.572483402254,405.6196136029557,410.5975029322861,30191400
2026-03-12,405.1797790527344,413.5562647459693,396.50343154663796,409.8278201806601,31720900
2026-03-13,425.9510803222656,429.16972952058876,412.82658849961484,413.5762735876892,39261000
2026-03-16,441.6144714355469,454.668984966884,437.566184274094,445.9726564891947,43067600
2026-03-17,461.4961242675781,462.53569608015493,444.95308633575695,452.3499727417273,43017900
2026-03-18,461.5361328125,471.14208297820466,458.10754986910723,464.56485931012566,58973700
2026-03-19,444.08343505859375,457.0280094101424,420.9331565419807,424.79155154713123,74591900
2026-03-20,422.722412109375,448.9114225546253,415.18556972243744,443.73360503223694,64224900
2026-03-23,404.1802062988281,444.08342550130794,401.3513776258061,425.9710395632608,54807300
2026-03-24,395.3639221191406,404.80996641862856,388.74670663101466,401.11150778698163,44975100
2026-03-25,381.9295654296875,388.75671475053633,371.22407085668544,382.8391870019348,55328700
2026-03-26,355.31072998046875,374.0928483986513,349.85303123454366,369.8646136394447,54515900
2026-03-27,357.07000732421875,368.54519794334004,353.911330523037,359.7088829463018,45806700
2026-03-30,321.79998779296875,362.80999755859375,318.3999938964844,362.6600036621094,73833200
2026-03-31,337.8399963378906,337.8399963378906,311.489990234375,321.6700134277344,73551800
2026-04-01,367.8500061035156,377.8900146484375,343.0,348.9100036621094,74429800
2026-04-02,366.239990234375,366.94000244140625,340.20001220703125,341.3399963378906,51498700
2026-04-06,377.760009765625,385.0799865722656,370.6099853515625,373.79998779296875,41414900
2026-04-07,377.5799865722656,379.25,364.1000061035156,374.1300048828125,40224100
2026-04-08,406.7300109863281,416.0,398.8800048828125,415.1300048828125,49216600
2026-04-09,421.510009765625,423.94000244140625,398.44000244140625,407.6099853515625,43101000
2026-04-10,420.5899963378906,423.8599853515625,410.04998779296875,420.2900085449219,36377600
2026-04-13,426.55999755859375,426.8800048828125,408.5,416.4700012207031,37015800
2026-04-14,465.6600036621094,465.7799987792969,424.8599853515625,434.3500061035156,52534900
2026-04-15,456.2300109863281,463.95001220703125,439.32000732421875,457.6300048828125,40370100
2026-04-16,457.2300109863281,462.3399963378906,444.3800048828125,452.9599914550781,33626400
2026-04-17,455.07000732421875,470.9700012207031,452.20001220703125,466.8500061035156,33405000
2026-04-20,448.4200134277344,464.55999755859375,435.8999938964844,458.25,32013600
2026-04-21,449.3800048828125,457.82000732421875,441.29998779296875,451.32000732421875,27734000
2026-04-22,487.4800109863281,491.9800109863281,458.55999755859375,462.92999267578125,45998100
2026-04-23,481.7200012207031,493.6199951171875,471.79998779296875,482.2799987792969,38178000
2026-04-24,496.7200012207031,506.989990234375,489.3599853515625,495.9200134277344,35379600
2026-04-27,524.5599975585938,531.3599853515625,510.0199890136719,510.55999755859375,41298800
2026-04-28,504.2900085449219,518.8300170898438,488.2300109863281,503.5400085449219,44816600
2026-04-29,518.4600219726562,531.02001953125,508.79998779296875,526.0,36248500
2026-04-30,517.1599731445312,535.5,502.5799865722656,529.739990234375,36554400
2026-05-01,542.2100219726562,545.9099731445312,510.2099914550781,511.7799987792969,40215300
2026-05-04,576.4500122070312,592.7999877929688,557.760009765625,560.5999755859375,46043700
2026-05-05,640.2000122070312,651.739990234375,605.469970703125,609.780029296875,64268500
2026-05-06,666.5900268554688,667.6699829101562,627.5800170898438,660.3699951171875,55725800
2026-05-07,646.6300048828125,683.0900268554688,635.4199829101562,649.8300170898438,47527500
2026-05-08,746.8099975585938,747.2100219726562,676.2100219726562,676.4500122070312,65130900
2026-05-11,795.3300170898438,818.6699829101562,768.0,792.97998046875,70972900
2026-05-12,766.5800170898438,782.760009765625,706.5999755859375,774.7000122070312,73743000
2026-05-13,803.6300048828125,814.9500122070312,779.469970703125,813.1599731445312,54875100
2026-05-14,776.010009765625,812.0,775.6300048828125,787.6199951171875,42142700
2026-05-15,724.6599731445312,749.5900268554688,719.0,732.5700073242188,48519000
2026-05-18,681.5399780273438,757.0,663.25,750.4600219726562,60042500
2026-05-19,698.739990234375,725.9500122070312,652.2100219726562,665.5800170898438,61792100
2026-05-20,731.989990234375,735.6799926757812,700.6599731445312,734.9600219726562,48827400
2026-05-21,762.0999755859375,764.9000244140625,732.2000122070312,736.3599853515625,42461500
2026-05-22,751.0,780.2000122070312,747.2000122070312,756.8200073242188,36002900
2026-05-26,895.8800048828125,916.7999877929688,820.2999877929688,820.5,76560800
2026-05-27,928.4099731445312,956.1599731445312,888.1500244140625,955.6599731445312,72295700
2026-05-28,923.52001953125,949.489990234375,904.780029296875,929.8300170898438,49694300
2026-05-29,971.0,981.0,940.510009765625,957.0,60498600
2026-06-01,1035.5,1046.969970703125,1009.5,1009.719970703125,46552100
2026-06-02,1064.0999755859375,1076.56005859375,1017.2000122070312,1050.0,47555400
2026-06-03,1079.5699462890625,1089.2900390625,1038.5,1079.010009765625,40324200
2026-06-04,996.0,1036.3699951171875,971.6799926757812,1007.0999755859375,54917200
2026-06-05,864.010009765625,961.8900146484375,864.010009765625,944.4000244140625,77250500
2026-06-08,949.280029296875,962.9500122070312,916.5,938.27001953125,54097800
2026-06-09,935.8900146484375,989.1500244140625,854.3499755859375,988.1799926757812,73448600
2026-06-10,891.8800048828125,957.47998046875,883.25,905.1300048828125,55712600
2026-06-11,995.8699951171875,996.77001953125,895.5,904.3699951171875,59418900
2026-06-12,981.6099853515625,1012.6199951171875,960.1900024414062,971.8099975585938,40785200
