Date,Close,High,Low,Open,Volume
2019-01-02,3.373051881790161,3.4290135007628106,3.220271688741212,3.234881152570605,508752000
2019-01-03,3.169262409210205,3.34680449917898,3.161833936081145,3.3128808158221736,705552000
2019-01-04,3.372309684753418,3.4104426909025465,3.211605559520312,3.242310091713328,585620000
2019-01-07,3.550841808319092,3.5877369282498313,3.3782519546193495,3.4295090569356015,709160000
2019-01-08,3.46244215965271,3.634536816055823,3.389890036843315,3.632308061543531,786016000
2019-01-09,3.5305371284484863,3.5778321572029506,3.4631849627780333,3.513698909920698,617260000
2019-01-10,3.5961556434631348,3.6048222344457934,3.45080392460482,3.5112228156861867,523156000
2019-01-11,3.685298204421997,3.7080790587125985,3.5461368423942865,3.5738699331062063,874764000
2019-01-14,3.7251648902893066,3.750421983358888,3.609527289244213,3.6330510639730837,730168000
2019-01-15,3.711050271987915,3.7972212114031887,3.692726455192462,3.757849859751598,617012000
2019-01-16,3.6855454444885254,3.77122118343258,3.6800980083972665,3.738288140373494,470104000
2019-01-17,3.75685977935791,3.7967263343986897,3.6253746048394815,3.6526127323510096,493436000
2019-01-18,3.885868787765503,3.911868797573999,3.755126529017135,3.8066311124384677,651336000
2019-01-22,3.6838135719299316,3.8672985843530636,3.653604235062588,3.8556605533911537,661552000
2019-01-23,3.6966888904571533,3.827678875022303,3.6654891602247064,3.739031685104363,591020000
2019-01-24,3.9084019660949707,3.925982629609862,3.7764215957357776,3.781126350184617,708972000
2019-01-25,3.965602397918701,3.9836785018556333,3.7464606319697302,3.848974381611275,1154572000
2019-01-28,3.4173758029937744,3.507261112893083,3.2437957746546737,3.3812235989990995,2511528000
2019-01-29,3.258652687072754,3.419604521098029,3.2440432219899566,3.371318852816988,1153932000
2019-01-30,3.4020233154296875,3.4163850611148643,3.255185759523989,3.3346711511975444,974228000
2019-01-31,3.5595085620880127,3.595165565429852,3.3770139904824843,3.398804447009973,842852000
2019-02-01,3.583775043487549,3.634784430377582,3.5305373742978947,3.5780798883137495,625048000
2019-02-04,3.693964719772339,3.7311073186872235,3.5775842144138106,3.5996221501393917,528592000
2019-02-05,3.713031768798828,3.7496791731204335,3.672174809486618,3.7058507771176155,542424000
2019-02-06,3.788555145263672,3.852935876807486,3.740764914745462,3.746212351620541,702464000
2019-02-07,3.6503844261169434,3.744479293492757,3.6075466655780306,3.7422507749665708,637120000
2019-02-08,3.6689558029174805,3.679603194977889,3.5689180664556606,3.5832798133270645,461604000
2019-02-11,3.6263651847839355,3.679107648481847,3.57807952137513,3.624879348540675,495180000
2019-02-12,3.7432401180267334,3.7588402155982084,3.650383395199875,3.664745374796036,591060000
2019-02-13,3.785583734512329,3.8586310580795686,3.7590885235415303,3.7727075881158356,605372000
2019-02-14,3.82643985748291,3.854668380613588,3.7415068061835255,3.784592508895312,827264000
2019-02-15,3.8960208892822266,4.05771514479702,3.873240035917187,4.03493452757886,1516748000
2019-02-19,3.878687620162964,3.9591636461695914,3.866306911066765,3.8853734108841738,551892000
2019-02-20,3.92598295211792,3.9930874019007936,3.8967642591234353,3.907906850947188,540988000
2019-02-21,3.857144832611084,3.963125193509048,3.8425353693714546,3.938611257583346,448548000
2019-02-22,3.94183087348938,3.960649894447038,3.8952787573494283,3.908897822960406,401740000
2019-02-25,3.929450273513794,4.0926304027463685,3.9207834448772534,4.025278463314607,656020000
2019-02-26,3.890078544616699,3.980706770363881,3.856650060045319,3.924745147447787,488464000
2019-02-27,3.848231315612793,3.9022119038952963,3.791279054489746,3.875716927918622,500256000
2019-02-28,3.8236916065216064,3.8643429349671288,3.801383218768535,3.8420343108237707,324944000
2019-03-01,3.877976417541504,3.920114645041173,3.8152644321867233,3.8735145504391952,357188000
2019-03-04,3.8861560821533203,3.939200883740636,3.8296408345573885,3.9163965477958653,409992000
2019-03-05,3.879711389541626,3.917883695502126,3.8162557224446934,3.870539918606182,362924000
2019-03-06,3.768911838531494,3.87921533253882,3.7661853128661065,3.8707877821229424,403524000
2019-03-07,3.6997547149658203,3.755030560397522,3.6536503391344715,3.74536338040612,450104000
2019-03-08,3.733962059020996,3.7446206618690914,3.58920395909673,3.61052116479292,422416000
2019-03-11,3.994227170944214,4.0170312614060055,3.710412360952955,3.75750838183763,859728000
2019-03-12,4.028435230255127,4.074787111462643,3.9458931773160653,4.021990285337991,579576000
2019-03-13,4.179638385772705,4.208887435194801,4.058428293901747,4.065864661185233,768900000
2019-03-14,4.103787422180176,4.200705999980171,4.096103321217804,4.188808006697759,519384000
2019-03-15,4.209134578704834,4.251768511099473,4.143447866293532,4.146918075590544,661484000
2019-03-18,4.18781852722168,4.294404096676258,4.160800056456478,4.240615365007121,486992000
2019-03-19,4.3553786277771,4.399748130589831,4.2654009372849435,4.282256034301148,854972000
2019-03-20,4.322908401489258,4.437673521455852,4.2882058347189105,4.3843807498112275,719148000
2019-03-21,4.559380054473877,4.585654840496225,4.34100407895674,4.34596165711653,824312000
2019-03-22,4.399748802185059,4.580696104244209,4.385867965071541,4.532113174346897,747644000
2019-03-25,4.307540416717529,4.423296963469352,4.2413582249487405,4.3590980863019135,525212000
2019-03-26,4.3841328620910645,4.505094712857802,4.327865357021131,4.449075417579673,703508000
2019-03-27,4.3749613761901855,4.456015819945909,4.305557190848552,4.409663941641556,474372000
2019-03-28,4.393552780151367,4.45923903008485,4.340507738765139,4.400988673936663,480264000
2019-03-29,4.45081090927124,4.47510284912212,4.409912078172584,4.460230117103884,456896000
2019-04-01,4.518232822418213,4.548473288345791,4.470889045273274,4.542524289975378,483824000
2019-04-02,4.536078453063965,4.580447958692014,4.499393521901843,4.542275660034518,440920000
2019-04-03,4.675384521484375,4.734378563014394,4.5806969596797,4.585654537511932,783504000
2019-04-04,4.666460990905762,4.708847191535176,4.603749006002984,4.660016045538845,457376000
2019-04-05,4.733138561248779,4.750490082301822,4.673153576189871,4.709590777561988,481744000
2019-04-08,4.753960132598877,4.778995283235704,4.678606470878102,4.7026502006155395,424192000
2019-04-09,4.691247463226318,4.7316508138308535,4.649109008107119,4.720496502982226,439972000
2019-04-10,4.761643886566162,4.787422721742926,4.686042958630669,4.690504589184223,444772000
2019-04-11,4.747761249542236,4.795600955108966,4.698434649541311,4.764120870561779,374600000
2019-04-12,4.7098388671875,4.790397851946734,4.7011633424018155,4.786431695138717,471708000
2019-04-15,4.57821798324585,4.707112164920692,4.538558307773687,4.702154587291515,440092000
2019-04-16,4.66522216796875,4.684060587684062,4.584663646396921,4.617382907422315,394964000
2019-04-17,4.642415523529053,4.7209911598562595,4.6201069056929915,4.700169909284052,351004000
2019-04-18,4.617877006530762,4.683067772083667,4.590115332177181,4.649109362959098,380988000
2019-04-22,4.671666145324707,4.687282088559057,4.56285001675358,4.594329640256938,279936000
2019-04-23,4.726197719573975,4.757430076453827,4.675136000252518,4.684802944457456,346856000
2019-04-24,4.738592624664307,4.7792437242104535,4.675880633930108,4.736609309792808,318204000
2019-04-25,4.632998466491699,4.720745611248034,4.553431372698059,4.698436983070616,499296000
2019-04-26,4.41437292098999,4.483777573015792,4.295641659746213,4.479315470538155,868988000
2019-04-29,4.445108890533447,4.472870559501432,4.350173154603981,4.42230432475227,391920000
2019-04-30,4.486505031585693,4.512035657356276,4.393800318272996,4.412886471536055,362920000
2019-05-01,4.473368167877197,4.580945147868897,4.473119958040308,4.53880668205535,354280000
2019-05-02,4.54079008102417,4.582432605052308,4.439905771422172,4.483035663531513,394684000
2019-05-03,4.536327362060547,4.559131460862227,4.474854539101852,4.549216779186023,336824000
2019-05-06,4.457999229431152,4.470144962124929,4.312993175372154,4.35017405728094,422176000
2019-05-07,4.290933609008789,4.409664906665212,4.2428461427667425,4.409664906665212,555220000
2019-05-08,4.311010360717773,4.391073385860817,4.251520854734579,4.263418850487332,419168000
2019-05-09,4.2185540199279785,4.251769223608822,4.099823200114709,4.242102277915815,660248000
2019-05-10,4.184594631195068,4.253255601624408,4.065119682464196,4.187817103269643,569500000
2019-05-13,3.927551031112671,4.07577933938644,3.911687113715555,4.052727029014775,656912000
2019-05-14,4.016536235809326,4.051734268737782,3.9285411534881876,3.9672091586483504,524880000
2019-05-15,3.9555606842041016,3.9919978867927326,3.9017721963734298,3.9610137359058957,502320000
2019-05-16,3.970679998397827,4.013314402055822,3.9077205228768612,3.9501067167506463,781088000
2019-05-17,3.8799586296081543,4.0579316645712655,3.8405469343425804,3.9287897680294255,1022068000
2019-05-20,3.7614753246307373,3.8363330317771744,3.7366879135846607,3.7813051589114903,572064000
2019-05-21,3.8435211181640625,3.8593850325820225,3.78353590599983,3.8222041530704325,361848000
2019-05-22,3.772630453109741,3.8308805743775762,3.7617238764197856,3.8048539998931146,325868000
2019-05-23,3.651667833328247,3.7104136568987665,3.5919303524941824,3.7104136568987665,591844000
2019-05-24,3.597879409790039,3.705704114217534,3.5911867278095704,3.670506072343846,357584000
2019-05-28,3.5527665615081787,3.6481977986441865,3.550783483276379,3.615478544356447,428356000
2019-05-29,3.478652000427246,3.540124343200313,3.4439496731796475,3.5051742789553133,559800000
2019-05-30,3.4521002769470215,3.517613485625066,3.41388415966478,3.4818789866497557,394300000
2019-05-31,3.361522674560547,3.470463243115982,3.3597855892986193,3.4032129575069305,389720000
2019-06-03,3.3198330402374268,3.4114025308764644,3.2905506069540187,3.3726901373838083,478644000
2019-06-04,3.5486316680908203,3.5538429225767647,3.3617700925003065,3.38385591913027,641836000
2019-06-05,3.5059492588043213,3.6277939409728304,3.469718492849625,3.6223344294385313,511616000
2019-06-06,3.5679891109466553,3.5925565635788814,3.5076871602439055,3.510168778488003,408140000
2019-06-07,3.6106717586517334,3.644917189289571,3.554836534431191,3.5739447099018427,348856000
2019-06-10,3.6833813190460205,3.7518724125005205,3.666754762775281,3.666754762775281,402780000
2019-06-11,3.740953207015991,3.7809064020945917,3.7014965248313723,3.7431865683985013,383872000
2019-06-12,3.628042459487915,3.7037301521005195,3.612904968297418,3.6975261070813854,358892000
2019-06-13,3.6791622638702393,3.6975256669567544,3.632508750188073,3.6501278572889824,308080000
2019-06-14,3.589329719543457,3.6104229972255584,3.544661783074375,3.5861038057770656,394428000
2019-06-17,3.599008083343506,3.6359833849299616,3.5647624194156107,3.5875927831475054,276040000
2019-06-18,3.7938101291656494,3.849148828276231,3.64938334735258,3.660302133322271,581920000
2019-06-19,3.799766778945923,3.840464274972169,3.773710261901939,3.8290492102307088,331644000
2019-06-20,3.8240859508514404,3.9042403700145063,3.8096929917731086,3.890343687227134,350168000
2019-06-21,3.7660164833068848,3.8583307149583783,3.759564419714578,3.809195823753906,434428000
2019-06-24,3.78835129737854,3.817881983735955,3.7402089492520556,3.7873587448378245,282948000
2019-06-25,3.759068727493286,3.868257549349684,3.756339089777915,3.793314392133921,311868000
2019-06-26,3.9521336555480957,4.013180360056078,3.873468318003197,3.8863724455700694,584072000
2019-06-27,4.050652027130127,4.0697599636115775,4.001765150254064,4.037747898512495,445440000
2019-06-28,4.075467586517334,4.103757460552952,4.028814309330252,4.094575522317128,397668000
2019-07-01,4.123610019683838,4.316675433416628,4.086138206588349,4.282429770761454,709756000
2019-07-02,4.025836944580078,4.128077436863435,4.012684794144779,4.106983918882038,400228000
2019-07-03,4.038740158081055,4.05487043601337,3.9789347351642497,4.049162668133274,246636000
2019-07-05,3.9762043952941895,3.984889818803257,3.9129243402194605,3.980423097187177,396552000
2019-07-08,3.901261806488037,3.935507467952032,3.871235084423911,3.916647552169547,329788000
2019-07-09,3.9037442207336426,3.9317858436962787,3.846420165710537,3.8590760398522117,342860000
2019-07-10,3.9719862937927246,4.029310097617436,3.9332739117349313,3.9471705914500133,452076000
2019-07-11,4.126339912414551,4.1670374051469015,4.0077211313339385,4.044944453629627,682560000
2019-07-12,4.159343242645264,4.230316168126767,4.154131988605161,4.154131988605161,506392000
2019-07-15,4.150907039642334,4.196567767290937,4.122617637138921,4.180437961065009,289840000
2019-07-16,4.1461920738220215,4.173240902590646,4.0906048776539645,4.13601758306642,341444000
2019-07-17,4.211457252502441,4.21840559286607,4.118646736708043,4.147929163474818,348204000
2019-07-18,4.223120212554932,4.285903767102195,4.165299893357531,4.221879640377553,442192000
2019-07-19,4.179941654205322,4.267788943467835,4.17398586566886,4.261337115323473,344896000
2019-07-22,4.251409530639648,4.264313656871329,4.193837238735219,4.201282090787382,315940000
2019-07-23,4.359109401702881,4.361094506318851,4.274984322109431,4.290618559250615,428176000
2019-07-24,4.433557033538818,4.439264802250148,4.32635378692082,4.402289498828608,366236000
2019-07-25,4.302529335021973,4.404769788137761,4.279202700927219,4.392113682197384,392700000
2019-07-26,4.34446907043457,4.391122351603324,4.329579836157786,4.329579836157786,274160000
2019-07-29,4.338264465332031,4.354394742272245,4.250169174840338,4.337271913005272,248160000
2019-07-30,4.353899955749512,4.366059554883775,4.27746771644239,4.291860914187575,197772000
2019-07-31,4.186890602111816,4.32337677198391,4.144704036634304,4.322383745983711,359416000
2019-08-01,4.092591285705566,4.287641841421078,4.040478249148422,4.197312925156903,421212000
2019-08-02,4.000028133392334,4.069263993496458,3.952630557717164,4.000028133392334,428348000
2019-08-05,3.74194598197937,3.817881688657887,3.6950444464837853,3.8166408797478337,589156000
2019-08-06,3.7806589603424072,3.8620541967411204,3.7330131183813062,3.8166417166437974,361272000
2019-08-07,3.8188748359680176,3.830786414031856,3.702489640001422,3.7198604941277384,372560000
2019-08-08,3.927318572998047,3.9285593819229723,3.8191225433416642,3.87644659037663,309300000
2019-08-09,3.826070785522461,3.8898468953295846,3.775695080435501,3.8863727250932496,341816000
2019-08-12,3.7583248615264893,3.8260714291923046,3.7364870473241942,3.773958630220107,279200000
2019-08-13,3.87247633934021,3.918385328045698,3.717875269269923,3.7568356798883134,351956000
2019-08-14,3.72407865524292,3.7955476398944517,3.680403269804808,3.7843805962513932,419880000
2019-08-15,3.691818952560425,3.7627916728810344,3.657573519860918,3.7429392001096975,477200000
2019-08-16,3.9595792293548584,4.00871389430151,3.893073237992671,3.954367973426272,1007960000
2019-08-19,4.238009452819824,4.2538917113035914,4.056607602337402,4.072737880593051,815112000
2019-08-20,4.165796756744385,4.233047039437114,4.144703241392675,4.23255052653228,463188000
2019-08-21,4.249176502227783,4.304267184161182,4.21021609857475,4.231805651765932,427244000
2019-08-22,4.2553815841674805,4.301290336647535,4.216172680040969,4.25885575491386,303488000
2019-08-23,4.031048774719238,4.233296189711494,4.011196299667997,4.178950021509208,568056000
2019-08-26,4.105742931365967,4.133784788125039,4.067527056360016,4.109713614737591,318208000
2019-08-27,4.015166759490967,4.146689221855993,3.9858843249287412,4.143959583603636,290968000
2019-08-28,4.004733085632324,4.057394231895982,3.949587864929308,3.9888355777669298,255612000
2019-08-29,4.148309230804443,4.180601248407322,4.092667010059698,4.096144619244449,357976000
2019-08-30,4.160978317260742,4.244193164669285,4.142844997659137,4.194512616324888,290616000
2019-09-03,4.0780110359191895,4.1212328826029285,4.055158312430891,4.08819559751691,296140000
2019-09-04,4.192026615142822,4.199478836106567,4.13862021604083,4.13862021604083,227728000
2019-09-05,4.464773654937744,4.470983604443548,4.292382765536366,4.294121570349542,695676000
2019-09-06,4.437696933746338,4.498306828145142,4.399691498658127,4.4414228081546065,376976000
2019-09-09,4.4836506843566895,4.570094847258105,4.467256175256386,4.4687467143896855,417524000
2019-09-10,4.550223350524902,4.5768019505612365,4.441174715633058,4.4508622737446295,352812000
2019-09-11,4.578789234161377,4.626979230477164,4.535815651439235,4.564878797911657,361512000
2019-09-12,4.577298641204834,4.679888581131553,4.56934988826807,4.6252403716790145,327840000
2019-09-13,4.5194220542907715,4.5477399368594575,4.475703193108127,4.510728029877859,324592000
2019-09-16,4.476447105407715,4.5109749272595625,4.433970531330053,4.444403357461807,231832000
2019-09-17,4.4978108406066895,4.502033719880627,4.436703934474506,4.483155132699058,223048000
2019-09-18,4.470734119415283,4.506504218565795,4.384290423817927,4.490854977858208,258152000
2019-09-19,4.395220756530762,4.495078369144471,4.384539189107596,4.476696313128326,245476000
2019-09-20,4.28964900970459,4.4178244808776475,4.279464922170481,4.394226488423062,350244000
2019-09-23,4.343055248260498,4.388512900765688,4.286171234762367,4.289897582534042,249712000
2019-09-24,4.285674571990967,4.403913738875583,4.250153216254933,4.374354065601589,317268000
2019-09-25,4.427265644073486,4.44688950543107,4.240467273805071,4.28517967738888,308432000
2019-09-26,4.405158042907715,4.426272445668712,4.354235684681547,4.417578419175627,234564000
2019-09-27,4.266548156738281,4.414098746594768,4.205937791199742,4.363424677428959,362056000
2019-09-30,4.323928356170654,4.334112916994965,4.261082660667277,4.292381612686943,186184000
2019-10-01,4.322189807891846,4.4960712003874725,4.317470398867783,4.3470300745038895,366008000
2019-10-02,4.29834508895874,4.312255529532866,4.226060072013468,4.300332159386802,293372000
2019-10-03,4.503772258758545,4.509982207751677,4.272510290120743,4.302815239189767,450588000
2019-10-04,4.520167350769043,4.549478768616811,4.4409271216900095,4.50600817250666,265524000
2019-10-07,4.578789234161377,4.678398096787563,4.576305160004113,4.584999182660187,480984000
2019-10-08,4.402423858642578,4.487128752025181,4.384290543295214,4.487128752025181,444436000
2019-10-09,4.488868713378906,4.538300997521796,4.450366737622319,4.479181153102585,292412000
2019-10-10,4.546497821807861,4.5974201696329065,4.481416769097177,4.486633183927551,309124000
2019-10-11,4.62002420425415,4.703238559929826,4.611578446526381,4.630457031874789,446404000
2019-10-14,4.633439540863037,4.654305204679225,4.58028137217892,4.611331602511745,200040000
2019-10-15,4.877864837646484,4.950398575300106,4.709696845354287,4.723607756181353,664124000
2019-10-16,4.824212074279785,4.948661734931508,4.812785707004097,4.843835937371866,428944000
2019-10-17,4.826197147369385,4.9136343731653165,4.7717967319464405,4.86867372326133,263436000
2019-10-18,4.731803894042969,4.859234086458171,4.65753183937539,4.826693335136558,307440000
2019-10-21,4.868922233581543,4.882336139163956,4.7742810462507475,4.793159630661487,261868000
2019-10-22,4.858987808227539,5.030881713364968,4.851287318324647,4.925807668713271,328720000
2019-10-23,4.846069812774658,4.860228515074197,4.745218670685841,4.777014158325373,279916000
2019-10-24,4.890036582946777,4.923570399024333,4.853272949352469,4.8873037697684545,232020000
2019-10-25,5.080809116363525,5.1016747707713055,4.9628181995435785,4.970518687306741,423092000
2019-10-28,5.136699676513672,5.189112078588046,5.095216158575196,5.124527570807019,330792000
2019-10-29,5.0405683517456055,5.12924786518978,5.021193234752128,5.122789176999456,211236000
2019-10-30,5.042555809020996,5.073109500042547,4.974493681436007,5.067396081111445,205960000
2019-10-31,4.993371486663818,5.0425550187031005,4.9136347421803634,5.021689363981352,209732000
2019-11-01,5.032371520996094,5.064663541790093,4.933010436546448,4.958098972971242,283640000
2019-11-04,5.228857517242432,5.241277891080467,5.090249651247196,5.1133506463871905,376716000
2019-11-05,5.206748962402344,5.254690221348743,5.158807229667227,5.228608152456501,300868000
2019-11-06,5.157566070556641,5.208239675335266,5.070128351893522,5.182654607627181,269012000
2019-11-07,5.175201892852783,5.258664989551244,5.1304895027004385,5.244009282725252,280340000
2019-11-08,5.161291599273682,5.192838822826329,5.120802086957309,5.158310994282021,189100000
2019-11-11,5.171227931976318,5.194328923737769,5.074350925363267,5.160546364658916,243436000
2019-11-12,5.206748962402344,5.262639448449089,5.174456471002572,5.209481301935524,283504000
2019-11-13,5.1809163093566895,5.203023769608301,5.1145929810242095,5.175451155287931,300188000
2019-11-14,5.211221694946289,5.213457504585136,5.129994384901085,5.189859028956461,518080000
2019-11-15,5.072114944458008,5.260651571996702,4.983931972589848,5.208983968056477,1053628000
2019-11-18,5.273071765899658,5.299650362796563,5.061681948100534,5.064662552633288,574588000
2019-11-19,5.16650915145874,5.265621514542837,5.108383314112745,5.242023513347138,414564000
2019-11-20,5.245748043060303,5.329459404346898,5.130986463740042,5.14365510051986,472588000
2019-11-21,5.220908164978027,5.296919043773521,5.199297238139873,5.241277291468851,288388000
2019-11-22,5.2385454177856445,5.289964295422484,5.214946944987763,5.243513093405742,224100000
2019-11-25,5.494895935058594,5.499864084447164,5.353555259338752,5.366472163475753,506476000
2019-11-26,5.390317916870117,5.481978029538474,5.383859229087012,5.477258146344863,385244000
2019-11-27,5.425119876861572,5.470113709339363,5.398770112423443,5.435809325871139,215784000
2019-11-29,5.387832164764404,5.422633919033561,5.363967833757931,5.3942956186363,141556000
2019-12-02,5.20164155960083,5.394295337032082,5.186478142091579,5.380871533007133,372036000
2019-12-03,5.1621174812316895,5.166094553868876,4.980898951860107,5.018186615594766,465232000
2019-12-04,5.205867767333984,5.2680140273339715,5.17728054463059,5.245641335802909,273424000
2019-12-05,5.18896484375,5.243404939480599,5.158388607295451,5.227744148479269,184884000
2019-12-06,5.274229526519775,5.307043224374402,5.248128206322438,5.258071837333856,232236000
2019-12-09,5.274229526519775,5.32891854880573,5.242659493749211,5.2513599338149906,211880000
2019-12-10,5.3192243576049805,5.370930105959006,5.251608892913617,5.304308909637763,256388000
2019-12-11,5.402747631072998,5.408216817345285,5.327178032838414,5.3296639403915655,233796000
2019-12-12,5.570044994354248,5.588191691238599,5.364962616953304,5.373911504079874,404348000
2019-12-13,5.568057060241699,5.692101147516369,5.514113860741178,5.573028875466691,454704000
2019-12-16,5.596892833709717,5.669231181851166,5.587446574271158,5.6155369040627265,320976000
2019-12-17,5.674947261810303,5.6975683989039565,5.606089108428681,5.615535365278752,321196000
2019-12-18,5.705275535583496,5.765681710318968,5.70129798892131,5.709749979241984,343548000
2019-12-19,5.853183269500732,5.866607074155543,5.734856831472361,5.739828646095502,445360000
2019-12-20,5.950380802154541,5.9757363006490145,5.900415150709161,5.919556117371874,603044000
2019-12-23,5.936707496643066,6.011034365228068,5.926018522750285,5.97896696941142,355060000
2019-12-24,5.931736469268799,5.948888898777331,5.886991083444516,5.921295942461581,138864000
2019-12-26,5.945904731750488,5.973994578636131,5.916322771770707,5.935215284751014,182852000
2019-12-27,5.888233661651611,5.974492697227238,5.861883424733075,5.961068893221164,254644000
2019-12-30,5.7751288414001465,5.871579976752275,5.743807256919645,5.866359712672192,258056000
2019-12-31,5.849206447601318,5.858652706134479,5.72068792633329,5.739828891899906,231004000
2020-01-02,5.963803291320801,5.963803291320801,5.884505079799994,5.934967621143992,237536000
2020-01-03,5.86834716796875,5.912098283248919,5.819375789570351,5.844234388573591,205384000
2020-01-06,5.892958164215088,5.898178428502523,5.749027749353839,5.775129070791015,262636000
2020-01-07,5.96429967880249,6.010039320802731,5.8763005694931705,5.921294392039842,314856000
2020-01-08,5.975487232208252,6.0167524399804355,5.920052874364095,5.96007489141587,277108000
2020-01-09,6.041114330291748,6.11345267607093,5.987420054256741,6.061746936440658,255112000
2020-01-10,6.07343053817749,6.1785821115195265,6.059261385717087,6.148254795938454,316296000
2020-01-13,6.263845920562744,6.288952968255434,6.133835764415242,6.156457378912361,319840000
2020-01-14,6.1470112800598145,6.246445205302498,6.133835923434662,6.221089234322224,359088000
2020-01-15,6.104503154754639,6.182061762177155,6.0786502856138,6.15968906872303,263104000
2020-01-16,6.188027381896973,6.193993464647111,6.134581559774977,6.157948519655376,284192000
2020-01-17,6.196728706359863,6.214626957169051,6.149248960200199,6.20716923413062,253792000
2020-01-21,6.163417816162109,6.196976854432715,6.129361406762414,6.160186089168899,217916000
2020-01-22,6.217360973358154,6.303868469663997,6.189768016004906,6.208660534025002,239240000
2020-01-23,6.285722255706787,6.294174247178423,6.168638988455904,6.257383950631239,244516000
2020-01-24,6.226558208465576,6.450782022304533,6.172366566956607,6.40106482430508,373512000
2020-01-27,5.971012592315674,6.021972504994483,5.772890101483585,5.922289664238681,470536000
2020-01-28,6.164163112640381,6.196478957414824,5.983689951264804,6.036887321336886,310976000
2020-01-29,6.103756427764893,6.18578946048405,6.0639823907408665,6.149744520950623,258848000
2020-01-30,6.11046838760376,6.123892191463495,5.9511256737179945,6.006062657393327,290504000
2020-01-31,5.87729549407959,6.076660689920249,5.835533393119387,6.064728525606393,370420000
2020-02-03,5.974244117736816,5.993633529611149,5.852934409802068,5.859148940575211,255564000
2020-02-04,6.143282413482666,6.162423853757808,6.0659727292741294,6.115938379346584,271544000
2020-02-05,6.233518600463867,6.2742864375752365,6.15024236438546,6.264094359762809,208220000
2020-02-06,6.320276260375977,6.320276260375977,6.186786366743485,6.267825166069618,218284000
2020-02-07,6.254150867462158,6.302376423964702,6.2287948985436135,6.2802521818150865,189752000
2020-02-10,6.537041187286377,6.5377865327702835,6.2718006088987535,6.2767724236215585,529608000
2020-02-11,6.659343719482422,6.7739415190338645,6.583276767151044,6.645174571161196,638556000
2020-02-12,6.774935722351074,6.781399175304886,6.673264355662587,6.712043650970629,374644000
2020-02-13,6.731186866760254,6.798304955050314,6.689673202125797,6.717017713830288,528016000
2020-02-14,7.203746795654297,7.332513775197744,7.109533125809277,7.1408547082051,1041924000
2020-02-18,7.372286796569824,7.390682416654508,7.081193817797439,7.100583231884326,620164000
2020-02-19,7.822970867156982,7.8406206663356475,7.494590248906968,7.494590248906968,694332000
2020-02-20,7.6738200187683105,7.863241593793257,7.366817357632579,7.774994022694895,810052000
2020-02-21,7.3101396560668945,7.586815002385468,7.2253722619940195,7.561707956830877,768180000
2020-02-24,6.793332099914551,7.006866948451461,6.662079222439039,6.716519314840207,856916000
2020-02-25,6.514170169830322,6.930301423578362,6.412498802092312,6.868403619519949,1055496000
2020-02-26,6.653378009796143,6.847274499035752,6.512927812738994,6.514418977708999,747732000
2020-02-27,6.283014297485352,6.641191014108092,6.190734008300934,6.340222943534122,906416000
2020-02-28,6.7175517082214355,6.7769991482412415,6.014132953557164,6.030797972715024,1133252000
2020-03-02,6.875746250152588,6.904599643014992,6.491950295924303,6.887436955320719,890744000
2020-03-03,6.613582134246826,6.991159895490663,6.528266351897922,6.9314638498857315,652792000
2020-03-04,7.076725006103516,7.086176916549144,6.646166598155078,6.720787018687203,597408000
2020-03-05,6.797643661499023,7.044138573937588,6.753120114977706,6.877486969671298,540328000
2020-03-06,6.617312908172607,6.675765493007833,6.417330754575252,6.6183077710905955,515412000
2020-03-09,6.104921817779541,6.45215413856938,5.924341142174752,5.967123096403663,614160000
2020-03-10,6.493939399719238,6.493939399719238,6.118600526730272,6.381014182098124,580648000
2020-03-11,6.130540370941162,6.3825077726804995,6.033534363514282,6.354152046429975,499964000
2020-03-12,5.380359649658203,5.8731009372494505,5.367674080920537,5.607950774664352,816540000
2020-03-13,5.990501880645752,5.994978999609034,5.462440477167129,5.7333111558750876,634836000
2020-03-16,4.885128974914551,5.62386825544811,4.825432952903463,5.283351526439056,726972000
2020-03-17,5.404237270355225,5.493532962867673,4.750814071544446,4.997308990591307,833632000
2020-03-18,5.044816017150879,5.221914357468856,4.4941199907428855,4.977160620667727,874268000
2020-03-19,5.297282695770264,5.3908064456390665,4.810261985939699,5.023426414589291,765512000
2020-03-20,5.117695331573486,5.728833652375301,5.102273776073664,5.447267152042697,804636000
2020-03-23,5.290316581726074,5.384587051709071,4.937860991668966,5.116700479033214,643876000
2020-03-24,6.197947025299072,6.284506733213007,5.672372901435857,5.696002435464178,1101644000
2020-03-25,6.109398365020752,6.512346769675058,6.060646288704762,6.312862293100567,793432000
2020-03-26,6.398426532745361,6.52229572585307,6.218343085472186,6.316343948572078,696108000
2020-03-27,6.286247730255127,6.544681965395406,6.18551039891607,6.2183432436518,638828000
2020-03-30,6.606118202209473,6.6153215121157185,6.307637578761108,6.351663454114976,602252000
2020-03-31,6.556621074676514,6.850126943033816,6.411111600364291,6.646164892139033,949960000
2020-04-01,6.0459699630737305,6.5051325489684855,6.0014468918111765,6.358877293798993,656912000
2020-04-02,6.354400157928467,6.367582918996632,6.027066607171821,6.075071934994346,675764000
2020-04-03,6.066864013671875,6.358379663037295,5.929562996468458,6.316841179647941,663212000
2020-04-06,6.676012992858887,6.712825761305832,6.291221713068466,6.348679425541923,727884000
2020-04-07,6.44295072555542,6.921017245068587,6.399919700437493,6.89738723361268,784520000
2020-04-08,6.6399455070495605,6.664818969916537,6.481999563429382,6.5518937616188815,542444000
2020-04-09,6.540453910827637,6.78844139261449,6.477524208175872,6.765558123153106,525564000
2020-04-13,6.712080955505371,6.7207865995278615,6.392458098045307,6.480758472800294,398408000
2020-04-14,7.062795162200928,7.096871470661911,6.812568872966926,6.840178335247063,530948000
2020-04-15,6.985435962677002,7.068264316365068,6.849627503017122,6.894896831429815,366148000
2020-04-16,7.330183982849121,7.4371395791524915,7.127466303217584,7.140649067693381,745620000
2020-04-17,7.270984649658203,7.433656345818027,7.137165873276941,7.41226513448081,539120000
2020-04-20,7.139902114868164,7.300335493886379,7.095627633607135,7.144628306507121,449388000
2020-04-21,6.703622341156006,7.083189755050889,6.643926307064967,7.022001664063456,735160000
2020-04-22,7.117514610290527,7.160297025870888,6.850126173389824,6.895644105484593,483356000
2020-04-23,7.064286231994629,7.291380147551621,7.039164167732887,7.159551578055297,424160000
2020-04-24,7.203079700469971,7.205069426004072,6.979468044624654,7.054088445216467,352328000
2020-04-27,7.389381408691406,7.54906850647414,7.312771282405198,7.337396152234377,479388000
2020-04-28,7.247105121612549,7.566479296297554,7.241633139529117,7.53663104306545,442904000
2020-04-29,7.423707008361816,7.476438532098062,7.306553255548668,7.381670852745031,379160000
2020-04-30,7.269989967346191,7.423707427424529,7.256060938526402,7.369731966325882,375916000
2020-05-01,7.033692359924316,7.1859172806554765,6.985437955761158,7.072743452911202,342096000
2020-05-04,7.245363235473633,7.259043663673249,6.98643138554648,6.98643138554648,317556000
2020-05-05,7.306304454803467,7.468727544198242,7.24536448443354,7.349335472020096,368896000
2020-05-06,7.407041072845459,7.511758322789601,7.34784270723366,7.385650337882286,323464000
2020-05-07,7.5831451416015625,7.646323437213887,7.494844780887304,7.546083773903831,373732000
2020-05-08,7.7729291915893555,7.779147440058237,7.620952864853898,7.654780572992808,339216000
2020-05-11,8.024648666381836,8.071410544031213,7.739350734221137,7.76795505913149,469060000
2020-05-12,7.762979507446289,8.131105315022058,7.753279002014851,8.08235371634575,493060000
2020-05-13,7.740593433380127,8.037581075925017,7.556281469377941,7.877396787105867,625852000
2020-05-14,7.989826679229736,7.995298662838856,7.648563532216864,7.802032414632307,602312000
2020-05-15,8.447744369506836,8.457444400932566,7.834117990428447,7.849788147818248,987660000
2020-05-18,8.70592975616455,8.87133792590906,8.63653320763608,8.716127930897029,774460000
2020-05-19,8.760899543762207,9.041470783714418,8.71836571880114,8.74572658115145,717320000
2020-05-20,8.924568176269531,8.997198393542552,8.843729509049695,8.945461722429382,587536000
2020-05-21,8.730802536010742,9.006647564701275,8.693243502257346,9.00565317637838,761068000
2020-05-22,8.980530738830566,9.046943165034369,8.669116398399483,8.780548617812489,1038764000
2020-05-26,8.67359447479248,9.135245028089948,8.628076531061675,9.110371082978151,770780000
2020-05-27,8.482069969177246,8.589024607829826,7.956246272031052,8.581314301909094,1175892000
2020-05-28,8.444014549255371,8.716128787061324,8.336809405476911,8.369642255768241,734896000
2020-05-29,8.830543518066406,8.830543518066406,8.44202141149652,8.511169349529405,745256000
2020-06-01,8.76164722442627,8.795972608315418,8.645488781782156,8.788510898372245,389876000
2020-06-02,8.780549049377441,8.792488351879058,8.614146503329726,8.751696604772091,391320000
2020-06-03,8.725080490112305,8.821340689895296,8.65593255202078,8.777563885189648,365440000
2020-06-04,8.72607707977295,8.902011297144291,8.637486770862257,8.687753825722185,424280000
2020-06-05,8.878870964050293,8.955515591607057,8.667848578409801,8.753949903758494,481748000
2020-06-08,8.764399528503418,8.84875796278578,8.645699106542606,8.836315791447598,387736000
2020-06-09,9.004286766052246,9.067743068921587,8.71089664893527,8.759421777812781,468488000
2020-06-10,9.32355785369873,9.456193647383984,9.111291031556593,9.125476073854845,632180000
2020-06-11,8.755690574645996,9.218545648596468,8.745487746566454,9.107808701556005,583652000
2020-06-12,8.891311645507812,9.14488723008976,8.663118775221182,9.120251596693144,570908000
2020-06-15,9.131448745727539,9.139909650009946,8.703431219632431,8.774602299815214,400004000
2020-06-16,9.026684761047363,9.224021398349738,8.797994456053088,9.182463952946726,535716000
2020-06-17,9.193413734436035,9.256122973976474,9.028427490860382,9.07172781257394,408304000
2020-06-18,9.175496101379395,9.239698546814658,9.072472976600096,9.184454427604352,254408000
2020-06-19,9.218544960021973,9.401447821597749,9.184702291926113,9.19988217763818,524160000
2020-06-22,9.482821464538574,9.487301102199996,9.230490376313739,9.257117593182326,398468000
2020-06-23,9.406425476074219,9.598037964663789,9.364121900954425,9.506959593896607,375108000
2020-06-24,9.192915916442871,9.512435900600783,9.102334958406512,9.432555192603575,449372000
2020-06-25,9.446240425109863,9.461171600336776,9.139909742005443,9.312609776761736,376072000
2020-06-26,9.112786293029785,9.456195773769487,9.082924887962797,9.456195773769487,592084000
2020-06-29,9.157580375671387,9.16206001434002,8.858963428244438,9.12747025510975,342248000
2020-06-30,9.45395565032959,9.482323840413832,9.223772146240533,9.271052779473228,367892000
2020-07-01,9.486053466796875,9.531593112176386,9.369593368114392,9.476846433246005,326648000
2020-07-02,9.567927360534668,9.692599684605682,9.534083742752678,9.594553626527235,364056000
2020-07-06,9.793876647949219,9.863056123525583,9.667711153679116,9.69682641378399,315892000
2020-07-07,9.826231956481934,10.023567657874754,9.805328877086755,9.900388525931161,357800000
2020-07-08,10.168893814086914,10.177853089859866,9.919549138442747,9.947668620000956,365480000
2020-07-09,10.460543632507324,10.52126223708513,10.186313645698538,10.332387440764878,494548000
2020-07-10,10.430929183959961,10.606117275097947,10.330892492239586,10.539924201198593,497676000
2020-07-13,10.005900382995605,10.742488118147886,9.978775740373257,10.546148195203143,457076000
2020-07-14,10.329151153564453,10.354782578911696,9.740378299322161,10.028543640334897,542676000
2020-07-15,10.18009090423584,10.3848916779029,10.00938150824188,10.366228896039699,403984000
2020-07-16,10.088019371032715,10.159686933380636,9.849872362524458,9.96882151149735,344964000
2020-07-17,10.154460906982422,10.201244122022572,10.041235900917167,10.178350410253335,266284000
2020-07-20,10.462284088134766,10.482689743606029,10.109916313278463,10.226874817153762,284852000
2020-07-21,10.28087329864502,10.51130643491116,10.239315860666807,10.464522279095037,277036000
2020-07-22,10.390616416931152,10.553611049792725,10.244045222912812,10.319694993925742,367292000
2020-07-23,10.083041191101074,10.498366900172412,9.984995131598533,10.401814053155686,411660000
2020-07-24,10.147492408752441,10.3169573132017,9.731917986447955,9.829465676237367,473292000
2020-07-27,10.373445510864258,10.393601505544966,10.170634417210804,10.185068171231439,292132000
2020-07-28,10.168395042419434,10.334127383052609,10.162174431448639,10.326413559651314,271636000
2020-07-29,10.417244911193848,10.467760689758531,10.299291541254295,10.34283962622385,284508000
2020-07-30,10.565058708190918,10.574017034136663,10.24777809844735,10.327160428519084,308880000
2020-07-31,10.565803527832031,10.716854345267036,10.384891311193567,10.514540683956733,386080000
2020-08-03,10.959479331970215,11.047571261186798,10.665839567914938,10.683010085007467,412720000
2020-08-04,11.175980567932129,11.175980567932129,10.855714414158966,10.99905050765909,310336000
2020-08-05,11.23470401763916,11.319312100889427,11.11476005840119,11.192151740156225,249924000
2020-08-06,11.283231735229492,11.305628025623456,11.127204783408471,11.297415830981054,244316000
2020-08-07,11.147860527038574,11.451703222829494,10.986607785858899,11.260339414002283,342516000
2020-08-10,11.113518714904785,11.355646995207982,10.806440904133613,11.281988797793014,427796000
2020-08-11,10.799970626831055,11.085398252455002,10.745970061739232,11.022688071909158,354512000
2020-08-12,11.387500762939453,11.41412703456627,10.907722858272763,10.94007327043613,464412000
2020-08-13,11.39023494720459,11.66770001890963,11.303387509274067,11.492759691857554,374460000
2020-08-14,11.510677337646484,11.650778256595569,11.387746937929792,11.476833720238632,366436000
2020-08-17,12.28011417388916,12.352528815873693,11.762761090180327,11.79660376231853,621300000
2020-08-18,12.20421314239502,12.438378830260149,12.030518281471833,12.39259046666804,503448000
2020-08-19,12.082526206970215,12.258211685972064,12.042212325840874,12.239797617352234,622624000
2020-08-20,12.085016250610352,12.317937454799441,11.823975568616628,11.91978228041564,921388000
2020-08-21,12.625015258789062,12.749687580406652,12.139015904821967,12.145486175613579,999868000
2020-08-24,12.661596298217773,12.85296007261866,12.449826868277539,12.824342222900356,490564000
2020-08-25,12.691206932067871,12.702404600178639,12.515769204118817,12.57250652399949,289076000
2020-08-26,12.71410083770752,12.80916045999538,12.619289925922455,12.74022967965195,321244000
2020-08-27,12.570019721984863,12.790747463917562,12.50855404867162,12.722562809357813,317604000
2020-08-28,13.087125778198242,13.087374488755257,12.584205502883087,12.616555911556786,537160000
2020-08-31,13.312830924987793,13.512405963302939,12.977633636999434,13.121964553482815,500840000
2020-09-01,13.761384963989258,13.933389350143239,13.378542954721397,13.421855269799934,511316000
2020-09-02,14.284618377685547,14.663228189204778,13.840043530473613,14.640326683053306,874012000
2020-09-03,12.959362030029297,13.824613370460439,12.823201635457625,13.769103935928273,945128000
2020-09-04,12.568055152893066,13.118171798924816,11.654263373150707,12.728608789534096,1463684000
2020-09-08,11.861615180969238,12.495867661284716,11.653765820445578,11.683884939027743,795728000
2020-09-09,12.66015625,12.75399944583385,12.178990048023763,12.346514414990567,736200000
2020-09-10,12.258647918701172,13.008897940882886,12.11452165542531,12.933225527994797,698684000
2020-09-11,12.112031936645508,12.597926996342265,11.844440927572224,12.431647488239708,636928000
2020-09-14,12.816727638244629,13.25756789875659,12.576767920086505,13.024577957063135,1201744000
2020-09-15,12.934965133666992,13.241387442148234,12.772419322351125,13.22271812799774,727556000
2020-09-16,12.460521697998047,13.036277502029263,12.459775343133906,12.901361990824535,556384000
2020-09-17,12.409743309020996,12.535449042053106,11.982842526145728,12.079921843900053,792512000
2020-09-18,12.136673927307129,12.578011754525583,11.937039210189646,12.539429199310245,698460000
2020-09-21,12.463260650634766,12.468487983542184,11.85315351112342,11.873565272826937,721044000
2020-09-22,12.583239555358887,12.593445435426194,12.10307037011186,12.520760350235273,646452000
2020-09-23,12.071456909179688,12.672105439487142,12.027149449148329,12.5212581987383,647012000
2020-09-24,12.29473876953125,12.515283765429503,11.962179781141215,12.020178955986067,731240000
2020-09-25,12.818222045898438,12.82793035635289,12.192931457497625,12.393811062020282,588016000
2020-09-28,12.978775978088379,12.995454064553032,12.695005420616106,12.984003310472113,573808000
2020-09-29,13.168703079223633,13.384767096406364,12.877465181077447,12.881696424064717,621460000
2020-09-30,13.472140312194824,13.563743503042675,13.093530438991557,13.100749000983756,689184000
2020-10-01,13.55577564239502,13.70338581276722,13.402688405534297,13.698657000160974,525004000
2020-10-02,13.005908966064453,13.461186360734684,12.994706996717781,13.167957222470799,552496000
2020-10-05,13.583657264709473,13.585399709035006,13.165717512425775,13.178910712130937,479820000
2020-10-06,13.677253723144531,14.081005195924398,13.606062280172727,13.770350590708075,784420000
2020-10-07,13.903769493103027,14.058350407618336,13.803702868616245,13.939365681751335,418084000
2020-10-08,13.779059410095215,14.023749845653542,13.69865819405258,14.014290320495087,378900000
2020-10-09,13.703388214111328,13.764623499410625,13.601828874328715,13.70762040717948,346892000
2020-10-12,14.164640426635742,14.285118819607398,13.852493157883188,13.929160708195548,434744000
2020-10-13,14.186796188354492,14.286614045333017,13.958286222161872,14.23483827983063,344604000
2020-10-14,14.034453392028809,14.280885323875227,13.899786671772109,14.22886078382852,276100000
2020-10-15,13.909743309020996,13.945338546007145,13.70836519762374,13.751179945542122,267224000
2020-10-16,13.751925468444824,14.060588741120922,13.733007369325817,13.976204124626971,242392000
2020-10-19,13.439533233642578,13.923187396795523,13.348925170537576,13.843034950198934,298068000
2020-10-20,13.586644172668457,13.740229003199504,13.448741340593111,13.524911318681056,229212000
2020-10-21,13.466414451599121,13.732014232770208,13.419368456639658,13.56623229376561,219596000
2020-10-22,13.30336856842041,13.553036570252154,13.17467555271184,13.464171929657988,290480000
2020-10-23,13.531632423400879,13.534619742053748,13.233922285663485,13.391987145890786,233484000
2020-10-26,13.084567070007324,13.633688585873971,12.98226043969902,13.369084922504582,336896000
2020-10-27,13.338967323303223,13.384022089343704,13.134601874770123,13.248608056703024,250520000
2020-10-28,12.572537422180176,13.20280755599855,12.554615408729777,13.141074699241251,376520000
2020-10-29,12.967823028564453,13.13584495995668,12.695004720775675,12.783123011626987,320080000
2020-10-30,12.479936599731445,12.880699670171047,12.246945723499536,12.794573559222506,416820000
2020-11-02,12.526487350463867,12.781382741885674,12.3415385171396,12.603154900907724,299652000
2020-11-03,12.963343620300293,13.048474603240864,12.548391206447642,12.653685165437649,272900000
2020-11-04,13.73475170135498,13.767859091534874,13.279474284873544,13.331498827212098,410228000
2020-11-05,14.098925590515137,14.277153437233792,13.930654840153293,14.101415339384825,319028000
2020-11-06,14.499191284179688,14.525825518344906,13.835068378723031,14.048891455608413,383348000
2020-11-09,13.571953773498535,14.628128260085498,13.552040536815392,14.489727894197305,582976000
2020-11-10,12.71491813659668,13.547809181879513,12.573779229034589,13.547809181879513,644068000
2020-11-11,13.360126495361328,13.37705336947428,12.89240219069717,12.99744737462769,404744000
2020-11-12,13.39870834350586,13.706624366727366,13.258565493925284,13.420862549659276,365812000
2020-11-13,13.239645004272461,13.609791386132025,13.002920455645425,13.568470299974223,346312000
2020-11-16,13.45695686340332,13.590627511150926,13.099256295266624,13.115684649662638,413776000
2020-11-17,13.36435604095459,13.53760531971783,13.246367406234198,13.494044215080645,312028000
2020-11-18,13.370827674865723,13.547064264555475,13.128129424028948,13.40717021625731,510924000
2020-11-19,13.382279396057129,13.429325390449687,13.043496960142532,13.155760695717245,565936000
2020-11-20,13.03129768371582,13.436292933287069,13.008644962843594,13.395967937592868,341088000
2020-11-23,13.083322525024414,13.324775884606339,12.959359267395191,13.11443773189081,361356000
2020-11-24,12.901860237121582,13.105228639441574,12.829423935275962,13.085812968215139,346500000
2020-11-25,13.177665710449219,13.212265811659313,12.963842630406676,12.976288525531565,259916000
2020-11-27,13.204049110412598,13.349669004408476,13.113690805350098,13.317308922458194,167276000
2020-11-30,13.343695640563965,13.354648825249436,12.916297341464292,13.207784992620201,286952000
2020-12-01,13.332246780395508,13.47039840179349,13.171193648207254,13.434055855874425,296948000
2020-12-02,13.486076354980469,13.614519626778788,13.17716433256019,13.292912927938184,283360000
2020-12-03,13.342159271240234,13.605098152797373,13.275429117117344,13.53288931377425,199520000
2020-12-04,13.503759384155273,13.505502343250445,13.33494026054711,13.394449728247713,202244000
2020-12-07,13.552063941955566,13.676063849403539,13.445743434248142,13.546586206055725,223244000
2020-12-08,13.296346664428711,13.544096671002487,13.228121449551065,13.530401856332638,271920000
2020-12-09,12.878780364990234,13.36008781733984,12.816531556571482,13.247044338391767,401300000
2020-12-10,12.920116424560547,13.016229000421733,12.797859457560302,12.81728181941358,207764000
2020-12-11,12.960947036743164,12.967670013287615,12.771461301110847,12.915131442843535,209264000
2020-12-14,13.25526237487793,13.334940779426518,13.024941957047123,13.035399712025068,270156000
2020-12-15,13.306802749633789,13.40988618458932,13.133751149437082,13.385733618093893,193016000
2020-12-16,13.189277648925781,13.383244766098352,13.159397537413051,13.368553568795045,223116000
2020-12-17,13.287630081176758,13.325726318719184,13.12553395287217,13.31302693964413,231384000
2020-12-18,13.218658447265625,13.351123325763458,13.017968362309006,13.325227800290302,342064000
2020-12-21,13.278666496276855,13.316265019825284,12.915382540524025,13.02220170883082,302332000
2020-12-22,13.224881172180176,13.283644051791372,13.001532647943675,13.265716747783003,185580000
2020-12-23,12.956965446472168,13.221647327480651,12.952732952772793,13.202723635386256,179144000
2020-12-24,12.94152545928955,13.079717874685622,12.886747159830435,12.98485057196713,97884000
2020-12-28,12.848151206970215,13.009998457672015,12.711951569819655,13.009998457672015,212564000
2020-12-29,12.891230583190918,13.019961649769133,12.790636670913601,12.873054416539937,170372000
2020-12-30,13.092917442321777,13.160643991606976,12.844918572910682,12.938041984526887,225396000
2020-12-31,13.002532958984375,13.098146858978987,12.86309526953434,13.083705468045695,192424000
2021-01-04,13.060796737670898,13.597631016115521,12.91040358098089,13.051584224791647,560640000
2021-01-05,13.350875854492188,13.389469813350296,13.03440292226786,13.04710135296224,322760000
2021-01-06,12.563800811767578,13.191766594805781,12.535415751922324,13.16935698709165,580424000
2021-01-07,13.290369033813477,13.32398392120334,12.834708264575642,12.915382094628498,461480000
2021-01-08,13.223392486572266,13.367062685403964,12.98958611428524,13.308798448598163,292528000
2021-01-11,13.566755294799805,13.904891272024647,13.308796388895459,13.364819940572676,518344000
2021-01-12,13.43055534362793,13.69922182626303,13.291367462132946,13.697229058684814,291476000
2021-01-13,13.477364540100098,13.570240034440598,13.331204841612394,13.4357823822842,210028000
2021-01-14,13.147195816040039,13.545090057040834,13.12752555150125,13.520439774298518,283120000
2021-01-15,12.807818412780762,13.27169633457119,12.796862940233225,13.174837191380403,277780000
2021-01-19,12.972901344299316,13.0413744649296,12.79237922661994,12.963936740649542,226188000
2021-01-20,13.312030792236328,13.376520268382707,13.00427270745559,13.059051005987701,258572000
2021-01-21,13.811766624450684,13.942987225711319,13.199736263087742,13.364570804688677,337780000
2021-01-22,13.657387733459473,13.78611878930567,13.572480460380298,13.68477736022851,246820000
2021-01-25,13.598374366760254,13.772920052167269,13.183299421048913,13.726357882174739,251112000
2021-01-26,13.381253242492676,13.589910611709367,13.33369468135409,13.52591884373518,163980000
2021-01-27,12.86583423614502,13.179567840926634,12.742332042000513,13.176828497975235,371272000
2021-01-28,12.998547554016113,13.286137711006822,12.908411395926858,12.944018103883906,228316000
2021-01-29,12.937542915344238,13.281156594741395,12.85960747764064,13.022450189012595,271552000
2021-02-01,13.183799743652344,13.217413681369504,12.85089267680462,13.000788099819756,217204000
2021-02-02,13.502264976501465,13.517452941241546,13.232104423210238,13.34489999474332,220440000
2021-02-03,13.476119995117188,13.875757217775313,13.4621763232891,13.581195250724157,245408000
2021-02-04,13.609332084655762,13.618544596229361,13.284144388776067,13.476617397100561,201340000
2021-02-05,13.536377906799316,13.682040855642152,13.49130982557148,13.66984014110473,169152000
2021-02-08,14.380719184875488,14.415578363671342,13.672078622183603,13.672078622183603,434624000
2021-02-09,14.20592212677002,14.524635648121032,14.165335411563284,14.283110023436533,287560000
2021-02-10,14.70490837097168,14.845092591051662,14.283857993918451,14.405118526839988,485352000
2021-02-11,15.189454078674316,15.210868251404307,14.86501392689341,14.920042034364652,450828000
2021-02-12,14.901121139526367,15.229794795729902,14.715618993153976,14.989514339884593,374756000
2021-02-16,15.268634796142578,15.31071561660101,14.889913111064672,15.003704102440429,321960000
2021-02-17,14.846092224121094,15.162316290720591,14.720598221294038,15.110026568801802,274756000
2021-02-18,14.769404411315918,14.813476112089768,14.516424547258366,14.669805919974632,233868000
2021-02-19,14.866509437561035,15.116002383057575,14.7870798988498,14.964115141640802,271724000
2021-02-22,14.298050880432129,15.072426073386676,14.267424198504681,14.715366492169814,325884000
2021-02-23,14.085164070129395,14.181525494139695,13.335687805358342,14.01868181137382,391780000
2021-02-24,14.440725326538086,14.448444686911866,13.700711556102595,14.065988231567488,448320000
2021-02-25,13.254015922546387,14.316976805653484,13.16313319589413,13.989049754794058,824436000
2021-02-26,13.659379959106445,13.798816671905104,13.307300359607096,13.697226388407962,500932000
2021-03-01,13.786121368408203,13.869036839571837,13.498780991708824,13.81923759520638,353184000
2021-03-02,13.352367401123047,13.864550322327341,13.342158506890337,13.844132533861924,264116000
2021-03-03,12.75328540802002,13.397435479736185,12.747309006591404,13.372287481607765,377592000
2021-03-04,12.320534706115723,12.922854895038494,12.03518614944551,12.74930459152039,573344000
2021-03-05,12.411415100097656,12.499559425069663,11.632308704404133,12.499559425069663,542840000
2021-03-08,11.546655654907227,12.421126179417163,11.520012603958925,12.399961813597908,543112000
2021-03-09,12.474234580993652,12.570379359155847,12.014928455750928,12.085667607908785,521824000
2021-03-10,12.4224271774292,12.93229567297207,12.411716868075333,12.79330869541298,384376000
2021-03-11,12.945745468139648,12.998302184299803,12.687697531280483,12.902405394482225,299916000
2021-03-12,12.808751106262207,12.841380871489648,12.543728924409528,12.601764317389547,243964000
2021-03-15,13.142770767211914,13.158213871670602,12.720329219810525,12.817470746140335,221988000
2021-03-16,13.242400169372559,13.462836579062207,13.068541055091844,13.307409797577044,272128000
2021-03-17,13.292215347290039,13.403803210626146,12.941757813661807,12.991823175608697,243864000
2021-03-18,12.675742149353027,13.135546212993678,12.670262522567052,13.088221126930026,293896000
2021-03-19,12.798539161682129,12.874011114982835,12.56614673642358,12.703141206459366,299208000
2021-03-22,13.137785911560059,13.345270569661254,12.859313158739914,12.865291623650993,297804000
2021-03-23,13.022709846496582,13.295453056393745,12.973391315699493,13.205534747108478,222048000
2021-03-24,12.596531867980957,13.110885063082709,12.590305409184253,13.102914093626651,245840000
2021-03-25,12.489180564880371,12.66802144997611,12.226898653291949,12.453562514626949,295144000
2021-03-26,12.792060852050781,12.808998568705801,12.328022905586126,12.508357423671487,363968000
2021-03-29,12.900662422180176,13.014492713127513,12.653324782729335,12.773132589205469,273520000
2021-03-30,12.824441909790039,12.927561877681123,12.658304817189459,12.794801380172224,200204000
2021-03-31,13.299192428588867,13.420992735807696,12.934786334230242,12.967665043865257,314776000
2021-04-01,13.760985374450684,13.819020752297867,13.461588994534642,13.522365610206432,308276000
2021-04-05,13.936092376708984,13.962494731258166,13.682527344785477,13.816533522907958,255672000
2021-04-06,13.810554504394531,14.0025960659606,13.722878585220865,13.948296742716591,191744000
2021-04-07,14.091519355773926,14.191151260158252,13.661106906366319,13.829734405751106,251284000
2021-04-08,14.26438045501709,14.418312621618602,14.196629588023145,14.20036660361676,244416000
2021-04-09,14.347075462341309,14.355046432497897,14.12290297240524,14.161759195266548,195172000
2021-04-12,15.153100967407227,15.296073878996914,14.087282859260705,14.237230012870905,869324000
2021-04-13,15.621872901916504,15.642297740883008,15.070158056314497,15.175519477903563,676212000
2021-04-14,15.220854759216309,15.662724385304463,15.171536216754417,15.567575372230744,385500000
2021-04-15,16.077939987182617,16.154656646631395,15.574048168931979,15.604934368238913,598480000
2021-04-16,15.854016304016113,16.10633564214932,15.806939219576352,15.993999034973276,335208000
2021-04-19,15.305291175842285,15.749403162911921,15.177014518006649,15.479399250455955,404420000
2021-04-20,15.115489959716797,15.440042098301998,14.90800531574817,15.266930774723033,334132000
2021-04-21,15.304047584533691,15.306040089728736,15.046746466607148,15.063185347093299,216776000
2021-04-22,14.795671463012695,15.381759641026642,14.729166263249828,15.318492618235641,277788000
2021-04-23,15.209145545959473,15.27863902524811,14.845487265337356,14.879361749601612,227500000
2021-04-26,15.421113967895508,15.422110695504312,15.069411647383998,15.129191549679522,197796000
2021-04-27,15.325217247009277,15.612905694192488,15.298067110638453,15.521243816067019,164572000
2021-04-28,15.220603942871094,15.47516571048191,15.15957931715517,15.308031874143953,209416000
2021-04-29,15.268425941467285,15.379764870090474,15.016106605297141,15.343399043611141,173196000
2021-04-30,14.95433235168457,15.308525937023262,14.941878485287328,15.118726808736952,201912000
2021-05-03,14.782221794128418,15.190714804224188,14.733153148096715,15.069412383191088,203912000
2021-05-04,14.298504829406738,14.583702894438511,13.958758495262643,14.583453950082967,405324000
2021-05-05,14.405362129211426,14.759057929745664,14.334622969104577,14.654941219688737,292024000
2021-05-06,14.469620704650879,14.51769356016453,14.165742373502953,14.441972684139825,193380000
2021-05-07,14.7578125,14.915729703234886,14.617828793921266,14.753827489558498,229328000
2021-05-10,14.21331787109375,14.751582071904844,14.197625826750052,14.732900795256858,268904000
2021-05-11,14.253670692443848,14.301992504029124,13.699465425742892,13.774189592576713,285584000
2021-05-12,13.70793342590332,14.20783933441675,13.658864784297744,13.958010377250185,303408000
2021-05-13,13.61502456665039,14.028998076504566,13.409532427846457,13.982169938542986,285404000
2021-05-14,14.190651893615723,14.275339526116129,13.697969198962545,13.838949606962357,258616000
2021-05-17,14.11343765258789,14.117173718298679,13.802585013316975,14.104968793564424,216980000
2021-05-18,13.964238166809082,14.351310534500186,13.952531130875531,14.214565019489333,186256000
2021-05-19,14.014053344726562,14.027752884459964,13.49347368536492,13.516637860643087,344000000
2021-05-20,14.558796882629395,14.629784989317054,14.218053780494753,14.249935764831699,321592000
2021-05-21,14.936652183532715,15.166056327513427,14.81485187119772,15.10801998185376,672992000
2021-05-24,15.554622650146484,15.687133265807587,15.120224232908976,15.156590063922868,554816000
2021-05-25,15.590240478515625,15.760362594796842,15.425597988720599,15.708055773561385,435408000
2021-05-26,15.64229679107666,15.735702226871508,15.528965356400244,15.676421168733075,370440000
2021-05-27,15.43107795715332,15.692115130559111,15.40318098520956,15.642049757647367,581476000
2021-05-28,16.184797286987305,16.21767694767889,15.44403099782794,15.44403099782794,644536000
2021-06-01,16.20471954345703,16.32801538481645,15.84479739278684,16.210200118763833,472804000
2021-06-02,16.716588973999023,16.856573649229006,16.175834195760046,16.19252297327209,594168000
2021-06-03,16.907377243041992,17.195565429117057,16.522049469970472,16.63936684781397,580008000
2021-06-04,17.513647079467773,17.59609137456024,17.03267134906249,17.049607167748274,617120000
2021-06-07,17.554241180419922,17.747030491706028,17.12955929852456,17.506668113699998,575756000
2021-06-08,17.392837524414062,17.5567321901198,17.18759340040824,17.4628288796533,323848000
2021-06-09,17.29841423034668,17.514418168620654,17.196268545386232,17.455372530301904,381656000
2021-06-10,17.36493492126465,17.43170530908903,17.1167945825232,17.290194588207186,287772000
2021-06-11,17.763805389404297,17.877412740518896,17.38362021079101,17.41924641470844,416308000
2021-06-14,17.95664405822754,17.977322584871985,17.601872086163993,17.8442835705418,321376000
2021-06-15,17.727184295654297,17.954150035131732,17.666893640244776,17.85324933990934,243032000
2021-06-16,17.748857498168945,17.892860137369315,17.523885687576584,17.729425885437355,307124000
2021-06-17,18.592937469482422,18.770074396069546,17.69504416542192,17.713230770641097,809656000
2021-06-18,18.574504852294922,19.308217023143403,18.519943127082154,18.71925451472753,968856000
2021-06-21,18.36372947692871,18.47260390090823,17.761313426706515,18.37170132235496,672384000
2021-06-22,18.821645736694336,18.89838188023769,18.32262225653675,18.407828248625574,580144000
2021-06-23,18.99155616760254,19.086727909037208,18.84257162066044,18.942227287360627,332356000
2021-06-24,19.13929557800293,19.3530565919672,19.022449314340957,19.161470004367036,320924000
2021-06-25,18.965402603149414,19.27881936597167,18.829373695027133,19.214042880819722,278364000
2021-06-28,19.91611671447754,20.00954357887379,19.252411904857897,19.29451595908237,495436000
2021-06-29,19.957717895507812,20.029468310884855,19.58924145905206,19.81396426181728,367632000
2021-06-30,19.933549880981445,20.09299819265169,19.795278090307768,19.93031096241236,326568000
2021-07-01,20.142330169677734,20.38548859722356,19.949994640023817,20.055630160644014,480136000
2021-07-02,20.416383743286133,20.43457225231236,20.21782125954532,20.36979576583469,342764000
2021-07-06,20.627153396606445,20.77015813867355,20.280104352666278,20.666018525350328,446708000
2021-07-07,20.301528930664062,20.8030443612869,20.261916799534852,20.78161883623467,418428000
2021-07-08,19.83414649963379,20.063602249461436,19.632843115344528,19.788056528694977,503300000
2021-07-09,19.98114013671875,20.01103741735003,19.686160857432892,19.893693109398352,296624000
2021-07-12,20.441791534423828,20.46197014862544,20.118160092279034,20.170229888571328,321984000
2021-07-13,20.180194854736328,20.390716944690393,20.044663988869065,20.33017540213625,290708000
2021-07-14,19.77310562133789,20.34736936190273,19.684662607285635,20.287576714298133,380100000
2021-07-15,18.900876998901367,19.778591902318016,18.793498450144497,19.743463690189294,550564000
2021-07-16,18.098400115966797,19.090967290639107,18.010704097196164,18.964904144857933,688224000
2021-07-19,18.715017318725586,18.976362343498174,17.803917401134495,17.853497190988364,749060000
2021-07-20,18.54784393310547,18.773064743639477,18.101388235116307,18.665437217414535,434687000
2021-07-21,19.343101501464844,19.459698828061978,18.677404554672204,18.816921423574904,371017000
2021-07-22,19.52646255493164,19.81845190203204,19.209557858116415,19.57429744133103,323826000
2021-07-23,19.490581512451172,19.632092217078913,19.18364266714778,19.58824326752879,195672000
2021-07-26,19.227493286132812,19.374981936997983,18.848802099805674,19.244434884003283,203943000
2021-07-27,19.14179229736328,19.55436484344968,18.676401037537744,19.19859503384595,248863000
2021-07-28,19.435779571533203,19.578286345913273,18.92953106507303,19.252413746267163,202191000
2021-07-29,19.594223022460938,19.78456460385741,19.26137283079654,19.451714412193017,190781000
2021-07-30,19.431791305541992,19.562338390382465,19.196604690590537,19.35106921939,183497000
2021-08-02,19.68192481994629,19.892197976723832,19.29426570330478,19.632097922483993,217444000
2021-08-03,19.7466983795166,20.152295043077654,19.153748123448008,19.67195614363054,301811000
2021-08-04,20.204116821289062,20.247965779199756,19.759653109158858,19.9210953580706,231309000
2021-08-05,20.56586456298828,20.661534325497566,20.271881335250495,20.429337660982515,211435000
2021-08-06,20.295795440673828,20.4990927022112,20.1403330525304,20.453251740531083,178497000
2021-08-09,20.22504234313965,20.43730746916473,20.07356586786639,20.37552091210464,146443000
2021-08-10,19.867280960083008,20.35957761344973,19.766627375953473,20.25195008967123,179238000
2021-08-11,19.6310977935791,19.979891738651794,19.363025922279018,19.97391190338551,185925000
2021-08-12,19.836389541625977,19.959960768948545,19.552372068752263,19.80151033623967,151652000
2021-08-13,20.118417739868164,20.144329098855962,19.78257938432539,19.83639411405416,183063000
2021-08-16,19.881235122680664,20.217073411230743,19.38594658927901,20.065596914124974,210876000
2021-08-17,19.39093017578125,19.70185501306102,19.2005885511107,19.61714701214786,204585000
2021-08-18,18.9743709564209,19.566323330393175,18.934507922108054,19.432784446374054,285913000
2021-08-19,19.729759216308594,20.424357250217014,18.69732897160498,19.42680621302626,766555000
2021-08-20,20.74424934387207,20.79308023295475,19.864293533156978,19.92209227489408,675741000
2021-08-23,21.882314682006836,21.92117981464418,20.877789664818607,20.89871719014443,575807000
2021-08-24,21.717880249023438,21.8833084230163,21.46077013569365,21.678019114764727,297299000
2021-08-25,22.136432647705078,22.392546755792843,21.647125866786784,21.66207355456047,347701000
2021-08-26,21.99193000793457,22.262991755856135,21.71488842565147,22.123474959245595,237940000
2021-08-27,22.557973861694336,22.643677862471055,22.090590631749375,22.107532230785125,304722000
2021-08-30,22.609792709350586,22.963568544992565,22.47326582404602,22.751303423762153,262580000
2021-08-31,22.311777114868164,22.620762547931086,22.047644559274826,22.620762547931086,259850000
2021-09-01,22.367589950561523,22.622753028655936,22.283865100248764,22.41144663929597,201767000
2021-09-02,22.322734832763672,22.51909087939799,22.222065406056725,22.4443354699411,187834000
2021-09-03,22.768274307250977,22.91080616281464,22.12737809725463,22.2519691858628,280532000
2021-09-07,22.58786964416504,22.824093892750362,22.448326313698814,22.758309804466514,198107000
2021-09-08,22.26592445373535,22.53603785625392,21.905107228441466,22.439355044930288,254434000
2021-09-09,22.104454040527344,22.464273188352024,22.058604988452572,22.23901265299159,196856000
2021-09-10,22.404470443725586,22.55198511877038,22.197150672313043,22.2748946360381,248376000
2021-09-13,22.07953643798828,22.88888048395177,21.786497552074803,22.609795740171823,297500000
2021-09-14,22.169240951538086,22.336690647857136,22.013751133052175,22.202132041411108,199755000
2021-09-15,22.26791763305664,22.29383355511717,21.894144334606132,22.236022722228473,166538000
2021-09-16,22.169240951538086,22.204126304937887,21.855270869830687,22.11043394136282,156033000
2021-09-17,21.828357696533203,22.247979999045086,21.758586993159383,22.22704878803294,294503000
2021-09-20,21.04393196105957,21.362884811342862,20.594407146067287,21.076823046954424,349440000
2021-09-21,21.17650032043457,21.35491372577289,20.88146906785273,21.3469404733302,204688000
2021-09-22,21.86922836303711,21.888165314452635,21.126664510196306,21.296108496012426,268726000
2021-09-23,22.4084529876709,22.461279102173783,21.81838869165872,22.067570844468374,248555000
2021-09-24,22.008766174316406,22.076544517927047,21.78948654099759,21.997802477816837,217655000
2021-09-27,21.58914566040039,21.7276909027937,21.255242424863432,21.638981339967028,245215000
2021-09-28,20.631288528442383,21.34893447038271,20.58344521216512,21.14460514549343,343069000
2021-09-29,20.44988441467285,20.948248800717536,20.40004683540283,20.871501019861885,218394000
2021-09-30,20.648231506347656,20.99708693414732,20.620323224212417,20.70006144475727,221009000
2021-10-01,20.674144744873047,20.79076066533888,20.13690658122589,20.682117995560738,240978000
2021-10-04,19.667449951171875,20.474799620417603,19.49102893557556,20.436923825487426,345635000
2021-10-05,20.38409996032715,20.580456026751712,19.789052772537165,19.884739402108554,279282000
2021-10-06,20.63228988647461,20.652223020497054,20.014317105148756,20.054187175412817,297202000
2021-10-07,21.00605583190918,21.252247535524535,20.9033921481847,21.022998514575608,256919000
2021-10-08,20.762849807739258,21.13662297809779,20.70703325764096,21.031966946663477,151258000
2021-10-11,20.627300262451172,20.994096456605053,20.44390216537423,20.507693882375722,163388000
2021-10-12,20.60338020324707,20.988117194123532,20.460848337072985,20.759866211548562,162134000
2021-10-13,20.87050437927246,20.921338143306798,20.64524382851647,20.849573164865863,180652000
2021-10-14,21.674861907958984,21.68383134051635,21.052902671473788,21.218359995410317,243589000
2021-10-15,21.790483474731445,21.85925800191469,21.59113886513245,21.738653534036047,226994000
2021-10-18,22.14930534362793,22.218079867426876,21.573195134718436,21.677853093300257,189494000
2021-10-19,22.217084884643555,22.305792542429998,21.964912250814812,22.203128841785272,161473000
2021-10-20,22.03070068359375,22.359621161989526,21.910096191330364,22.232039597473953,146276000
2021-10-21,22.617767333984375,22.63670618326787,22.010760294577082,22.024714435687386,187590000
2021-10-22,22.651657104492188,23.054334844956028,22.48719785150225,22.748339913629675,249384000
2021-10-25,23.09021759033203,23.278598494667374,22.695513113631097,22.897848159028317,230235000
2021-10-26,24.636144638061523,25.17637336256749,23.84573943509634,23.9105273389636,485898000
2021-10-27,24.371017456054688,25.007927133813123,24.20256965592996,24.39394293454579,245990000
2021-10-28,24.85941505432129,24.868386389920456,24.442783111276334,24.79662140845552,234204000
2021-10-29,25.483362197875977,25.62489787147844,24.91821758575926,24.91921376694326,292503000
2021-11-01,25.742511749267578,25.80929200930688,25.144474150231424,25.565094542912135,265740000
2021-11-02,26.314638137817383,26.59073246242579,25.715604250404937,25.737533548022185,294112000
2021-11-03,26.510988235473633,26.696380585852886,26.14917676933632,26.582753200243893,239910000
2021-11-04,29.70351219177246,31.2623950368217,27.029288562062703,27.139925507145282,1153631000
2021-11-05,29.654678344726562,31.297286347184773,29.313796110746594,30.088254873766928,851260000
2021-11-08,30.703235626220703,30.998266887418577,29.80916860642571,30.050377560399664,503101000
2021-11-09,30.556711196899414,32.20430550943804,29.86597932140083,32.17639722764453,646746000
2021-11-10,29.362634658813477,30.749085226450433,28.683862559196594,29.259972850188642,636206000
2021-11-11,30.29058837890625,30.489934904320453,29.679594643475284,30.368334246239346,332172000
2021-11-12,30.29058837890625,30.579640650645906,29.53307424388538,29.911832261950494,413054000
2021-11-15,29.926776885986328,30.543751393956548,29.15132212961867,30.45205330248559,384909000
2021-11-16,30.10419273376465,30.290581253929304,29.6088188828862,29.66164689739361,264484000
2021-11-17,29.165281295776367,30.409199941675634,28.705788874793846,30.31849611458015,428508000
2021-11-18,31.571382522583008,32.65283230814321,31.21854045241291,32.26112015873358,781711000
2021-11-19,32.877098083496094,32.97976178244582,31.800631120790957,32.137524780788404,533867000
2021-11-22,31.851465225219727,34.533662437419686,31.795648655207987,33.40735781762492,754335000
2021-11-23,31.642154693603516,32.25414653332147,30.778986374975506,31.431844462985936,532163000
2021-11-24,32.56712341308594,32.74753112029503,30.826834275154358,31.35809177967249,435162000
2021-11-26,31.399946212768555,32.60299664841291,31.2474468349952,32.493355877058754,283069000
2021-11-29,33.266822814941406,33.30270435529742,31.93120595307024,32.26012831114146,454964000
2021-11-30,32.569114685058594,33.24390214799257,31.75977238456129,33.0605021002407,622066000
2021-12-01,31.33600616455078,33.184169646455935,31.281179063188567,33.114390390664795,484368000
2021-12-02,32.024818420410156,32.37571098071058,30.927286193911225,31.115692017225935,472890000
2021-12-03,30.59634017944336,32.02781864594945,30.03511159214112,31.89922328972484,544325000
2021-12-06,29.942407608032227,30.14576373785318,27.94970234622703,29.78590054452752,658938000
2021-12-07,32.32487869262695,32.346812573827144,30.55447261848209,30.859510618013076,593053000
2021-12-08,31.72577476501465,32.18831425036044,31.322049493917223,31.898230293439173,475551000
2021-12-09,30.393980026245117,32.103581165831095,30.33217500414839,31.634061878266106,488507000
2021-12-10,30.102903366088867,31.206417659798845,29.766964720005916,31.051905086156875,488825000
2021-12-13,28.072317123413086,30.19860138828651,28.02745875745351,30.15374302232693,598344000
2021-12-14,28.247758865356445,28.58768456683166,27.16418223461943,27.61176761656936,667035000
2021-12-15,30.36307716369629,30.40394841022342,27.750331012948195,28.310561418103585,698297000
2021-12-16,28.29759979248047,31.06186748271779,28.004526966053838,31.05389325517119,707366000
2021-12-17,27.71345329284668,28.830923474166912,27.672582039666786,27.896873879142326,713758000
2021-12-20,27.631710052490234,28.055370925868335,27.059518227197945,27.21901421962327,461847000
2021-12-21,28.983440399169922,29.028298765292003,27.314710320233896,28.284647712043096,524385000
2021-12-22,29.30741310119629,29.46192565947625,28.359407778692482,28.800017170257917,395184000
2021-12-23,29.546653747558594,29.9643348089571,29.338312319080405,29.661291348376615,343022000
2021-12-27,30.84754753112793,30.98910054168439,29.546656940110104,29.566594412321887,403686000
2021-12-28,30.226511001586914,31.231336047997825,29.917485879079116,31.213393083122995,420591000
2021-12-29,29.906517028808594,30.451795238929865,29.273516611953507,30.1776616792126,343139000
2021-12-30,29.492828369140625,30.36108570963226,29.44697370362588,29.73306863749012,308864000
2021-12-31,29.318374633789062,29.93542658854919,29.238626655486247,29.580546849229506,266530000
2022-01-03,30.02614402770996,30.614286167328913,29.691201708964883,29.72110791823675,391547000
2022-01-04,29.19776153564453,30.37205130388123,28.259724925855497,30.181652811785955,527154000
2022-01-05,27.51706886291504,29.323362739600288,27.446293309746405,28.857832469761814,498064000
2022-01-06,28.08926010131836,28.348441526045892,26.979766244192536,27.552954288101756,454186000
2022-01-07,27.16119384765625,28.332494693927416,26.971791660779605,28.052379478532124,409939000
2022-01-10,27.313711166381836,27.382494114013422,25.5632406683439,26.497290128969677,594681000
2022-01-11,27.72939682006836,27.976616901866414,26.754478046594247,27.236953065488187,404089000
2022-01-12,27.91082763671875,28.504949514228787,27.52105820708782,27.978612384474925,383413000
2022-01-13,26.49131202697754,28.39031167418518,26.41455294503116,28.289629905928102,540171000
2022-01-14,26.857154846191406,27.111352875878474,26.12745967935316,26.21717640732011,395832000
2022-01-18,25.821426391601562,26.554112344866216,25.688845811972694,26.177302480368454,424270000
2022-01-19,24.98805809020996,26.459409683048193,24.97310593684919,25.996872119985937,488315000
2022-01-20,24.07394790649414,25.498448638286458,24.00217414256686,25.22431503185262,435181000
2022-01-21,23.300392150878906,24.744828429105826,23.18974164646766,23.43297273498428,718958000
2022-01-24,23.298397064208984,23.30637129274654,20.82222037714528,22.259678694181396,913982000
2022-01-25,22.25369644165039,22.87074846480711,21.930717378924925,22.47499743870543,664616000
2022-01-26,22.700284957885742,23.98123803745793,22.229771275614063,23.166811526105583,755959000
2022-01-27,21.874895095825195,23.919436763705882,21.606741215717612,23.493781409014357,573353000
2022-01-28,22.76807403564453,22.786017001467613,21.228935667863265,21.942680495703392,543774000
2022-01-31,24.40888786315918,24.431816145631064,22.979403852664547,23.108993615367613,564680000
2022-02-01,24.56041145324707,25.065814798100266,23.814765930647102,25.02494354865154,518925000
2022-02-02,25.162506103515625,25.73569411876658,24.475674886992383,25.71276773896164,543419000
2022-02-03,23.872583389282227,24.998027675942943,23.70511318165473,24.380977535591192,410178000
2022-02-04,24.242416381835938,24.557421239348365,23.557579565128698,23.896509010672386,354829000
2022-02-07,24.650127410888672,25.10269624776117,24.125782912567686,24.29524762592509,376868000
2022-02-08,25.028928756713867,25.150544291203026,23.904480837599923,24.28228698772841,410359000
2022-02-09,26.620899200439453,26.64083667175982,25.27315770145827,25.541309655752155,524282000
2022-02-10,25.742671966552734,26.84020442347212,25.519378382520046,25.913134866611202,513200000
2022-02-11,23.873580932617188,26.06964442204501,23.698136487325115,25.83438755548586,605472000
2022-02-14,24.19057846069336,24.79666354683214,23.680189818886806,23.85862696314563,440424000
2022-02-15,26.41156578063965,26.46140756576052,24.705953427119574,24.870432839092235,699869000
2022-02-16,26.427509307861328,26.498286759029188,25.471529825588878,26.176304019794223,732676000
2022-02-17,24.429821014404297,25.70379613633401,24.088899004953028,25.549283587406155,810595000
2022-02-18,23.567548751831055,24.907316200447443,23.02725575627355,24.590316828988254,761255000
2022-02-22,23.316341400146484,23.988218678165815,22.92757016662024,22.9624597952012,633422000
2022-02-23,22.316499710083008,24.078933611616357,22.230771994916,23.727044613283795,566511000
2022-02-24,23.6732120513916,23.72504833875335,20.82421265561137,20.94881900592277,735801000
2022-02-25,24.080923080444336,24.140733592878306,23.30736782876033,23.646297234789348,528866000
2022-02-28,24.308208465576172,24.587327391046674,23.632344083996866,23.91644642718018,477319000
2022-03-01,23.403066635131836,24.300233919081215,23.059153777179308,24.214504305072836,412056000
2022-03-02,24.147842407226562,24.336280413234043,23.34524228336605,23.685225970986814,389642000
2022-03-03,23.643348693847656,24.253524852561736,23.39907779476586,24.189714450005976,365095000
2022-03-04,22.8676700592041,23.609453022629157,22.415022141047935,23.314335335262864,431415000
2022-03-07,21.28838348388672,22.964376798114145,21.2664496692882,22.749018838877227,450821000
2022-03-08,21.449899673461914,22.306339565350985,20.58847361397796,21.24551054038405,557467000
2022-03-09,22.945432662963867,23.150818288505107,22.18071764381372,22.320299923146024,492742000
2022-03-10,22.59049415588379,22.720105999777736,21.816805180949956,22.46387173081111,428066000
2022-03-11,22.03415870666504,23.076045454723392,21.980318734826213,22.953410808497686,367209000
2022-03-14,21.26645278930664,22.19567534891805,21.095962710522347,21.80384653913913,385354000
2022-03-15,22.904552459716797,22.969359327340563,21.25847247473295,21.45388764879963,491996000
2022-03-16,24.423017501831055,24.523716417538445,23.102962788581674,23.429984670978083,671422000
2022-03-17,24.692211151123047,24.76798302260017,23.83477288818977,24.048135981074452,471941000
2022-03-18,26.374191284179688,26.48984682690639,24.550641605752624,24.72511949133214,730719000
2022-03-21,26.65435218811035,27.071108036211722,25.889637069261166,26.42802919116261,591727000
2022-03-22,26.444976806640625,27.156850275284068,25.994323791878227,26.647371123248757,547007000
2022-03-23,25.55763053894043,26.532715564299693,25.498806299804944,26.048163421646912,502120000
2022-03-24,28.066131591796875,28.23562518243766,25.829814189665502,26.08804332010231,877379000
2022-03-25,27.6094970703125,28.273513231464275,27.189751821010642,27.802919332389703,579016000
2022-03-28,28.134925842285156,28.165833619637276,27.124943427788132,27.67330593129394,425494000
2022-03-29,28.570627212524414,28.859762245849687,27.896640581268052,28.609510581218807,488984000
2022-03-30,27.607501983642578,28.41110037401944,27.42105885059828,28.219672974520872,463487000
2022-03-31,27.20470428466797,28.163838026854247,27.188753110757293,27.699226807551824,523440000
2022-04-01,26.632413864135742,27.41407840137785,26.188740006342908,27.29343862106805,517235000
2022-04-04,27.278488159179688,27.475898220814116,26.53371392218008,26.648371079518313,397120000
2022-04-05,25.853742599487305,27.237607768198263,25.743073244909805,27.17280089255996,436615000
2022-04-06,24.334285736083984,25.22462494159722,23.93149001085727,24.859716112456148,703833000
2022-04-07,24.13587760925293,24.648346195017268,23.40805294497013,24.36818323767015,557992000
2022-04-08,23.050121307373047,23.851726811207488,22.993291917921837,23.84574416968649,524781000
2022-04-11,21.851699829101562,22.253499000395795,21.595465570939584,22.147815823189774,575207000
2022-04-12,21.439931869506836,22.65729475827579,21.218593162457935,22.46985514903304,662258000
2022-04-13,22.1368465423584,22.432962530129032,21.39107597210752,21.66326329916609,516943000
2022-04-14,21.194664001464844,22.70913934444599,21.09994772609378,22.437948470033938,569097000
2022-04-18,21.718101501464844,22.02219119866503,21.016198500677564,21.13683828693259,525701000
2022-04-19,22.13186264038086,22.3063404800413,21.25049567770769,21.655286167385736,512781000
2022-04-20,21.417997360229492,22.602457585796717,21.1368379554735,22.449913552276662,468974000
2022-04-21,20.122865676879883,22.32528363593372,19.940410359200147,21.64431805927398,656209000
2022-04-22,19.45685577392578,20.424963414737594,19.44190107394043,20.242508087919838,624713000
2022-04-25,19.84270668029785,19.885577840769354,19.039108228053102,19.14479141968029,641566000
2022-04-26,18.732025146484375,19.72904585331805,18.614376672651343,19.659254708106264,653143000
2022-04-27,18.36013412475586,19.10989247416375,18.23550655747405,18.542587544483734,499460000
2022-04-28,19.723064422607422,19.977305783390694,18.434913772859694,18.910491964188285,570327000
2022-04-29,18.491743087768555,20.06803212955995,18.46183178332937,19.344195296792407,500435000
2022-05-02,19.474802017211914,19.515678320426133,18.33620442904849,18.48575712100829,572049000
2022-05-03,19.543598175048828,19.7659352569291,19.07599562451621,19.342200337321106,475751000
2022-05-04,20.273414611816406,20.33921795002483,18.695130967640978,19.863639883503055,648855000
2022-05-05,18.787858963012695,19.865637775003147,18.44488396034569,19.807811910008564,626331000
2022-05-06,18.619361877441406,19.453868144607874,17.936403191321382,18.680180965141894,633297000
2022-05-09,16.89949607849121,18.200606067508854,16.776861477285752,17.980265797414063,644455000
2022-05-10,17.542577743530273,18.143781837571737,16.974276274336525,17.636297548198513,761474000
2022-05-11,16.5804500579834,17.700105173473105,16.518636414884845,17.295314714048374,670167000
2022-05-12,16.12681007385254,16.73798466846581,15.520622598818264,16.17067961115199,708728000
2022-05-13,17.653247833251953,17.874586549641382,16.543564832253985,16.73798356385744,670437000
2022-05-16,17.212562561035156,17.735001491928404,17.055034273977807,17.456833430342392,521446000
2022-05-17,18.122844696044922,18.316266948710442,17.581463204511554,18.020150928461515,585830000
2022-05-18,16.88753890991211,18.064023819021532,16.813759960216448,17.652254100833233,545161000
2022-05-19,17.072980880737305,17.634303190844598,16.684141563200637,16.88653775929863,621310000
2022-05-20,16.644264221191406,17.35813066451446,15.708061631405265,17.280363930362633,739105000
2022-05-23,16.84765625,16.86460579941811,16.13079851441161,16.225514794885957,639889000
2022-05-24,16.105871200561523,16.547552147553244,15.732985873904111,16.460811455935517,588550000
2022-05-25,16.924428939819336,17.060023452980932,15.952333251945635,15.972274124910482,781132000
2022-05-26,17.79781723022461,18.038098454950646,15.97426580795554,15.988224037593847,996575000
2022-05-27,18.754955291748047,18.82474642934616,18.046073205336302,18.1318174179565,738379000
2022-05-31,18.61636734008789,19.14279403338094,18.295326242537005,18.923448310065066,664100000
2022-06-01,18.265417098999023,18.99623300147652,18.06800706571725,18.668214653926945,544514000
2022-06-02,19.533626556396484,19.560546538437922,18.14378074438324,18.237500543404728,648656000
2022-06-03,18.664230346679688,19.274408545234422,18.466820256411918,19.025153323128656,598779000
2022-06-06,18.73003387451172,19.27939298217494,18.50869511363227,19.081982890174334,422406000
2022-06-07,18.869611740112305,18.94339066834296,18.133809698571795,18.416963933581936,388914000
2022-06-08,18.59637451171875,19.12690128125382,18.483686480121612,18.74695554636219,363252000
2022-06-09,17.998035430908203,18.880585584914794,17.99105484045959,18.429837257031576,395574000
2022-06-10,16.927005767822266,17.648003603750368,16.822295031090142,17.551272041612552,465248000
2022-06-13,15.603679656982422,16.266838484183843,15.562792805356883,15.955702020878928,604153000
2022-06-14,15.792157173156738,16.021519942748558,15.369330314017972,15.68744737975274,469680000
2022-06-15,16.481246948242188,16.82130252550863,15.88190997775459,16.050441789659057,563936000
2022-06-16,15.557808876037598,15.897865381945072,15.358362760963734,15.816091666385807,545749000
2022-06-17,15.836036682128906,15.95071807890091,15.285564836382378,15.60467861906416,630334000
2022-06-21,16.520137786865234,16.960913567479754,16.361577575315028,16.42939011174875,483089000
2022-06-22,16.31471061706543,16.615874624972886,16.135208613375514,16.181080798165386,437135000
2022-06-23,16.180082321166992,16.53908438669256,15.80911149125112,16.473267119438244,463680000
2022-06-24,17.078582763671875,17.092543941061024,16.26484203486428,16.454316515193973,472153000
2022-06-27,16.822296142578125,17.282020263994987,16.579968879448046,17.26407044859053,427968000
2022-06-28,15.937751770019531,17.15437333107961,15.900853555794448,16.85320941802592,461149000
2022-06-29,15.49897289276123,15.776203147746788,15.128003007057377,15.770220191992788,482352000
2022-06-30,15.117032051086426,15.523902477901675,14.820854376855518,15.318472470620367,686070000
2022-07-01,14.482792854309082,15.021297826850201,14.352155961339314,14.85775230195311,577610000
2022-07-05,14.92257022857666,14.929550817854716,14.016087452919178,14.135755105271844,651397000
2022-07-06,15.08811092376709,15.276587784305496,14.748054467101642,14.9684432720513,529066000
2022-07-07,15.814094543457031,15.900853564352674,15.346393177463765,15.413208065905915,492903000
2022-07-08,15.794151306152344,15.99260071355022,15.3463940472355,15.387280900081658,467972000
2022-07-11,15.110050201416016,15.484011966579512,14.996365505258906,15.483014331967349,437321000
2022-07-12,15.040243148803711,15.388276870570849,14.83581079611465,15.22572805239749,458483000
2022-07-13,15.122015953063965,15.33243221201758,14.424951823504246,14.549605743927154,521918000
2022-07-14,15.329442024230957,15.430162236147307,14.687224899011335,15.06617297485196,456235000
2022-07-15,15.718361854553223,15.738305988579,15.40223910380052,15.615647329390558,385935000
2022-07-18,16.05642318725586,16.850218938777058,15.957698248928537,16.25686691896844,670517000
2022-07-19,16.944955825805664,17.062629156569145,16.127226415976143,16.440356240924725,702366000
2022-07-20,17.75769805908203,17.883350564875844,16.754484694338107,16.90008038178597,760538000
2022-07-21,18.000028610229492,18.09376823842625,17.49642751736756,17.835486394527994,557049000
2022-07-22,17.271047592163086,17.91725223020256,17.08955040089698,17.843457714010622,536671000
2022-07-25,16.976865768432617,17.076589278551587,16.602904032037294,16.971878546789405,480748000
2022-07-26,16.487226486206055,16.872157459195602,16.43237845884533,16.842239834616713,397865000
2022-07-27,17.740745544433594,17.886341221329417,16.866172897497414,16.984842903526864,569776000
2022-07-28,17.9342098236084,18.089778068252926,17.39171718778261,17.925235866496404,474646000
2022-07-29,18.112712860107422,18.19348797443547,17.643016231379985,17.763681512135797,435460000
2022-08-01,18.389944076538086,18.79382347486427,17.940192505913,18.13166037008038,476469000
2022-08-02,18.474706649780273,18.885566611126666,18.041908238318054,18.071825862895118,489527000
2022-08-03,18.840694427490234,18.915487551007924,18.08678689420816,18.133657657387115,418146000
2022-08-04,19.16180419921875,19.220640875313578,18.708063924460507,18.796818231509185,409652000
2022-08-05,18.936426162719727,19.17576145516048,18.614320486775554,18.757920901412877,386068000
2022-08-08,17.743738174438477,18.188504443935763,17.19426496293747,17.45354536402082,981859000
2022-08-09,17.038698196411133,17.398698836090517,16.677700873007122,17.20423899397108,668263000
2022-08-10,18.046897888183594,18.067839657584745,17.269056663137828,17.64900236749365,597422000
2022-08-11,17.892322540283203,18.655205740612683,17.826505292941643,18.080800327074023,509327000
2022-08-12,18.657201766967773,18.666177625548745,17.903294316475968,18.109721945226894,478094000
2022-08-15,18.97930908203125,19.110943606719005,18.56147037086015,18.649226086629287,457666000
2022-08-16,18.826730728149414,19.08900306515244,18.449777011947884,18.867617579479603,451240000
2022-08-17,18.28423500061035,18.636258289146177,18.094762422807918,18.47171611346851,446799000
2022-08-18,18.72102165222168,18.812765977331214,18.132655104016425,18.250328413657478,415447000
2022-08-19,17.799589157104492,18.46873114164052,17.720807382792895,18.355046410748177,441588000
2022-08-22,16.986841201782227,17.509390657788362,16.91902867077679,17.441578126782925,409593000
2022-08-23,17.133432388305664,17.41664650068236,16.923016122259966,16.941964523094743,369986000
2022-08-24,17.174318313598633,17.35780889595624,16.848223999149923,16.964898742460186,522661000
2022-08-25,17.863407135009766,17.897313400062618,16.78639724119501,16.797366467637275,770691000
2022-08-26,16.214984893798828,17.874377717185446,16.192047853448514,17.807563767738106,769127000
2022-08-29,15.757253646850586,16.29276663412164,15.723348333249264,15.97564814658675,496132000
2022-08-30,15.425175666809082,15.994593942634191,15.13996723606161,15.915813141555713,530181000
2022-08-31,15.05221176147461,15.49697709866868,14.917585283969304,15.34140885146709,573710000
2022-09-01,13.89841365814209,14.340186988303111,13.233260527452883,14.169659947404499,1178865000
2022-09-02,13.609216690063477,14.131765139366534,13.553371026300562,14.060962564890257,743157000
2022-09-06,13.42772102355957,13.740851814141763,13.314036323816168,13.692984371926862,535751000
2022-09-07,13.680095672607422,13.803789664823167,13.313005420498245,13.529468955559182,512657000
2022-09-08,13.955412864685059,13.973368965250524,13.335948799799713,13.425725497360691,624873000
2022-09-09,14.351430892944336,14.438215695022928,14.091076486708564,14.121999030627672,486612000
2022-09-12,14.469139099121094,14.511035078989412,14.16289794182431,14.333475654409431,484159000
2022-09-13,13.098535537719727,13.887580298232978,13.06661506291521,13.767877090741246,714956000
2022-09-14,13.095542907714844,13.25714208600549,12.881074316326442,13.221230840390966,588507000
2022-09-15,12.897035598754883,13.200283922132007,12.758379308646864,12.982823422794079,523625000
2022-09-16,13.16537094116211,13.179336268504516,12.585807002502516,12.710497968812046,670751000
2022-09-19,13.348917007446289,13.429717086609914,12.977836924096026,12.97983183509863,569685000
2022-09-20,13.143425941467285,13.449667136036723,13.024720650726076,13.182330035591837,524818000
2022-09-21,13.228216171264648,13.99631305335464,13.07758944681726,13.180335452104883,807679000
2022-09-22,12.529945373535156,13.116491960905076,12.397274767166287,13.037686800354493,759162000
2022-09-23,12.485054969787598,12.579820356134693,12.226695501941084,12.389292603820046,663309000
2022-09-26,12.19776725769043,12.62770236378115,12.183801932086613,12.4601175052189,547343000
2022-09-27,12.382312774658203,12.704514210651315,12.227696230944117,12.476080251525241,553854000
2022-09-28,12.704512596130371,12.791297397761815,12.323457052729534,12.379318359284666,542414000
2022-09-29,12.189790725708008,12.469098260371657,11.916467924408922,12.417226765945308,532763000
2022-09-30,12.108990669250488,12.601769867420833,12.045148756633207,12.05711917470624,565638000
2022-10-03,12.48106861114502,12.646658600455845,12.075074233627726,12.316476553047927,547478000
2022-10-04,13.13444709777832,13.187316515119232,12.847159012438114,12.847159012438114,584182000
2022-10-05,13.176342964172363,13.2880665303076,12.58979733374113,12.87908032737509,507131000
2022-10-06,13.097538948059082,13.62223854641482,13.070605273695971,13.187316594180706,644157000
2022-10-07,12.04614543914795,12.638676791416017,11.992279039061453,12.474084749119333,672478000
2022-10-10,11.641148567199707,12.094025672565365,11.379796220873162,12.007240867482555,698699000
2022-10-11,11.557356834411621,11.81671332375179,11.255105480239216,11.532418070127365,667482000
2022-10-12,11.47156810760498,11.705986765590792,11.31695158643632,11.550373264718909,492590000
2022-10-13,11.93043041229248,12.048138702279783,10.78626591637664,10.943875273241852,850103000
2022-10-14,11.199244499206543,12.081058872016744,11.176301596444594,12.027192471424224,713432000
2022-10-17,11.858612060546875,11.918464157414238,11.488529845249435,11.48952682526242,580774000
2022-10-18,11.93741512298584,12.461116834509994,11.589277945577948,12.313482956867912,659362000
2022-10-19,12.02120590209961,12.3194674213086,11.804742384541735,11.849631206949502,523131000
2022-10-20,12.163853645324707,12.73743191217373,12.075072975272215,12.08305357020032,652398000
2022-10-21,12.435179710388184,12.467101136617279,11.857611660936854,12.068089492311048,609494000
2022-10-24,12.567850112915039,12.678575736547755,12.03417300322993,12.477075497760788,517457000
2022-10-25,13.228216171264648,13.267120266355917,12.632691937809854,12.662618457515958,505482000
2022-10-26,12.864119529724121,13.35490287684184,12.676584561088767,12.837186801922265,532953000
2022-10-27,13.143425941467285,13.803789999892798,13.08955953917814,13.596304034739564,583113000
2022-10-28,13.799798011779785,13.815759201014696,13.028709325811903,13.071603238162181,521040000
2022-10-31,13.463630676269531,13.803788166627177,13.264125332932366,13.743936087967768,486341000
2022-11-01,13.509517669677734,13.890573215216364,13.4855768377865,13.77685473939127,432817000
2022-11-02,13.186319351196289,14.174869538553562,13.17833970749939,13.815759886644688,672628000
2022-11-03,13.38782024383545,13.746930863679363,12.923970612064814,13.010755424842653,500065000
2022-11-04,14.121001243591309,14.193820714796013,13.66313547617811,13.951421470670343,612576000
2022-11-07,14.265643119812012,14.3763687541529,13.919501841346959,14.192823644192917,410061000
2022-11-08,14.565899848937988,14.854184915550686,14.180853521426073,14.764407269491864,595292000
2022-11-09,13.741943359375,14.175868382440134,13.724985188452262,14.126988780724597,454414000
2022-11-10,15.711060523986816,15.734003424063605,14.51103468975513,14.763409444549325,700819000
2022-11-11,16.286638259887695,16.34848526583695,15.443727839760449,15.767924228372218,655487000
2022-11-14,16.25471305847168,16.499108168761815,15.882635102124247,16.177903764636575,527852000
2022-11-15,16.624797821044922,16.955975861509707,16.341499544736198,16.680659131421315,545876000
2022-11-16,15.870665550231934,16.321547735639033,15.833757322153295,16.12204333727618,649547000
2022-11-17,15.638242721557617,16.225787271704426,15.496593581923413,15.676148882942353,710894000
2022-11-18,15.370903968811035,15.962438276776751,15.082617967788815,15.926526078879489,492072000
2022-11-21,15.279131889343262,15.43873616621096,15.0427173645285,15.1095521073422,404739000
2022-11-22,15.998348236083984,16.018299245315394,15.0846125617215,15.290103580749188,472866000
2022-11-23,16.478164672851562,16.48614622134562,16.00833020239292,16.058205842970562,427241000
2022-11-25,16.22977638244629,16.44623895293213,16.13201909254946,16.277658047637875,167934000
2022-11-28,15.787871360778809,16.316561753105944,15.686124245692138,15.986378789361892,303741000
2022-11-29,15.600337028503418,15.89261289133373,15.481631739149844,15.787871978822768,298384000
2022-11-30,16.885480880737305,16.892465330806235,15.56242050073122,15.662198222921692,565298000
2022-12-01,17.09701156616211,17.22672251600334,16.59812007687738,16.961313400800822,470977000
2022-12-02,16.838581085205078,16.89545581318878,16.408536964976825,16.62206317311855,371389000
2022-12-05,16.57317543029785,16.95732209492753,16.435480895818028,16.64202269753776,352255000
2022-12-06,15.951557159423828,16.53625748277145,15.783929395985323,16.493353544908274,352694000
2022-12-07,16.08426284790039,16.150116510882306,15.632266127408133,15.737033837548465,372388000
2022-12-08,17.130937576293945,17.140915635032428,15.923619112619104,16.236924067023104,515456000
2022-12-09,16.963308334350586,17.544018774553155,16.93736690492108,17.121956228129644,465338000
2022-12-12,17.496124267578125,17.499117875319435,16.75976146929497,16.99922915428006,457328000
2022-12-13,18.03193473815918,18.7483433376604,17.671735017061216,18.48991676619764,656589000
2022-12-14,17.634817123413086,18.21153673692968,17.38138052214265,17.947122938893273,496888000
2022-12-15,16.914413452148438,17.281597547820855,16.662973286290804,17.107983556218308,478542000
2022-12-16,16.534259796142578,17.003218983176044,16.373617447522786,16.826611361927757,478232000
2022-12-19,16.21796226501465,16.572174722426883,16.109204679647327,16.535258005172167,354039000
2022-12-20,16.04933738708496,16.27383892516191,15.816855115740298,16.02838403707244,403260000
2022-12-21,16.46441650390625,16.590138515163844,16.066300925017234,16.078275356146534,325025000
2022-12-22,15.304994583129883,16.102224011327284,14.849007931260353,16.05832093109557,565045000
2022-12-23,15.172286987304688,15.304991533429133,14.850003158774006,15.162308930007534,349326000
2022-12-27,14.089693069458008,15.066522651056324,14.024836646016347,15.04058027199165,464902000
2022-12-28,14.004884719848633,14.230383547095608,13.853221252851984,13.896126149600791,351066000
2022-12-29,14.570624351501465,14.650446912717559,14.195458504097823,14.370070713593025,354923000
2022-12-30,14.581600189208984,14.59656632429452,14.20144437182903,14.302220281186143,310490000
2023-01-03,14.283262252807617,14.962753137456133,14.064747927725566,14.818074155568226,401277000
2023-01-04,14.716300010681152,14.820069526606867,14.209426861493185,14.534704309371103,431324000
2023-01-05,14.23337459564209,14.531711494421922,14.116633408077806,14.458873382334806,389168000
2023-01-06,14.826056480407715,14.976721722809424,14.002885769126838,14.441909831289994,405044000
2023-01-09,15.593352317810059,16.020402921173815,15.107431553171974,15.25011511747284,504231000
2023-01-10,15.873727798461914,15.926609787228095,15.437696417809999,15.472618665402736,384101000
2023-01-11,15.965523719787598,15.992464284529852,15.528495081310508,15.804881372380587,353285000
2023-01-12,16.47439193725586,16.600112025362304,15.45765118323187,16.06430389569738,551409000
2023-01-13,16.861534118652344,16.884483841910928,16.129162184625386,16.241910621869895,447287000
2023-01-17,17.66275405883789,17.68869739083552,16.861534824609727,16.861534824609727,511102000
2023-01-18,17.338476181030273,17.833374940410984,17.243685577032387,17.62783226446367,439624000
2023-01-19,16.727832794189453,17.158876197897794,16.693909676604797,16.998231918602517,452932000
2023-01-20,17.799449920654297,17.816412427942808,16.787698117134013,16.973284656262667,564967000
2023-01-23,19.15045166015625,19.202336426570977,17.778499909823832,18.023952936401,655163000
2023-01-24,19.222288131713867,19.45177965907979,18.778275018636265,18.785259468912272,496204000
2023-01-25,19.28015899658203,19.3270556760891,18.538806268911344,18.871068158440618,449537000
2023-01-26,19.758098602294922,20.121291926493868,19.235260153653364,19.657322688857523,489535000
2023-01-27,20.319847106933594,20.582264478452693,19.361976503519905,19.418849333138702,542142000
2023-01-30,19.11951446533203,20.095344769702777,19.107540036562035,19.90576740996117,488611000
2023-01-31,19.493688583374023,19.643355663941833,18.907990025151328,19.12750161644277,498017000
2023-02-01,20.896568298339844,21.14501488817615,19.567520729990026,19.647343286751223,660477000
2023-02-02,21.660869598388672,21.900337276933485,20.65410773302951,20.953441855430544,564276000
2023-02-03,21.053220748901367,21.696791212168588,20.74290942748652,20.95344207269312,429366000
2023-02-06,21.04224395751953,21.522176520252494,20.73991434273434,20.759870457178742,452197000
2023-02-07,22.123842239379883,22.209652016752774,21.10310954039303,21.334595540764557,664150000
2023-02-08,22.15576934814453,22.82727757872674,21.95920561326959,22.337365045310303,559651000
2023-02-09,22.287473678588867,22.968959875402295,22.07095576094419,22.555878249188314,523876000
2023-02-10,21.217853546142578,22.02905079986804,20.76486152389426,21.641912436236254,550737000
2023-02-13,21.73969268798828,21.99911645552033,20.91552384659178,21.49024697725974,474919000
2023-02-14,22.920074462890625,22.997900655540672,21.318631266584543,21.53016116062426,675474000
2023-02-15,22.713529586791992,22.804327433692144,22.056989406086455,22.499006113761624,420575000
2023-02-16,21.95322036743164,22.50000383331045,21.878385888019974,22.083928543019674,412026000
2023-02-17,21.3405818939209,21.691800771351655,20.92849743532747,21.58304317749563,465888000
2023-02-21,20.609203338623047,21.446341861161894,20.572284722285456,20.95343770145244,410015000
2023-02-22,20.707992553710938,21.05721705956606,20.375730560434423,20.661097762681045,513184000
2023-02-23,23.611536026000977,23.8350403425162,22.973952761903,23.388033612605756,1117995000
2023-02-24,23.234373092651367,23.421957916477858,22.89612587509221,23.17350941362294,589716000
2023-02-27,23.448896408081055,23.827055854409227,23.40200162980687,23.617522349762986,452994000
2023-02-28,23.164527893066406,23.772178848920596,23.154549835484183,23.320182165733303,455963000
2023-03-01,22.64767837524414,23.204441849787724,22.458099073317108,23.140582657134395,460026000
2023-03-02,23.262310028076172,23.328163685156042,22.382265528634285,22.43814303132255,389415000
2023-03-03,23.837032318115234,23.847010375257764,23.078717103361356,23.268296382829778,412393000
2023-03-06,23.50178337097168,24.194243164611763,23.43493056523591,23.8380361602402,437429000
2023-03-07,23.240314483642578,24.07560049580581,23.193409839893587,23.5516758916116,515154000
2023-03-08,24.131486892700195,24.150448993437568,23.37603695159869,23.438907679098733,513573000
2023-03-09,23.38801383972168,24.403929057492398,23.33512096029611,24.125499097663184,501257000
2023-03-10,22.9179744720459,23.578619542231447,22.679463555166457,23.36106553205838,474866000
2023-03-13,22.91897201538086,23.2502929083055,22.251343209013474,22.70541142718648,421890000
2023-03-14,24.01372528076172,24.169405972460222,23.411959420343866,23.447886905162232,474910000
2023-03-15,24.178390502929688,24.236270399989948,23.31216782093887,23.71234578983034,524486000
2023-03-16,25.48870277404785,25.535605516897093,23.845073897032023,23.977802891862606,583253000
2023-03-17,25.672325134277344,26.3449448193976,25.61544073749828,25.9287988632653,848547000
2023-03-20,25.846967697143555,25.970714347329455,25.07854386503028,25.56255140531931,432747000
2023-03-21,26.145357131958008,26.337962757604163,25.329033093000934,26.12639693275394,547408000
2023-03-22,26.41380500793457,27.53250995771594,26.183277100976117,26.370891881444173,797295000
2023-03-23,27.135326385498047,27.442696318613994,26.635352731683053,27.05948178238723,564889000
2023-03-24,26.724166870117188,27.111372891793874,26.301035262211116,26.975651684052345,454920000
2023-03-27,26.476675033569336,26.944714568093122,26.311014571134052,26.782048221700336,361026000
2023-03-28,26.355926513671875,26.4587162651786,25.797073622443282,26.392851412554858,356104000
2023-03-29,26.928747177124023,27.02255456693602,26.542540461107045,26.770074250919894,393694000
2023-03-30,27.326929092407227,27.4426926938408,27.046504340175957,27.1732450978703,364516000
2023-03-31,27.720123291015625,27.77700578403353,27.049498418004845,27.08442659853217,433933000
2023-04-03,27.907739639282227,27.942667821784,27.280027855037655,27.452673959085395,398716000
2023-04-04,27.396785736083984,27.94266656976958,27.251084780335454,27.908735793018696,368592000
2023-04-05,26.825960159301758,26.9427192704289,26.3409552107088,26.77406658654195,515015000
2023-04-06,26.98163604736328,27.024547263842212,26.37288455652641,26.529562651009662,397654000
2023-04-10,27.52252960205078,27.564443419953324,26.614393073942708,26.768077072918704,395279000
2023-04-11,27.113367080688477,27.733095757858216,27.070453958606574,27.667230920271166,314378000
2023-04-12,26.440750122070312,27.4117573972983,26.393845475280525,27.313958486817846,446259000
2023-04-13,26.408811569213867,26.831943139385213,26.275087085274208,26.67925655636213,353615000
2023-04-14,26.703208923339844,26.82795296952223,26.166310441978037,26.449729310820583,395660000
2023-04-17,26.94671058654785,26.95070210668743,26.37887544680579,26.510605128627287,321471000
2023-04-18,27.610347747802734,28.052441434897503,27.30098304931903,27.476623258466837,604812000
2023-04-19,27.873811721801758,27.942670689641986,27.17624350095967,27.30497908731356,358660000
2023-04-20,27.04850196838379,27.972606485594795,26.944714827313312,27.614340416338198,427713000
2023-04-21,27.063474655151367,27.12734469943511,26.667288132805762,26.896816762220137,345103000
2023-04-24,26.98662757873535,27.309963550008472,26.616386963271044,26.9576876302619,339282000
2023-04-25,26.18726921081543,27.191209883551597,26.17130312906319,27.02255529680181,378527000
2023-04-26,26.900806427001953,27.274041202719886,26.65032090270942,26.946713672472086,406337000
2023-04-27,27.170255661010742,27.438705899036655,26.57048635253724,27.30697619433551,377161000
2023-04-28,27.69218635559082,27.70116680186363,27.015573113602102,27.169259042494186,292216000
2023-05-01,28.850807189941406,28.99850487853989,27.723121680285786,27.782998298498846,570329000
2023-05-02,28.152236938476562,28.776956510510566,28.025498077141993,28.621275795478528,402730000
2023-05-03,27.74506950378418,28.308913078393672,27.415745325509498,27.782991797248716,383387000
2023-05-04,27.505565643310547,27.80195650009337,27.184224452575453,27.594382208198148,321850000
2023-05-05,28.621278762817383,28.696124060234265,27.674222409101244,27.769027213873315,361494000
2023-05-08,29.091312408447266,29.160171374611277,28.291953765246245,28.4636005750586,344979000
2023-05-09,28.51249885559082,28.913676170511692,28.3917482221622,28.839828282414175,314869000
2023-05-10,28.82586097717285,29.053394808722853,28.4027292894593,28.94561422281973,369350000
2023-05-11,28.519481658935547,28.890721581405018,28.188162647959096,28.8368313012262,322149000
2023-05-12,28.281970977783203,28.72107056378974,27.988572349830026,28.470583157825374,274222000
2023-05-15,28.893718719482422,28.90968670611311,28.094360052477484,28.449630148158924,293926000
2023-05-16,29.153181076049805,29.808837256233236,28.772962619924,28.78194306415263,449405000
2023-05-17,30.116209030151367,30.13716594058163,29.369741392303435,29.52342540212538,432535000
2023-05-18,31.61313247680664,31.762824941212354,30.25791345051095,30.34772930984297,748725000
2023-05-19,31.199981689453125,31.515334611569322,30.852694703812897,31.471424084571897,473908000
2023-05-22,31.11216926574707,31.455464805602023,30.617184512052074,30.837730791979848,372000000
2023-05-23,30.62516212463379,31.22393392865523,30.568279631249496,30.936523538862662,356253000
2023-05-24,30.47547149658203,30.544330458079507,29.744969965607368,30.14814207840876,721419000
2023-05-25,37.9022331237793,39.39916178020132,36.55998587698389,38.44412056648187,1543911000
2023-05-26,38.86625671386719,39.08979709643769,37.47311513309701,37.812419131021514,714397000
2023-05-30,40.028865814208984,41.852124379037896,39.86719878603495,40.51187589734803,923401000
2023-05-31,37.75653076171875,40.21249015793831,37.74455429743757,39.40714336242504,1002580000
2023-06-01,39.688560485839844,39.96798589092344,38.26148849807327,38.41018164381114,635873000
2023-06-02,39.2464714050293,40.4170698367897,38.97802122010776,40.014895164925456,482731000
2023-06-05,39.09078598022461,39.48397633432031,38.6277354717196,38.829321475557855,396094000
2023-06-06,38.57485580444336,39.07982029424169,38.06989131464503,38.75049794421731,388729000
2023-06-07,37.402130126953125,39.422196626647725,37.28336203456749,38.83933255229278,511998000
2023-06-08,38.43511962890625,38.788431404042456,37.43207648828261,37.650648624822814,417772000
2023-06-09,38.69461441040039,39.63378277087799,38.49201001557308,38.96109353851752,427717000
2023-06-12,39.40523147583008,39.45313848189554,38.542912981212005,39.12378209838564,388701000
2023-06-13,40.942237854003906,41.0210866253636,39.66273283742683,40.107864800357326,613208000
2023-06-14,42.91340637207031,42.916398894689806,40.47315646710425,40.74463080916541,740465000
2023-06-15,42.570072174072266,43.20483722073351,42.06505544214176,42.51917264005908,568622000
2023-06-16,42.608985900878906,43.63598431992395,42.57804414029088,43.36551137616434,655709000
2023-06-20,43.72282409667969,43.90447325497645,42.591030025374586,42.914401391724816,451153000
2023-06-21,42.96129608154297,43.53019120482672,41.99817620343288,43.416410657258176,551603000
2023-06-22,42.941349029541016,43.341566542076215,42.15188658669768,42.170846843287116,417737000
2023-06-23,42.12692642211914,42.72575823031128,41.93330340139626,42.3814316538767,358140000
2023-06-26,40.55300521850586,42.68086025771663,40.0220380144833,42.37844793444695,594322000
2023-06-27,41.79458236694336,41.85845711307234,40.36936115095312,40.71967665079335,462175000
2023-06-28,41.03705978393555,41.763645026068765,40.439225350764865,40.58094756482351,582639000
2023-06-29,40.74262237548828,41.51910947373688,40.52105392093283,41.47719132326854,380514000
2023-06-30,42.21974563598633,42.4672645183677,41.4203044195064,41.598957222632954,501148000
2023-07-03,42.330528259277344,42.81458581035407,42.11994000015232,42.434326127886784,198209000
2023-07-05,42.23472595214844,43.09305068763653,42.00317476731274,42.053076792694064,323618000
2023-07-06,42.02114486694336,42.09699732253943,41.265616640980895,41.76264953628558,303582000
2023-07-07,42.42036056518555,43.129980526432945,42.097990517388034,42.239712723775206,355881000
2023-07-10,42.097991943359375,42.727765640952,41.568022298100566,42.57406572515449,353908000
2023-07-11,42.322547912597656,42.67486219078261,41.98520766702778,42.398400353937646,298244000
2023-07-12,43.8166389465332,43.84957572671799,42.69382635632928,42.949329116868,481277000
2023-07-13,45.88760757446289,46.06525908080091,44.405494267990946,44.43144469055369,478204000
2023-07-14,45.380592346191406,47.99449947378626,44.97238720530781,46.49242471309176,772075000
2023-07-17,46.370670318603516,46.405602120259054,45.174003879546035,46.19900764034249,510488000
2023-07-18,47.40165710449219,47.8028759240553,45.645080740043866,46.61019966194242,569164000
2023-07-19,46.98545837402344,47.72501862546396,46.65111069572906,47.37170688757378,427502000
2023-07-20,45.43149185180664,46.99544633379389,44.974382199398164,46.416572252146125,537865000
2023-07-21,44.22284698486328,45.776822685139486,44.01425371443011,45.698971418551594,963769000
2023-07-24,44.52526092529297,45.02129625877823,43.95437445925072,44.64402903720118,382516000
2023-07-25,45.590187072753906,46.093204951452925,44.835656447425045,44.85362300335587,348081000
2023-07-26,45.363624572753906,45.96345774796509,44.54322423850326,45.93151847506049,364237000
2023-07-27,45.810760498046875,47.302852779891246,45.66105061247082,46.42855649018283,455976000
2023-07-28,46.65909957885742,46.93556140812505,46.290817578046465,46.57725828817055,331194000
2023-07-31,46.63814163208008,47.03836291442901,46.41557565297474,46.66309454574556,251055000
2023-08-01,46.41658020019531,46.80881767569898,45.93751388194452,46.36967069517526,237858000
2023-08-02,44.18292999267578,45.75087468728102,43.302644871740895,45.74189331269121,530142000
2023-08-03,44.42845153808594,45.03027980086514,43.714841517541664,43.714841517541664,324176000
2023-08-04,44.5931282043457,45.55325576078865,44.30668747221976,44.897535492129286,362666000
2023-08-07,45.32869338989258,45.451455331655026,44.47635377122551,45.02328860387296,322154000
2023-08-08,44.5771598815918,45.154035175235585,43.97034032891443,44.765791580742274,353843000
2023-08-09,42.47126007080078,44.2258412871121,42.05207472701769,44.18791316298273,586449000
2023-08-10,42.30559158325195,43.48928663606157,41.75366530069566,42.07803421130193,492705000
2023-08-11,40.77556610107422,41.936306917018776,40.55998646089097,41.66982393739307,533085000
2023-08-14,43.667930603027344,43.714840105511556,40.23262525589616,40.40728424676243,690286000
2023-08-15,43.85456848144531,45.17998944739272,43.62501611478745,44.473365790467945,676512000
2023-08-16,43.40145492553711,44.58814245881994,43.32160863340614,44.43344502691715,527451000
2023-08-17,43.259727478027344,43.97632996907339,42.91739206244817,43.88450979004493,452395000
2023-08-18,43.21480941772461,43.49326626137414,41.57899634242321,42.55209903416188,583768000
2023-08-21,46.87568283081055,46.97349186656967,44.13602090022551,44.407491420923556,692573000
2023-08-22,45.57920837402344,48.09331176452581,45.24486061801989,48.04141091720703,755293000
2023-08-23,47.02439880371094,47.10823512648874,45.12010736864763,45.77682903768783,779046000
2023-08-24,47.0713005065918,50.16826807045973,47.06731047667301,50.11836604551162,1156044000
2023-08-25,45.92852783203125,47.71205208326433,44.936457196698406,46.92059466008382,925341000
2023-08-28,46.74394607543945,46.888664634446876,44.800732684420076,46.391631711311426,685192000
2023-08-29,48.689144134521484,48.98556752704201,46.30079556232575,46.57526237156326,701397000
2023-08-30,49.168212890625,49.82992198159772,48.330843509784565,48.94863943193041,735206000
2023-08-31,49.259037017822266,49.64728061160453,48.86280955740575,49.283989932424504,528570000
2023-09-01,48.41468048095703,49.7031706927899,48.0483934780796,49.66524637506185,463830000
2023-09-05,48.45361328125,48.7560255895284,47.766951165430406,48.12924438500935,382653000
2023-09-06,46.973365783691406,48.45859385625443,46.49326248710991,48.350797071158595,468670000
2023-09-07,46.15489959716797,46.257708449088824,45.067926633125616,45.44023319735737,433330000
2023-09-08,45.487144470214844,46.519219579428515,45.186706235848995,45.856458279277405,473069000
2023-09-11,45.0938720703125,46.07703462980452,44.229483586598796,46.062063171640766,473966000
2023-09-12,44.786441802978516,45.58794785369134,44.448072389819984,44.654687644477335,349256000
2023-09-13,45.40030288696289,45.844473946840324,44.420129217307256,44.516948715229006,398355000
2023-09-14,45.49612808227539,45.90137033130358,45.04696523433204,45.86444047531069,370097000
2023-09-15,43.81825256347656,45.514086250608685,43.7264210191702,45.256567267439614,506831000
2023-09-18,43.88412857055664,44.15961559349167,41.921789942113186,42.66839815481211,500271000
2023-09-19,43.438961029052734,43.8841296709857,42.921924053303314,43.7513779115944,373064000
2023-09-20,42.16034698486328,43.82124998391259,42.14437793528599,43.51881278602881,367108000
2023-09-21,40.94062042236328,42.021603947761406,40.903690569058845,41.505568360727295,450736000
2023-09-22,41.53252029418945,42.0365810200349,41.154224400495224,41.494589042058344,479236000
2023-09-25,42.14337921142578,42.4567936946112,41.1003231092512,41.51355366859355,419091000
2023-09-26,41.83295440673828,42.74026210135053,41.577430601284675,41.92278696484624,402282000
2023-09-27,42.388916015625,42.79216683776979,41.55148148041127,42.25117631483952,444935000
2023-09-28,43.008758544921875,43.36509217094579,42.03657334360293,42.38092828086827,424663000
2023-09-29,43.41800308227539,44.061802514667,43.226359256277895,43.74539144535937,397830000
2023-10-02,44.698612213134766,45.09087814744479,43.77932579033049,43.948009813372195,433298000
2023-10-03,43.43596267700195,45.045961784832514,43.165467413747166,44.724558993956826,470850000
2023-10-04,43.958988189697266,44.06079943552314,43.21138241263282,43.6605451941074,361821000
2023-10-05,44.60478591918945,44.816392949836604,43.80627636575413,43.967973455641534,393483000
2023-10-06,45.67679214477539,45.70374229719828,43.944024517632684,44.110713380697035,434436000
2023-10-09,45.18869400024414,45.52007649973999,44.28538045832398,44.75849682767498,409675000
2023-10-10,45.71272277832031,46.17286291728584,45.00404573819931,45.22563248789511,368582000
2023-10-11,46.71883773803711,46.77174044276166,45.964245041548175,46.109973069324404,378137000
2023-10-12,46.85757827758789,47.52034323269725,46.24372566858878,46.68989185981617,481325000
2023-10-13,45.376346588134766,47.02826743741539,45.19568386802554,46.87255588078778,474115000
2023-10-16,46.00917053222656,46.13892572569301,44.82837085700402,44.97909066386404,375099000
2023-10-17,43.8561897277832,44.670672271855,42.40090425613856,43.91807456153945,812333000
2023-10-18,42.11742401123047,43.13852165493323,41.74711648202066,42.51168892025405,627294000
2023-10-19,42.02260971069336,43.216381906827145,41.8040157217801,42.731286777485096,501233000
2023-10-20,41.309932708740234,42.39091619548763,41.00150619051564,41.81199440818419,477266000
2023-10-23,42.89497756958008,43.1674718539468,40.86875871685224,41.152230295210934,478530000
2023-10-24,43.58169937133789,43.61563646063165,42.611512883812075,42.99679194298043,401463000
2023-10-25,41.701202392578125,43.56872058494652,41.477620479123594,43.31718712471628,398379000
2023-10-26,40.250911712646484,42.177318286010724,39.80574303401105,41.77506880872993,541001000
2023-10-27,40.424583435058594,41.1292700454015,39.94048596248548,41.053411354619094,416784000
2023-10-30,41.08435821533203,41.68823125867914,40.405624059194345,41.01049849985918,388028000
2023-10-31,40.704063415527344,40.802881903079644,39.1569503913023,40.37467987980174,517969000
2023-11-01,42.24619674682617,42.30209223793461,40.79290636281734,40.80787782542213,437593000
2023-11-02,43.42498779296875,43.802282272530825,42.814127888386025,43.247317846401735,409172000
2023-11-03,44.92119598388672,45.22462694220357,43.64158173973637,43.93802957100558,424610000
2023-11-06,45.665809631347656,45.849468936509936,44.815394894536624,45.200677734191665,400733000
2023-11-07,45.86943054199219,46.13193749816825,45.073913725971586,45.63386992886557,343165000
2023-11-08,46.487274169921875,46.779727832903724,45.8823998221808,46.01415398971753,346719000
2023-11-09,46.862571716308594,48.1401869158154,46.662943389487246,47.378607266813916,540496000
2023-11-10,48.2449951171875,48.38174104695151,47.194955890683396,47.41155087354873,421245000
2023-11-13,48.52946090698242,49.02453947075824,48.009431181663935,48.23002031531456,384136000
2023-11-14,49.563533782958984,49.74120373030796,48.948683517262864,49.58749116388393,416954000
2023-11-15,48.79696273803711,49.86696509098912,48.11024418489581,49.8420139297863,475497000
2023-11-16,49.38786697387695,49.43278516309001,48.24001057724096,48.58835975878918,339756000
2023-11-17,49.206207275390625,49.62442581647781,48.9157487529458,49.43178439121729,325205000
2023-11-20,50.31513595581055,50.453877068941594,49.08942192234672,49.22017851068948,414120000
2023-11-21,49.85099792480469,50.42292897370047,49.130342262240724,50.03265822480747,565747000
2023-11-22,48.62528610229492,50.2412708632355,47.6011956303171,49.7591723537565,899420000
2023-11-24,47.687034606933594,48.829902895158824,47.656090292901155,48.37974251431558,294645000
2023-11-27,48.152164459228516,48.43962634923761,47.56326300329972,47.710986210138174,395662000
2023-11-28,47.73195266723633,48.233020614585215,47.38460109717888,48.146180818273855,401491000
2023-11-29,48.050357818603516,48.67120123627393,47.7708804254883,48.288914999950215,382005000
2023-11-30,46.68291091918945,48.02041588268528,46.335559349897565,47.934573676190574,526247000
2023-12-01,46.67792510986328,47.112116530587656,46.1010022026633,46.43837411108703,369317000
2023-12-04,45.42525100708008,45.99119649745045,44.92618209165027,45.99119649745045,437543000
2023-12-05,46.483375549316406,46.51731180808335,45.19067140687653,45.385325095795785,371718000
2023-12-06,45.42225646972656,47.302916124514056,45.33141833887503,47.13122044302318,380590000
2023-12-07,46.51332473754883,46.54626712955494,45.52308427817849,45.6189146142351,350823000
2023-12-08,47.42171096801758,47.65629461849747,46.467405912391875,46.51232804934258,359224000
2023-12-11,46.544273376464844,47.44666883134117,45.748690336704186,47.40674269328456,509728000
2023-12-12,47.572444915771484,47.581427820158346,45.96430321028968,45.96430321028968,372387000
2023-12-13,48.00267791748047,48.50778063121328,47.52353004634861,47.54449269431196,447792000
2023-12-14,48.26420593261719,48.58363781796952,47.33785498826681,48.30413587026834,391232000
2023-12-15,48.80324935913086,49.31633726064535,48.034615184125286,48.10848518903452,479948000
2023-12-18,49.9881477355957,50.34351507731144,49.062794375670336,49.31235079913167,412587000
2023-12-19,49.5159797668457,49.61181008886036,48.808238224699814,49.33629886505029,464444000
2023-12-20,48.025634765625,49.91028529819524,48.012657344636494,49.5668939044448,397894000
2023-12-21,48.903076171875,49.007889407965415,48.333086371904265,48.724392927903814,300425000
2023-12-22,48.74336242675781,49.29537882848635,48.38100372795406,49.107712672335644,252507000
2023-12-26,49.19156265258789,49.51199224313979,48.87312841671405,48.88111364335506,244200000
2023-12-27,49.32931900024414,49.59185284551433,48.997907338293054,49.42315398247824,233648000
2023-12-28,49.43413543701172,49.795492674643874,49.324329994165225,49.554922947314495,246587000
2023-12-29,49.43413543701172,49.908294957673476,48.664503467597335,49.724619498674286,389293000
2024-01-02,48.0825309753418,49.20753015338818,47.51054964423797,49.1566219566508,411254000
2024-01-03,47.48459243774414,48.098499031561545,47.23603372218609,47.40074185532866,320896000
2024-01-04,47.912837982177734,48.413946184142475,47.42370571637504,47.68224504410837,306535000
2024-01-05,49.0098876953125,49.459090025386296,48.22029079492016,48.37601604637922,415039000
2024-01-08,52.16028594970703,52.18225008334284,49.39120958940494,49.424151981929796,642510000
2024-01-09,53.04571533203125,54.22861420741035,51.598287244233845,52.30802809263291,773100000
2024-01-10,54.25356674194336,54.50312317370562,53.39409433002728,53.52087170860792,533796000
2024-01-11,54.7247200012207,55.24779226380535,53.46496212237643,54.9014078742,596759000
2024-01-12,54.61292266845703,54.872463461679565,54.23359967517569,54.52308221048439,352994000
2024-01-16,56.281959533691406,56.73415487746208,54.80259064863885,54.92038130782368,449580000
2024-01-17,55.953548431396484,56.370806056804064,54.64287831771136,56.24702551752996,474394000
2024-01-18,57.005672454833984,57.497797746406825,56.00744677307047,57.15840086229008,491650000
2024-01-19,59.385440826416016,59.39442372974931,57.12345894632279,57.88610325059809,543501000
2024-01-22,59.54814910888672,60.223949787892636,58.9651857256467,59.942448676756726,452955000
2024-01-23,59.76676940917969,59.803702511682395,58.48105267598879,59.46430561582059,294654000
2024-01-24,61.25312042236328,62.73748144195341,59.83164734308872,60.19699904963291,560271000
2024-01-25,61.50767135620117,62.607717226695215,60.742030169454694,62.239368666397,482777000
2024-01-26,60.922706604003906,61.67337498834804,60.4655228910145,60.85183343731232,390309000
2024-01-29,62.354164123535156,62.37811980223714,60.798929932553925,61.12335021592604,348733000
2024-01-30,62.662620544433594,63.38034661468554,62.1495325776363,62.788400246614664,410735000
2024-01-31,61.41783142089844,62.15851544921119,60.59229912426738,61.330983989988475,453795000
2024-02-01,62.9151725769043,63.07888305643791,61.54061686379006,61.98981538927627,369146000
2024-02-02,66.04261779785156,66.48183193924027,63.57699522405565,63.8604917267368,476578000
2024-02-05,69.208984375,69.37369252800232,67.08575942583846,68.10394628020288,680078000
2024-02-06,68.10195922851562,69.63024118166943,66.18237446253364,69.50646063248888,683111000
2024-02-07,69.974609375,70.09539685563645,67.48004326560577,68.19776917750116,495575000
2024-02-08,69.5174331665039,70.66838724943909,69.33176617612584,69.94966354395652,414422000
2024-02-09,72.0050277709961,72.0569298484953,70.08743069197543,70.40786033375117,436637000
2024-02-12,72.11981201171875,74.4786183227707,71.1235816589561,72.47118484090161,613710000
2024-02-13,72.00003051757812,73.31968365428922,69.4964845401849,70.27509946360114,602580000
2024-02-14,73.76889038085938,74.10429279758857,71.81037331243682,73.0721307009838,504917000
2024-02-15,72.52908325195312,73.84374789733648,72.27154539670707,73.73794078168315,420122000
2024-02-16,72.48414611816406,74.2699729733596,72.37234535124092,73.96850692718213,495327000
2024-02-20,69.32876586914062,71.82832050697183,67.61381202197207,71.8193337960462,704833000
2024-02-21,67.35227966308594,68.76576751724065,66.13045246980936,67.88532873628714,673755000
2024-02-22,78.39865112304688,78.43558041658676,74.08831180865685,74.8918837924214,865100000
2024-02-23,78.67715454101562,82.24780364536768,77.4323654765101,80.64665337566204,829388000
2024-02-26,78.95167541503906,80.50291911362528,78.36571128314377,79.5585907729136,503973000
2024-02-27,78.56136322021484,79.338988045559,77.02509990421383,79.24015705268404,391705000
2024-02-28,77.52519226074219,78.79293534780788,76.98814490868608,77.48226929356848,393110000
2024-02-29,78.97161865234375,79.84805903387235,78.2109697529952,78.95365284686739,507289000
2024-03-01,82.13299560546875,82.15396205759876,79.29404050410636,79.85804035116041,479135000
2024-03-04,85.08576202392578,87.53940093463996,83.57045769196934,83.98072393894745,615616000
2024-03-05,85.81550598144531,85.94827947163024,83.2729084960246,85.12270452666515,520639000
2024-03-06,88.5467758178711,89.56900902315816,86.87966241798968,87.86995321567885,582520000
2024-03-07,92.50891876220703,92.60674904676837,89.44721547430589,90.00225477502153,608119000
2024-03-08,87.37679290771484,97.23174040772027,86.35655527181379,94.97364703765751,1142269000
2024-03-11,85.62583923339844,88.64361241866209,84.02061512714978,86.27970659200646,678364000
2024-03-12,91.75421905517578,91.80113493638854,86.0011743538899,87.89689583589372,668075000
2024-03-13,90.7309799194336,91.34591302025892,88.2822148639796,90.89769122292586,635713000
2024-03-14,87.79206848144531,90.48940398821422,86.45038860441925,89.42225054534444,602318000
2024-03-15,87.68526458740234,89.39131202190967,86.10799973550625,86.77983369344113,642086000
2024-03-18,88.30220031738281,92.24537384693531,86.93456418081807,90.2318598178106,668976000
2024-03-19,89.24356842041016,90.38758481674583,84.86314816147532,86.55022352343148,672171000
2024-03-20,90.21588897705078,90.25382534481801,88.07059918494765,89.64187768825083,479063000
2024-03-21,91.27703857421875,92.48794810720764,90.24881917443113,92.14054972284487,480372000
2024-03-22,94.12610626220703,94.61425987373234,90.67707334814835,90.983542177901,586719000
2024-03-25,94.83787536621094,96.59882785449742,93.34845614456138,93.77871131394467,552136000
2024-03-26,92.4011001586914,96.20851455285562,92.34220396856466,95.68541767838448,513648000
2024-03-27,90.09410095214844,93.07893385392306,88.96904884364167,92.95115660792449,586067000
2024-03-28,90.19990539550781,91.14227480173439,89.03891256279711,89.8445176119648,435212000
2024-04-01,90.20689392089844,92.0656767674512,89.04989954343785,90.14300911365386,452441000
2024-04-02,89.29747772216797,89.93836697964663,87.46864171818919,88.29520668047454,433064000
2024-04-03,88.81031799316406,90.21788597554938,88.24729689318218,88.33115142365672,370067000
2024-04-04,85.75658416748047,90.4774179638533,85.73162583573242,90.24980742241583,434965000
2024-04-05,87.85597229003906,88.32815477151372,85.77756814573236,86.71593914747515,399678000
2024-04-08,86.98247528076172,88.67654220104028,86.58216705957724,88.54676191015398,283220000
2024-04-09,85.20654296875,87.4836082761363,82.87857850073121,87.29094090122678,501700000
2024-04-10,86.8886489868164,87.24902545092569,83.56439945092491,83.78102746556362,431929000
2024-04-11,90.45945739746094,90.58224601063488,86.77583708331596,87.2689793680449,431637000
2024-04-12,88.03366088867188,90.01923104025528,87.37879585703206,89.54404775764081,426805000
2024-04-15,85.85243225097656,90.45646450816476,85.78055803275619,88.94408228829708,443077000
2024-04-16,87.26398468017578,87.96576550123054,85.91532070970885,86.28367890740496,370453000
2024-04-17,83.88982391357422,88.62163290761173,83.80496405819224,88.18737923912188,495400000
2024-04-18,84.52472686767578,86.0411075798554,82.25964941091485,84.82321393436638,447260000
2024-04-19,76.06836700439453,84.17833393456459,75.47539894537725,83.00636595540483,875198000
2024-04-22,79.38062286376953,79.93466435331439,76.26801328194024,77.9690642204774,596341000
2024-04-23,82.28060913085938,82.62601207910251,80.12534225900131,80.62946711947102,438559000
2024-04-24,79.53936767578125,83.93675724779338,79.04621772256601,83.80498148732187,512208000
2024-04-25,82.4892578125,83.1790583894206,78.08787011237102,78.73175253009703,424641000
2024-04-26,87.58345031738281,88.17842147858853,83.2429613231266,83.67321658546781,551011000
2024-04-29,87.60541534423828,87.84000240637579,85.11871327693655,87.44369261843626,388971000
2024-04-30,86.25274658203125,88.66557118869024,86.15092540038592,87.08929643239856,363709000
2024-05-01,82.89753723144531,85.85142484392729,81.11461964994571,84.93002290842145,559863000
2024-05-02,85.66874694824219,86.08801954331209,83.05626359727954,84.30310641773906,377898000
2024-05-03,88.63561248779297,89.12675929539812,86.8896334546632,87.6373400551101,398341000
2024-05-06,91.98081970214844,92.06068332323404,88.90115021604193,89.23557056109705,376203000
2024-05-07,90.3975601196289,91.62243773928878,88.8572265315021,90.94061902784969,437342000
2024-05-08,90.25581359863281,91.03646035901207,89.26552291616532,89.32841761603471,325721000
2024-05-09,88.59368896484375,90.91466942223298,88.07858152551931,90.37260819958134,378013000
2024-05-10,89.72274017333984,91.24311191356409,89.07286375704587,90.14900450939767,335325000
2024-05-13,90.24282836914062,90.84079255928056,88.3760562473726,90.32168664844454,289680000
2024-05-14,91.19818878173828,91.49267735254841,88.78036800318161,89.44422015487879,296507000
2024-05-15,94.4665298461914,94.69813133508781,91.44076747625896,92.31226052004403,417735000
2024-05-16,94.19599914550781,95.65347613046144,93.94043705092355,94.74604980958085,323952000
2024-05-17,92.31924438476562,94.57634022771545,91.64741042469609,94.20598653059943,359691000
2024-05-20,94.61627197265625,95.03554461976276,93.27859039868353,93.58805245494568,318764000
2024-05-21,95.2212142944336,95.23519004733342,93.01902406434208,93.43729892728764,328946000
2024-05-22,94.78596496582031,95.85411617010452,93.0879071432018,95.29408831779949,548648000
2024-05-23,103.61970520019531,106.13634662239213,101.34463491102811,101.85176064066984,835065000
2024-05-24,106.28507995605469,106.29106630104066,102.82207077624999,104.26856517672162,429494000
2024-05-28,113.70423889160156,114.74044777454472,109.69318217417998,110.0535586136133,652728000
2024-05-29,114.62664031982422,115.29248791517858,110.70942292973874,112.85471267036033,557442000
2024-05-30,110.30912017822266,115.61893227920821,109.47356803877526,114.45195291177907,484553000
2024-05-31,109.44359588623047,112.52226745112984,106.75524765290683,112.32560158315293,613263000
2024-06-03,114.80133819580078,114.80133819580078,111.80951385006522,113.42472260342709,438392000
2024-06-04,116.23585510253906,116.39857553569502,113.8479889155611,115.51610755402032,403324000
2024-06-05,122.2284927368164,122.23747225440593,117.26508152569082,118.16652151115385,528402000
2024-06-06,120.78898620605469,125.37005594832782,118.1156108470622,123.83371299207869,664696000
2024-06-07,120.6791763305664,121.48178833918006,117.81812979264019,119.56310374577737,412386000
2024-06-10,121.57960510253906,122.88733960177423,116.80786391189227,120.16206002224595,313434100
2024-06-11,120.71104431152344,122.66781818606155,118.54460929253459,121.56962216023484,222551200
2024-06-12,124.99398803710938,126.67122400488891,122.36831828276222,122.85750988511934,299595000
2024-06-13,129.396728515625,129.5864183097163,126.9507630154097,129.1770893049594,260704500
2024-06-14,131.6630096435547,132.6214215295718,128.10886970168357,129.74617063783822,309320400
2024-06-17,130.76446533203125,133.50994014798042,129.36677515556565,132.7711675834259,288504400
2024-06-18,135.35690307617188,136.10566894087242,130.47495024767164,130.92420671975586,294335100
2024-06-20,130.5648193359375,140.5283944338281,129.30689796657785,139.56998250489207,517768400
2024-06-21,126.36172485351562,130.41504917764772,124.09546355999291,126.91082285827493,649445800
2024-06-24,117.9156494140625,124.25519890170064,117.84576490444155,123.03720520530106,476060900
2024-06-25,125.88252258300781,126.29185160793926,119.12366557563713,121.00056940292565,414192600
2024-06-26,126.19200134277344,127.9091645624237,122.39825146602374,125.92244138152637,362975900
2024-06-27,123.78598022460938,126.20200405764365,122.71774114608809,123.89579983596734,252571700
2024-06-28,123.33672332763672,127.49986001719877,122.54802231076043,124.37501298465715,315516700
2024-07-01,124.09546661376953,124.63457133754859,118.63446631453066,123.26683055595603,284885500
2024-07-02,122.4681396484375,123.20692743216773,120.8308389451457,120.93067286767031,218374000
2024-07-03,128.06890869140625,128.06890869140625,121.16029766804549,121.45980705227005,215749000
2024-07-05,125.62294006347656,128.6379747149119,125.47318537524079,127.17038486367325,214176700
2024-07-08,127.9890365600586,130.55481479101948,126.83094936680692,127.28020581947078,237677300
2024-07-09,131.163818359375,133.59980576329167,128.43829962119838,130.1355144487565,285366600
2024-07-10,134.6880340576172,134.87772388494272,132.20212541064316,133.80947706102873,248978600
2024-07-11,127.19036865234375,135.92596317348227,126.84094609019272,135.52662745493282,374782700
2024-07-12,129.02734375,131.70292655352904,127.01066335258953,128.04894535138322,252680500
2024-07-15,128.2286376953125,131.1737800395054,126.97070905664152,130.34514408452472,208326200
2024-07-16,126.15206909179688,128.82765170945768,124.37499938694933,128.22864817880884,214769500
2024-07-17,117.79584503173828,121.64949400158038,116.52793817127537,121.15031675281162,390086200
2024-07-18,120.89073944091797,122.19858897958201,116.36819489836525,121.64949097287113,320979500
2024-07-19,117.73594665527344,121.39990584738524,117.176870571876,120.15196272062997,217223800
2024-07-22,123.33672332763672,123.86585002604772,119.66277824004172,120.15196984200875,258068900
2024-07-23,122.38825988769531,124.48481018087267,121.89906837381234,122.57794965743827,173911000
2024-07-24,114.06200408935547,119.75262181556741,113.25333936427286,118.9739065074374,327776900
2024-07-25,112.0952377319336,116.43807811661003,106.12508231687993,112.85398925547956,460067000
2024-07-26,112.87395477294922,116.00878722251285,111.3963944118867,115.99880916186419,293399100
2024-07-29,111.40636444091797,116.08864903956604,111.11684836617498,113.50291478569986,248152100
2024-07-30,103.5593032836914,111.80570498592243,102.37125913301429,111.33647720819822,486833300
2024-07-31,116.82743072509766,118.1452582531107,110.6975352036146,112.71421539482289,473174200
2024-08-01,109.03028869628906,119.96227450650746,106.63423649015627,117.3365974252001,523462300
2024-08-02,107.0934829711914,108.54110155423277,101.20319756374683,103.58926418951675,482027500
2024-08-05,100.28469848632812,103.23983427364557,90.54076482697137,91.90850550819489,552842400
2024-08-06,104.0784683227539,107.53277436697496,100.38455930431832,103.66913927566458,409012100
2024-08-07,98.74724578857422,108.62097103799087,98.52760658313275,107.6325946135043,411440400
2024-08-08,104.79727172851562,105.3263983879788,97.3595262295921,101.83215768316434,391910000
2024-08-09,104.57762908935547,106.42458330646772,103.25980151433504,105.46616394434741,290844200
2024-08-12,108.84060668945312,110.88723650727509,106.08515369153115,106.14505252549102,325559900
2024-08-13,115.94888305664062,116.03873891622582,111.39638928672005,112.25497470709487,312646700
2024-08-14,117.88570404052734,118.40484504167927,113.88230026594151,118.33496052966188,339246400
2024-08-15,122.6578369140625,123.03720888953038,117.27670666159618,118.56458490618095,318086700
2024-08-16,124.37499237060547,124.79429938850936,120.9805859038701,121.73933737686731,302589900
2024-08-19,129.7860870361328,129.7860870361328,123.21691249503145,124.0754979878485,318333600
2024-08-20,127.04061126708984,129.6662885004724,125.68284852553639,128.18871285893894,300087400
2024-08-21,128.28854370117188,129.13715105648026,126.45157521398528,127.11048517418402,257883600
2024-08-22,123.53638458251953,130.5348518103843,122.89743830728821,129.80605728559254,376189100
2024-08-23,129.1571044921875,129.38673697357257,125.01393980516215,125.65288601497598,323230300
2024-08-26,126.25191497802734,131.04401222890846,124.1653576328901,129.35680584239554,331964700
2024-08-27,128.08889770507812,128.98741074794592,123.67616460225028,124.84424526829238,303134600
2024-08-28,125.40331268310547,128.118838213882,122.43819852070378,127.90917706049713,448101100
2024-08-29,117.39649200439453,124.22524016378769,116.51794286125214,121.1602924143949,453023300
2024-08-30,119.17357635498047,121.54965726206557,117.02711271158417,119.33330911013266,333751600
2024-09-03,107.8222885131836,116.01877823521122,107.1134577156826,115.8191103772934,477155100
2024-09-04,106.03524017333984,113.08362114689852,103.94868273468121,105.23656107081584,372470300
2024-09-05,107.03358459472656,109.46957200218677,104.58761912643209,104.8172363950656,306850700
2024-09-06,102.66079711914062,107.97204286084109,100.78388574677186,107.86222325429438,413638100
2024-09-09,106.29480743408203,106.37467762407766,103.51938307487873,104.70741977949132,273912000
2024-09-10,107.92211151123047,109.21997530676359,104.77729355808466,107.63258781478571,268283700
2024-09-11,116.7176284790039,116.99716652085532,107.24323877137772,109.20999835891277,441422400
2024-09-12,118.95413208007812,120.60155948017247,115.19999582839206,116.6577172050991,366052700
2024-09-13,118.9141845703125,119.77284345041441,117.41652479583126,118.8942191250157,238358300
2024-09-16,116.59780883789062,117.99562620382233,114.1815861384539,116.60779536966285,248772300
2024-09-17,115.40966796875,118.61466685067687,114.65085910577872,117.98564481894722,231925900
2024-09-18,113.19312286376953,117.51636140830334,113.04335537027728,115.70918780797278,310318900
2024-09-19,117.68611145019531,119.47331975028854,117.06707598202318,117.16691844656921,293506400
2024-09-20,115.81903076171875,118.43494609535816,115.2099818009,116.87737463970251,382462400
2024-09-23,116.07862091064453,116.80747774675662,114.68080357526898,116.36816938577523,206228500
2024-09-24,120.68143463134766,121.60998405209612,115.19999404233639,116.33821493002908,354966800
2024-09-25,123.31731414794922,124.74508350925583,121.42027681497308,121.82963321276459,284692900
2024-09-26,123.84648132324219,127.47081527785902,121.6099781665842,126.60217747362803,302582900
2024-09-27,121.21060180664062,123.83649592385486,119.07394109309165,123.77659196922,271009200
2024-09-30,121.25054931640625,121.31045327548797,117.96568098439478,118.1254274144435,226553700
2024-10-01,116.81747436523438,122.2489901408394,115.60936293760753,121.5800295838127,302094500
2024-10-02,118.6645736694336,119.19374556676668,114.9603627706106,116.25833761189251,221845900
2024-10-03,122.65834045410156,124.16598683922703,120.15225416683853,120.73135113827638,277118000
2024-10-04,124.72510528564453,124.84492081095192,121.63992977952229,124.74507834860822,243678100
2024-10-07,127.52073669433594,130.43617917860723,124.75505409102715,124.7949925984476,346250200
2024-10-08,132.68267822265625,133.27175410957346,129.2180905372518,130.0567764001493,285722500
2024-10-09,132.4430389404297,134.31013180466115,131.17503131034326,133.9007678130665,246191600
2024-10-10,134.59967041015625,134.78937641455914,130.79561711338704,131.70420101079952,242311300
2024-10-11,134.58970642089844,135.5681732923908,133.4514855032485,133.80093033986074,170209500
2024-10-14,137.8546142578125,139.38222619629536,136.08737124143596,136.25710420849128,232347700
2024-10-15,131.3946990966797,138.3538265330219,128.5391603262797,137.654906403531,377831000
2024-10-16,135.50827026367188,136.40686011825153,131.37472950963348,133.77097927850218,264879700
2024-10-17,136.71636962890625,140.6701983777905,136.65646567187503,139.12261346955344,306435900
2024-10-18,137.78469848632812,138.68328825202838,137.06582057977474,138.45365135367973,176090200
2024-10-21,143.4857940673828,143.4857940673828,137.78469595874105,137.91449801128798,264554500
2024-10-22,143.36599731445312,144.19470435057536,141.55882333477078,142.6870654207542,226311600
2024-10-23,139.34226989746094,142.20778753302577,137.24555525009052,141.80841766733155,285930000
2024-10-24,140.19093322753906,141.12946905874685,138.24397870268353,140.60029719391386,172354900
2024-10-25,141.3191680908203,143.90513885209074,140.58033236044267,140.71011917970793,205122100
2024-10-28,140.30079650878906,142.91670449778834,139.83152847847435,142.77692350375753,173586700
2024-10-29,141.0296173095703,142.03803599122583,138.68327775945374,140.07110842835752,157593600
2024-10-30,139.1226043701172,140.1110653014331,136.59655278062618,139.32228929215535,179418100
2024-10-31,132.55287170410156,137.39531116933003,131.90389188236236,137.38533225522045,270039600
2024-11-01,135.1887664794922,137.09579048755296,134.36007470728345,134.4898615442038,207127800
2024-11-04,135.83773803710938,138.7432015157854,135.3584911981984,136.99593186321135,187528200
2024-11-05,139.69171142578125,140.1509851869076,137.11573499930586,137.2355428961246,160537400
2024-11-06,145.38284301757812,146.2614750565614,141.73854326176877,142.73698322061895,242043900
2024-11-07,148.6477508544922,148.69766066609404,145.9419717733186,146.1616297903136,207323300
2024-11-08,147.39968872070312,149.53634951772108,146.03181568484314,148.53790960818029,175665800
2024-11-11,145.03335571289062,148.6177660708997,143.3460052965638,148.44801790297308,182325600
2024-11-12,148.0586395263672,149.41651833977537,145.78219787373922,146.55100082856893,198634700
2024-11-13,146.0417938232422,149.0970171738845,145.67236073742527,148.83742831045777,191903300
2024-11-14,146.53102111816406,148.76753177848803,145.32291747893564,147.40965302668107,194463300
2024-11-15,141.75848388671875,145.0134075079149,139.86145428913719,144.6439744081883,250132900
2024-11-18,139.9313201904297,141.32914493468758,136.9360010405669,139.2823404686185,221205300
2024-11-19,146.7806396484375,146.90046279249913,140.77004260660007,141.09952959154865,227834900
2024-11-20,145.6623992919922,147.32979212988033,142.50732548898966,147.18003223590216,309871700
2024-11-21,146.44119262695312,152.65149063112756,140.4805046221909,149.11701974284432,400946600
2024-11-22,141.72854614257812,146.93042492260167,140.8798813363258,145.70233282975542,236406200
2024-11-25,135.8077850341797,141.82837577269152,135.60810012239304,141.76847182265374,344941900
2024-11-26,136.70639038085938,139.08268223719327,135.45834049580736,137.4851722903331,190287700
2024-11-27,135.12884521484375,137.00591700209634,131.59437486042492,134.7993582371888,226370900
2024-11-29,138.03431701660156,139.1326070072914,135.83775227020575,136.56660913585418,141863200
2024-12-02,138.41371154785156,140.23086402488357,137.60497776381663,138.6133964568137,171682800
2024-12-03,140.04119873046875,140.3207607312636,137.73480460641824,138.04431859051348,164414000
2024-12-04,144.91357421875,145.56255409442886,140.07113435104438,141.77847337465352,231224300
2024-12-05,144.84368896484375,146.3214777724878,143.7353435501018,144.89361745373108,172621200
2024-12-06,142.2275848388672,145.4827177885172,141.09926510716357,144.38436733563313,188505600
2024-12-09,138.6029815673828,139.74128080496888,136.92549436926976,138.76274660606958,189308600
2024-12-10,134.8685760498047,141.60850970621567,133.5904709096604,138.80268748950093,210020900
2024-12-11,139.10223388671875,139.9609519122756,135.00835767243856,137.15514511831444,184905200
2024-12-12,137.13519287109375,138.2335586289744,135.59749604609573,136.8755860719742,159211400
2024-12-13,134.04978942871094,139.39181692680097,132.34233289302693,138.7327975455873,231514900
2024-12-16,131.80313110351562,134.19954557462145,130.2254857362255,133.9798724705664,237951100
2024-12-17,130.195556640625,131.39376410572794,126.67082193579633,128.89749220508244,259410300
2024-12-18,128.71775817871094,136.49613412730267,128.08869283192976,133.6603731199009,277444500
2024-12-19,130.485107421875,133.8301176053825,129.3568029702355,131.56349862817564,209719200
2024-12-20,134.4990997314453,135.0782365234782,128.02876854092193,129.61639349168385,306528600
2024-12-23,139.4617156982422,139.58153187306692,134.91849782504636,136.07677163513355,176053500
2024-12-24,140.01089477539062,141.6883821217358,138.44322876231024,139.79122163679293,105157000
2024-12-26,139.7213134765625,140.63995487774488,137.52459740894255,139.49166074428362,116205600
2024-12-27,136.80567932128906,138.81269167406333,134.50912136885398,138.3433913393573,170582600
2024-12-30,137.28494262695312,140.060795108374,133.82011682531788,134.628906293037,167734700
2024-12-31,134.08973693847656,137.8641141320975,133.63043143330796,137.82416524884428,155659200
2025-01-02,138.10372924804688,138.6728864930968,134.42922472124587,135.79717669922962,198247200
2025-01-03,144.2545623779297,144.6839138332244,139.5216253508109,139.80120658589456,229322500
2025-01-06,149.2071533203125,151.93309314343088,147.599568879649,148.36840963752263,265377400
2025-01-07,139.9309844970703,152.90161576007478,139.80117351290727,152.80175881286766,351782200
2025-01-08,139.90106201171875,143.73533196712347,137.3548616440079,142.36737985085435,227349900
2025-01-10,135.70733642578125,139.71135128077043,134.01985409411643,137.24503329388114,207602500
2025-01-13,133.03131103515625,133.29093305056014,129.31685741876072,129.79615256902926,204808900
2025-01-14,131.56350708007812,136.1766278538369,129.85606565410438,135.84711813885167,195590500
2025-01-15,136.03684997558594,136.24652830000477,131.0942190240699,133.45070049814615,185217300
2025-01-16,133.37078857421875,138.54305532644463,133.2909060653465,138.4332187812491,209235600
2025-01-17,137.504638671875,138.29345383465838,135.25799411499426,136.4861555399997,201188800
2025-01-21,140.6199951171875,141.61850390997927,136.8855667471737,138.95248726154946,197749000
2025-01-22,146.85069274902344,147.56960504936464,143.45575377479585,144.4442829463215,237651400
2025-01-23,147.00045776367188,147.0104373660888,143.50567717742842,144.83369562852502,155915500
2025-01-24,142.40728759765625,148.74782312135466,141.66840100577613,148.14871188401736,234657600
2025-01-27,118.24339294433594,128.20850504229963,116.52595684106743,124.6138830305536,818830900
2025-01-28,128.7976531982422,128.80763280108368,116.07664583818587,121.62835222502514,579666400
2025-01-29,123.5155258178711,126.70077107762197,119.8709750783515,126.31135328562937,467120600
2025-01-30,124.464111328125,124.81358785050304,117.92387627755191,122.91641979157204,392925500
2025-01-31,119.89093780517578,127.6593341751579,119.01225290264883,123.59540412169352,388161100
2025-02-03,116.48603057861328,118.39317826666118,112.84147223806173,114.57887527254843,371235700
2025-02-04,118.47305297851562,121.01924546805154,116.52595653802958,116.78557092036435,256550000
2025-02-05,124.64384460449219,124.8135892575584,120.57991444298676,121.57842315704723,262230800
2025-02-06,128.48809814453125,128.5779755110731,125.02327919443763,127.22998260932282,251483600
2025-02-07,129.6463623046875,130.17557068191934,124.8135839892709,129.02729180363133,228186300
2025-02-10,133.37078857421875,134.7986484257299,129.7661722550228,129.8959680004134,216989100
2025-02-11,132.60195922851562,134.27944654160947,130.82461495038982,132.38228609427233,178902400
2025-02-12,130.94442749023438,132.04279313100764,128.88750205027108,129.8261026458349,160278600
2025-02-13,135.08822631835938,136.29642846871295,130.97437562399168,131.36379338160384,197430000
2025-02-14,138.6429443359375,139.04234173663804,135.29793396994222,136.2764682668825,195479600
2025-02-18,139.19212341308594,143.2261075780513,137.72431422880837,141.05934526698334,219176600
2025-02-19,139.0223846435547,141.14921339596293,137.015387315137,139.30196590613915,167536000
2025-02-20,139.90106201171875,140.45024487315197,136.5860056380014,139.8211794831435,143903600
2025-02-21,134.22950744628906,141.2490371129211,133.83011008980694,139.83114145453473,228217600
2025-02-24,130.08570861816406,138.383313247837,129.88600993089565,136.35634186179794,251381100
2025-02-25,126.44115447998047,130.00583024952502,124.25442559786755,129.78615711570163,271428700
2025-02-26,131.084228515625,133.53057192522448,128.29839578499454,129.79615892181477,322553800
2025-02-27,119.97083282470703,134.80866645811508,119.83104220333566,134.7986868551725,443175800
2025-02-28,124.73370361328125,124.90344826210318,116.2264129341289,117.84399213493025,389091100
2025-03-03,113.88990020751953,123.51552349340123,112.11255593535711,123.32581202011416,411381400
2025-03-04,115.81702423095703,119.13207287466713,109.9457957033308,110.48499132597254,398163300
2025-03-05,117.12507629394531,118.10361057672029,114.3392360416895,117.40465751759531,284337900
2025-03-06,110.40510559082031,115.17797591196373,110.05562907278994,113.3606904001891,321181900
2025-03-07,112.52195739746094,113.31078025161912,107.3996024558792,111.0841023095759,341755500
2025-03-10,106.82046508789062,111.68319762733589,105.30272758345134,109.73610869113334,366487400
2025-03-11,108.59780883789062,112.0726148635708,104.6137536218378,106.83044416478043,354865700
2025-03-12,115.57803344726562,116.59661034457649,112.72203506897391,113.96030532134075,323857500
2025-03-13,115.41825103759766,117.59520049683546,113.63075517539951,116.86621875800482,299033100
2025-03-14,121.49972534179688,121.70943054003341,117.98465480860956,118.44401014075397,277593500
2025-03-17,119.36272430419922,122.71802281178023,117.86482345684047,122.56823120330081,255501500
2025-03-18,115.26846313476562,118.85343549406599,114.37970924440411,117.83486627342975,299686900
2025-03-19,117.35553741455078,120.28143743378797,115.51811599486,117.10588726826337,273426200
2025-03-20,118.3641128540039,120.0317738155389,116.30699831746894,116.38688818380663,248829700
2025-03-21,117.5352783203125,117.82487338576216,115.25847035053427,116.77634740953133,266498500
2025-03-24,121.24009704589844,122.04896105750126,119.17298658297102,119.71223179694545,228452500
2025-03-25,120.52111053466797,121.12026937928964,118.75358318150825,120.38130705821351,167447200
2025-03-26,113.60079956054688,118.6736845133834,112.55226594608844,118.5638454632065,293463300
2025-03-27,111.27406311035156,114.28983351449122,110.50514401476981,111.19417323533278,236902100
2025-03-28,109.51652526855469,112.71205173921601,108.91736643615505,111.33397804410711,229872500
2025-03-31,108.22832489013672,110.80471613819729,103.50494855407659,104.98287310192077,299212700
2025-04-01,109.99585723876953,110.04578269736857,106.32100673854832,108.36813339033893,222614000
2025-04-02,110.26546478271484,111.82328673498283,106.64054773013802,107.1398479774266,220601200
2025-04-03,101.65754699707031,105.48218161280622,101.45782230020173,103.36515315702636,338769400
2025-04-04,94.17801666259766,99.98987163475934,91.98109847139008,98.7715853475697,532273800
2025-04-07,97.50334167480469,101.6075898958186,86.49876870613649,87.33758937851368,611041300
2025-04-08,96.16523742675781,105.70186824827938,94.3278084260022,103.66472218207363,476243400
2025-04-09,114.17000579833984,114.9389248904037,97.39351305704149,98.75161045127601,612918300
2025-04-10,107.4194564819336,110.70485307181585,99.01124202201945,109.21694044618194,437812400
2025-04-11,110.7747573852539,111.39389245819964,107.32958859529616,108.34815778630501,313417300
2025-04-14,110.55506134033203,114.1300529879136,108.91735711650354,113.9503045917023,264705000
2025-04-15,112.04297637939453,113.46099492172469,110.3453585264742,110.81470199440513,228966900
2025-04-16,104.3437728881836,106.64055727885454,100.30942561460589,104.40369410395131,397016900
2025-04-17,101.34796142578125,104.3237942331935,99.90998190333623,104.30381795694564,292517500
2025-04-21,96.7743911743164,99.30084956133582,94.90700524452377,98.63178134580184,288501100
2025-04-22,98.75159454345703,99.67030509782194,97.14384726396014,98.64174788818333,241004800
2025-04-23,102.5662612915039,104.6533403969428,101.87722447592722,104.37372584399631,247526000
2025-04-24,106.28104400634766,106.39089066307956,102.96569088547095,103.33517578708889,220815000
2025-04-25,110.85465240478516,111.76337496991529,105.58204256681438,106.70047033928225,251064700
2025-04-28,108.57783508300781,110.21553928394424,105.87162103934429,109.53649064316203,207708500
2025-04-29,108.867431640625,110.04578062718967,107.2896485179105,107.51932238432487,170444300
2025-04-30,108.76756286621094,108.76756286621094,103.93434018163836,104.32379376082015,235044600
2025-05-01,111.45380401611328,114.7791455573913,111.14424029465428,112.92174799120272,236121500
2025-05-02,114.33976745605469,115.23850951002053,113.21135153306962,114.02021557227994,190194800
2025-05-05,113.66072082519531,114.50952981770942,112.50234808238875,112.75199823422925,133163200
2025-05-06,113.38111877441406,114.57943650755207,110.6649237860017,111.32400387233044,158525600
2025-05-07,116.89618682861328,117.5153219594032,112.12287705585727,112.8918038042742,206758800
2025-05-08,117.20574951171875,118.51391379663416,115.68787240644632,118.08451525459601,198428100
2025-05-09,116.48675537109375,118.06454606438504,115.04876814493281,117.18577270674557,132972200
2025-05-12,122.82786560058594,122.82786560058594,120.11167093091153,121.79930827024249,225023300
2025-05-13,129.7481689453125,131.03637225526788,124.29581818961599,124.8051066300396,330430100
2025-05-14,135.1505889892578,135.25045513495294,131.49570747587302,133.01358451331882,281180800
2025-05-15,134.6413116455078,136.1092556474961,132.47435031815246,134.10205882491402,226632600
2025-05-16,135.2105255126953,136.15920834538713,133.27325299959534,136.02938538145307,226542500
2025-05-19,135.38027954101562,135.67984750647184,132.20472197026768,132.20472197026768,193154600
2025-05-20,134.1919403076172,134.39165736048994,132.4343936724944,134.10205468200522,161514200
2025-05-21,131.6155548095703,137.2077087161811,130.40724144628157,132.87378601013486,270608700
2025-05-22,132.6441192626953,134.0621302833829,131.36591171623223,132.04495280891254,187344000
2025-05-23,131.10626220703125,132.49431639064062,128.97925335315108,129.81807417545411,198821300
2025-05-27,135.3103485107422,135.47012822500798,133.1234112887049,133.96223193245194,192953600
2025-05-28,134.62135314941406,137.05794120889544,134.60137686964083,135.83964717915475,304021100
2025-05-29,138.99522399902344,143.28920975153582,137.71701641280157,142.05093948600498,369241900
2025-05-30,134.94090270996094,139.42460961066672,132.73398869983464,138.5258751739265,333170900
2025-06-02,137.187744140625,137.9266987725352,135.21050414256473,135.30038976970178,197663100
2025-06-03,141.02235412597656,141.80126124338923,137.7569264491721,138.58576663563605,225578800
2025-06-04,141.7213897705078,142.19073325311263,139.34471555965237,141.99101618842522,167120800
2025-06-05,139.79409790039062,143.79848066110154,138.63571759363617,141.97103980754113,231397900
2025-06-06,141.52166748046875,143.0695013401578,141.31195466595716,142.31055518995854,153986200
2025-06-09,142.43038940429688,144.79706763378053,141.74135264446394,142.98960322751378,185114500
2025-06-10,143.75852966308594,144.08805440763362,141.33192260937975,142.4903028059026,155881900
2025-06-11,142.6400146484375,144.79714515361243,141.6812848999734,144.41764573923192,167694000
2025-06-12,144.80714416503906,144.80714416503906,141.66133988719625,141.78117540604916,162365000
2025-06-13,141.78115844726562,143.38901749969733,140.6626531024409,142.2904745799642,180820600
2025-06-16,144.49754333496094,145.98555166191812,143.00951976951112,143.159329390418,183133700
2025-06-17,143.9282989501953,145.02684191909495,143.58875484653294,144.29781716982143,139108000
2025-06-18,145.28648376464844,145.4562558084884,142.92962233744194,143.81843788371728,161494100
2025-06-20,143.65866088867188,146.00552584195606,142.46024490398213,145.2565234707711,242956200
2025-06-23,143.97824096679688,144.58743022935184,141.84108794116847,142.31046402404658,154308900
2025-06-24,147.70326232910156,147.76319531946535,145.3064608232896,145.36637857516104,187566100
2025-06-25,154.10476684570312,154.24458003760031,149.0614802461701,149.07147669890958,269146500
2025-06-26,154.8137969970703,156.5115326130379,153.795149532093,155.77251147358507,198145700
2025-06-27,157.5401611328125,158.49889084686143,155.05346784206984,155.83242906789442,263234500
2025-06-30,157.7798614501953,158.4489684480595,155.7525627920192,158.1893045239527,194580300
2025-07-01,153.09609985351562,156.9909063970138,151.2885097592641,156.08211312403307,213143600
2025-07-02,157.04083251953125,157.39037305932783,152.7665268185242,152.77650803107835,171224100
2025-07-03,159.1280517578125,160.76586971787668,157.56014800239086,158.15934077500395,143716100
2025-07-07,158.02952575683594,159.09809459400483,157.1307137305003,157.98957042846925,140139000
2025-07-08,159.78717041015625,160.00687898854957,158.17931139836438,159.11806346268276,138133000
2025-07-09,162.66334533691406,164.2012901564699,160.9456320255445,161.0055497766517,183656400
2025-07-10,163.88174438476562,164.28120626813552,161.39505073108006,164.10145299216728,167704100
2025-07-11,164.7006378173828,167.66668863474402,163.25256951238498,163.50223698698784,193633300
2025-07-14,163.85177612304688,165.2698855378492,161.80449980139463,165.15003478890583,136975800
2025-07-15,170.4729461669922,172.17068192225182,168.97494134085255,170.96229989605533,230627400
2025-07-16,171.14205932617188,171.52155877211666,168.67534340451815,170.83247408910898,158831500
2025-07-17,172.7698974609375,173.92835823409905,170.60278554683865,171.79120519874627,160841100
2025-07-18,172.18067932128906,174.01822826089457,171.03219980516573,173.40903901870553,146456400
2025-07-21,171.1520538330078,173.1493936504508,170.77255439137573,172.52022673163836,123126100
2025-07-22,166.80783081054688,171.1620321483939,164.3610926233022,171.1120956061046,193114300
2025-07-23,170.55284118652344,171.03219846298632,167.74658125695927,169.30450383433347,154082200
2025-07-24,173.5089111328125,173.59878776513457,171.07215417768242,172.21063723590794,128984600
2025-07-25,173.2692413330078,174.4876199263022,172.7299662493585,173.3790956402227,122316800
2025-07-28,176.51490783691406,176.7645753161742,173.73860668662087,173.78854323017163,140023500
2025-07-29,175.27651977539062,179.1413820135887,174.78718135767542,177.72327281792994,154077500
2025-07-30,179.03155517578125,179.65072563032518,175.80584046425426,176.27521653092245,174312200
2025-07-31,177.63340759277344,183.05619299307685,175.69598557745124,182.65671589592668,221685400
2025-08-01,173.4889373779297,176.3051785902702,170.66269971388826,173.85844036702034,204529000
2025-08-04,179.76058959960938,179.9603205403546,174.28788258302183,174.9270307365029,148174600
2025-08-05,178.02288818359375,180.0202279532499,175.6660266458598,179.38107983649965,156407600
2025-08-06,179.1813507080078,179.66070799076476,176.01556896990587,176.09546439011424,137192300
2025-08-07,180.52955627441406,183.63542017290519,178.56217541570945,181.32849521637667,151878400
2025-08-08,182.4569854736328,183.05619350177665,180.16004168373897,181.30852119793246,123396700
2025-08-11,181.81784057617188,183.59547178906817,180.01025048518693,181.80785936297346,138323200
2025-08-12,182.9163818359375,184.234618174838,179.22130626788388,182.7166509044063,145485700
2025-08-13,181.34844970703125,183.72528876478472,179.11143905360885,182.37707840680864,179871700
2025-08-14,181.77789306640625,182.7765629312542,179.22130065055427,179.51090820642335,129554000
2025-08-15,180.2099609375,181.65802908835272,177.80316308129093,181.63806666422465,156602200
2025-08-18,181.76788330078125,182.69665413107447,180.34977402519155,180.3597704757432,132008000
2025-08-19,175.4063720703125,182.25724785967336,175.25657768801665,182.1873336556069,185229200
2025-08-20,175.1667022705078,175.76591033294957,168.57548977611862,174.93701244991922,215142700
2025-08-21,174.7472381591797,176.66468235557974,173.57879631630271,174.61742144674352,140040900
2025-08-22,177.7532501220703,178.35244288234992,170.97227338198675,172.38040151215634,172789400
2025-08-25,179.57083129882812,181.6680441727565,176.33515059315872,178.11278178635797,163012800
2025-08-26,181.52822875976562,182.14739921043056,178.57215920342722,179.82049655621498,168688200
2025-08-27,181.35845947265625,182.24727507184866,178.86178472902657,181.7379436715125,235518900
2025-08-28,179.9303436279297,184.22462699678687,176.17535050737845,180.5794881684096,281787800
2025-08-29,173.94830322265625,177.91302365652732,172.91967451951007,177.87308356836775,243257900
2025-09-02,170.55284118652344,172.15071909272382,166.99757884564528,169.77387989783634,231164900
2025-09-03,170.39305114746094,172.18067877773825,168.6553752976972,170.83246833565184,164424900
2025-09-04,171.4316864013672,171.6314173426514,169.18467902530818,170.34313981864827,141670100
2025-09-05,166.7978515625,168.80517258283567,163.8517783946414,167.8065026792569,224441400
2025-09-08,168.0861358642578,170.73262035939155,167.12742125141602,167.32715219255022,163769100
2025-09-09,170.53286743164062,170.75257602974241,166.51822538667548,168.86509051949957,157548400
2025-09-10,177.09413146972656,179.05151589898875,175.2366048852674,176.4050468150653,226852000
2025-09-11,176.94432067871094,180.050359799309,176.2551971559751,179.4511179779685,151159300
2025-09-12,177.59349060058594,178.37249577533527,176.22522541777622,177.5435512454145,124911000
2025-09-15,177.52359008789062,178.62219505337407,174.28771156721004,175.44623766911022,147061600
2025-09-16,174.65725708007812,177.2739150624347,174.1578939390572,176.77455192141375,140737800
2025-09-17,170.0730743408203,172.97937117956877,168.1954794867923,172.42008695754546,211843800
2025-09-18,176.01551818847656,176.87442336525442,172.73969733735942,173.7583871307785,191763300
2025-09-19,176.4449462890625,177.8531538116004,174.95683884616588,175.54609885389235,237182100
2025-09-22,183.37612915039062,184.31493427279133,174.48747153493287,175.07671637070237,269637000
2025-09-23,178.2027130126953,182.18763613663097,175.9855548133895,181.73821238324945,192559600
2025-09-24,176.74456787109375,179.5509859124944,175.17656050171237,179.54100413716742,143564100
2025-09-25,177.46365356445312,180.0303718676576,172.90946471941734,174.25773588995062,191586700
2025-09-26,177.96302795410156,179.54101721374016,174.70717071687335,177.94304916264082,148573700
2025-09-29,181.6183624267578,183.76561762390497,180.09031258631592,180.2001578366391,193063500
2025-09-30,186.3423309326172,187.11135435179565,181.2488213615314,181.848063160254,236981000
2025-10-01,187.0015106201172,187.9003581593927,183.665753326035,185.00405809785752,173844900
2025-10-02,188.64939880371094,190.80665113886596,187.82045419605362,189.35850113919957,136805800
2025-10-03,187.38101196289062,190.11752734214045,185.14387494216948,188.9490194719917,137596900
2025-10-06,185.30364990234375,186.9914995955013,183.09647356463947,185.2637075602064,157678100
2025-10-07,184.80430603027344,188.8191899838309,183.76563739379807,185.99279275388864,140088000
2025-10-08,188.86911010742188,189.35849142592937,186.30237648821537,186.33235229407293,130168900
2025-10-09,192.32470703125,195.05122522476873,190.816620752273,191.9851285494953,182997200
2025-10-10,182.92669677734375,195.37081685366852,181.81811007166195,193.26350393527704,268774400
2025-10-13,188.0801239013672,189.8678370807686,185.72312947730666,187.73056363822363,153482800
2025-10-14,179.80067443847656,184.56460262310264,179.47109296765566,184.5346420566055,205641400
2025-10-15,179.60093688964844,184.63451030281777,177.06416377208902,184.56460739230218,214450500
2025-10-16,181.57839965820312,183.04652832403656,179.5410050089342,181.99786281424815,179723300
2025-10-17,182.98660278320312,183.8654866543178,179.52102189247293,179.950466813544,173135200
2025-10-20,182.4073486328125,184.96408521149223,181.4985041529273,182.89672994644732,128544700
2025-10-21,180.9292449951172,182.55715836486127,179.5709767314294,182.55715836486127,124240200
2025-10-22,180.0503692626953,183.2063479075077,176.53484855405173,180.9092744574391,162249600
2025-10-23,181.92796325683594,182.7968501503985,179.5609718650331,180.19017423035882,111363700
2025-10-24,186.02272033691406,187.23118563906056,183.26624175096782,183.60580497197222,131296700
2025-10-27,191.24607849121094,191.75542334831323,188.18996363054165,189.74798924630224,153452700
2025-10-28,200.77392578125,202.8912204382634,191.66554775855593,192.8040950113927,297986200
2025-10-29,206.77627563476562,211.9197249544373,204.51915980095313,207.715080745974,308829600
2025-10-30,202.63156127929688,205.89740027142088,201.1534507471854,204.88867704045037,178864400
2025-10-31,202.23207092285156,207.70508615602077,201.81260775338424,206.18701808603035,179802200
2025-11-03,206.61647033691406,211.07078042213968,205.29814450690722,207.81493866642379,180267300
2025-11-04,198.43690490722656,203.71017785907821,197.67786326579136,202.7414122562426,188919300
2025-11-05,194.96136474609375,202.66153586727006,194.40206522559174,198.51682788141107,171350300
2025-11-06,187.84043884277344,197.3682807609907,186.14260723026618,196.16981228388872,223029800
2025-11-07,187.9103240966797,188.08012095739036,178.68210397488247,184.66446402160466,264942300
2025-11-10,198.7964630126953,199.68532876518447,193.5431531870904,194.8614791513322,198897100
2025-11-11,192.91395568847656,195.17107140540628,191.05632435423007,194.91140808059743,176483300
2025-11-12,193.5531463623047,195.64048052491762,190.88654915774768,195.4706988945922,154935300
2025-11-13,186.62197875976562,191.1961465947379,183.61581837719615,190.8066439854392,207423100
2025-11-14,189.92774963378906,190.76667594021126,180.34996953708986,182.62706393415107,186591900
2025-11-17,186.36231994628906,188.75925679396335,184.08522536919267,185.73311754704963,173628900
2025-11-18,181.1289825439453,184.5646030780414,179.42115405263684,183.14641371605563,213598900
2025-11-19,186.28240966796875,187.62069907956393,182.5971076589588,184.5546024199349,247246400
2025-11-20,180.40989685058594,195.7503316108911,179.62090987236718,195.70039225393623,343504800
2025-11-21,178.6521453857422,184.32490281868388,172.70971237567008,181.00913979899244,346926200
2025-11-24,182.31747436523438,183.26626122561635,176.25519889972114,179.2613745727385,256618300
2025-11-25,177.59349060058594,177.93305383278917,169.33402110596253,174.68719385821646,320600300
2025-11-26,180.03038024902344,182.67701383620675,178.01296428701193,181.3986455127995,183852000
2025-11-28,176.7745361328125,179.0616124091028,176.27517303639212,178.7819702942556,121332800
2025-12-01,179.69081115722656,180.07033197943204,173.45875435362808,174.5373804488289,188131000
2025-12-02,181.22886657714844,185.4235136530611,179.7707195907086,181.52847225165078,182632200
2025-12-03,179.36123657226562,182.21759414523953,178.88185225801445,180.8493441127912,165138000
2025-12-04,183.1566162109375,184.2952268834804,179.74078419330877,181.3987504426599,167364900
2025-12-05,182.1877899169922,184.43504894381925,180.6896172324408,183.66598269849337,143971100
2025-12-08,185.323974609375,187.7709870845105,182.17780264974235,182.41751577930148,204378100
2025-12-09,184.7446746826172,185.4937610485011,183.09669077375298,185.33395229946427,144719700
2025-12-10,183.55612182617188,185.2540478736652,181.8182359713298,184.74467463147755,162785400
2025-12-11,180.70957946777344,181.09911899111663,176.40483245042134,180.060377409269,182136600
2025-12-12,174.80679321289062,182.59729422559735,174.40727135263347,180.88937065842447,204274900
2025-12-15,176.0752410888672,178.20265125135413,174.8167814768023,177.7232402429772,164775600
2025-12-16,177.50350952148438,178.27257580423,174.68693742218818,176.0452813318811,148588100
2025-12-17,170.7317657470703,175.91544580087532,170.10252832729947,175.88548356566727,222775500
2025-12-18,173.9278564453125,175.93540231223645,171.6106906687844,174.3173807251694,176096000
2025-12-19,180.76951599121094,181.2289470656948,176.12517166919682,176.45477147838753,324925900
2025-12-22,183.4662322998047,183.935660967629,182.1278683380167,183.6959478478248,129064400
2025-12-23,188.97950744628906,189.099356383118,182.67718160782493,182.7471036477755,174873600
2025-12-24,188.38023376464844,188.67987134928,186.36269028434322,187.71105179508496,65528500
2025-12-26,190.2978973388672,192.45526970950266,187.7709805748158,189.68863982420257,139740300
2025-12-29,187.99070739746094,188.53004285167208,185.68352392965699,187.4813341773615,120006100
2025-12-30,187.31153869628906,188.75978454971104,186.70228116711607,188.01069817319677,97687300
2025-12-31,186.27281188964844,190.32786369396138,186.26282955778902,189.33907943283364,120100500
2026-01-02,188.6199493408203,192.69496568024334,188.03065649528438,189.60873357074172,148240500
2026-01-05,187.89083862304688,193.39413642527967,185.9232371396652,191.52640398377517,183529700
2026-01-06,187.0119171142578,191.935904267691,186.5924305704924,190.2879203285983,176862600
2026-01-07,188.87962341308594,191.13686475404677,186.3327268208183,188.34028795646717,153543200
2026-01-08,184.81459045410156,189.31910643994627,183.48622397884648,188.87963997886857,172457000
2026-01-09,184.63479614257812,186.1129888751533,183.44624341374129,184.8545293482555,131327500
2026-01-12,184.71470642089844,186.89204340473577,182.79704721562317,182.99680052530172,137968500
2026-01-13,185.58364868164062,187.88084992986475,183.17658082293008,184.7746378408776,160128900
2026-01-14,182.91688537597656,184.23528457453645,180.57973978602013,184.0954557419801,159586100
2026-01-15,186.8221435546875,189.46890929684608,186.103019420931,186.27281050248445,206188600
2026-01-16,186.0031280517578,190.20800608356458,185.85331687968656,188.84966224271636,187967200
2026-01-20,177.8530731201172,182.1578200140757,177.39362681050815,181.67839380225757,223345300
2026-01-21,183.09669494628906,185.15418310637224,178.18267486272933,178.8318922054109,200381000
2026-01-22,184.6148223876953,185.94320399708803,183.70592730123704,184.52493568425237,139636600
2026-01-23,187.44137573242188,189.3690325020707,186.59242035942677,187.27158465782284,142748100
2026-01-26,186.2428436279297,188.88960930416175,185.76343263076708,186.93200550896393,124799600
2026-01-27,188.29034423828125,189.76853699604698,185.47377232125424,187.01190478720812,143711600
2026-01-28,191.2866973876953,192.1156881225865,189.60873601436586,191.03700193406064,148552700
2026-01-29,192.27548217773438,193.244301759811,185.83334250366076,191.10690928022157,171764400
2026-01-30,190.8971710205078,194.25307849059112,189.23918956869622,190.97707539362895,179489500
2026-02-02,185.38389587402344,190.0681850900544,184.6547894061738,186.97195532434574,165794100
2026-02-03,180.12030029296875,186.04308409913696,176.01530661894333,186.01312186532803,204019600
2026-02-04,173.97779846191406,179.36123157735668,171.70057725198066,179.24138264216026,207014100
2026-02-05,171.6706085205078,176.604592702014,170.82163795446576,174.71688060291817,206312900
2026-02-06,185.1841278076172,186.77218713146127,174.3872995354016,176.47474973392875,231346200
2026-02-09,189.80848693847656,193.42408742490235,183.7259094221984,184.03552934237337,196387400
2026-02-10,188.31031799316406,192.24552080983682,187.89083145679504,191.1468699498802,136764800
2026-02-11,189.8184814453125,193.0245624433192,188.54004197866425,192.2155516352278,144192700
2026-02-12,186.7122802734375,193.3741533411549,186.28279615580217,192.79485804306626,189932500
2026-02-13,182.58731079101562,187.27160018883805,181.36879569323744,187.25162028422807,161888000
2026-02-17,184.7446746826172,186.92201173748992,178.9617194034806,181.5285959992061,162276900
2026-02-18,187.75099182128906,190.13807962880853,186.53247684939709,188.52005804720127,164749100
2026-02-19,187.6710968017578,188.20044994409497,185.43383529156333,186.8321237354349,126554500
2026-02-20,189.58877563476562,190.09814888521723,185.71349722992974,186.342734664171,178422300
2026-02-23,191.31666564941406,193.71373598373438,189.3490641935772,191.16683922839312,171584800
2026-02-24,192.61508178710938,193.53395924081437,187.171708627792,191.2567378902843,175123600
2026-02-25,195.32176208496094,197.38924768090467,193.5539140704845,194.2131137016724,250637100
2026-02-26,184.66476440429688,194.0533071271398,184.09546670933034,194.03334246429932,360807900
2026-02-27,176.97415161132812,182.36756729714082,176.1651407824763,181.0292033274304,311636500
2026-03-02,182.25770568847656,183.2365228635074,174.42725972943845,174.79680413295333,209095300
2026-03-03,179.83065795898438,180.67961330625172,176.70446619030554,178.27256086028186,178099400
2026-03-04,182.8170166015625,184.47499807110998,179.84065106191534,180.22019302825058,177731200
2026-03-05,183.1166534423828,183.83577756501342,177.6633132926684,180.94929874286032,198779700
2026-03-06,177.60337829589844,182.5373473445644,176.60459654479845,179.6209064601764,189021900
2026-03-09,182.427490234375,182.68718325690133,175.34613090826778,176.61458806542097,177213600
2026-03-10,184.544921875,186.21288569214076,181.7882742872215,182.17779858894656,179118500
2026-03-11,185.8134307861328,187.40157611978597,184.23526832414757,185.6935753620157,145280400
2026-03-12,182.9268035888672,184.72471123223085,181.53842231669145,183.83574790315467,155762700
2026-03-13,180.0401611328125,185.87335881208497,179.73052445930352,184.70472270189353,160988400
2026-03-16,183.0067138671875,188.66012868968363,181.19882333613754,182.7570048934839,217307400
2026-03-17,181.71820068359375,185.1841623368753,181.4684917186082,184.8445618023411,182497800
2026-03-18,180.1899871826172,183.16652908726184,180.12007659614625,182.26756764801692,156683100
2026-03-19,178.3521270751953,179.77047215436778,175.5853475010711,177.80276430906588,170968500
2026-03-20,172.4989471435547,178.05247199547227,171.52009228430225,177.79278016290237,241323500
2026-03-23,175.43553161621094,178.16234927411983,174.55655117338722,177.0536408486584,182836300
2026-03-24,174.99603271484375,176.01484951930743,173.777451794472,174.6264683383626,147667800
2026-03-25,178.47198486328125,181.00903649280792,176.64412864426953,176.89383761026875,162602100
2026-03-26,171.04066467285156,176.30451888215924,170.9407749866337,175.86504388946904,186152200
2026-03-27,167.32498168945312,170.77096223786808,166.81556566439232,169.80209026823204,196212700
2026-03-30,164.97772216796875,169.25273855906806,164.07877596313077,168.58352034150624,185627000
2026-03-31,174.1969757080078,174.41672082635512,166.7656493784466,166.77563225072552,226181300
2026-04-01,175.54541015625,177.16351944386196,174.54657425208924,175.79511913229018,168132000
2026-04-02,177.18348693847656,177.28337661769746,171.170490985778,171.97954556798163,143143200
2026-04-06,177.43319702148438,177.58301630024127,175.55538077559635,176.953760088437,107564300
2026-04-07,177.89266967773438,178.0225079733855,173.4578360976707,175.52541836668527,132534900
2026-04-08,181.8680419921875,185.0443328296099,180.09011531444295,184.28522303450282,147732700
2026-04-09,183.69590759277344,183.86570786090292,180.40972906189933,181.6283100364998,116428500
2026-04-10,188.41041564941406,189.77881591864653,184.08545448929232,184.09543736125556,160459500
2026-04-13,189.08961486816406,189.43921351677633,185.52377876103736,185.81343445538195,133648200
2026-04-14,196.28123474121094,196.28123474121094,190.54792650193752,190.61783708872017,161307000
2026-04-15,198.63848876953125,200.166706463506,195.5121427945441,196.31119931453722,185338400
2026-04-16,198.1190948486328,199.6173486077875,195.58204328148997,197.20015246424893,134012900
2026-04-17,201.44520568847656,201.46518667284232,199.03802288778024,199.66727910555997,160324400
2026-04-20,201.82476806640625,201.9346406188145,197.6096795882359,199.7471876833392,119381400
2026-04-21,199.64732360839844,202.51397775047528,198.76834314349978,201.89470437258373,107945300
2026-04-22,202.26426696777344,202.26426696777344,198.76834136586132,200.75603026628932,107501000
2026-04-23,199.4075927734375,203.59271751351986,196.99041179336916,202.22431724671497,113561800
2026-04-24,208.0275421142578,210.70441481695215,199.57738430538978,199.72721882416832,214134400
2026-04-27,216.3578338623047,216.5775789683675,207.13858324348888,209.4059296471886,187172400
2026-04-28,212.92184448242188,214.4800260296235,207.95762889823203,209.24613572912838,180275400
2026-04-29,209.00640869140625,212.47237042757808,207.33835459433345,212.4523894424142,123711800
2026-04-30,199.33767700195312,210.05518135667162,198.46867945247158,209.68560172993963,225239200
2026-05-01,198.21897888183594,202.76368521944246,196.89052532216473,201.0456862731779,128647000
2026-05-04,198.24893188476562,201.49514834231712,194.51329562325486,199.26774870200734,125368100
2026-05-05,196.271240234375,200.00689171848026,195.80178617585554,199.06798360144137,113406600
2026-05-06,207.5880584716797,208.0275486883452,198.37879062945476,199.65729931010404,188362800
2026-05-07,211.2537841796875,213.95063795079753,206.25960488465944,208.0974592073836,168307900
2026-05-08,214.94947814941406,217.5464575316693,212.642169707093,212.7820061205359,136421400
2026-05-11,219.18453979492188,222.04121091513153,213.64099781886503,213.79081709888328,160685800
2026-05-12,220.52297973632812,223.48952345691538,214.6698009927987,218.29558003818886,159176600
2026-05-13,225.56710815429688,227.57476278227756,221.3120728008497,224.6681467194947,150405400
2026-05-14,235.465576171875,236.26463268418732,229.03307065698914,229.58243343997336,180782900
2026-05-15,225.05770874023438,231.23050718880455,223.97896415639156,229.49252726355346,180977600
2026-05-18,222.0612030029297,229.7322553439391,218.1157890335498,229.60240180074675,146280900
2026-05-19,220.35317993164062,224.21866983705235,217.6563261548179,219.36432694236115,140948200
2026-05-20,223.20985412597656,225.8667612103758,220.2433103590018,222.9201831873553,184201600
2026-05-21,219.25445556640625,227.13526994336974,217.6762930684293,222.03121805596584,203381800
2026-05-22,215.07933044433594,220.75271088945502,214.54994865072538,220.64283833374193,169275700
2026-05-26,214.60987854003906,217.92600574795006,211.75320730356688,216.28791550863897,187202600
2026-05-27,212.35250854492188,213.90069192498567,208.53694826896,213.87072806866348,167601200
2026-05-28,214.00057983398438,215.2691056248748,210.97410844231206,211.03403615445995,143996000
2026-05-29,210.8942108154297,217.6063892667686,210.88422794322287,214.33020874183248,289410600
2026-06-01,224.09881591796875,224.60821672379726,215.44889364463796,215.47885750139108,212850700
2026-06-02,222.56060791015625,232.00958636747916,221.09231801448135,226.91551751623658,193362900
2026-06-03,214.5,222.56061267075634,214.2602739078757,221.46188713313538,160907000
2026-06-04,218.66000366210938,221.60000610351562,210.97000122070312,213.91000366210938,169022200
2026-06-05,205.10000610351562,214.8699951171875,204.3300018310547,214.52999877929688,219655500
2026-06-08,208.63999938964844,210.47000122070312,206.0,210.17999267578125,138372800
2026-06-09,208.19000244140625,211.39999389648438,199.33999633789062,210.6199951171875,180962500
2026-06-10,200.4199981689453,207.22000122070312,199.9199981689453,204.42999267578125,161746600
2026-06-11,204.8699951171875,205.66000366210938,199.5399932861328,201.49000549316406,158643200
2026-06-12,205.19000244140625,207.07000732421875,203.44000244140625,204.86000061035156,112001800
