Date,Close,High,Low,Open,Volume
2019-01-02,31.07669448852539,31.272412599614835,30.63420009758188,30.80439074734733,5273100
2019-01-03,29.2386531829834,30.22575541314396,29.16206752520724,30.072584097591648,15998000
2019-01-04,29.757732391357422,29.808787330746746,29.1110083594058,29.323745929841888,14178200
2019-01-07,29.978965759277344,30.18319517155137,29.7577202049205,29.791755735202518,6850800
2019-01-08,29.732192993164062,29.936422429435513,29.476908632412318,29.876856186797333,11462600
2019-01-09,30.302331924438477,30.600163144716003,30.06406694821646,30.06406694821646,11770300
2019-01-10,30.991596221923828,31.042654388515984,30.123630112672725,30.17468503314837,7894600
2019-01-11,31.153291702270508,31.28944362348459,30.83844099311003,31.01713978105642,7232700
2019-01-14,30.429973602294922,30.795882398425896,30.395938065953896,30.744827470855874,6146200
2019-01-15,30.668249130249023,30.82992851621724,30.46401963302594,30.668249130249023,10165800
2019-01-16,30.327865600585938,30.659735670061966,30.327865600585938,30.549114477648295,8727400
2019-01-17,30.8809757232666,31.102221290993263,29.638589524695288,29.715171907044972,21916900
2019-01-18,31.348997116088867,31.493657053274905,30.77035087511165,30.83842843104616,12905900
2019-01-22,30.94904899597168,31.280918959488424,30.719292118279366,31.059673399182753,13381700
2019-01-23,31.051166534423828,31.263904031725367,30.83842903712229,31.08520206694346,13918600
2019-01-24,32.02976608276367,32.02976608276367,31.297948366842828,31.383045337367058,14094100
2019-01-25,32.45523452758789,32.55734762511555,32.23398894192515,32.33610203945281,16763700
2019-01-28,31.859569549560547,32.04677960429007,31.400058977405134,31.41707512227426,14086500
2019-01-29,30.915019989013672,31.731931340241243,30.889489277582264,31.731931340241243,10100800
2019-01-30,31.80850601196289,31.86807224123063,30.880970554073176,31.32346486157356,9281600
2019-01-31,32.01273727416992,32.42119287421275,31.748944858416163,31.748944858416163,7633400
2019-02-01,31.97019386291504,32.2254782346334,31.859569444927548,32.123365135169436,6438300
2019-02-04,32.2850456237793,32.34461187108695,31.808515645318078,31.910628748400192,7283800
2019-02-05,32.54884338378906,32.56586277639962,32.2339927357868,32.26802827489069,7314000
2019-02-06,32.9658088684082,33.03388318959638,32.59990005943514,32.69350184530426,8795200
2019-02-07,32.438209533691406,32.72753263180692,32.191436527802864,32.65094701036116,7916200
2019-02-08,32.15742111206055,32.26804234308187,31.910644680793933,32.089343511937905,7147200
2019-02-11,32.582889556884766,32.582889556884766,32.19145317643896,32.268035591375,8860700
2019-02-12,32.88071060180664,32.991335021220266,32.71051993642805,32.88071060180664,8831200
2019-02-13,32.44672775268555,32.744558984931665,32.37865018753388,32.6509539559066,7155600
2019-02-14,32.38715362548828,32.5147941599135,32.13186606440548,32.26801791546209,7782800
2019-02-15,32.41269302368164,32.57437239196121,32.2254829422188,32.25952172905156,6257600
2019-02-19,32.727542877197266,32.89773356103469,32.421200295513366,32.5233166534862,8105700
2019-02-20,33.18705749511719,33.62104066483862,33.093452454598335,33.1274912413538,7178600
2019-02-21,33.1700325012207,33.34022316014522,33.016861232800316,33.24661813543089,4607300
2019-02-22,33.518917083740234,33.535936471803325,33.25512468405321,33.28916021406303,5117800
2019-02-25,33.68060302734375,33.96992291510232,33.59550607848827,33.92737606373292,5101500
2019-02-26,33.6976203918457,33.75718663514425,33.51041358981461,33.53594105233776,5587300
2019-02-27,33.569984436035156,33.68911693896701,33.238114393262926,33.62103936808181,8194900
2019-02-28,33.22960662841797,33.43383611680277,33.1870597651221,33.289172886255706,5705100
2019-03-01,33.518917083740234,33.62954148309215,33.3572377663154,33.493389624703774,5299200
2019-03-04,33.314697265625,33.467868541255406,32.94027714914313,33.467868541255406,7081100
2019-03-05,33.204071044921875,33.3827697747629,32.89772851027051,33.14450480164153,7192400
2019-03-06,33.00835037231445,33.374259121952115,32.99983905472295,33.23810725553693,4433400
2019-03-07,32.87220764160156,33.084945194880675,32.65095876836551,32.991340152059074,4231300
2019-03-08,32.50628662109375,32.65945786180234,32.28503783068525,32.293549147455856,5066200
2019-03-11,32.88071060180664,32.92325745662205,32.50629373486729,32.53182119853315,6005400
2019-03-12,33.101959228515625,33.33171289226997,33.06792044643464,33.22959979214394,5580200
2019-03-13,33.365745544433594,33.56146363626677,33.20406622842784,33.374256861448615,6086400
2019-03-14,33.03388214111328,33.22960027172825,32.96580782208575,33.18705341657143,4935000
2019-03-15,33.740169525146484,34.09756697470817,33.53594009245645,33.53594009245645,8871300
2019-03-18,33.910362243652344,34.0209866722759,33.73166349088005,33.91887356299419,6290900
2019-03-19,33.833770751953125,34.10607773983111,33.69761888107246,34.02098079170778,8033600
2019-03-20,33.910362243652344,34.16564988603243,33.73166349088005,33.84228791950361,5394000
2019-03-21,34.922996520996094,35.09318720794826,34.22521762599784,34.25074509289959,6509600
2019-03-22,34.40390396118164,34.905964521001074,34.327318342018806,34.7527932826754,6759100
2019-03-25,33.969932556152344,34.4294464720371,33.84229196581831,34.03801013455791,4901800
2019-03-26,34.378387451171875,34.574105596665696,34.0975723427782,34.13161112793814,5573500
2019-03-27,34.20818328857422,34.25923820007397,33.86780206336813,34.1996719725803,7660300
2019-03-28,34.327327728271484,34.497518400293245,34.20819523169137,34.24223401531914,6632700
2019-03-29,34.85491180419922,34.931497435325475,34.54856927969418,34.735779321584296,6116300
2019-04-01,35.203800201416016,35.203800201416016,34.66770404455405,34.957027171196195,6834200
2019-04-02,35.118717193603516,35.19530284591893,34.88896023665727,35.0421315412881,5580200
2019-04-03,35.56121063232422,35.70587061223649,35.32294236229595,35.39952801228405,6821100
2019-04-04,35.77394104003906,35.89307352818977,35.442071038443004,35.51014535476476,7610300
2019-04-05,35.93562698364258,36.02923202613407,35.79096700605932,36.02923202613407,4430600
2019-04-08,36.07176971435547,36.1568666613973,35.807977293817316,35.94412916296764,6830300
2019-04-09,35.91860580444336,35.99519144939149,35.76543451454711,35.94413651683759,5049900
2019-04-10,36.054752349853516,36.16537676416248,35.89307301056872,35.96114732590876,4040200
2019-04-11,35.82499694824219,35.910093903624194,35.697356384344566,35.81648887576245,5172200
2019-04-12,36.233455657958984,36.29302190336563,35.97816803922546,36.13985063057228,6555700
2019-04-15,36.25899124145508,36.395143153749125,36.13134740350294,36.23346377231171,5274400
2019-04-16,36.599361419677734,36.65893091155423,36.378115827730355,36.44619339209382,6639100
2019-04-17,37.773681640625,37.83324789932262,37.32267904016656,37.35671782974167,15795700
2019-04-18,38.63313293457031,38.83735912539403,37.441801585670454,37.49285975643477,16569800
2019-04-22,38.42039489746094,38.42890296941299,37.943861715227726,38.11405236931935,10872000
2019-04-23,38.650146484375,38.650146484375,38.34380721870199,38.42039284664938,11437500
2019-04-24,38.64165115356445,38.79482245996194,38.241703492846845,38.36083925591415,10776800
2019-04-25,37.85025405883789,38.32678720790494,37.80770720980538,38.233182192363515,10149800
2019-04-26,37.390750885009766,37.44180906597473,36.863162666174816,37.14397779230599,12745000
2019-04-29,37.29713439941406,37.37371677152301,37.08439693169059,37.31415054024973,9272100
2019-04-30,37.288639068603516,37.390752187974385,36.812105768010234,36.93124152774671,11863900
2019-05-01,37.288639068603516,37.91834367131186,37.288639068603516,37.688586718139256,7319000
2019-05-02,37.78218460083008,37.84175084634718,37.229065754037606,37.32267078159789,10717200
2019-05-03,38.04597473144531,38.4118835008533,37.91833417572512,38.233184775175,5479900
2019-05-06,37.237571716308594,37.28862988648,36.769549851145975,36.86315487340185,10756400
2019-05-07,37.237571716308594,37.484348002961944,36.83762741137451,37.297141204566934,10225200
2019-05-08,37.1865234375,37.441807841742964,36.982293966435236,37.03335214573076,8112600
2019-05-09,36.80359649658203,36.84614335775922,35.9781737560514,36.52278136980122,11229400
2019-05-10,36.446197509765625,36.667443126709216,35.901586671678906,36.471724976227534,8313900
2019-05-13,34.88044738769531,35.322938600370335,34.66770985439815,35.203806101102664,11046000
2019-05-14,35.714385986328125,35.80799104095198,35.22934456338436,35.39102395565966,7107800
2019-05-15,35.714385986328125,36.02072862105426,35.28039950509348,35.35698516377501,5347700
2019-05-16,35.33995819091797,35.43356322547284,35.076165725663884,35.42505515238474,9214700
2019-05-17,34.25074005126953,34.846405744862814,34.11458817097252,34.36987254076481,11271000
2019-05-20,32.897735595703125,33.44234322077209,32.77860308348397,33.39979635871061,13979700
2019-05-21,33.442325592041016,33.47636436219406,32.89771825405544,33.31468507314077,11806400
2019-05-22,33.101959228515625,33.51892294759847,33.09344790993692,33.357243601889174,12217600
2019-05-23,32.395668029785156,32.489273054334376,31.83404112860663,32.31908239571005,14708800
2019-05-24,32.50628662109375,32.965800343219506,32.50628662109375,32.69349339053606,10540700
2019-05-28,32.038272857666016,32.50629476774063,32.038272857666016,32.446728519882974,12484600
2019-05-29,32.072303771972656,32.12336193968406,31.638320707833785,31.87658566492049,13043000
2019-05-30,32.37015151977539,32.65096344232071,32.199960803565965,32.293565859787044,7351600
2019-05-31,32.633934020996094,33.16152540378188,32.54884031209099,32.56585970309539,9302700
2019-06-03,33.03388214111328,33.263639054300505,32.89773025694126,33.15301463399918,9618300
2019-06-04,33.23811340332031,33.27214894163197,32.693502590810795,32.8807126590521,6985600
2019-06-05,32.53181838989258,33.40829585866361,32.42119398002973,33.3912797151001,8219800
2019-06-06,32.71052551269531,32.83816934501834,32.2680310057243,32.489279882268555,6234000
2019-06-07,33.03388214111328,33.18705341657143,32.8126365466276,32.96580782208575,4456900
2019-06-10,33.71464157104492,34.14862793366544,33.5699816142494,33.604020396830805,8351800
2019-06-11,34.003971099853516,34.548578738695674,33.986951705375006,34.4379575437617,6100600
2019-06-12,33.578487396240234,34.19968052844913,33.569979324233756,34.03800119139205,6163200
2019-06-13,33.569984436035156,33.71464440499034,33.212583681122354,33.71464440499034,6646800
2019-06-14,32.19994354248047,32.93176095760078,32.191435471983894,32.87219472577621,11281500
2019-06-17,32.046791076660156,32.378661204401205,32.046791076660156,32.26803674644816,6500700
2019-06-18,33.365745544433594,33.54444424835306,32.523306942461076,32.56585378918719,12303200
2019-06-19,33.52743911743164,34.00396915104928,33.442342149916065,33.98694975754617,10217600
2019-06-20,34.47199249267578,34.6506945085625,34.157141815541834,34.420937556237455,10400000
2019-06-21,34.48049545288086,34.63366671729385,34.39539850258656,34.48049545288086,12766200
2019-06-24,35.127166748046875,35.20624254603343,34.65271196012754,34.75814859188531,6571000
2019-06-25,34.195823669433594,34.722996676498646,34.187038960897496,34.722996676498646,6790500
2019-06-26,34.3364143371582,34.59999923024684,34.24855047168615,34.59999923024684,9133300
2019-06-27,34.78449630737305,34.93385979959702,34.520911505313755,34.77571159969153,11375200
2019-06-28,34.415489196777344,34.9075168228587,34.37155893679922,34.9075168228587,7040000
2019-07-01,36.357215881347656,36.81409766997287,36.15513413185876,36.49779463541219,11046800
2019-07-02,35.847625732421875,36.295722939387474,35.79491077983496,36.190286330888036,4445600
2019-07-03,35.43467330932617,35.46981548975976,35.15351240422053,35.452242723711755,3125000
2019-07-05,35.083221435546875,35.23258490559856,34.82842137899295,35.03050314229575,3149300
2019-07-08,34.547271728515625,34.87235956519651,34.47698400648378,34.76692630631731,6772300
2019-07-09,34.854793548583984,35.15352396632862,34.63513892823244,34.83722412841976,6577000
2019-07-10,35.768558502197266,36.146364727142846,35.627979675589394,35.87399513590088,7945000
2019-07-11,35.935482025146484,36.190278729680344,35.8739790256043,36.146348494530514,6126600
2019-07-12,36.22543716430664,36.26058270561246,35.86520374508024,36.12000389205248,4695800
2019-07-15,36.74382019042969,36.84046874798804,36.60324138443476,36.68231717228585,5784300
2019-07-16,36.699893951416016,36.85804554439609,36.52416958680888,36.72625143302487,6529500
2019-07-17,36.576881408691406,36.822893464472116,36.48023285773102,36.62081165412898,5514600
2019-07-18,37.947513580322266,37.98265910783938,37.174332084917594,37.35884107688948,11257600
2019-07-19,38.509830474853516,38.67676669660457,37.842078884525606,37.85086694189568,11438800
2019-07-22,39.18638610839844,39.4324015822773,38.773437667775106,38.83494069832887,10035800
2019-07-23,39.028236389160156,39.16881858198658,38.87008812555833,39.13367303377997,6565800
2019-07-24,39.13365936279297,39.212735142801456,38.87007454665228,39.098513826864135,7130400
2019-07-25,38.32533264160156,38.870078448188316,38.32533264160156,38.84371761776436,6593900
2019-07-26,38.18474578857422,38.562551878957066,38.11445807613638,38.42197310241897,4399000
2019-07-29,38.60648727416992,38.615275334187324,38.13203593477883,38.23746919334764,4138600
2019-07-30,37.87723159790039,38.13203168339133,37.57850127220885,38.13203168339133,4938500
2019-07-31,37.455509185791016,37.92996064869678,36.94590882532813,37.806954589733664,7592300
2019-08-01,36.78774642944336,38.123246616673256,36.55051909174501,37.560931453979144,9662800
2019-08-02,36.59445571899414,36.70867369161147,36.032137158047846,36.155146542783704,9317000
2019-08-05,35.0305061340332,35.60160929554401,34.9514303632342,35.50496075882719,6668400
2019-08-06,36.251792907714844,36.47144750285812,35.926705045368465,36.181505180133826,8667700
2019-08-07,36.251792907714844,36.41873254508814,35.847629257050365,36.06728385219364,5484700
2019-08-08,36.81410598754883,37.060118024828895,36.68231190948443,36.770172393752276,7795900
2019-08-09,36.38359069824219,36.647175568834214,36.02335725971161,36.541742290930095,3480500
2019-08-12,35.98821258544922,36.26058552424666,35.89156401517711,36.06728838370244,3463500
2019-08-13,36.76138687133789,36.89318094648166,35.62796855042166,35.69825961760836,7697800
2019-08-14,35.52253341674805,36.10242128362358,35.36438187563087,35.89155144491321,9621800
2019-08-15,35.90034484863281,36.01456616792582,35.443462923123654,35.47860846008502,7690100
2019-08-16,36.497806549072266,36.664742826621115,36.15514593366712,36.18150341126352,4845700
2019-08-19,36.70867156982422,37.08647770766077,36.594453603808766,37.042547462911536,3797600
2019-08-20,36.8492431640625,37.0952585195825,36.65594945460085,36.90196145845868,7540300
2019-08-21,37.41156768798828,37.46428263932506,37.15676758431808,37.26220083865437,3914600
2019-08-22,37.01619338989258,37.3324965438305,36.66474469625864,37.24463269459044,3145600
2019-08-23,35.97941207885742,37.03375447544698,35.90033631532165,36.8492421260888,7526900
2019-08-26,36.322078704833984,36.50658773352303,36.13756967614494,36.34843617988595,5519000
2019-08-27,36.33086013793945,36.62080574402733,36.2605724269154,36.5065844429931,4192800
2019-08-28,36.59445571899414,36.699888982819,36.067282696543806,36.304510053897,3586000
2019-08-29,37.147979736328125,37.40277984145021,37.10404949274291,37.20069803962803,5171600
2019-08-30,37.455509185791016,37.68394853077055,37.21828177850627,37.52579692591405,5382200
2019-09-03,36.655948638916016,37.04253940089889,36.53294263972429,37.033754694526095,4748000
2019-09-04,37.91238784790039,37.91238784790039,37.24463594210447,37.43793307562384,4460900
2019-09-05,38.870079040527344,39.10730305631613,38.448339263948434,38.448339263948434,7698300
2019-09-06,38.4044075012207,38.69435316723366,38.38683473191722,38.65920762862669,4325300
2019-09-09,38.52741622924805,38.72950141454023,38.25504666515238,38.58013454084556,4677000
2019-09-10,38.7470588684082,38.7470588684082,38.096883317794514,38.30774979574297,5001600
2019-09-11,38.852500915527344,38.896431158631025,38.518625034946496,38.58012804562419,4016800
2019-09-12,38.720703125,39.06336368070865,38.597697115428936,38.91400019813304,6577900
2019-09-13,39.30938720703125,39.38846299411313,38.826144423940285,39.03701430671299,6231100
2019-09-16,39.18638610839844,39.30939552116976,39.089740883002364,39.124883077844665,3716300
2019-09-17,39.65205383300781,39.66962660520281,38.84372307035594,38.90522609720663,6110900
2019-09-18,39.572967529296875,39.71354631787654,39.195161406552266,39.68718549074975,4044800
2019-09-19,39.73403549194336,40.01721764783322,39.61014034491866,39.64553895835429,6422700
2019-09-20,38.82252502441406,39.73402040745785,38.82252502441406,39.61897664536566,7249200
2019-09-23,38.999534606933594,39.19422363075464,38.804845583112545,39.096879118844114,4347000
2019-09-24,39.04377365112305,39.4243002828466,38.99067911000642,39.291560554257664,7592200
2019-09-25,39.83137512207031,39.911020311416095,38.93758210900983,39.11457179375573,6719500
2019-09-26,41.11454391479492,41.15879048966236,39.91101817393594,39.91101817393594,15832500
2019-09-27,40.273841857910156,41.13223951129116,39.99065975333442,40.70746635442755,9610400
2019-09-30,41.132240295410156,41.3623278696373,40.81365957773999,41.211885474827696,8396900
2019-10-01,41.76055145263672,42.344614991282086,41.55701451690545,41.55701451690545,11575200
2019-10-02,41.0880012512207,41.53932176673965,40.999508091565275,41.33578479889403,5785200
2019-10-03,41.70745086669922,41.716298829666435,40.91985050654843,41.105688111029636,6091600
2019-10-04,41.96408462524414,41.990635267208766,41.3977204416854,41.61895666187534,5704200
2019-10-07,42.4331169128418,42.61010660254847,41.97294506992347,42.238427916584705,11059000
2019-10-08,42.35346603393555,42.83133711923458,42.12337845547434,42.70744199001857,13089700
2019-10-09,43.07912063598633,43.41540066377013,42.62779681894545,42.65434746311068,11033100
2019-10-10,43.30036163330078,43.7074355467368,42.910987025987744,43.28266232717781,9566500
2019-10-11,43.73398208618164,44.06141418028125,43.654340273657176,43.760532732820536,7499100
2019-10-14,44.1676025390625,44.362291509285534,43.62778557675108,43.73397802605587,7974000
2019-10-15,44.59237289428711,44.81360911890715,44.34458940296767,44.424234578862766,9323200
2019-10-16,44.36229705810547,45.247242123193885,44.30919913891306,44.548134711582634,13615700
2019-10-17,44.02601623535156,45.31803519809712,43.59239167552184,45.25608931466394,12410200
2019-10-18,43.61008834838867,44.326895010859154,43.477348624388604,43.937520427676134,9169200
2019-10-21,44.247257232666016,44.344601738705535,43.654345606131244,43.83133193442365,6538900
2019-10-22,44.81360626220703,44.98174794270986,44.40653244504685,44.51272488087197,10697300
2019-10-23,44.39768981933594,44.601230143657986,44.17645356540073,44.33574393829787,7118800
2019-10-24,45.08795166015625,45.1764448161866,44.45079013418569,44.68087774114062,7006600
2019-10-25,45.247230529785156,45.33572366330095,44.85785264040365,44.955197112749026,6303500
2019-10-28,45.406532287597656,45.55697132755967,45.17644468132956,45.48617747810623,7725500
2019-10-29,45.54811096191406,45.87553960006412,45.521560321774565,45.57465822625697,5303900
2019-10-30,45.93749237060547,46.07023546386104,45.63661095158367,45.83129992147927,5198100
2019-10-31,45.68971633911133,45.95519919325969,45.4419294162149,45.91980057916054,5140800
2019-11-01,46.10563278198242,46.10563278198242,45.75165681028379,45.91979514365585,5226600
2019-11-04,47.33571243286133,47.60119527395259,47.00828033224454,47.38880697560109,7233400
2019-11-05,47.388816833496094,47.76049558897903,47.33572227971151,47.459614072939765,5287100
2019-11-06,47.46845245361328,47.56579695029031,46.99058131127013,47.5215503724728,4545100
2019-11-07,47.494998931884766,48.114461138376235,47.362259200649234,47.69853926288131,7890900
2019-11-08,46.751644134521484,47.37110290955853,46.48615794430888,47.37110290955853,6558400
2019-11-11,46.548091888427734,46.68083494950312,46.15871741882754,46.362254303559205,4046500
2019-11-12,46.14988708496094,46.62775486061474,46.043691245217815,46.62775486061474,8625100
2019-11-13,46.7958984375,46.84899298367512,46.14988891125378,46.530415579231345,5336200
2019-11-14,46.44190979003906,46.66314602381924,46.132180413065626,46.459609093837116,5308600
2019-11-15,47.15872573852539,47.247218899237154,46.79589837833086,46.91093881209662,5986400
2019-11-18,47.27376174926758,47.751632874315014,47.2472144786974,47.2472144786974,4774400
2019-11-19,47.57463836669922,47.91091838825756,47.503844527095744,47.83127320883051,4731100
2019-11-20,47.34456253051758,47.59234607659028,47.087927643057924,47.38880911005947,5264800
2019-11-21,46.8843879699707,47.35340776247478,46.848989358061644,47.34455979739623,6037000
2019-11-22,46.71623992919922,47.04366858189303,46.67199336139682,46.8312803303261,4172300
2019-11-25,47.57463836669922,47.733928725553326,46.72509203667533,46.98172687880662,5021500
2019-11-26,47.4596061706543,47.60119725016777,47.23836989792713,47.34456236361284,5672800
2019-11-27,47.689674377441406,47.840116747737504,47.37994505006193,47.8135661083932,2786100
2019-11-29,46.98173141479492,47.0436772963526,46.72509654788607,46.955184144355165,3391700
2019-12-02,46.8843879699707,47.42420498629291,46.70739828622282,47.38880637438384,4475800
2019-12-03,46.7074089050293,46.84015204196837,46.17644310886941,46.38882807701408,5468100
2019-12-04,47.061370849609375,47.40649882633073,46.999424975623334,47.141016026991,3905200
2019-12-05,48.14101028442383,48.2649020467002,47.33571045383007,47.45075087548822,7624300
2019-12-06,48.61887741088867,48.69852259645489,48.22950282356344,48.22950282356344,5429100
2019-12-09,48.19409942626953,48.84010881134313,48.07020767787144,48.716217062945034,6541900
2019-12-10,48.2472038269043,48.725074957120924,48.07906548514544,48.38879489780581,4364800
2019-12-11,49.46842575073242,49.733908569671804,48.69852118727186,48.707372527521585,11028000
2019-12-12,51.86662673950195,51.8754747041084,50.459564061269155,50.663101005189965,15788700
2019-12-13,51.54803466796875,52.671914970546226,51.54803466796875,52.25598983374292,9886900
2019-12-16,51.804683685302734,51.94627475730906,51.583447424305504,51.583447424305504,5779400
2019-12-17,52.415287017822266,52.84006017279755,52.01706113009639,52.84006017279755,8407500
2019-12-18,52.30024719238281,52.778118293827255,51.963970529112025,52.74271968428385,10021200
2019-12-19,51.64971923828125,52.130928626065284,51.578430847153804,52.130928626065284,7228700
2019-12-20,51.62299728393555,51.952713385353206,51.07940916576728,51.48932684854387,8043800
2019-12-23,51.88142395019531,51.98835825675919,51.64081921089135,51.71210761547383,4022000
2019-12-24,51.471500396728516,51.765573974838716,51.2843645194112,51.67646262355813,2692200
2019-12-26,51.908145904541016,51.99725724162101,51.47149219433802,51.50713808892186,2490400
2019-12-27,52.09529113769531,52.318072919911984,51.979447058496405,52.157669764765565,2847800
2019-12-30,51.55170440673828,52.30025135073168,51.346745569611315,52.273518623961294,3519900
2019-12-31,51.77448654174805,51.80122266807788,51.20416570428986,51.400214766933736,2950200
2020-01-02,53.503273010253906,53.57456141205576,53.111174902513056,53.111174902513056,8432600
2020-01-03,51.738853454589844,52.55868895778791,51.72103050025324,52.54977918031008,10546400
2020-01-06,51.14178466796875,51.40912212302147,50.910093113424445,51.32892054656764,8897200
2020-01-07,51.97053527832031,52.22004979329769,50.56255614460185,51.195255607226095,7444300
2020-01-08,52.353721618652344,52.558680461318865,51.78340076960108,51.854689176042285,5381500
2020-01-09,52.781455993652344,53.209196579695295,52.309159733947,53.19137363035434,5112700
2020-01-10,52.45173645019531,53.200283275964715,52.37153488317074,53.200283275964715,4807700
2020-01-13,53.52110290527344,53.6102142689336,52.97751474855681,53.601304492319834,6613700
2020-01-14,53.75279235839844,54.037952790057275,53.39634011913464,53.61021214256902,6715200
2020-01-15,52.03290939331055,53.200287085964675,51.91706192167189,53.1735509621219,10075100
2020-01-16,52.353721618652344,53.191379940773835,51.9527137093568,52.75472952794789,11215700
2020-01-17,52.20222473144531,52.35371469972512,51.69427918054608,52.25569017936527,8125700
2020-01-21,51.899234771728516,52.57648975419111,51.21306661616353,51.67645303548194,9873700
2020-01-22,51.99726867675781,52.52303383966603,51.97053594963073,52.48739133662337,8124500
2020-01-23,51.22197723388672,51.74774227606701,50.45560750467008,51.56060643038747,9999200
2020-01-24,51.444759368896484,51.81012128919182,51.204154680012294,51.765565620742066,10402200
2020-01-27,49.24367141723633,49.89419705122481,49.0654487552235,49.56447764786643,9675500
2020-01-28,50.874446868896484,50.90117959440693,49.439731677246435,49.66251345484724,8124400
2020-01-29,50.963558197021484,51.25763177502337,50.660574843646884,51.25763177502337,7693400
2020-01-30,49.724884033203125,49.93875600081436,49.065451981879384,49.08327492912862,10295700
2020-01-31,48.0673828125,49.439719027236194,47.76439953651122,49.395163362992406,13467200
2020-02-03,48.807037353515625,48.95852734643869,48.24562626337026,48.43276216029188,9594300
2020-02-04,51.257633209228516,51.36456751359392,50.705135337396996,50.72295488864102,12746600
2020-02-05,51.614078521728516,51.819040740311536,50.94573321587435,51.77448166708392,6594400
2020-02-06,51.70318603515625,51.93487754637651,51.043750596579365,51.92596777260554,4236300
2020-02-07,50.08134078979492,50.918998991344196,49.95658354694502,50.918998991344196,6808400
2020-02-10,50.81206512451172,50.83879784838144,50.206098454678504,50.29520980049753,4281200
2020-02-11,52.27351379394531,52.487385786487735,51.5160571441434,51.64081439005148,6523200
2020-02-12,53.137901306152344,53.244835588981765,52.487379036589076,52.7992721112497,5962900
2020-02-13,52.87057876586914,53.20029488027623,52.34481357833217,52.692352644785664,6460100
2020-02-14,51.85468292236328,52.72798704207503,51.569522532228014,52.59432002135037,6932400
2020-02-18,50.06352233886719,50.40215159944104,49.5734030981878,49.99223053690208,10989000
2020-02-19,51.364559173583984,51.631896590780315,50.79423844373057,51.01702019129079,7866300
2020-02-20,50.33085250854492,50.82988485189003,49.733799050763565,50.74077011233926,7192900
2020-02-21,49.537757873535156,50.48235386618799,49.475379245654146,50.48235386618799,6816600
2020-02-24,48.22779846191406,48.735740644986414,47.390140198460394,47.71985627884171,9968800
2020-02-25,47.99610900878906,49.4308242691487,47.969376281998365,49.306067011618346,12670700
2020-02-26,49.03871536254883,49.37734455808096,48.45948488004813,48.55750938923214,10969300
2020-02-27,47.48816680908203,48.655541204151035,47.4703438580927,48.29909238250521,11878900
2020-02-28,47.978275299072266,48.16541114340413,45.447474615860905,45.75936768974734,13604500
2020-03-02,49.88530349731445,49.912036227253914,47.969381932150704,48.45058806796451,13797700
2020-03-03,48.90504837036133,50.23282563313765,48.15650159022489,50.17044701807458,14661800
2020-03-04,50.86554718017578,50.87445695731936,49.50212011931224,49.876395347578196,9878200
2020-03-05,49.662513732910156,50.25065749309414,49.234773125447276,50.00114298858583,10004200
2020-03-06,49.074378967285156,49.08329214372562,48.094140320442975,48.65554805848383,12971200
2020-03-09,46.18711853027344,48.245619924720344,45.50095026566445,45.9376006344465,13781100
2020-03-10,48.575340270996094,48.673364803052145,46.775266389055446,47.862439218834396,11698700
2020-03-11,46.55247497558594,47.728762318364005,46.418804568705845,47.32775449710338,14498000
2020-03-12,43.388980865478516,45.438576084577974,43.22857770225542,44.25337531180515,15942200
2020-03-13,46.54356384277344,46.74852264943068,43.923651627969754,46.249493693875586,14948700
2020-03-16,40.01161193847656,43.08599800508801,40.01161193847656,41.294833860208804,16628200
2020-03-17,43.25531768798828,43.27314064097871,40.127459125472285,40.76907183560494,13415700
2020-03-18,39.53932571411133,41.072066082179695,38.55017365794542,39.03138331760153,15018500
2020-03-19,39.482635498046875,40.643096574560936,38.412134639652955,39.34770031831382,11182600
2020-03-20,40.05836486816406,43.43179564232918,40.01338647750144,43.19790595190481,14157700
2020-03-23,40.71505355834961,41.029909114320866,39.14978380929871,40.58911270861342,10508600
2020-03-24,43.962554931640625,44.007533328486474,42.73012901357953,43.17991984530142,12216200
2020-03-25,44.07949447631836,45.02405438591323,43.2248913460635,44.349368245969586,9796600
2020-03-26,44.86213684082031,45.392890162424656,44.00753356954122,44.1694585443786,10577500
2020-03-27,42.199371337890625,43.26087786568662,41.839537337012494,42.48723716594059,12158500
2020-03-30,43.018001556396484,43.323859506763306,42.07344134932115,42.442269751384174,8428300
2020-03-31,42.99100112915039,44.106480278349146,42.87405457214966,42.9999954343207,9595700
2020-04-01,41.839542388916016,42.78410589736432,41.65063105987907,42.12741168335603,8755200
2020-04-02,43.296852111816406,43.37781457203169,41.92948802353084,42.208356050781916,6174700
2020-04-03,42.33430862426758,43.314852642830736,42.082423458865286,42.991002738478684,5486200
2020-04-06,44.95209884643555,45.06904199717913,43.63870695057189,43.74665922582547,7370300
2020-04-07,44.727203369140625,46.166532721218964,44.673227231575744,46.139546368252454,6568700
2020-04-08,45.22195816040039,45.51881824301107,44.565264139005684,45.167982040093555,6325900
2020-04-09,43.47677230834961,45.572795262997765,42.928027085104695,45.2309533575675,12274000
2020-04-13,43.85459899902344,44.160456852384435,43.1439287762683,43.84560469376186,9873200
2020-04-14,45.545814514160156,46.12154615301372,44.934098789970434,44.97907718082501,11068800
2020-04-15,44.673213958740234,44.95208543918899,44.115474429473565,44.763170729656174,9398100
2020-04-16,47.1380729675293,47.80376136986563,46.49037317573726,46.607319734062195,18615900
2020-04-17,48.29853057861328,48.74832133866171,47.677820565133665,48.69434864369985,11288500
2020-04-20,47.308990478515625,48.41547529432473,47.28200413206183,47.67781875045199,9901700
2020-04-21,46.21149826049805,46.6073162958969,45.44685539841902,46.418401582806126,13102500
2020-04-22,47.632850646972656,47.776783578521425,47.14707571613365,47.21004615920925,8255500
2020-04-23,47.353973388671875,47.79476986875474,47.01213143054423,47.50690404032031,7619900
2020-04-24,47.434940338134766,47.57887326591765,46.77824614064839,47.317993761926274,5701800
2020-04-27,48.136600494384766,48.352501546089506,47.65082913340299,47.81275406427385,5812300
2020-04-28,47.4619255065918,48.33452078981654,47.38996076031012,48.13661173218661,8561100
2020-04-29,49.00920104980469,49.19811234638457,48.06464113527409,48.35250694862377,8565500
2020-04-30,47.79476547241211,48.946228680233915,47.64183483483081,48.75731739113147,6337900
2020-05-01,45.9686164855957,47.28200817529975,45.95962217988565,47.210040003094015,10238700
2020-05-04,46.91318893432617,46.94017528830078,46.13055035274278,46.58933896010298,7514000
2020-05-05,46.51734924316406,47.29998746249871,46.400406142313926,46.96713990325645,7780700
2020-05-06,46.89518356323242,47.3359765671888,46.77823700985111,46.87719152181753,8206700
2020-05-07,47.07509994506836,47.65982584125174,46.868193187252714,47.632839495289254,5493400
2020-05-08,47.59685516357422,47.98367546795465,47.20104055446374,47.33597571520026,6086000
2020-05-11,47.1380729675293,47.524893295223855,47.12008092535383,47.32698426292492,6459300
2020-05-12,45.9686164855957,47.35397291587416,45.9506278741756,47.35397291587416,8584500
2020-05-13,45.80669403076172,46.79623586283056,45.41087935691309,46.69728133646052,8611000
2020-05-14,46.86820983886719,46.913191673627374,44.79017810231694,45.36590989827255,13695600
2020-05-15,44.79916763305664,45.92364474950702,44.42134496911259,45.482851641572296,17777200
2020-05-18,46.661293029785156,46.94915884503691,45.671754718811144,45.82468193182499,12726500
2020-05-19,45.70774459838867,46.29247060841089,45.69874686022878,46.19351607844193,12940300
2020-05-20,46.63429641723633,46.859191750376624,45.42885729433914,46.400406780687824,8406200
2020-05-21,45.65376281738281,46.96715103247859,45.59978668999473,46.86819651474938,7842600
2020-05-22,44.79916763305664,45.75272546319402,44.62824834674364,45.73473341753499,12462300
2020-05-26,45.71673583984375,46.23849480592366,45.689749490436654,46.14853458851432,8872000
2020-05-27,46.54434585571289,46.54434585571289,45.653758707945705,45.905640416488346,11405700
2020-05-28,45.230960845947266,46.436400303122085,45.069035886652784,46.29246738726381,8178700
2020-05-29,45.27594757080078,45.635778183577074,44.85314308336607,45.28494187767669,10918500
2020-06-01,45.90564727783203,46.130542674539626,45.46485422199874,45.79769844826918,6187300
2020-06-02,46.78723907470703,46.81422885712131,46.13954263450126,46.28347555806161,6063600
2020-06-03,47.73179626464844,47.90271551655033,47.15606121436763,47.35397024514013,8380200
2020-06-04,48.82929229736328,48.910254785505366,47.704815201851915,47.73180498565379,13269500
2020-06-05,49.65690612792969,50.682428626032184,49.53096525014609,49.926779927699044,9776100
2020-06-08,49.9897575378418,50.17866888161736,49.216116684324305,50.142688219682995,6302100
2020-06-09,50.925289154052734,50.94328118874355,49.43198459101256,49.73784231749692,9355100
2020-06-10,51.77091598510742,52.21171244148913,51.11422188482416,51.11422188482416,9194300
2020-06-11,49.51296615600586,50.745391839506134,49.4859763777298,50.24162496846939,9877100
2020-06-12,50.376564025878906,51.15919897042425,49.79183467792609,50.82635477610997,9838800
2020-06-15,50.394554138183594,50.48451091213312,49.045181939155,49.216101182311476,7509700
2020-06-16,50.196659088134766,51.27615783412698,49.96276935179188,50.907329467673094,8827200
2020-06-17,50.91630935668945,51.11421837637417,50.27760734250999,50.51150044425209,8248700
2020-06-18,50.88913345336914,51.24259258867129,50.562862418540554,50.78943914191747,6831500
2020-06-19,50.127830505371094,51.20633435603449,50.09157740351196,51.18820780510493,6965100
2020-06-22,50.753177642822266,50.753177642822266,50.136888780576555,50.30002427101135,4480400
2020-06-23,51.44196319580078,51.80448723352121,51.233513084161444,51.333207367398835,7836500
2020-06-24,51.27883529663086,51.713862102432145,50.89818468075115,51.39665267965144,7080200
2020-06-25,51.695743560791016,51.741058211839935,50.70786895586499,51.260716687606106,4509600
2020-06-26,51.05226516723633,51.89512733469917,50.94350585887208,51.65948908114896,6229300
2020-06-29,51.10664367675781,51.124770228972096,50.445040078724844,51.06132902486526,5016600
2020-06-30,51.45103454589844,51.65042313697231,50.92537497208038,50.979754621633035,7158700
2020-07-01,51.49635314941406,52.0854539643401,51.44197349568229,51.63230055510042,6866500
2020-07-02,53.12770080566406,53.535539535302185,52.520476941647445,52.520476941647445,10021200
2020-07-06,56.08226013183594,56.30883680912988,54.8859355523068,54.985626386196124,12725600
2020-07-07,55.021888732910156,55.7378719832568,54.994700633396285,55.520356815286895,6672300
2020-07-08,56.72573471069336,56.8616820943403,55.737860300410915,55.86474268126242,8721900
2020-07-09,58.71055603027344,58.882756542658065,56.997636654631215,57.052016309692604,16903300
2020-07-10,57.8676872253418,58.51116421723547,57.2695248815432,58.429599925035966,10700000
2020-07-13,58.973384857177734,60.7950635124659,58.89182056187957,59.09120225524365,16667700
2020-07-14,60.686309814453125,60.74975102151856,59.20903204160189,59.816256011310095,10482700
2020-07-15,59.870628356933594,60.91288261836818,59.0549577227933,60.88569451917317,12432500
2020-07-16,60.35095977783203,60.38721287554685,58.29364661315835,59.254329501601326,15709400
2020-07-17,60.17877960205078,61.62886926056117,60.15159150135573,61.00351528628332,11716600
2020-07-20,60.622867584228516,60.704438800263354,59.63499638880041,60.450667061711634,6357300
2020-07-21,61.456668853759766,62.76175300619082,61.3660395464127,62.39016385712306,10619700
2020-07-22,62.10920333862305,62.44453934085065,61.656049942701884,61.71949114154796,7366100
2020-07-23,61.05788803100586,62.08201216580915,60.49597535865344,61.86450048262216,8559500
2020-07-24,66.97608947753906,69.68594550360898,64.66500383429019,64.71032195065732,41226800
2020-07-27,75.45002746582031,75.5859748441684,72.89424302824563,73.73710847651871,39899200
2020-07-28,69.71312713623047,72.12390688003883,69.32341488120028,71.91545324450371,31500100
2020-07-29,74.92439270019531,75.55881170380538,69.84001023874498,69.88532835135041,28304000
2020-07-30,72.44110107421875,73.66461384214645,71.24477640331158,72.51360727598815,16820300
2020-07-31,71.49853515625,72.29608256463753,70.2478343969345,72.16920017954341,12021200
2020-08-03,71.55293273925781,71.73419828256829,70.15722608592117,70.4834902347331,10129800
2020-08-04,72.6767578125,72.6767578125,71.36260856312292,71.89733326861385,12569400
2020-08-05,73.98182678222656,76.12977653808291,73.02114371952828,73.39273285257808,14436300
2020-08-06,72.975830078125,74.40779666969468,72.70394215115893,74.35342046721607,9838700
2020-08-07,72.53173828125,73.22053344405238,71.96983244267176,72.94863861504354,8705800
2020-08-10,72.38672637939453,73.27490316846296,71.79762557831813,73.00301527805456,7421400
2020-08-11,70.6375503540039,71.7794918812614,70.6375503540039,71.67979758553025,7056300
2020-08-12,71.95169067382812,72.09670306948604,70.44722509902105,70.83693726913721,8354400
2020-08-13,70.96383666992188,71.68887807830785,70.53787129877631,71.59824876658126,6551800
2020-08-14,71.06351470947266,71.80668595871802,70.73724373033355,71.0725727983692,5611200
2020-08-17,72.6767578125,73.31116992283832,72.19641622687622,72.32329864894389,8663900
2020-08-18,71.96981811523438,73.24770696220479,71.82480572474537,72.70392432701374,6804800
2020-08-19,71.18135833740234,71.80671243038543,70.91852845650473,71.6073237680097,7976800
2020-08-20,69.6134262084961,69.87625602199867,68.86119678593072,69.16933779271636,11457100
2020-08-21,71.00009155273438,71.35355766650373,70.56506803737442,70.7100735709697,7942300
2020-08-24,71.50762176513672,72.4229937466678,71.13603258610709,72.25985821446001,6405600
2020-08-25,72.54080200195312,72.93957923355401,72.02420736763952,72.36860148565772,6113100
2020-08-26,74.09058380126953,74.47123101267775,73.41991867908754,73.63743038352476,7821600
2020-08-27,73.04833984375,74.59812392091926,72.65862757302978,74.48030650496139,8018200
2020-08-28,72.90331268310547,73.30208292658476,72.4229712415834,72.5589117140358,5699500
2020-08-31,71.82481384277344,72.28703224648537,71.3172842478409,71.59823714295396,9812900
2020-09-01,73.9093246459961,73.95463583868748,72.49548129132097,72.61330560437777,10193300
2020-09-02,74.47122955322266,74.96063606454452,72.39578611087657,73.72805823926848,12567800
2020-09-03,73.57398223876953,74.14495300200187,71.03632057303787,73.51960604643457,20090100
2020-09-04,71.51667785644531,73.83682121235226,70.15721756236123,72.95770244917959,13638700
2020-09-08,70.07564544677734,71.73418864370038,69.98501614458662,70.71005747668491,11553500
2020-09-09,71.96076202392578,72.23264991790668,71.19040261912158,71.25384381917435,7867500
2020-09-10,71.50762176513672,73.61931867800035,71.3807393417055,73.1752232814176,11241800
2020-09-11,71.43509674072266,72.77643375402498,71.23570815223175,72.51360397052075,7853500
2020-09-14,72.95768737792969,73.5196000059867,72.45921594057498,72.95768737792969,7091100
2020-09-15,77.80643463134766,78.65836520572768,73.75524227302138,73.91837776780538,21048400
2020-09-16,75.34127807617188,78.38646932703764,75.25971378719224,78.38646932703764,14492600
2020-09-17,74.61885833740234,74.96503047699063,73.43457388836892,73.78985783302478,10090200
2020-09-18,73.08841705322266,75.46608435369006,72.979096220333,75.03792672965159,10528300
2020-09-21,73.41636657714844,73.47103046941874,72.04078256820331,72.69669367326789,8417100
2020-09-22,73.31616973876953,73.68967045289635,72.33230301087426,73.63501350699313,6375200
2020-09-23,70.98401641845703,72.81509993991662,70.95668795474832,72.6055701343656,9094700
2020-09-24,71.4030990600586,71.96791303151832,69.3898203016907,69.98196274833383,9940900
2020-09-25,71.85857391357422,71.89501418797988,70.50120670575384,71.21177468098503,6057500
2020-09-28,72.66935729980469,73.21595451371131,72.39606564312366,73.16129062215727,5999300
2020-09-29,73.34349822998047,74.00851423954484,72.25031065973371,72.60559470873886,6114600
2020-09-30,73.85364532470703,74.64620576037325,73.398152259438,73.41636892392883,5878900
2020-10-01,75.26567077636719,75.35676799230923,74.46399859542429,74.75551385660205,6253800
2020-10-02,73.60768127441406,74.88305628216668,73.43459168753084,73.52568890947424,6145900
2020-10-05,77.01477813720703,77.09676356328637,74.2909312053975,74.2909312053975,10129100
2020-10-06,75.7211685180664,76.93277477100413,75.40231781702083,76.31330393367107,7795600
2020-10-07,79.18290710449219,79.25578765776004,77.23339748134607,77.23339748134607,11446400
2020-10-08,79.98458099365234,80.95022401906814,78.81851296734466,80.95022401906814,10920800
2020-10-09,80.87735748291016,80.89558109991009,79.83883372266432,80.476521312193,7608800
2020-10-12,82.81775665283203,83.14570528216481,80.786254420845,81.18709056264599,10022000
2020-10-13,81.6607894897461,82.58088735222371,81.4694832520517,82.44423805379286,8247000
2020-10-14,80.71337127685547,81.87943243358886,80.41274418012094,81.66990951182072,8159000
2020-10-15,80.30342864990234,81.52414672645665,79.42888280022032,79.51998002305275,10327900
2020-10-16,78.98249816894531,80.70426147444266,78.74564676891166,80.66782814387818,7457200
2020-10-19,79.76594543457031,81.642581638335,79.51998223106588,80.4765135227751,7994500
2020-10-20,80.40362548828125,81.05953651365336,79.95723734862597,79.9754609605927,7357600
2020-10-21,79.83881378173828,80.9593296380715,79.77504503871259,80.16676930309085,7387600
2020-10-22,80.35807800292969,81.02310087230637,80.05745094073454,80.56760785089745,5656200
2020-10-23,80.44920349121094,80.57674102600704,79.64753799388198,80.39454653351957,4165400
2020-10-26,79.00983428955078,79.96636560645032,78.13528144228124,79.44710376291258,5568000
2020-10-27,78.99160766601562,79.4562125452603,78.32659167343722,79.21935420188245,5315800
2020-10-28,76.38619232177734,77.80733553562511,76.37708051360045,77.57047717493829,8727300
2020-10-29,77.33361053466797,77.73444664825809,76.5410501146891,76.76879664281576,5845600
2020-10-30,76.4044189453125,77.20608433960166,75.75761954475986,76.91456901892619,4963600
2020-11-02,78.08061218261719,78.30835869124118,77.00564838390106,77.0694171283049,6597100
2020-11-03,79.88438415527344,80.38542240798724,78.39947216293346,78.51790482015222,6274700
2020-11-04,81.48770141601562,81.7792166812441,80.5858271501951,80.82268547515326,7620800
2020-11-05,82.38047790527344,82.86329945321486,81.77922370953847,82.37136609768791,6670100
2020-11-06,83.27323150634766,83.35521690815982,81.12330404427942,81.81564838270914,6403000
2020-11-09,81.10509490966797,84.24800126196013,81.02310949322158,83.99291930460181,8978000
2020-11-10,79.8570327758789,80.89555621667802,78.98248013600156,80.53116044177435,8350100
2020-11-11,82.79041290283203,83.06371150844137,81.40571711174965,81.53325460762807,7707300
2020-11-12,81.82478332519531,83.71052455306989,81.78834304177342,82.79042650991876,7474600
2020-11-13,84.922119140625,85.45959756416907,83.09103526752196,83.39166232659163,9170900
2020-11-16,90.43360137939453,93.32143305494297,87.78263502362469,87.83729197417455,18436200
2020-11-17,87.19049072265625,89.35863543511141,87.17227405628446,89.2584333446566,10843700
2020-11-18,88.3018798828125,90.00542633271795,87.79172990862568,89.7503443953524,8526600
2020-11-19,88.01036071777344,88.23810722476483,87.10848649616365,88.15611486810658,5542800
2020-11-20,86.84431457519531,88.547854290834,86.81698610172327,88.05592786779123,5329800
2020-11-23,89.39508056640625,90.12387236572295,88.2290192477185,88.51142971884741,8802400
2020-11-24,88.03768920898438,89.81410918386077,87.47287536940406,89.72301197109537,7022800
2020-11-25,88.81202697753906,89.26751999694422,87.58219721519956,87.63685415344116,5194900
2020-11-27,89.95076751708984,90.43358904850865,89.3221918206543,89.76857307325078,4367100
2020-11-30,88.38386535644531,89.23108267862797,87.63685705787464,88.875798667739,13840500
2020-12-01,91.88207244873047,95.01586732908325,89.75036103933806,89.90523398188455,16157300
2020-12-02,90.67957305908203,92.95703870668724,90.66134944174799,92.92059842229274,8676300
2020-12-03,90.64312744140625,92.1826963526894,90.57935868503628,92.06426369780722,7359000
2020-12-04,94.49658966064453,94.5148063242258,91.73629598470592,92.4741994397838,10824500
2020-12-07,96.91980743408203,98.03121155155773,95.62620888270992,96.58274008607431,11793000
2020-12-08,96.23658752441406,98.24075450743375,95.7537659207949,98.18609755616322,9876200
2020-12-09,95.12516021728516,97.1111100539061,94.29616653861224,96.5736316287614,8204100
2020-12-10,94.95207214355469,95.75373730714996,93.10276475833025,93.8315563254325,7135000
2020-12-11,94.76988220214844,95.76286065828245,94.03198569044307,94.75166553839684,7492600
2020-12-14,94.34173583984375,95.56246105504503,94.2870788877645,94.53304212239478,5878000
2020-12-15,95.73554229736328,96.91071540151893,95.12518317396979,96.27302780249194,7399900
2020-12-16,95.83574676513672,96.26391139701187,94.7061258078282,96.24569473088394,5986900
2020-12-17,95.05081939697266,96.34987606221087,95.00507511427652,95.96564921411465,7779300
2020-12-18,95.39844512939453,95.87416050755067,94.37384027723746,95.14229391635526,7417000
2020-12-21,95.90160369873047,96.02052905274606,94.52020883157792,94.73976601575941,6116400
2020-12-22,95.0874252319336,96.25840642651237,94.14515152003345,96.1211805409855,5597100
2020-12-23,94.9227523803711,95.93821412776124,94.77637624616072,95.75524395999828,3320800
2020-12-24,96.94451141357422,97.28299396003041,95.75522992601117,95.83756823433646,3172100
2020-12-28,97.10917663574219,98.95712960790789,96.92620650311392,98.43567694421189,5157000
2020-12-29,96.56945037841797,98.02403367485091,96.25841153567313,97.88680778204042,4602400
2020-12-30,99.62498474121094,100.35684452660351,98.25273979155128,98.52718459372397,9571800
2020-12-31,99.75304412841797,100.3293844007339,99.20414763388885,100.32024112787003,4909500
2021-01-04,102.1865005493164,104.38209378067722,101.04296313502415,101.97609357366177,11262100
2021-01-05,103.16535949707031,105.15968885666962,102.4700938337956,102.8360271710758,10583600
2021-01-06,105.76345825195312,106.47702427474712,102.9640817072701,104.1533560853946,10609300
2021-01-07,111.08777618408203,112.46917105294052,107.57482633485455,109.17577838816568,13556100
2021-01-08,108.58116149902344,115.53386724286449,107.01680323012906,115.18623439853178,18976800
2021-01-11,112.15814971923828,113.07297966308133,108.68180012039383,109.54173552147927,12006800
2021-01-12,112.52408599853516,114.53670913512474,111.31651072066165,114.50012207847293,14163200
2021-01-13,109.0751724243164,114.17077470571155,107.94992857241127,113.8048413485295,20650500
2021-01-14,115.68022918701172,123.1818309995742,111.30734371727914,112.93573969759652,37125400
2021-01-15,114.56415557861328,117.5922334437204,112.71619520541039,117.52820260719396,17343100
2021-01-19,120.1171646118164,122.6329467519911,117.50075062766689,119.46762926267053,20443800
2021-01-20,119.51338958740234,124.53581126841075,119.01938753380706,123.67586884252464,17360700
2021-01-21,122.73356628417969,123.86794627425255,121.06856938892555,121.90106783655261,15460100
2021-01-22,118.14112854003906,120.07142011898641,117.83923300863637,118.96446983717658,19163200
2021-01-25,119.40357971191406,120.91304317570443,116.50356417683057,120.60200441915998,20469300
2021-01-26,115.86319732666016,118.30579823427375,115.49726400517967,118.05879027594546,17084600
2021-01-27,111.37136840820312,114.44519683266228,111.151811229198,114.30797097843525,16732700
2021-01-28,115.11304473876953,116.71399701852329,113.05467752194326,113.89631933105315,14148100
2021-01-29,111.17011260986328,113.76823283350767,110.28273357961727,113.43889355192461,15169200
2021-02-01,115.87234497070312,116.04615788530556,112.87169738578832,113.93290329623333,10179900
2021-02-02,117.50074005126953,119.15657973192337,116.59505353701813,118.44301361494763,9302400
2021-02-03,116.64080810546875,118.14112852979086,115.32345086280621,118.01305290670956,9676600
2021-02-04,117.23544311523438,117.28118740090852,115.24112068444578,116.6408092790588,7445100
2021-02-05,116.8969497680664,117.90326812348704,115.90893191707019,117.82092283317456,6226800
2021-02-08,121.26068115234375,121.90105915908936,117.73858117645246,117.73858117645246,11160000
2021-02-09,121.37957763671875,122.96224280418315,120.5287928581319,122.56885884006036,7929100
2021-02-10,122.30359649658203,124.41685107175614,121.22409008879582,122.69696660470424,12196300
2021-02-11,127.30770111083984,127.37173192940384,122.64206417778614,123.86793259388656,12347900
2021-02-12,126.3014144897461,127.9023668239894,125.47807315867101,127.08816876665637,11114100
2021-02-16,128.12191772460938,130.08879623308025,127.5455704771768,129.549049995209,11833600
2021-02-17,124.6638412475586,127.74681272420229,124.50832188099719,127.3534426721692,12311200
2021-02-18,123.16353607177734,124.30707328121093,122.03828540707468,123.3647997373732,11614600
2021-02-19,125.02067565917969,126.20080025969472,124.16073319469348,124.55410340846565,10771900
2021-02-22,122.19380950927734,123.7581604763108,121.83701252609444,122.21209605262513,10363800
2021-02-23,118.10455322265625,120.51970375465937,114.70137768079896,118.10455322265625,18444700
2021-02-24,121.031982421875,121.10517047921873,116.80546633483775,118.47959952409259,12782900
2021-02-25,115.2685546875,120.3367056325078,115.0124034604856,120.31841908714601,13581200
2021-02-26,115.21367645263672,116.54017697680347,112.36855498890439,114.74711126306443,17281000
2021-03-01,118.1319808959961,119.2023301263522,116.40294608902383,118.58939581285915,9714900
2021-03-02,115.2685546875,117.57392968982458,115.2685546875,117.4915843989168,8274500
2021-03-03,112.42343139648438,116.87865494925765,112.25876175647475,115.92723113804622,10660300
2021-03-04,105.74516296386719,112.66128032643384,103.82402196633075,111.56348048527246,24454200
2021-03-05,110.51142883300781,110.96884367589345,105.55304663163413,110.60291040566563,17448700
2021-03-08,104.22655487060547,110.69440099677004,104.01614095471281,110.27358014458191,17246900
2021-03-09,106.4678955078125,108.31585571473191,105.50732835237228,107.09913033824311,17717100
2021-03-10,104.13508605957031,107.97736873214963,103.75085918823198,107.76696177005398,15240300
2021-03-11,110.31016540527344,110.51142905327973,107.09911124752895,108.16946030691157,15091600
2021-03-12,108.224365234375,108.86474328539133,107.29123495478288,108.86474328539133,8171000
2021-03-15,108.93794250488281,108.9653862842245,106.7697932021152,108.54456538192323,8935000
2021-03-16,109.18492126464844,110.92309905818047,108.04138416095584,109.52341075999621,10793400
2021-03-17,109.0545425415039,109.75242778726178,105.95994754923927,108.12708111550792,9890400
2021-03-18,105.14269256591797,108.65969435674317,104.77538044835129,108.35666133430847,10283800
2021-03-19,104.3437728881836,105.50080342518383,103.95809837781512,105.0324803735108,11536000
2021-03-22,107.60367584228516,108.65969556481916,105.40899484794119,105.40899484794119,9376400
2021-03-23,105.50080871582031,107.2088039255556,105.25287709126302,106.61192267382744,8977400
2021-03-24,100.05545043945312,105.31718017251872,99.95443941972277,103.2786043283561,24196100
2021-03-25,101.42366027832031,103.53569952328199,99.07287413191767,99.1738851309486,16772400
2021-03-26,107.03433990478516,107.16289809431807,102.11237577270948,102.84700000366546,12910900
2021-03-29,105.04168701171875,107.21800564142154,103.20513333443594,107.02516834601441,10863600
2021-03-30,105.66609954833984,106.60273869938761,104.94984484355709,105.85893681455863,8206200
2021-03-31,108.61378479003906,108.68724861951708,106.11607063495738,106.3272773932326,9806500
2021-04-01,114.6009292602539,114.6743860681186,111.69917166980456,112.77355367393255,17904000
2021-04-05,114.32544708251953,116.98845086554037,112.65418379897874,116.6854178786056,14113900
2021-04-06,112.43379211425781,113.8754861340843,111.60734175125975,113.86630140619135,13042300
2021-04-07,110.0921859741211,112.58989955960752,110.04626933969436,112.43379421198831,11193200
2021-04-08,113.34291076660156,113.70103817412534,111.4604404401642,111.4604404401642,10226700
2021-04-09,112.76437377929688,113.35207026626212,111.75426387429906,112.71845714510798,8315200
2021-04-12,111.01966094970703,112.45217044393047,109.49531817537542,112.2226012554513,9868400
2021-04-13,111.35940551757812,112.85620093083278,110.51459268664722,112.3970626089058,8384800
2021-04-14,110.96456146240234,112.42462516895804,110.65235072360554,112.02058114849558,9521900
2021-04-15,108.67805480957031,112.02976643609156,107.0343385432841,111.75428060151334,18709100
2021-04-16,109.12799835205078,110.74416728625434,108.2189063916404,109.44940079789959,9512100
2021-04-19,105.96913146972656,109.16473042890833,105.78547192811573,108.35664946350613,12630300
2021-04-20,105.555908203125,107.23635631464026,105.18860311273751,106.56601821937714,9299200
2021-04-21,107.80569458007812,107.88833612684014,104.47234540942745,105.14269053649005,8472200
2021-04-22,105.89566040039062,107.89750372852588,105.06003231245195,107.89750372852588,7411800
2021-04-23,108.94434356689453,109.01780738190837,106.45581463193469,107.05269586860582,8380300
2021-04-26,111.58898162841797,111.6073510857402,109.64223950597511,110.19320412542318,8444000
2021-04-27,111.35940551757812,111.70835512601532,110.09218627118177,111.57061222825826,5491800
2021-04-28,109.88101959228516,110.57890500712666,109.02702177658719,110.19323038220422,6476500
2021-04-29,109.36675262451172,110.95537438438892,107.99852231497614,110.85436338778946,8831800
2021-04-30,107.19960021972656,108.52192066566593,107.11695869480232,108.36581533687973,7950700
2021-05-03,106.46500396728516,107.94343003041239,106.27216669895056,107.8699662122196,10229500
2021-05-04,105.93240356445312,106.3548100172775,104.4447927477187,105.60182338295658,9638300
2021-05-05,105.95075988769531,106.9700475540336,105.46407437250397,106.52009394642774,7059000
2021-05-06,107.43838500976562,108.02608159806532,105.10596110987174,105.87731726070005,8581700
2021-05-07,107.28224182128906,109.66057451908054,106.56598729463208,108.72393560096604,9614300
2021-05-10,103.13166809082031,105.9507776665315,103.0582112692181,105.58347254083189,12281200
2021-05-11,103.62753295898438,103.75609114738664,100.21154222510522,100.76251389642444,10007700
2021-05-12,99.36673736572266,101.09309532625487,99.22899443667197,100.4135724170736,15058900
2021-05-13,99.86258697509766,102.3235687090646,99.08205321371267,100.42273629929164,10552000
2021-05-14,103.26940155029297,103.60916646690826,101.23082606239235,101.57059097900765,8425200
2021-05-17,100.82679748535156,101.03799723032921,99.05452294520518,100.15645232517451,10688600
2021-05-18,101.78179168701172,104.20604875433737,101.68996541311881,103.76527283139754,7476600
2021-05-19,103.21430206298828,103.29694360282373,99.1738831981797,99.63302154631941,7280500
2021-05-20,104.02238464355469,104.42642863805753,102.9388178449387,103.20511893168872,6442500
2021-05-21,102.70925903320312,104.68355556119434,102.56233838776213,104.68355556119434,5979400
2021-05-24,104.3437728881836,105.17940799987677,102.95718019530246,103.08573836542527,6653600
2021-05-25,104.94066619873047,105.54673221846433,104.31623772653299,105.46408366763897,5331700
2021-05-26,106.52009582519531,106.52009582519531,104.68354244889885,104.68354244889885,6605100
2021-05-27,106.30889129638672,107.00678355542036,105.60182131452686,106.5200980216097,6513700
2021-05-28,107.76895141601562,108.20972029784954,106.47417793810149,106.79558037989526,5386500
2021-06-01,108.82498168945312,110.22994402293169,107.83324109903445,109.92691100821003,7596100
2021-06-02,109.22901153564453,109.68814988931415,108.28318764802836,109.18310190381474,5383400
2021-06-03,107.27306365966797,108.59538410112141,106.94248354930461,108.40254687105843,4912200
2021-06-04,109.7432632446289,110.05547399640187,108.40257994615855,108.5678700517725,5352100
2021-06-07,108.5586929321289,109.04537855336045,107.9618115641312,108.48522910095147,6266000
2021-06-08,106.44664001464844,108.06280906899308,105.65692144297411,107.9434356126779,11564800
2021-06-09,107.5577392578125,108.03524702919316,106.49254200900782,106.52008918699235,6401600
2021-06-10,108.57704162597656,109.1371910073925,107.09861548891425,107.47511232155917,8566600
2021-06-11,108.58621978759766,108.74232514520091,107.58530154731125,108.62295169630934,6036600
2021-06-14,111.102294921875,111.11147965043891,108.7790560137636,108.86170455904842,7610300
2021-06-15,109.68815612792969,112.02976466718401,109.52286603097178,110.51460661271919,8196900
2021-06-16,108.3750228881836,110.10138772465194,107.89752204343661,109.77999225165917,8059400
2021-06-17,109.80472564697266,110.83713627267045,108.39436693247632,108.47733251933842,7608100
2021-06-18,106.7351303100586,108.67090722528428,106.20048508570233,108.32062606075937,12532800
2021-06-21,105.21416473388672,106.37563374593601,104.18174705286846,106.35719382277725,11116200
2021-06-22,105.38931274414062,105.5367969710238,103.25073870855684,104.6242176584212,11792400
2021-06-23,106.97479248046875,108.23765279504389,106.7535556243702,107.11305672456874,8913700
2021-06-24,108.07172393798828,108.46809783018338,107.17757769051778,107.5923915029651,6772200
2021-06-25,107.41726684570312,108.70778721869779,107.41726684570312,108.26532047864211,6712800
2021-06-28,110.25639343261719,110.56980175804841,108.01642128713043,108.11781975306857,11026600
2021-06-29,110.82791900634766,110.88322470691115,109.15945770072909,110.06282399562757,7874900
2021-06-30,110.7634048461914,111.31648300756572,109.70333426777455,110.7634048461914,7936400
2021-07-01,109.15946960449219,110.80949116801018,108.79996844608681,110.70809268407324,8295600
2021-07-02,109.61113739013672,109.860020059606,109.15023782738166,109.46364615432589,5144300
2021-07-06,110.66199493408203,111.50082853510168,108.97510073825079,110.477630877484,7181500
2021-07-07,109.00276184082031,111.5838025664383,108.96588902670918,111.2058614963768,7391800
2021-07-08,108.6524658203125,109.030399806,106.35718092649549,106.80886756310514,7565400
2021-07-09,111.1321029663086,111.34411986464104,108.42201825508333,108.77229939931806,8374200
2021-07-12,113.04023742675781,113.13242297628669,110.17344124910639,111.7128513133363,10668700
2021-07-13,114.2109375,115.66738211787018,112.57934876031347,113.55646082475293,13460200
2021-07-14,114.66260528564453,115.94390564857233,114.36762981431086,115.36317466735073,10587700
2021-07-15,108.33905029296875,111.26115183828487,107.73066652606575,110.7265136894214,23734500
2021-07-16,106.68905639648438,109.68490432881889,106.16363104043194,109.46367445068391,12110000
2021-07-19,106.32955169677734,106.57844145513678,104.37534161102275,105.0851240032925,9230200
2021-07-20,107.29743957519531,107.73068637001988,105.48149383489857,106.81810000241347,7108000
2021-07-21,108.6524658203125,108.6524658203125,106.8641732603352,107.140715812024,5564700
2021-07-22,107.4449234008789,108.85527519470382,107.12229505470498,108.85527519470382,5746500
2021-07-23,107.65692901611328,108.44967688782019,106.31110303299381,108.44967688782019,5773900
2021-07-26,106.60607147216797,107.0208782702105,105.88706927141729,106.73512278857095,6440600
2021-07-27,104.66107177734375,106.37561868430336,103.28759307282891,106.30187306765004,11127500
2021-07-28,106.07144927978516,106.47704323798783,104.9745058197938,105.02981856222105,6819700
2021-07-29,107.06697845458984,107.95190484239328,106.56920604280607,106.92870716807717,7162000
2021-07-30,107.51866912841797,108.23767145275468,106.18206296474284,106.46781849549961,6482600
2021-08-02,107.72146606445312,109.12259789697904,107.53710901875279,108.31141705001883,6028800
2021-08-03,109.1502456665039,109.36225554224694,107.70301418405506,108.13626092940349,5874700
2021-08-04,109.4544448852539,110.20110708670646,109.03041805904118,109.1686893580339,4254000
2021-08-05,109.89692687988281,109.91535977367926,108.99356036288711,109.75865556170972,4452300
2021-08-06,108.96588897705078,109.32539012350779,108.26531957479884,109.1133802334281,4338100
2021-08-09,108.97511291503906,109.50053822770712,108.14549214957094,109.15946995946733,4280200
2021-08-10,107.26055908203125,109.74020126391342,105.15885796058956,109.23320887375424,5132800
2021-08-11,106.91950225830078,108.11784419974532,106.19127994407165,107.38962188551619,4490400
2021-08-12,106.65218353271484,106.88263337356581,105.49072139842116,106.51391925442108,6338400
2021-08-13,106.46781158447266,106.48624447474378,105.53679238845447,106.07143763232789,4593200
2021-08-16,105.66584014892578,106.4493750979944,105.17728769639017,106.09908689974638,5435900
2021-08-17,102.42111206054688,104.9468399582088,102.0892637781948,104.83622855260472,13398800
2021-08-18,101.81272888183594,104.16331988708635,101.74820321277423,103.00185081120505,9167300
2021-08-19,101.87723541259766,102.29204923530074,99.25932929357545,100.47610384785335,12146900
2021-08-20,99.66494750976562,101.13060508959396,99.3054463285711,100.60517974532728,13042000
2021-08-23,102.28285217285156,102.62392045461486,100.72500906441283,101.47167129932485,9533500
2021-08-24,103.3429183959961,104.22784486559534,103.05716286815468,103.07559575943426,6719800
2021-08-25,107.87816619873047,109.86003601292822,106.5692129382911,106.66139145767397,22106800
2021-08-26,108.86447143554688,109.19631967152282,107.25132302340737,108.75386004540087,9892100
2021-08-27,109.2239761352539,109.97063820730477,108.48654105637932,109.07649193258666,6827700
2021-08-30,109.68489837646484,110.15501799566397,109.20556582772288,109.58349988932837,6434200
2021-08-31,109.70333862304688,111.35336024347232,109.4175760526551,110.6251379395234,8424900
2021-09-01,111.03993225097656,111.86955294846047,110.21031155349267,110.81870240923749,8603900
2021-09-02,111.34414672851562,111.89722494387341,111.03995124859897,111.48241804054784,6866400
2021-09-03,114.27545928955078,114.74557889737939,111.77738405358267,112.07235954554423,10361400
2021-09-07,114.9483642578125,115.48300951344908,114.20170911192811,114.87462566233555,9739900
2021-09-08,112.35811614990234,113.51036527526665,111.74973226875066,113.35366108208203,7983300
2021-09-09,113.0863265991211,113.83298170368388,112.34888442300169,112.63464695845211,5101300
2021-09-10,113.35366821289062,114.6165288327603,113.2799225763632,113.39975396114201,5163900
2021-09-13,113.95282745361328,114.39528716161747,112.64386715490608,113.32600367329879,6622800
2021-09-14,113.46427154541016,113.9620440073247,112.82823481582808,113.9620440073247,5110500
2021-09-15,111.99859619140625,112.92039533701454,111.42707818933215,112.83743678963909,5566500
2021-09-16,111.80145263671875,112.1161482587009,110.46860750442814,111.07023938006796,7301400
2021-09-17,108.98768615722656,111.50527969768741,108.93215329025233,111.2461169029323,10722700
2021-09-20,106.16463470458984,107.37715629085153,105.1002172226272,106.62742737036687,8991000
2021-09-21,106.40530395507812,107.24759011581332,106.0258175873952,107.04396018413419,8182200
2021-09-22,107.24757385253906,107.59003590237978,106.35901279040179,106.65519981111422,5345600
2021-09-23,107.54377746582031,108.26573299884147,106.98842053735171,108.26573299884147,5484700
2021-09-24,107.03469848632812,107.88623538654234,106.93288352416594,107.36790980583046,4455900
2021-09-27,107.50675964355469,107.89550386745792,106.45159271487043,107.090241922238,5198800
2021-09-28,103.57300567626953,106.47934321132603,103.52672358249902,105.82217843738967,9792300
2021-09-29,103.3138427734375,104.45230883758443,102.75848589549105,103.94324111500825,6522400
2021-09-30,103.34161376953125,104.91510616213016,103.34161376953125,104.06356926876266,6433400
2021-10-01,103.25830841064453,103.94324671389765,102.09207585211252,103.66556825996732,5315200
2021-10-04,100.90731048583984,103.13797454099185,100.44451781663709,102.73997256301126,8514500
2021-10-05,101.12946319580078,102.1383478963413,101.09243893225027,101.6292801612483,8039600
2021-10-06,101.20350646972656,101.37011212785293,99.57448121433126,100.37048524075102,7553600
2021-10-07,102.58264923095703,103.39716198093595,102.26794646873643,102.73999708123863,7821900
2021-10-08,101.8514175415039,102.80476936688181,101.36085841284584,102.72147007106719,5143400
2021-10-11,102.0550537109375,103.39714978899414,101.72184238395053,101.88844804744402,5318500
2021-10-12,101.07392120361328,102.76774415273074,100.4815471222262,102.24941859693108,9294600
2021-10-13,101.79588317871094,101.86067387283146,100.84252430571483,101.18499343844097,7845100
2021-10-14,104.18388366699219,106.20165999174922,102.88806983961625,105.64631019978016,16930500
2021-10-15,106.31273651123047,106.39603580520836,104.55412289014107,106.23868798659058,11558800
2021-10-18,106.75701141357422,106.76626924438416,104.9798892274796,104.9798892274796,6773800
2021-10-19,108.2564697265625,108.27498538946453,107.02543942486204,107.18279431290394,5406100
2021-10-20,106.98841094970703,108.32125615993957,106.95139374867261,108.18241694026433,8205800
2021-10-21,107.63633728027344,107.69187014984045,106.0813533774853,106.45158898513141,4640300
2021-10-22,105.7296142578125,108.43232169861875,105.7296142578125,107.59003566744897,6283000
2021-10-25,105.18352508544922,106.02581119540542,104.69296594960934,105.88697197202562,6667700
2021-10-26,105.683349609375,106.72000788152535,105.25758113911417,106.38679654625048,4852300
2021-10-27,105.28533935546875,106.49785397095339,105.24831509203291,105.54450213786338,5394500
2021-10-28,107.37714385986328,107.38639462771579,105.09094722573145,105.20201999485515,5714300
2021-10-29,105.23905181884766,105.6925937262418,104.79477480390364,105.58152094167787,7118900
2021-11-01,105.62781524658203,105.83143811600816,104.91511048779233,105.12799825073976,4955700
2021-11-02,105.6185531616211,106.25720936308906,105.09096975308645,105.13724478723306,4479700
2021-11-03,105.5260009765625,105.60930027892357,104.34125270971586,104.99841754330558,6073000
2021-11-04,109.02469635009766,109.080229209904,104.04504984055312,104.93361090573269,14682800
2021-11-05,109.03395080566406,110.63520941486482,107.59929077072556,109.37641284607702,8668100
2021-11-08,111.91253662109375,113.1528176953992,108.33977633179117,109.58005740609661,15776300
2021-11-09,112.71778869628906,114.09690896275148,111.22759563981356,112.22722956496288,10874100
2021-11-10,109.40419006347656,111.81071772218522,108.9228887687285,110.70001101932212,9046100
2021-11-11,109.39493560791016,111.50526909208915,109.03395788359828,110.38531165747331,6994000
2021-11-12,109.85772705078125,109.97805060364657,108.54339049171381,109.58004862213112,6947200
2021-11-15,109.33015441894531,110.7370411768068,108.76554673714166,110.44085411927509,5157000
2021-11-16,109.29312133789062,109.57079270974641,108.44158449888346,108.93214361131898,5555100
2021-11-17,110.20018768310547,110.65372958147363,108.76553465139911,109.21906948811157,6391400
2021-11-18,114.20797729492188,114.36532511172325,110.88512923369511,111.04247705049649,13229700
2021-11-19,115.01323699951172,115.51305393343877,112.93992074137229,112.94917857209013,9071800
2021-11-22,115.46676635742188,118.55821787471135,114.04136414577128,114.30978473059399,16076100
2021-11-23,112.32903289794922,114.03210646528234,110.62595226896065,113.5878294745239,10984000
2021-11-24,111.72740936279297,111.87550641184961,109.58930941404353,111.07024459633007,6992600
2021-11-26,108.37678527832031,110.18168094842025,107.84920191110928,108.75627866154261,6766900
2021-11-29,110.40380096435547,110.95915066919869,109.12649593705059,109.55226427948556,7634000
2021-11-30,108.43231201171875,111.2275763225176,107.14574909621454,109.31161516289475,10561800
2021-12-01,111.65337371826172,114.31906441553951,110.34830186576679,110.34830186576679,12924400
2021-12-02,112.64373779296875,114.21723717416921,111.08875407387457,111.39419894372394,8425500
2021-12-03,110.45011138916016,112.78258357265224,109.20057246723024,111.99583736711537,7809000
2021-12-06,110.27423858642578,110.60744987902729,107.90474233828695,110.04284224776673,5681200
2021-12-07,113.21761322021484,113.45826741715412,111.31090943174743,111.57007223076359,7459200
2021-12-08,112.73629760742188,113.12504175670298,111.17205611794768,112.57894273224602,5795700
2021-12-09,110.60746002197266,113.00472292071987,110.5982021903137,112.16244384282314,6103900
2021-12-10,110.26497650146484,111.80145152047677,109.4412061325531,111.07023827112653,5973900
2021-12-13,107.75664520263672,110.17242354116739,107.72887877188559,110.01507572580705,5854300
2021-12-14,107.63633728027344,108.27499352692155,106.67372752505632,106.84959102756102,6267300
2021-12-15,111.44047546386719,111.54229041539158,107.81218265466106,108.09911184805397,6700700
2021-12-16,108.34180450439453,112.22675583901972,107.94215614613643,111.84569264332073,9116100
2021-12-17,108.10945892333984,109.19687183012998,107.7469879544098,108.08157763201716,11725600
2021-12-20,106.82686614990234,108.38828222716663,105.86957069668011,107.7376880586339,6980800
2021-12-21,109.1504135131836,109.20617609998665,106.95699528126761,107.87711341785847,6122900
2021-12-22,112.73794555664062,112.86806297767164,108.58346293850978,108.66710681308645,9300100
2021-12-23,112.16170501708984,113.1933553378738,111.38099340826014,112.42193985641056,6512500
2021-12-27,114.03911590576172,114.55959266313086,112.64499464974573,112.663586904045,6309900
2021-12-28,113.44429779052734,114.93136622002451,113.26771390994709,114.67112428125506,6321000
2021-12-29,112.84017944335938,114.45735813750755,112.43123493346563,113.20265040772246,5847700
2021-12-30,111.92005157470703,112.97029411487559,111.70629028854573,112.45911348993802,4187800
2021-12-31,111.81781768798828,113.15617637580226,111.73417381543364,112.78440928575755,3888200
2022-01-03,119.70854949951172,120.44278046346061,115.24735858876107,115.36817987973055,18592000
2022-01-04,123.98384857177734,125.93562406391213,121.1026730616441,121.63243178098998,25554900
2022-01-05,118.09136962890625,121.64173878975419,117.92407478410644,121.48374007268431,17891200
2022-01-06,119.40184020996094,119.8944285882265,116.00018092546932,118.03560023802143,16249000
2022-01-07,114.78263854980469,118.16570522400328,114.60604760603535,117.61735432199673,21248100
2022-01-10,116.18608093261719,116.98537777934085,114.55960594535574,116.27902094228706,11857700
2022-01-11,120.05244445800781,120.40562643319025,116.64149564958534,117.60808738077296,12113100
2022-01-12,122.89643096923828,123.53772901165536,121.0283136044998,121.28854843595389,16389200
2022-01-13,129.3651580810547,134.7650520348925,129.11421228913852,130.81504188904222,52020000
2022-01-14,130.73141479492188,133.72412988282352,126.4839847681643,126.4839847681643,28255300
2022-01-18,124.38350677490234,127.4970359031237,123.8816151542881,127.09739459572305,15191400
2022-01-19,121.7625503540039,126.30738526644296,121.69749873390924,125.11773621406424,11155100
2022-01-20,119.27174377441406,123.3797534492199,119.15091537224004,122.60833784637299,11421900
2022-01-21,115.73995971679688,118.9464432529135,115.49831001737843,118.1099689786714,15573700
2022-01-24,117.06900787353516,117.1712439993921,111.65052156658662,115.03358857439629,17083400
2022-01-25,113.83464050292969,116.93888015008966,113.10969155869583,116.63217179955228,11370500
2022-01-26,114.39230346679688,117.72889710036193,113.2862982801019,116.529951910192,13592100
2022-01-27,108.16522216796875,115.3774783537252,107.83992861576732,115.24736093284461,18599800
2022-01-28,109.30839538574219,111.1579275018959,106.12980079234428,110.33074950111457,14005900
2022-01-31,113.97405242919922,114.10416984038103,110.42369072938041,111.08357391205018,10189100
2022-02-01,114.36441802978516,114.54100190272712,111.62264193600711,114.22500448419179,6956300
2022-02-02,115.38677215576172,117.54301277515727,113.89971088219022,117.3199553568384,8562900
2022-02-03,111.38101196289062,115.13584677641745,110.83266090166917,112.87736962912605,9926800
2022-02-04,112.47769927978516,113.23052957623874,110.96275674150732,111.93864445241843,5743200
2022-02-07,113.67664337158203,115.34029556495018,113.27699500009284,113.90899691103232,6562900
2022-02-08,114.97783660888672,115.11725016527849,113.02606809200608,113.38853908410385,7036200
2022-02-09,116.6600570678711,116.68794544776243,114.0948792054936,116.06523259912845,10979700
2022-02-10,115.90725708007812,119.57844783790588,115.5819634916297,115.99090805474681,10474900
2022-02-11,112.46842193603516,117.64525909661825,111.94794512703444,116.64148999090412,9845700
2022-02-14,111.31592559814453,112.97028868161868,109.67086573214384,111.48322042272655,8081800
2022-02-15,115.73065948486328,115.81431045475547,112.88665414415284,113.40712385595135,9248700
2022-02-16,114.87559509277344,115.5168931676161,112.98888537846743,114.4480654065009,5749500
2022-02-17,111.3066635131836,114.08561040856821,111.20442736835857,113.84396069435735,7976700
2022-02-18,110.88839721679688,112.17099325013666,110.08910050035433,112.01298745949694,8389000
2022-02-22,108.65782165527344,110.93488369546859,107.5518164461609,109.20617265049765,9793500
2022-02-23,107.7190933227539,110.99992389160755,107.58897591878389,110.18204205367219,8114700
2022-02-24,103.98286437988281,104.0758114781516,97.01225746180572,100.37673962031009,27539100
2022-02-25,103.37875366210938,105.02381382055552,101.64074640280886,104.36393053152524,14258900
2022-02-28,99.45661163330078,102.02178961943866,97.58848717900274,101.6500296266887,26390800
2022-03-01,100.42320251464844,103.26720756640017,99.49378835751469,102.23555728471233,20377900
2022-03-02,101.87309265136719,102.20768233596418,100.24661777546928,100.74850230236476,13342400
2022-03-03,101.11096954345703,102.23555985091298,100.00496439962866,102.1519159782877,10841700
2022-03-04,97.64424896240234,100.48826110161384,96.48248126737712,99.44731469415902,22372100
2022-03-07,92.28154754638672,96.74273197288404,92.06777913543914,95.99920478056872,29422900
2022-03-08,92.94142150878906,95.83190028498181,91.65883244468016,93.13659764305339,25650000
2022-03-09,97.54202270507812,98.257675648493,95.50661031928645,97.13308525685191,14348400
2022-03-10,96.62189483642578,98.08107477815766,95.28353618229866,96.8356632123528,11811000
2022-03-11,94.25189971923828,97.92308306222955,94.14966358748096,97.92308306222955,18116400
2022-03-14,92.29084014892578,94.67013841882279,92.07707174614526,94.35413387873875,17959400
2022-03-15,94.88389587402344,94.93036942213357,90.7294201987426,91.11047634794768,13415600
2022-03-16,98.70352935791016,98.79691758856735,96.01390271456512,96.18200437977418,20347100
2022-03-17,99.45065307617188,99.48800979748508,97.82567488691137,98.75957154454298,8042000
2022-03-18,99.66544342041016,99.96429003879705,97.95641098163573,98.72220588656872,10218200
2022-03-21,99.85223388671875,100.1324057479595,98.18055793146615,99.66545739593586,10366100
2022-03-22,99.96429443359375,100.82347760859572,99.2078404561535,99.35726020938328,10401200
2022-03-23,98.385986328125,101.03825586342808,98.385986328125,99.45996863511324,12905300
2022-03-24,100.78610229492188,100.84214092647694,98.83426215147689,99.7214609212129,10834000
2022-03-25,99.67477416992188,100.8421447666952,98.84359974995976,100.57131393323603,7432100
2022-03-28,99.30121612548828,99.66543518890767,97.69491301242597,98.63815046836415,8151200
2022-03-29,102.0281982421875,102.50448747842788,99.73081358071221,100.78611411878869,14076200
2022-03-30,99.67477416992188,102.11223742092507,99.46931580487941,100.66470215596496,15456300
2022-03-31,97.36805725097656,100.06701773688654,97.30268477683936,99.88957511062901,13021600
2022-04-01,95.9952392578125,98.94634902055574,95.45357748092604,98.77824733548981,12085100
2022-04-04,97.86302947998047,98.59146771708109,96.45284356260579,97.14392507920562,9077200
2022-04-05,95.7243881225586,97.68556928347127,95.3601690694633,97.57350626717401,12291000
2022-04-06,94.49164581298828,95.3881855757594,93.12815781179067,93.78188249556189,14902600
2022-04-07,93.87527465820312,94.538347454655,93.06278924928219,93.78188643161123,12431000
2022-04-08,92.72659301757812,94.04338350077272,92.5678323077365,93.96867718883081,11796200
2022-04-11,91.12028503417969,91.87673895082315,90.50391702341301,91.72731920960236,12480500
2022-04-12,90.9988784790039,93.52973717345469,90.9988784790039,93.3896512715344,13291500
2022-04-13,94.79049682617188,95.4629034609098,92.92270378526209,93.20287559142456,15776800
2022-04-14,91.85807800292969,97.59220304738307,91.8300622425439,97.12525470744345,17828500
2022-04-18,92.24095916748047,93.24022819161712,91.02689792674293,91.47516428099318,10277400
2022-04-19,92.87602233886719,92.87602233886719,91.25104410433647,91.9327918184294,10103000
2022-04-20,92.46510314941406,94.3235553640437,92.3623739547549,93.76321883639912,8596900
2022-04-21,91.204345703125,93.99669455212106,90.97087155228768,93.15618618409356,13038500
2022-04-22,89.355224609375,91.32574695325593,89.05637799028273,90.61598356101224,11650100
2022-04-25,89.87821197509766,89.91556869626106,88.20653610963141,88.76687980201663,10654400
2022-04-26,86.63758850097656,88.73885594930051,86.63758850097656,88.66414963285467,14176000
2022-04-27,84.29351806640625,86.56288733050786,84.25616134342958,85.76906943611975,15846300
2022-04-28,88.9256362915039,89.84085097872466,85.71302967498701,86.0679149466187,15176200
2022-04-29,86.78700256347656,89.27116356371282,86.63757570252692,87.02047668991172,10629300
2022-05-02,87.5621566772461,88.03843886468908,85.20873300078387,86.38544483901498,8251900
2022-05-03,87.44073486328125,87.83297684481495,86.39477524603276,86.64692418945788,9511900
2022-05-04,89.6447525024414,89.71946595701215,85.84379278322842,87.70225255907266,9082500
2022-05-05,86.05856323242188,88.1411484212301,85.19003920915677,87.82362703372436,11517200
2022-05-06,85.57293701171875,86.74030768148768,84.30283715300493,85.35814479851773,7944900
2022-05-09,81.5291748046875,84.22813536811834,81.25834393975006,83.99466122162734,11428600
2022-05-10,82.94869232177734,84.3215214074303,82.26694469673566,84.06936534574508,11690400
2022-05-11,82.02413940429688,84.5830140719488,81.99612364654091,82.9953927152088,11531300
2022-05-12,81.89340209960938,82.37902523788604,79.74543688688415,80.52057284083045,11592900
2022-05-13,84.9472427368164,85.3208028407735,82.33233625924949,82.99540205936681,11180600
2022-05-16,84.43357849121094,85.33011819663164,83.58372933160734,83.92927357096225,6729100
2022-05-17,87.1512222290039,87.30998292605413,86.26402339248567,87.13254743378945,7668800
2022-05-18,84.54566192626953,87.0671871366781,84.39624216846714,85.98386361108051,9610900
2022-05-19,84.2468032836914,86.01186711699118,83.63976912738306,83.90125901008452,7739000
2022-05-20,84.77913665771484,86.8897450795108,82.9580410421589,86.8897450795108,10469900
2022-05-23,85.45153045654297,85.83443144474006,84.65771984999245,85.00325699780795,6920500
2022-05-24,82.85528564453125,83.86389541659436,82.6685020987434,83.60239845249139,8788600
2022-05-25,84.43357849121094,84.9098605338923,83.15413783474311,83.42496865071357,9113500
2022-05-26,84.9845962524414,85.33014058244765,83.15415964970445,83.49970397971069,9762700
2022-05-27,87.57149505615234,87.618192743649,86.41346508191577,86.49751949439643,6279000
2022-05-31,89.00035095214844,89.92490661317515,88.26257176554897,89.2244841464743,9621700
2022-06-01,88.48670196533203,89.99027604630493,87.62751881193768,89.28051264238259,6152400
2022-06-02,89.97157287597656,89.99959575213339,87.43138073434203,87.77691783124035,6335000
2022-06-03,87.57149505615234,88.32795626821124,86.75900944421758,88.1224978433327,9137100
2022-06-06,86.9551010131836,89.22446972345655,86.73096785508856,88.72016477394426,9440200
2022-06-07,87.63685607910156,87.655538001683,85.70369034574097,86.54419873525988,7360200
2022-06-08,87.29130554199219,88.6547935542883,86.9831179921066,87.78626953874283,6446300
2022-06-09,84.84449768066406,87.31932489136825,84.79780712955797,86.85237662991709,8086700
2022-06-10,82.81795501708984,84.723105033729,82.77125733467052,84.55500335211184,10460400
2022-06-13,79.89485931396484,81.09024585687473,79.39988811645033,80.37114146383107,14603700
2022-06-14,81.42644500732422,82.07082880182368,80.58593666116681,81.00618727171279,10449600
2022-06-15,83.23819732666016,83.8732472686396,81.5945445210024,81.72528946861007,11742500
2022-06-16,79.34868621826172,80.6724195665225,78.85111512852198,80.0058613932302,10505200
2022-06-17,79.7993392944336,80.36262731575749,78.81357988516991,79.7993392944336,9735500
2022-06-21,81.63002014160156,82.38107554724127,80.7381481146752,80.7381481146752,9604000
2022-06-22,79.7148208618164,80.90711329534416,79.3768467371359,79.46133668700942,7868700
2022-06-23,78.97315979003906,79.07643006458323,77.6963701798508,78.98254278765683,10370300
2022-06-24,80.66302490234375,81.25448324305482,79.00132464234149,79.00132464234149,10670100
2022-06-27,80.60670471191406,81.67695387939514,80.34383750061616,81.60184691542594,7358000
2022-06-28,79.17969512939453,81.49857053983419,79.17969512939453,80.87895603988082,8289200
2022-06-29,78.53192901611328,79.43319116294082,78.2315083005041,79.26420406274848,7981300
2022-06-30,76.7481689453125,77.18941338679295,75.21790222255143,76.47591158434383,14201600
2022-07-01,72.28878021240234,74.37295138532018,71.51895193041034,74.2039643398784,19531700
2022-07-05,71.45323944091797,71.49079291578475,69.22824440256387,69.98868973407845,22253100
2022-07-06,70.9369125366211,71.63164131694552,69.26582172399422,69.74461974014312,11530500
2022-07-07,75.71548461914062,76.00651518250825,73.5468155680292,73.79090964582517,15847800
2022-07-08,76.52286529541016,77.13309689770493,74.87993791524458,75.03014469402463,10004200
2022-07-11,74.26969909667969,75.35872141545592,73.99744172633707,74.88931363816054,9519600
2022-07-12,74.26031494140625,76.49470072609833,74.10071800324106,76.19428001083655,10363700
2022-07-13,76.3163070678711,76.71999798876521,74.07253876601105,74.42928605042711,14706500
2022-07-14,78.55068969726562,78.89805400430451,75.5840364972838,77.87474140388925,23377000
2022-07-15,80.39078521728516,80.77570308948115,78.83235489137273,80.34384873018988,14061000
2022-07-18,78.46620178222656,80.81324054937193,78.26905138529762,80.79446022818219,11352500
2022-07-19,80.87896728515625,81.17938799775686,79.38624672130699,79.79932788710586,10673100
2022-07-20,81.26388549804688,81.4422627748292,79.90260558471614,79.96832239785772,11664800
2022-07-21,82.41864013671875,82.4280303002679,81.11368674463567,81.37655402324289,7135000
2022-07-22,81.03855895996094,82.36229233935833,80.55037801965626,82.06187164626446,8612100
2022-07-25,81.01978302001953,81.39530350155486,80.39077117200033,81.01978302001953,5960900
2022-07-26,79.25481414794922,79.98708919686698,78.71968952277125,79.57401518823855,6977700
2022-07-27,82.26840209960938,82.52188630309728,80.0903503622253,80.0903503622253,9399500
2022-07-28,83.18844604492188,83.19783620590157,81.16060102895842,81.79899588628831,10668200
2022-07-29,83.06642150878906,83.75175300181306,82.41863634304117,82.44679966979616,10366200
2022-08-01,81.02915954589844,81.5736742282623,79.1421456403515,80.08096109438844,20102600
2022-08-02,80.78506469726562,82.15573426512292,79.02008723412908,79.34867117803446,15541600
2022-08-03,81.2169189453125,81.46100578228506,79.38622469246168,80.70056763134599,20779400
2022-08-04,83.01007080078125,83.01007080078125,81.32020707599396,81.67695441328816,13472500
2022-08-05,84.2774658203125,85.41343889911028,82.62515566724913,82.64392882605019,13293500
2022-08-08,82.55944061279297,83.64846291112423,81.59246175573337,83.53580963074857,12120300
2022-08-09,79.9964828491211,81.80839738932353,79.2735979305345,81.62063711926331,13075000
2022-08-10,83.2447738647461,83.2447738647461,81.02916857337051,81.49857635268577,10704600
2022-08-11,84.04277038574219,85.43222064223447,83.84561996684839,84.45585154681186,11158800
2022-08-12,85.30077362060547,85.76079119237757,84.15541760866412,84.19297108673032,12098800
2022-08-15,85.96733856201172,86.3147028897424,84.49339845327502,84.50278861418508,15949500
2022-08-16,84.44645690917969,85.76080012806769,83.15089401257833,85.56364971962364,10566100
2022-08-17,83.74234008789062,84.27746463864213,83.06639894162073,83.55457985213685,9093100
2022-08-18,83.80805206298828,84.18357967547574,83.01006036307335,83.28231770306192,10947700
2022-08-19,81.86471557617188,83.16966865721571,81.69572848554634,83.08517869320016,9602800
2022-08-22,80.02462768554688,80.76629275735218,79.74298734552296,80.18423175707997,8054000
2022-08-23,80.76630401611328,81.30142861560756,79.78993494355285,79.94953903733463,8462500
2022-08-24,80.32505798339844,80.86018257250235,79.98708380474392,80.55037887756437,7085800
2022-08-25,82.21207427978516,82.23084743852503,80.74752436988065,81.04794504787628,6602100
2022-08-26,79.55522918701172,82.4186195330176,79.47073922397925,82.14636215892243,9381500
2022-08-29,77.78087615966797,79.1609363287431,77.71515934983559,78.77602563189488,9639700
2022-08-30,77.72454833984375,78.84174125274133,76.72940604521932,78.65397382562684,8392300
2022-08-31,78.25027465820312,79.67727830522347,77.97801728919801,78.9637764817133,8887100
2022-09-01,76.6448974609375,76.82327469939638,75.21790104104818,76.46652022247862,11566000
2022-09-02,75.95018005371094,77.90291813283343,75.67792268245493,76.56041159876101,8850100
2022-09-06,75.1333999633789,76.07221542144956,74.65460207423669,76.07221542144956,12704400
2022-09-07,75.05829620361328,75.27422691970477,73.4435395635557,73.59374631869402,9843500
2022-09-08,75.33057403564453,75.79998191227197,73.95051373234453,74.17583467019466,8181700
2022-09-09,76.54161834716797,76.6636689331178,75.79995332232362,75.88445043279604,7084700
2022-09-12,77.12370300292969,77.45228703054033,76.75756549179289,76.95471590835928,7903000
2022-09-13,73.9880599975586,76.17550220807668,73.71580259618726,75.49955378571958,12835100
2022-09-14,74.78605651855469,75.25546433352149,74.14766160369606,74.86115632537731,8849600
2022-09-15,73.62289428710938,74.82193025238736,73.33021054510891,74.18936802821004,10533100
2022-09-16,73.53789520263672,73.64174952821955,72.6220928060074,72.80147885985085,10604500
2022-09-19,73.85891723632812,73.85891723632812,72.27278661927011,72.27278661927011,10378600
2022-09-20,73.78337860107422,74.05717574665618,73.17913910844605,73.20746170917818,8202800
2022-09-21,72.8298110961914,74.87856087547357,72.8298110961914,73.24522845350319,10869000
2022-09-22,71.4041748046875,72.4615974518245,71.14926421102989,72.17835705611384,10817900
2022-09-23,69.74253845214844,70.23348043841668,69.0061146680895,70.1485126189701,12685500
2022-09-26,68.93057250976562,70.04464036646415,68.84559750892204,69.36486917212572,13441500
2022-09-27,68.9494400024414,69.90300816427057,68.30743478503682,69.40262312188636,12430600
2022-09-28,68.0997543334961,68.25081783685137,66.74965488545153,67.13674971047122,12943600
2022-09-29,65.40899658203125,66.73077338102878,64.65370069910699,66.5797098825815,16120300
2022-09-30,64.72923278808594,65.75833318264239,63.955050276088706,64.02113876358463,10472400
2022-10-03,65.38068389892578,65.68280373856557,63.87008470072687,64.27605891053393,11945100
2022-10-04,68.74174499511719,68.85504259820551,66.768527028939,66.84405876433124,14900700
2022-10-05,70.31844329833984,70.72441739494221,68.52460409932701,68.8456031880761,14037100
2022-10-06,70.19570922851562,70.73386032010106,69.73308988387997,69.83694423515996,11796800
2022-10-07,65.85273742675781,68.00534188477022,65.85273742675781,67.79763317336479,14758600
2022-10-10,63.671810150146484,65.97547089767882,63.265835998240945,65.94714829223724,16042200
2022-10-11,59.90474319458008,61.28316869003258,59.12111756900871,60.612833475702935,28699300
2022-10-12,60.52786636352539,60.64116397917384,59.8292121399004,60.04636050089893,16468700
2022-10-13,62.89762496948242,66.27758779454392,58.83788362804321,59.53653787796937,36639300
2022-10-14,60.348480224609375,63.68124098224016,60.21630327467697,63.501862094819636,19440900
2022-10-17,61.264278411865234,61.69857510234774,60.46177350112359,61.34925341821128,11280100
2022-10-18,60.150211334228516,62.41611309311381,59.27217467277683,62.21784767963803,16656100
2022-10-19,60.103004455566406,60.527861476062576,58.696256454712746,59.234411081708885,12385200
2022-10-20,60.02748107910156,61.63249101471461,59.83865532151422,60.18798063204216,11300900
2022-10-21,60.18798065185547,60.216303254959776,58.554644511057994,58.554644511057994,13699000
2022-10-24,57.86543273925781,58.176992173657844,56.345390633909105,57.19510473054867,25010800
2022-10-25,57.72380828857422,57.931516963973216,56.18488336045285,56.609740377609235,21700600
2022-10-26,57.44057846069336,58.51688063396773,57.05348726501482,57.45946139725718,14006000
2022-10-27,57.54441833496094,58.96060580701961,57.50665247133381,58.394128657265554,12937600
2022-10-28,58.545196533203125,58.564079467604394,56.71359511489795,57.37448341273639,11972300
2022-10-31,58.110904693603516,58.79067598254229,57.65772503482825,58.14867056555607,10802800
2022-11-01,58.13922882080078,59.88585891834679,58.13922882080078,59.72535576905975,11561900
2022-11-02,57.13846206665039,59.37603795963153,57.13846206665039,59.00782967868488,16547200
2022-11-03,56.911861419677734,57.48777832255216,56.109356503524154,56.64750753700155,11040900
2022-11-04,58.98894500732422,59.00782794445268,57.610523010914285,58.07314236512967,14662800
2022-11-07,59.2532844543457,59.41378757996673,58.50742842844564,59.1211075282761,8507100
2022-11-08,61.387020111083984,62.0762347076218,60.63172423878518,60.77334446581119,14102800
2022-11-09,61.36813735961914,62.87873622323521,61.320928218870314,62.81264774804899,15086800
2022-11-10,66.88182830810547,66.9101581158128,63.558510644398126,63.95504151505395,21367900
2022-11-11,69.70476531982422,70.43173855524164,68.33577945648749,68.67566510510187,15524700
2022-11-14,68.7323226928711,69.56315033923482,68.2036076423631,69.14773291450086,11575300
2022-11-15,75.96430969238281,78.29629999570193,75.5394562505998,77.34273156493389,48742400
2022-11-16,75.01073455810547,76.06815723847315,74.49147008712076,76.05871397082537,24006600
2022-11-17,76.92733001708984,78.30575204419596,74.29321965461781,74.86913664442913,24278400
2022-11-18,77.67317199707031,78.21132303804389,76.47413624020047,78.15467783471082,18578400
2022-11-21,75.46392822265625,76.50246451164874,75.02963149100862,76.2947558132295,18659700
2022-11-22,77.92809295654297,78.54177576207657,76.69129127994239,76.80458169117087,16504700
2022-11-23,77.38993835449219,78.31517695169204,77.16335033929471,77.83367831978529,14683800
2022-11-25,76.85179138183594,77.76759396237892,76.85179138183594,77.55044200079618,5908300
2022-11-28,74.79359436035156,76.54966768800868,74.48203133700201,75.78492143041404,13214200
2022-11-29,74.89746856689453,75.72829631308808,74.5481395811117,75.44506301927679,11502300
2022-11-30,78.34351348876953,78.76836695416254,75.97375718289466,76.12481347163964,21667300
2022-12-01,78.06026458740234,78.95718056301062,76.60631104982137,78.40015020414091,15975100
2022-12-02,76.94618225097656,77.56930816595792,76.61573996413871,77.23885867601844,10519800
2022-12-05,77.05951690673828,77.58822482001992,76.42694742122765,77.3616367433428,11523300
2022-12-06,75.1146011352539,76.88956118098278,74.73695680502587,76.8517953073392,13992100
2022-12-07,74.8124771118164,75.2562170981151,74.19879430529912,74.58588908589279,14925300
2022-12-08,76.28531646728516,76.44581601712484,74.68029935957814,75.0107417278079,11197500
2022-12-09,76.18147277832031,77.59766072862382,76.18147277832031,76.3325290807384,13787900
2022-12-12,75.93599700927734,75.93599700927734,74.3970753868599,75.33175740273894,11516600
2022-12-13,76.01152801513672,77.50324047739734,75.18069316196936,77.50324047739734,16938000
2022-12-14,75.54889678955078,76.95564855087655,75.07683418045983,76.30419984533782,17910000
2022-12-15,73.68888092041016,75.20804206079316,73.47999490537029,75.20804206079316,17080200
2022-12-16,72.445068359375,74.11614198008459,72.37860528632326,73.68888040245659,11929100
2022-12-19,72.25517272949219,73.22364298401588,71.93235414060567,73.03374330473082,12561300
2022-12-20,71.79940795898438,72.35009876546845,71.1157837921158,71.31517296679746,12080600
2022-12-21,73.24261474609375,73.50846700022495,71.94182936674537,72.02728601639076,10806100
2022-12-22,71.4765853881836,72.56848474516964,70.28024304307267,72.42606183009661,13019700
2022-12-23,71.10629272460938,71.54305103439894,70.422668502702,71.10629272460938,7452600
2022-12-27,70.56509399414062,70.96387239014022,70.41318151925402,70.57459078754945,8974800
2022-12-28,69.3687515258789,70.7834767418851,69.1598655345797,70.44166461865562,10275700
2022-12-29,72.16020965576172,72.19818958274692,70.4036796852957,70.59357207629135,11142500
2022-12-30,70.72649383544922,70.80245368473344,69.92893714975469,70.5366014561686,7784100
2023-01-03,70.28974914550781,72.13173600484372,70.0428832096131,72.01779620890817,9276200
2023-01-04,72.46405792236328,72.73940702121472,70.70752756176259,71.20125223436834,12316400
2023-01-05,71.90385437011719,72.57798177682308,71.53355189213609,72.16020982294829,10039200
2023-01-06,74.12562561035156,74.7617730885762,72.30263257845539,72.63494788469734,13744100
2023-01-09,76.25245666503906,77.11648377149484,76.01508753609156,76.48982579398657,22247600
2023-01-10,77.1639404296875,77.45828302654871,76.39486689774154,76.44234361321487,10269000
2023-01-11,77.64820098876953,77.75264400208525,76.55630136842565,77.44881175714828,11771400
2023-01-12,82.60445404052734,84.34199774337145,80.15480297526489,80.66752114547778,36086800
2023-01-13,82.41456604003906,82.69940465385022,80.610559176844,81.0947942374334,18719900
2023-01-17,84.49390411376953,85.19652187625992,81.8068913656217,81.86385763244463,21850000
2023-01-18,84.94966125488281,86.6112450837388,84.84521826326885,85.90863452155169,19209800
2023-01-19,83.93372344970703,85.46238118331065,83.80079732017026,84.5318910326225,13651100
2023-01-20,86.43083953857422,86.43083953857422,84.69329590750523,85.45287996027987,14287200
2023-01-23,90.82691955566406,90.89338261658112,87.0859800710833,87.12395999788309,22875100
2023-01-24,89.78250122070312,93.04870290607647,86.92458198993272,90.95036057716017,11370500
2023-01-25,87.74112701416016,88.30131467317197,86.51630145748639,87.99748248233334,14147300
2023-01-26,88.72856903076172,89.5166362021623,87.95949544446466,89.1463409758763,15759400
2023-01-27,88.58615112304688,89.36472148221668,87.57970121197611,88.13039926317502,13646600
2023-01-30,88.42475128173828,89.48816765908329,87.90254350913168,88.15889899838488,14079800
2023-01-31,88.04495239257812,88.07343552640118,85.45287855572514,86.40235498412208,13342100
2023-02-01,89.9533920288086,90.9313515609221,87.89302998115879,88.30130512255792,16788500
2023-02-02,91.76691436767578,92.57396802474624,90.9978333997506,91.71943764034688,14925300
2023-02-03,89.87745666503906,92.05175166160706,89.54513406643117,90.23825515812615,12242200
2023-02-06,87.1904296875,87.39931567881436,86.1554965243327,87.1619465512173,12425200
2023-02-07,89.77301025390625,89.91542594055349,87.0480099611341,87.14295616687598,15258900
2023-02-08,89.51663970947266,91.09277411402763,89.46917023271446,90.21925026329654,12899700
2023-02-09,91.80488586425781,93.58989909124315,90.78894629059138,91.14974475576784,16997400
2023-02-10,90.55158233642578,91.62448824379695,89.4881659790452,91.10227323706289,11511400
2023-02-13,91.25418090820312,91.52003315144285,90.11481208176707,90.64651656824653,7803500
2023-02-14,93.01072692871094,93.9886866683336,90.40916307127809,90.97884758287141,15345100
2023-02-15,88.07344055175781,88.94695717718147,86.18397713580777,87.66516537449426,30208300
2023-02-16,86.23145294189453,87.1524462792399,85.338942739695,86.38337265457982,15568400
2023-02-17,85.5478286743164,85.73772831506567,84.44643973369307,85.42439934077733,11235300
2023-02-21,83.21212768554688,84.90219485504144,83.06021519814195,83.91473833314913,14007600
2023-02-22,82.44303894042969,83.63937400896876,82.28162968825174,83.31655550461286,10106400
2023-02-23,85.52886199951172,87.3423587111133,84.94018384371874,85.73774803040381,15468300
2023-02-24,83.65837860107422,83.69635853198325,82.83233140264777,83.63938501365413,8817600
2023-02-27,82.88931274414062,84.3609971751261,82.8323392204343,84.21857423175801,10609400
2023-02-28,82.6709213256836,83.69635771846704,82.50951205383741,82.7373843931456,7520400
2023-03-01,83.95272064208984,85.49087536771374,83.81029770091382,84.54139875178257,8176700
2023-03-02,84.53191375732422,84.8262492312917,82.71841693459004,83.21214165646445,9761600
2023-03-03,85.25349426269531,85.31046053360737,83.43999070340077,84.19007799410919,10844000
2023-03-06,85.05411529541016,86.7156993401134,84.98765222337929,85.5288535938968,9960000
2023-03-07,84.36100769042969,85.68077979187748,83.8387998248977,85.40543066542635,8761100
2023-03-08,86.24095153808594,86.25044108737923,83.6868574556246,83.886246649745,8813000
2023-03-09,84.38947296142578,86.10803043883281,84.09513754966305,85.17754023465052,10354700
2023-03-10,82.84183502197266,84.66482839222202,82.79435829344182,83.58242562589074,11928800
2023-03-13,83.30706787109375,84.50341031509122,81.94931615717269,82.01577922384304,11847600
2023-03-14,84.77875518798828,85.10157371189122,83.27858062131668,83.5824128030791,11100100
2023-03-15,82.31961822509766,82.83233645776323,81.12328292614286,82.79435652453635,12171500
2023-03-16,85.22962951660156,85.39187901786207,81.90824780672556,82.03231966975301,13184600
2023-03-17,85.39187622070312,85.92634857517838,84.94329808820866,85.00056090286252,13287700
2023-03-20,85.93590545654297,86.25086553945775,84.61880958477289,85.14373577465692,8217500
2023-03-21,88.28376770019531,88.76097725533151,86.66125812538824,86.85213903478675,12299700
2023-03-22,88.39832305908203,90.69846991239116,88.32196776328011,89.23820946797784,12812400
2023-03-23,90.27852630615234,91.45246535588993,89.17140360387003,90.1830858237966,11169700
2023-03-24,88.56056213378906,89.88720429456406,87.89246429695243,89.66768466549065,7653700
2023-03-27,86.52765655517578,87.97837067588608,86.42266985046712,87.8447525574644,9349800
2023-03-28,86.67080688476562,86.72807698938004,85.82137436299942,86.52764982733147,7521300
2023-03-29,88.53193664550781,88.97096865139021,87.2816424062091,87.57751734185702,9264000
2023-03-30,88.2551498413086,89.2572856919634,87.8352030381917,89.09503616590135,10232800
2023-03-31,88.78008270263672,89.00914858417995,86.97623075492297,87.08121746355322,8701800
2023-04-03,88.6082763671875,89.33363700897026,87.52978527633684,88.77053316767784,6863600
2023-04-04,87.96881866455078,89.02822459217786,87.53933292378991,88.79916601588145,6338400
2023-04-05,86.08861541748047,87.978368779869,84.99103908004776,87.42480385454253,9171800
2023-04-06,86.12678527832031,86.76625166678322,85.32507665752337,85.57322768466359,5874500
2023-04-10,84.96240234375,84.9719485755491,82.52863751315533,84.38975222370662,12232900
2023-04-11,85.17237854003906,85.74502867881765,84.43747886357419,84.59972840126049,11079200
2023-04-12,82.91039276123047,85.42051246132937,82.90084653103477,84.8574086676654,11299100
2023-04-13,83.08219146728516,83.63574905054674,82.05141701849676,82.61452083229537,7910500
2023-04-14,83.225341796875,84.34201766704683,82.59542898346197,83.94115611490423,7656400
2023-04-17,83.97933197021484,84.03660206595693,83.18716967578578,83.75027343216546,8163600
2023-04-18,84.12249755859375,84.3706485595211,83.51166992680317,84.17976037356169,8468200
2023-04-19,83.25399780273438,83.39715487080458,82.11823651843528,82.29957851351263,11191300
2023-04-20,85.22008514404297,87.69202719998057,84.08432404718509,84.29429742122338,19206300
2023-04-21,81.47876739501953,83.90299296748123,81.39286588302328,83.77891381478001,13175400
2023-04-24,80.78203582763672,82.04186880741815,80.16166192723249,81.50739641649275,10567600
2023-04-25,78.53914642333984,79.5985521773377,78.51051501620039,79.47447303754717,13423700
2023-04-26,78.50098419189453,78.62505607439365,77.5083872869782,78.4914379604281,11583500
2023-04-27,79.85626220703125,80.03760420670808,78.41509428653497,79.12136253961299,10013700
2023-04-28,80.45755004882812,80.65797722839528,79.90398510622849,80.62934581440588,8262600
2023-05-01,80.15213012695312,80.82976690635165,80.0757748409711,80.45754398924036,4931100
2023-05-02,79.17861938476562,80.21894014424005,78.78731128228436,79.69400664886658,6875000
2023-05-03,78.93048095703125,79.942170466007,78.68233715741793,78.8541329395729,7151600
2023-05-04,79.68445587158203,79.9421531297513,78.87320101908422,79.2167925088829,7290600
2023-05-05,81.09700012207031,81.66965018244461,79.93260753971289,80.45754100934634,6865000
2023-05-08,81.64100646972656,81.64100646972656,80.5625155638383,80.64840978321335,6746600
2023-05-09,81.18289947509766,81.58376109612102,80.45754608430326,81.36424146361678,7287800
2023-05-10,81.03018951416016,81.2687943082056,80.33346031162567,80.65796661798049,7442300
2023-05-11,79.62720489501953,80.30484174468731,78.76822604274996,80.30484174468731,8730900
2023-05-12,79.62720489501953,80.10441455943133,79.1690804132619,79.57948101592171,5069800
2023-05-15,81.75556182861328,81.7651007789593,79.43632260727263,79.53176308222314,8707300
2023-05-16,81.96552276611328,82.79587013700484,81.68874030914942,81.78418805969221,11283200
2023-05-17,86.73761749267578,87.61568872330012,84.04615554008504,84.27522139936491,23215600
2023-05-18,88.42694854736328,89.14276301383146,86.91896432374308,87.0907600869611,14879000
2023-05-19,88.36014556884766,88.560572759454,87.3866337497405,87.9306524904268,9295200
2023-05-22,87.53933715820312,88.22652020197332,87.043035056973,87.87338244846886,9259800
2023-05-23,86.31767272949219,87.17664416379317,86.21268603745266,86.85214513868222,7656700
2023-05-24,86.02179718017578,86.0408896412965,85.11510188123216,85.21054234191459,9443900
2023-05-25,96.34861755371094,97.70389838307484,92.5595793587342,92.63592736245153,60793200
2023-05-26,98.50560760498047,99.67954645882877,96.13865199829503,96.25317764535478,26135800
2023-05-30,97.33168029785156,100.44308187333047,96.90218725763458,99.05917684534957,25248000
2023-05-31,94.09619140625,95.42284087757805,93.59035036320057,95.18423606243088,22206700
2023-06-01,94.33478546142578,96.00501897694654,94.10572690387077,94.18208218360253,14998500
2023-06-02,94.43023681640625,96.6826666832272,94.1248229674292,96.63494281115807,13085100
2023-06-05,93.58079528808594,94.30614855836316,89.95399981014053,93.54261765044401,10568500
2023-06-06,95.27012634277344,96.01457217004261,92.97951875619388,93.16086073829717,13827600
2023-06-07,95.71869659423828,98.32425677334304,95.00288223796815,96.75900996349691,14367500
2023-06-08,95.38465118408203,96.11000448771904,94.13435715913582,94.47794863207552,9074200
2023-06-09,98.11430358886719,99.9086091899596,97.58937007920765,98.01885583682645,14902400
2023-06-12,102.18013000488281,102.49509012787891,99.55547687653167,99.58410829105104,20568100
2023-06-13,101.9319839477539,105.64467443475938,101.87471383835287,104.98612278895794,17858600
2023-06-14,102.51416778564453,102.79094294045086,100.42398744792158,101.1970646548534,12862600
2023-06-15,100.80626678466797,102.22472668967245,100.70084036480294,101.85093745697168,11987900
2023-06-16,100.22163391113281,101.35256590831638,100.0107810674333,101.04587285715502,11430800
2023-06-20,99.65618896484375,100.51875829471166,98.78402610677414,99.84786941322764,9295500
2023-06-21,97.41348266601562,99.41657757413869,97.39431754741639,98.86069407694282,9340400
2023-06-22,98.84150695800781,99.12903487924763,97.11636136698526,97.20261535607393,8575900
2023-06-23,97.67224884033203,97.94060434483332,96.8096723529071,97.29845960233199,8919000
2023-06-26,95.94711303710938,98.75527474688361,95.92794060499138,97.7776854487968,8560000
2023-06-27,97.8351821899414,98.51565719521264,95.8608387410393,96.94385433275583,9732000
2023-06-28,96.72340393066406,97.64348301216656,96.05251521877845,96.32087070353269,8160900
2023-06-29,96.45504760742188,97.2984515967661,95.86082667338982,97.1259363134754,7383900
2023-06-30,96.72340393066406,97.6530692258045,96.23461671720678,97.18344712748458,11704600
2023-07-03,98.86068725585938,99.36864695329972,97.82559543156245,97.99811073561193,5638400
2023-07-05,96.79051208496094,98.80318593373164,96.76176075045764,97.18346648887932,9010800
2023-07-06,95.27621459960938,95.41997126537363,94.4998920437841,94.97910042870404,9140800
2023-07-07,96.0621109008789,97.70100261185729,94.88325511992642,94.9599302123105,8036600
2023-07-10,95.62123107910156,96.56048266379283,95.2666215793609,96.08127431310403,8041600
2023-07-11,97.04927062988281,98.07477613814048,95.97584136495925,98.07477613814048,7677800
2023-07-12,99.57949829101562,100.08745798073794,98.4869038193497,98.55399269700852,10202000
2023-07-13,101.18006134033203,101.25673643928866,98.25688717383456,100.63376405651084,9265900
2023-07-14,100.76793670654297,102.83812040040713,100.49958118596196,101.59217569812154,9518300
2023-07-17,100.4324951171875,100.66251309667582,98.32397381676874,100.32706868655957,10722600
2023-07-18,98.86068725585938,99.416570714701,97.7680927675924,99.37823316800784,10343600
2023-07-19,98.77440643310547,100.43247026734187,98.30478437514056,99.57948013032609,11204800
2023-07-20,93.7906494140625,96.27294490758112,93.01433430502419,94.45195921043639,22810200
2023-07-21,93.2060317993164,93.91525816869357,92.32429011715672,93.80983173798538,15381200
2023-07-24,94.16444396972656,94.18360908703556,92.7555702029853,93.22519235451927,9054900
2023-07-25,96.14836883544922,96.6946660948269,94.9886854361436,95.38163250446951,9202200
2023-07-26,95.27621459960938,95.96626853169677,94.47114071063126,95.35288238397042,8993500
2023-07-27,95.21870422363281,97.52849213913076,94.7970058189188,97.27930173261365,8049800
2023-07-28,96.6659164428711,96.79050799116239,95.63082457169213,95.94710386213121,6758700
2023-07-31,95.02701568603516,95.63081556461694,94.32736828933713,95.05576701661444,8647900
2023-08-01,94.30819702148438,95.06534702995376,94.01108289655429,95.01742327402158,6428500
2023-08-02,91.72048950195312,93.44564275458622,91.25086729345756,93.44564275458622,9820900
2023-08-03,91.0304183959961,91.82589867366508,90.64705026614926,90.89623333523164,8571700
2023-08-04,92.16134643554688,93.52229629205752,91.17417116675425,91.31793512334646,7562600
2023-08-07,92.34344482421875,92.90891446264018,91.27002283205154,92.70764783910883,6601400
2023-08-08,90.56080627441406,90.95376069345872,89.77490474846506,90.93458826162517,7659000
2023-08-09,90.07200622558594,91.86424080550417,89.81322961735717,91.84507568851724,6426900
2023-08-10,90.85790252685547,91.97924826703012,90.35952176757417,91.48086750774883,7459600
2023-08-11,88.16475677490234,89.6119681474637,88.14559165681118,89.6119681474637,10658400
2023-08-14,89.1998519897461,89.41070485735789,87.5034574576566,87.87723942764478,7489700
2023-08-15,87.86764526367188,88.85481331624618,87.68554374681821,88.67271179939253,6069500
2023-08-16,87.96349334716797,88.86440748533215,87.52262249355186,87.63763514272387,7439500
2023-08-17,87.82929992675781,89.05607205073764,87.55135822489697,89.05607205073764,7712500
2023-08-18,87.31175994873047,87.5321990071756,85.83579735257801,86.32459191720739,9066200
2023-08-21,88.71104431152344,89.04649599451017,86.73670831841413,86.73670831841413,8618300
2023-08-22,88.40435791015625,89.60237883325843,87.99223842012353,89.46820107484213,7059000
2023-08-23,90.30201721191406,91.14542122480984,89.36276568507259,89.88989776321912,10362600
2023-08-24,88.68230438232422,92.7555757386101,88.6248017148261,92.51597154118153,12254400
2023-08-25,89.22860717773438,89.52572137317397,87.60888767521129,88.4139543185283,10356000
2023-08-28,90.09117126464844,90.23493523441348,89.3723587279624,89.91865596335822,5174800
2023-08-29,91.12626647949219,91.64381240271325,89.62155247225554,89.8707355628831,8910300
2023-08-30,90.8387222290039,91.9313165445899,90.69495827966085,91.48085958231286,6073400
2023-08-31,89.6790542602539,90.47454191106108,89.39152631278594,89.4586151922432,8661200
2023-09-01,89.31485748291016,90.64705615374764,89.21900996011891,90.37870063906661,7094600
2023-09-05,90.66621398925781,91.09750587076157,89.00815727294119,89.51611692952534,6396500
2023-09-06,88.42353820800781,90.0528438835532,87.78139337885844,89.94741744796778,7933700
2023-09-07,86.305419921875,86.53543786425172,84.75278235852043,86.32458503701534,14684400
2023-09-08,85.91248321533203,87.28301956130306,85.6057901252195,86.97632647119052,5820800
2023-09-11,85.87415313720703,86.6313033688348,85.45245467169663,86.35336158921392,7268600
2023-09-12,86.7175521850586,87.76222294993107,86.66004220685689,86.69837975494481,8242600
2023-09-13,87.4267807006836,88.06891819468034,86.71755432391316,86.83255965887389,5757800
2023-09-14,88.12137603759766,89.52792601704866,87.92869342734339,89.38341589688046,6506300
2023-09-15,85.98265075683594,87.80345924367936,85.60692883733431,87.19652553142834,19940500
2023-09-18,85.5780258178711,86.38727074423774,85.1926679409912,85.29864154088543,6647400
2023-09-19,84.94218444824219,85.58765466745993,84.57609850676575,85.21193275776064,7172100
2023-09-20,84.09441375732422,86.05009660166577,84.09441375732422,85.27938074720326,6935300
2023-09-21,82.23506164550781,82.98650549790068,82.22542567686187,82.89016786171271,10652500
2023-09-22,82.50480651855469,83.59343572715107,82.32175987238469,83.09247562985712,7967200
2023-09-25,83.08283996582031,83.08283996582031,81.90750173891196,82.26395906431391,8758000
2023-09-26,81.20423126220703,82.10982118758253,80.94411156657819,81.84006552357364,8877600
2023-09-27,82.31214141845703,82.42774365128979,81.02119346779294,82.05202169440116,7860700
2023-09-28,83.24662780761719,83.9402632199464,81.868978251725,82.1290906125871,6647700
2023-09-29,83.71868133544922,84.80731054497414,83.52599872087167,84.53756223465577,7338300
2023-10-02,84.44122314453125,85.18303098509944,83.83428210670357,83.98842819570427,6305000
2023-10-03,82.28324127197266,84.12331453798174,81.94604849094699,83.81502966540002,8201700
2023-10-04,83.49710083007812,83.58380984692691,82.25432548924196,82.34103450609076,7658500
2023-10-05,83.84391784667969,84.72060718778337,83.36222234499812,83.65124258604308,6651700
2023-10-06,86.02117919921875,86.72445047987098,84.1810989482967,84.86510564390063,9777100
2023-10-09,85.7321548461914,86.06934019397865,84.8169364236133,85.54911557172939,4781300
2023-10-10,87.29285430908203,87.34102679647528,85.87666844076021,86.00190661785719,7182900
2023-10-11,88.63196563720703,88.64160160454048,87.3121174159251,87.91905840641108,8051700
2023-10-12,89.0365982055664,90.01926118299959,88.47782963801345,89.12330722126478,8897800
2023-10-13,87.14834594726562,89.53755877821652,86.89786223795139,89.35451214255346,7985100
2023-10-16,87.8805160522461,88.53562213572387,87.11943638540507,87.16760886878437,8791800
2023-10-17,87.6685791015625,88.34294984692319,85.2793662392606,86.52214148435947,7997100
2023-10-18,86.31983184814453,86.71482568489807,85.33717626539256,85.6261891543949,9982700
2023-10-19,89.5086669921875,91.29093898475325,88.97879896868042,89.68207032705473,22751600
2023-10-20,87.96723175048828,90.86704078089964,87.75528454991407,88.63197390681827,12197300
2023-10-23,87.77456665039062,88.88246792253528,85.8959568824735,86.68593731694263,8227900
2023-10-24,88.28515625,88.63197761999854,87.53371239836666,87.86126183109279,7374800
2023-10-25,84.43160247802734,87.5240872856783,83.50674782668148,87.47592213670414,13027100
2023-10-26,84.24855041503906,84.91329263916653,83.37186831881169,83.93063693184374,9377300
2023-10-27,82.84199523925781,84.56646611966542,82.74565760322022,84.33525432315712,12480700
2023-10-30,82.90943145751953,85.06743270279621,82.851630346516,84.11367027069564,9785500
2023-10-31,83.15027618408203,83.26588575195822,81.84006381517908,82.99613744367059,9004900
2023-11-01,84.58573150634766,84.65316858136048,83.17917419878316,83.30441973101406,9508800
2023-11-02,87.16761779785156,87.71675035421681,86.19459086461146,87.09054475658527,11032600
2023-11-03,88.4296646118164,89.06549887737887,87.51443871202132,88.29479045396708,9226700
2023-11-06,89.20999908447266,89.21963505184486,87.94795931202633,88.63196599366233,8402700
2023-11-07,89.02696228027344,89.64353190762637,88.39112071764025,88.87281619839034,6241300
2023-11-08,88.63196563720703,90.01925092964413,88.56452856605188,89.91327733924466,6537700
2023-11-09,88.26588439941406,89.9518186175806,88.24661246372753,89.23890399897688,8166000
2023-11-10,93.8728256225586,94.17147449398887,90.18303616225069,90.59729460492352,19281700
2023-11-13,92.8901596069336,93.62233883403087,92.21578883861382,93.45856412602322,9526300
2023-11-14,95.28900909423828,96.04045291207314,94.36414724911367,94.41231974003752,13873200
2023-11-15,95.18302917480469,97.01346610694003,94.81693590830588,96.29092289159513,10422900
2023-11-16,94.93255615234375,95.47205279515329,94.32562242918301,94.64353589364406,8459000
2023-11-17,95.93447875976562,96.06935291346764,94.7206040263574,95.31790909995925,7243000
2023-11-20,96.30056762695312,96.90750133706953,95.89594515354219,96.24276651649166,6448900
2023-11-21,94.80731201171875,96.48361029676431,94.6435299553503,96.33910017648158,10112600
2023-11-22,95.03852081298828,96.00191178453386,94.3641427228525,95.10595788699288,7413500
2023-11-24,94.24854278564453,95.11559615098565,93.9017214395081,94.87474840228478,4297600
2023-11-27,93.65125274658203,93.97880955940941,92.89017285658232,93.8535640059352,6856100
2023-11-28,94.39305114746094,94.65316347717548,93.68013653251472,94.2870775519984,6358100
2023-11-29,95.2601089477539,96.07899725960966,94.99036061682808,95.37571852533243,7091100
2023-11-30,93.74757385253906,95.35644237419083,93.35258737303536,95.30826988518533,9681400
2023-12-01,94.94217681884766,95.16375261139355,93.46818255715637,94.12328866787828,7500400
2023-12-04,93.45857238769531,93.64161169808258,91.76300199877392,93.4971089135902,10619400
2023-12-05,93.15027618408203,93.46818962133132,92.36992449242321,92.92869302469992,8009600
2023-12-06,94.26781463623047,94.9614573819588,93.88245673859356,94.21964949283246,11262300
2023-12-07,95.65509796142578,95.99228335793802,94.30634902528644,94.37378610458889,11373700
2023-12-08,96.67628479003906,96.69555672597188,95.32753592825146,95.49131798332044,10572500
2023-12-11,97.25433349609375,97.50481725271653,95.73218106761043,95.92485635726416,9482800
2023-12-12,97.88052368164062,97.92869617145598,96.29092706890377,96.4836096780752,7378600
2023-12-13,98.38150024414062,98.92099689970013,97.21579791332628,97.68785748694086,8988800
2023-12-14,100.13248443603516,100.48094027534297,99.50333503397376,100.03569278838951,10074500
2023-12-15,99.25167083740234,101.40047938478449,99.10647967357637,100.18088394726745,16379200
2023-12-18,99.62915802001953,99.9969692149647,98.80641798267467,99.542040372565,5660600
2023-12-19,100.53901672363281,100.64548974675121,99.78402418204894,99.92921533945848,8498500
2023-12-20,96.83184051513672,99.78402631688972,96.73504886970254,99.406533730386,10814100
2023-12-21,99.26134490966797,99.42589143701595,97.91592116774486,98.0514309414113,9068200
2023-12-22,99.84210205078125,100.26798674562215,99.41620997121153,99.6291560109964,5566400
2023-12-26,101.10040283203125,101.59404977242941,100.24862610238975,100.2873442334728,6407500
2023-12-27,101.29400634765625,101.9909180261734,100.74228583295174,101.68118032291349,5889700
2023-12-28,101.34239196777344,102.13609524292644,101.34239196777344,101.63277427674139,5335100
2023-12-29,100.66484069824219,101.603735105542,100.34542164292249,101.361752315402,4409600
2024-01-02,98.27405548095703,99.32910434969874,97.36419777200737,98.97096714017556,9020900
2024-01-03,96.95767211914062,98.00303964771801,96.46403249569805,97.12221866028815,6650600
2024-01-04,95.95100402832031,97.21899874790506,95.94133003465295,96.3381779321269,7996700
2024-01-05,96.41561889648438,97.41258676276317,95.63159705693083,95.82518032592013,7347300
2024-01-08,98.96127319335938,99.49363825008317,97.27707515394042,97.40290353792595,12455600
2024-01-09,98.62251281738281,98.69994908841892,96.996388049271,97.80945412569154,7764000
2024-01-10,97.56747436523438,99.48397413250866,96.77377102414239,99.23230993614403,6975700
2024-01-11,97.97398376464844,98.88384133056822,96.78342530318473,98.43858654127233,7862700
2024-01-12,97.99333953857422,99.09678036849115,97.63520976860961,97.65456514074499,6519700
2024-01-16,98.40956115722656,99.06775465407242,96.98670114310916,97.3061202043863,11185500
2024-01-17,99.64852142333984,100.0163400326493,96.7931271269856,97.635229991493,17649500
2024-01-18,109.40526580810547,109.75372164188371,105.96911437047181,107.63394988385431,58783700
2024-01-19,110.53773498535156,111.45727401375689,107.4597136159975,109.58916658857143,37812600
2024-01-22,109.40526580810547,111.40888315996571,108.9116188127981,111.0991454615772,17755500
2024-01-23,110.46997833251953,110.94426990805033,109.53109133003751,109.87953974643307,11667900
2024-01-24,112.78333282470703,115.03861414606686,110.93458819324754,111.63149979338692,21859200
2024-01-25,112.82206726074219,115.02894939029038,112.74463837099263,114.23524603870322,15485300
2024-01-26,113.49961853027344,114.25460371099535,112.57040543209806,113.15116269536651,10196400
2024-01-29,113.22858428955078,114.0900423850936,112.0477071559586,113.41248617849847,10042200
2024-01-30,112.33809661865234,114.22556695518044,111.85413100180863,112.62847894265029,11030800
2024-01-31,109.3375244140625,111.06044103557232,109.26008813372427,109.86020822925033,12853900
2024-02-01,109.75371551513672,110.37319087733297,108.99873037900558,110.15057084218088,8807600
2024-02-02,112.03803253173828,112.24129719055281,110.26671672456035,111.17657438425958,10044000
2024-02-05,114.98054504394531,115.7064934244347,112.84141803560406,113.373775750459,13267600
2024-02-06,115.55162048339844,117.10999025878438,114.48689767272406,116.26789486662032,11503800
2024-02-07,120.9720458984375,120.99140127336044,116.15174522242603,116.16142660225204,18172500
2024-02-08,129.44143676757812,130.42873073867352,122.06580566279403,122.92726385017838,33367000
2024-02-09,128.84133911132812,130.83527527539007,126.4021480397229,130.18676306073127,16984200
2024-02-12,126.27630615234375,129.22848438693904,126.08270810398032,128.99619036003486,14203800
2024-02-13,123.45962524414062,125.75361741974002,122.42393917457042,123.82743643487613,14494000
2024-02-14,125.12447357177734,126.59571839953894,123.8564786456083,125.4729294035016,13069700
2024-02-15,124.89215087890625,126.92481213294154,124.23396480850656,126.6053930919099,12554000
2024-02-16,122.62721252441406,124.51467550954304,121.77542829750098,123.05309725314122,13104400
2024-02-20,121.31082153320312,122.98533840777876,120.16866239860687,122.82079187277036,12038800
2024-02-21,121.32048034667969,121.35919847678879,118.96841486655988,120.43966688706446,11469700
2024-02-22,124.93087005615234,127.26357270562022,124.86310779204258,125.53098259218275,17014100
2024-02-23,125.37613677978516,126.80867093031503,123.63386491686535,126.31503129742235,10123300
2024-02-26,126.45052337646484,127.0215992036619,124.43722483551498,125.85041079666163,9526700
2024-02-27,124.46627044677734,127.73788265485395,124.46627044677734,126.57636815956806,8851800
2024-02-28,123.29508209228516,124.45660404314913,122.58849640305104,124.37916776947895,6519100
2024-02-29,124.54370880126953,125.04703717312321,123.07245659028862,123.92423340877977,9369900
2024-03-01,129.60598754882812,132.26779846746652,125.92786064045836,125.9568973961959,24393000
2024-03-04,133.82615661621094,137.4365504703193,133.26475477211804,135.45228864211066,26544600
2024-03-05,130.64166259765625,133.0227648482365,129.441422708851,132.72270856839933,13694700
2024-03-06,137.030029296875,139.38209506170125,134.16494639982284,134.34885569392037,22292700
2024-03-07,144.41534423828125,146.73838817543412,139.52728831307255,140.2532367741592,34675700
2024-03-08,141.6760711669922,153.32028118305413,140.28224801214427,148.96459120888264,43856900
2024-03-11,134.5618133544922,139.76927370112054,134.47468831277217,139.0142884692774,29227100
2024-03-12,139.7692413330078,141.9954857595709,136.062078312593,139.88540310524692,21218500
2024-03-13,137.5817413330078,138.636782805201,136.8364301672984,138.46256227707727,12923100
2024-03-14,135.1425323486328,138.51094313319638,134.56178256365908,138.03665158809676,14961900
2024-03-15,132.5872039794922,133.28411558478038,130.31257465259802,131.09659651618293,22751200
2024-03-18,132.79519653320312,137.5573134491992,132.76604186538785,136.2355808003143,14732900
2024-03-19,131.07501220703125,132.43562779063808,129.28678983599647,131.49292054330687,17341100
2024-03-20,132.90211486816406,133.4463551596311,131.21106982301797,132.68830406373976,12750200
2024-03-21,135.526123046875,138.5874965694203,135.12765615568296,138.5389005142496,17809400
2024-03-22,136.58546447753906,137.36295696101544,135.19570908297743,135.47754250815183,9944100
2024-03-25,136.28416442871094,137.69336095253684,135.3414573768245,136.21614181982306,9922200
2024-03-26,134.9332733154297,136.99363017972271,134.73890394355402,136.65347265686594,10786400
2024-03-27,132.84378051757812,135.36089880645636,131.34710516837333,134.9527186647004,13842800
2024-03-28,132.2218017578125,132.95069811278452,131.62896546259122,131.8622028053443,10019400
2024-04-01,137.5087432861328,138.9373814417638,133.19367414907896,133.42691151036695,14222700
2024-04-02,136.27444458007812,137.0713634383273,135.4289296724331,136.4299460063719,9869200
2024-04-03,138.00439453125,138.90821901110695,134.4959723587922,134.68062849883253,9707500
2024-04-04,135.73023986816406,142.62073735042486,135.50670094844472,139.9481170593607,15759500
2024-04-05,137.3823699951172,138.0043608876306,135.01102508321208,136.06063749484707,8263600
2024-04-08,138.77215576171875,141.8918390213173,138.74300109074048,141.1532293074745,16307400
2024-04-09,141.30873107910156,144.00079301346324,138.92767210773565,142.14453300535578,18443400
2024-04-10,142.1056365966797,144.2534429157555,141.1726427239381,142.50410350219613,18861300
2024-04-11,143.05804443359375,143.40791525138937,140.074436618293,143.05804443359375,11818800
2024-04-12,138.50975036621094,142.3874695267463,138.15015140976237,140.9199635210886,12024000
2024-04-15,136.19671630859375,141.3864549234659,135.94403757130567,140.93940678599972,13458800
2024-04-16,135.86627197265625,136.5854401575345,133.2033655104656,134.0100125208675,14218200
2024-04-17,135.11793518066406,138.55833401049546,133.49492787055408,137.15885074611882,18823200
2024-04-18,128.5481414794922,131.3276663242453,126.63357288908017,129.15069094245766,39306100
2024-04-19,124.10675048828125,127.84842439811725,123.07657933975804,125.7297579355969,28284000
2024-04-22,126.09907531738281,126.98347316191017,122.24078257796435,123.18348976091154,18556800
2024-04-23,129.67552185058594,129.94765681654158,126.98347515504949,127.66377549635048,12573800
2024-04-24,129.22848510742188,132.4550590808403,127.83871480299517,132.2606896560815,15558000
2024-04-25,132.7368927001953,133.96143328750324,125.23411806306062,126.342039974273,18034300
2024-04-26,134.4084930419922,134.8361146166792,132.1246118269295,132.96041358760834,9453400
2024-04-29,134.60289001464844,134.74866338613836,132.08577093733845,134.11695900376523,9997100
2024-04-30,133.47549438476562,135.76908879727776,133.39774366220524,134.05861738925145,10980600
2024-05-01,131.14303588867188,135.50668595383405,129.46171909840118,133.55324904130342,12561800
2024-05-02,132.39671325683594,132.89237220725303,129.47141492222218,131.78445047901548,9261900
2024-05-03,137.57675170898438,138.11127865583282,134.855535749111,134.99159580563295,13264300
2024-05-06,138.81103515625,138.81103515625,135.87600810407324,136.51744050881888,8601600
2024-05-07,137.13941955566406,138.28620936458356,136.55629654234056,137.87802918703082,8682900
2024-05-08,139.55935668945312,140.20077418997528,136.83814075614643,137.13941553340138,10202300
2024-05-09,138.77215576171875,139.31641088866365,137.15887625965587,138.91794394604602,8012700
2024-05-10,145.06008911132812,146.2652031000512,142.79564930373542,143.077497534458,23671400
2024-05-13,142.29029846191406,144.2631768510854,142.1833930641515,143.8549966494743,8278700
2024-05-14,147.67437744140625,147.7326867687592,142.13476890139228,142.3680210402363,12316500
2024-05-15,151.2022705078125,151.61045071096365,148.43245826497275,149.04473598441706,14027100
2024-05-16,147.94650268554688,150.69687308066665,147.927076128706,149.76389415159267,13394100
2024-05-17,147.41197204589844,149.66669825461494,146.59561179630066,149.66669825461494,7711200
2024-05-20,149.22940063476562,149.8999877316143,146.5762217480234,147.40229548154738,9261200
2024-05-21,149.34597778320312,149.65698062892903,147.67437456100615,148.01453206983987,7919400
2024-05-22,151.75619506835938,152.80580745999592,150.19149717380384,151.4938030925245,13455200
2024-05-23,152.66976928710938,156.25594176486936,151.48409668390866,154.70095692575663,20873000
2024-05-24,155.49789428710938,156.13932666010805,152.300475360782,152.776678171198,11908200
2024-05-28,154.9244842529297,155.86719133146835,153.16541686805857,155.18687624675795,13964400
2024-05-29,149.99716186523438,152.46569939206978,148.89896800387385,152.3393525998371,15780000
2024-05-30,148.656005859375,149.71533179347537,147.61610648648738,149.26826878516945,9687800
2024-05-31,146.7899932861328,148.20891797663032,143.65088396254131,147.21761483202064,13782600
2024-06-03,150.58998107910156,152.7280740467351,148.1700547179095,150.75519580352332,12924400
2024-06-04,148.17979431152344,149.46264438814333,146.74144276215063,149.083618816706,10066700
2024-06-05,158.3357391357422,159.1229449028641,153.50558430128447,154.12757532476417,23192600
2024-06-06,157.5096435546875,160.06562991559238,155.84775340965575,159.8907019158173,14819100
2024-06-07,159.7643585205078,161.445675259237,157.40274149698362,158.9674395667291,14023300
2024-06-10,163.42828369140625,165.06100439572273,157.8497916261232,159.38533504819276,12418900
2024-06-11,161.04722595214844,163.67124985520996,159.18123823988302,163.44771096325502,11508600
2024-06-12,168.11265563964844,171.10599186338814,166.7131722280886,168.48196788143082,20309500
2024-06-13,168.57476806640625,169.70568787529362,166.23493244013397,168.61375863254622,15591800
2024-06-14,168.1847686767578,169.2864417152547,166.08868011580006,167.68756091552737,9192500
2024-06-17,172.7962188720703,174.1903585681407,169.13048060595906,173.38116666101973,18593700
2024-06-18,175.18478393554688,180.22515902524722,174.5023374306372,175.50651190419387,27155100
2024-06-20,170.9828643798828,178.57754637600343,169.14999511906692,178.00234247009874,28403200
2024-06-21,169.59844970703125,173.03018491434509,167.89232602611256,168.37978993494644,20175600
2024-06-24,163.60263061523438,167.12212054413385,162.92992805765536,166.15693667331817,19741700
2024-06-25,168.27255249023438,168.3115430586125,164.7725502105095,165.688984767688,13346800
2024-06-26,167.75582885742188,169.33520708756689,165.9327038080759,167.80456334504484,11901500
2024-06-27,167.32687377929688,171.08033712369792,166.8588976944809,169.43270665609427,10864600
2024-06-28,169.45217895507812,172.38672081472734,168.47725126774557,168.47725126774557,11216100
2024-07-01,168.00930786132812,170.90484458816468,166.17643885546053,169.87142351080274,10717000
2024-07-02,171.29481506347656,172.27950168282808,166.7419039275025,166.8394026600265,10655500
2024-07-03,177.91461181640625,177.91461181640625,173.42019324894767,173.52743592142926,11808700
2024-07-05,179.37698364257812,180.43965144753963,177.72935316680585,179.52321687217147,11372900
2024-07-08,181.95079040527344,187.9660934876669,180.4883986222411,185.2362925174295,22582400
2024-07-09,179.89369201660156,183.71540742404662,177.92433358364957,183.37417672422072,19935200
2024-07-10,186.2599639892578,186.62068252421054,182.01902199893306,183.55940974797423,19293500
2024-07-11,179.87416076660156,188.61926343136776,178.4215131372221,188.24878614473846,21584200
2024-07-12,182.6527557373047,185.60678620909158,178.16808125722318,178.4800653389978,19220300
2024-07-15,180.5761260986328,185.29477302265715,179.4647090152681,183.94936791471451,15683100
2024-07-16,181.37557983398438,184.83657685162393,180.38116408761044,183.54967976022624,16663300
2024-07-17,166.90762329101562,172.15273920393102,166.23492078159364,170.82683690489807,45052600
2024-07-18,167.5608367919922,174.20985155105137,160.3853675646893,171.0998294783442,52903600
2024-07-19,161.6138153076172,166.24472320968516,161.0776019437126,164.92856448703031,22585300
2024-07-22,165.10403442382812,166.59567281781221,162.0135001029924,162.43272680670106,21037200
2024-07-23,165.56224060058594,167.23910267439553,163.75861828040763,165.17226056789534,11690700
2024-07-24,155.79345703125,161.30179285433297,155.58871565873235,160.95081827017188,19536600
2024-07-25,156.2614288330078,159.30319885220436,148.2962703780194,154.1945866277812,25731800
2024-07-26,157.87982177734375,160.4633746844729,155.19877013264718,160.18065214747753,13089200
2024-07-29,155.99818420410156,159.1374527548746,154.65279402249664,158.60123951616177,12663100
2024-07-30,150.6653289794922,157.10960204652505,148.72523226437872,156.41741166992838,22018000
2024-07-31,161.6430206298828,162.4717002747587,158.00654436185914,159.66391852782743,19860400
2024-08-01,154.21408081054688,163.4661515007702,152.90768105643346,159.3812014121719,21095600
2024-08-02,146.10269165039062,150.00240314259247,143.20715467733325,147.45784079888202,31095300
2024-08-05,144.24058532714844,146.23919057356443,130.2211317066588,130.5038542628977,31193100
2024-08-06,151.49403381347656,153.75587350331006,144.0163391965802,146.66814406510733,24528100
2024-08-07,151.15281677246094,158.57201877005073,150.64586496963042,157.49960699370678,22379000
2024-08-08,160.4243621826172,160.61934475487598,151.64025374686776,155.2767449186584,18889600
2024-08-09,162.92991638183594,163.5928749694115,159.1472069306943,162.14998610405266,20519400
2024-08-12,163.42715454101562,165.2795114407533,161.3895440998427,161.83801744069618,14727300
2024-08-13,168.01905822753906,168.12630088361692,162.16949126231341,163.78787502631818,15243500
2024-08-14,165.70848083496094,168.184790923525,162.99818271687033,167.5705965198716,11510300
2024-08-15,169.59844970703125,171.04133871183862,166.53717695460298,168.10679645987898,15393500
2024-08-16,170.16387939453125,170.61235269572387,167.9313014390768,169.04271845587456,10710000
2024-08-19,171.05105590820312,171.05105590820312,166.8101294897148,170.3783534389258,11511000
2024-08-20,167.72659301757812,171.0023514278563,165.5915133661762,171.0023514278563,13555500
2024-08-21,167.14163208007812,168.7405131503806,165.6499936677443,166.08870822262747,9434800
2024-08-22,162.2669677734375,168.93546963026523,161.89649048931952,167.68756337201265,13546100
2024-08-23,166.9856414794922,168.94524110867448,163.70988329821142,164.7628071646465,12189100
2024-08-26,164.8310546875,166.7614076176986,163.61239490496231,166.1082077594046,9611300
2024-08-27,166.27395629882812,166.30320294572684,160.90209404973973,162.2474993119566,9186000
2024-08-28,164.957763671875,168.14578141248782,162.03298057529489,167.02462050928523,10581400
2024-08-29,164.90902709960938,171.02182841082137,163.31014614454185,164.42156321237883,13213200
2024-08-30,167.39508056640625,167.9117910494428,164.519046870433,165.79619975779556,9481400
2024-09-03,156.4661865234375,164.45083365583807,155.79348388150697,163.78788981384355,18464400
2024-09-04,156.8366241455078,159.77116622678122,154.96476462960752,155.30599529643092,11317400
2024-09-05,159.5956573486328,160.4633423839339,157.01210496156094,157.4898100013125,10260600
2024-09-06,152.88818359375,161.26280976285767,152.09847958563017,160.7558431453063,14964400
2024-09-09,158.69874572753906,159.0107297634033,156.23217958933066,156.72938741074447,10339000
2024-09-10,158.35752868652344,158.80600205764904,153.7363800479703,158.80600205764904,11910800
2024-09-11,165.96197509765625,166.1082232108957,157.372862531561,159.69319573374136,15059500
2024-09-12,167.74876403808594,168.45330420047915,165.37095218835415,166.93660031170066,13399900
2024-09-13,168.79576110839844,171.01701965268458,167.76830566325293,168.54134968425134,8787800
2024-09-16,165.44918823242188,166.8974026223972,163.18879541985203,166.2613666550164,12194300
2024-09-17,163.75636291503906,166.5843029904208,162.7876166173773,165.71341528363888,8629100
2024-09-18,163.68785095214844,167.91509102961803,163.41386482836324,164.8425195576351,9116000
2024-09-19,172.43589782714844,173.9623963957608,168.92299215564617,170.63541310166337,15855000
2024-09-20,170.34185791015625,172.2402012967797,169.92108384236928,171.11488710754224,18429800
2024-09-23,171.00723266601562,171.63348883431414,169.9699972870642,171.08551655344354,5794200
2024-09-24,178.0624237060547,178.85502758313143,173.24807632618513,175.64546266321838,14576100
2024-09-25,178.43426513671875,179.87269989836796,177.3187458247383,177.62208656896865,8280900
2024-09-26,182.81805419921875,185.2643697321562,179.85312096778853,184.45219118348598,15103400
2024-09-27,174.14830017089844,181.947154783616,173.5905330982638,181.84929619613214,17908400
2024-09-30,169.94065856933594,173.0230253338352,168.23801745377082,170.52778031432425,13540200
2024-10-01,168.37503051757812,172.21085188812862,167.11272320733377,171.5454462284442,11850200
2024-10-02,172.02491760253906,173.16979152241427,167.12249153792848,169.2459066381689,11164400
2024-10-03,175.62586975097656,176.90773662236285,171.35949512686412,172.02490067505553,12555000
2024-10-04,177.2698211669922,177.33831024113115,173.73734076473218,175.84116625510242,9993800
2024-10-07,180.54786682128906,181.02735004255277,177.04474117467655,177.70036687908564,12054200
2024-10-08,182.0548095703125,182.53427787102325,178.1211299127469,180.9882195543381,10394200
2024-10-09,183.12139892578125,183.96293208469027,178.3461861234951,183.76722982401674,11925000
2024-10-10,181.7905731201172,183.0626600045493,180.4402023579068,181.86885699789548,6443800
2024-10-11,186.7126007080078,187.37800635545935,183.9727240848056,184.1292918761032,12163900
2024-10-14,188.08255004882812,190.07873716675232,186.40926347627448,186.51690196844024,11714400
2024-10-15,183.1116180419922,189.4622437133662,180.29345772403096,188.81642774977118,21812700
2024-10-16,183.4541015625,185.92977183979536,182.65171778247048,185.70471497762105,18689200
2024-10-17,201.41983032226562,208.03467701966815,197.63293868934727,198.98330962932587,62274700
2024-10-18,196.468505859375,201.52748494954287,196.44893115300434,201.52748494954287,21030800
2024-10-21,197.61337280273438,199.07138228749915,195.37255426444887,196.49785347722914,14820000
2024-10-22,194.2178955078125,195.87160734093627,192.87731925708852,194.79523737147133,11165100
2024-10-23,196.54678344726562,198.76804221858893,192.01620212546595,192.45653595235694,16535700
2024-10-24,193.67967224121094,196.19449159467572,193.17084939745948,194.68756790474038,9935800
2024-10-25,199.07138061523438,200.7935814220888,195.7052479613196,195.94987952127124,13434900
2024-10-28,190.49948120117188,195.45083651680528,190.34292835045608,194.98113317128144,20135300
2024-10-29,192.71095275878906,194.52121727520372,189.44267882507023,190.21570795554868,13779100
2024-10-30,190.30377197265625,191.2529435850235,188.4739327491415,190.20592831093148,10007800
2024-10-31,186.4483642578125,188.71855207091457,183.63021912608534,188.71855207091457,13062700
2024-11-01,188.80662536621094,193.91453327228274,188.41522086267753,190.0297831036587,12691200
2024-11-04,187.4464874267578,190.18636393294574,186.50711058134385,189.54053301977004,10917300
2024-11-05,191.55630493164062,194.08090460134713,189.3350609599607,189.42312474432654,10339200
2024-11-06,189.0708465576172,190.08850730588915,184.45220138158297,187.91617779804568,19834900
2024-11-07,196.8696746826172,197.67205834584362,192.03575320655267,192.0944623854322,14865200
2024-11-08,196.87948608398438,202.17331688350754,195.72483223152713,199.51172418667662,13112100
2024-11-11,189.88302612304688,193.94390418057745,187.37800125497853,193.70906743114978,16610000
2024-11-12,187.6519775390625,189.8340868306795,185.64599580024523,189.66773916488248,11819000
2024-11-13,182.65170288085938,188.34671756342692,182.49513510641341,188.30758308537781,13882200
2024-11-14,184.4521942138672,188.52286691102262,183.5128024640908,184.35433561849194,11453900
2024-11-15,182.01564025878906,184.74573652580867,180.84141188777073,184.13904017140217,9834800
2024-11-18,183.4541015625,183.96293940540045,179.54979128742306,180.39132447982044,10681500
2024-11-19,185.5970916748047,185.93958187097724,183.98252916399628,185.0686940136158,9390100
2024-11-20,184.31521606445312,184.79469933081884,180.1075499517201,184.79469933081884,10624500
2024-11-21,187.1333465576172,188.17058188905855,182.72997887658363,185.34264190892864,18137300
2024-11-22,185.99826049804688,188.8555551889636,185.3622095141242,188.80662589310418,8838900
2024-11-25,181.1056365966797,184.2075629567259,179.76506043838103,184.05099517632047,14380000
2024-11-26,179.89222717285156,181.90798846619361,178.41465819839274,181.41872543650388,10186600
2024-11-27,177.2991485595703,178.53208608504988,174.22657716622166,178.0917523210303,9895200
2024-11-29,180.6946563720703,182.93547485861853,177.2893743571506,177.61228980327877,8045300
2024-12-02,190.2255096435547,191.09639746656808,184.88276432564717,185.27416887915538,16646900
2024-12-03,194.6190643310547,194.72670280422156,188.46414145030425,189.344809008125,11217700
2024-12-04,196.38043212890625,198.249420817779,194.01240043630912,195.55847367649244,12761100
2024-12-05,199.9129180908203,201.21435980957014,196.4391468783528,196.92841000880946,12483700
2024-12-06,198.660400390625,198.82674805882337,195.6367429771209,197.66229945030932,9672900
2024-12-09,194.89306640625,198.76803682624396,194.7071440345536,196.6152671867333,9699700
2024-12-10,187.81832885742188,195.61718418316897,186.28203549398557,194.82458031790586,15307900
2024-12-11,190.4211883544922,191.79111894594234,189.1099520099629,190.48967741850288,9027600
2024-12-12,187.94357299804688,191.830833611285,187.77668210728348,191.05534966877076,7944900
2024-12-13,197.29855346679688,198.82007364733306,193.64687507642833,194.86409122085726,19477000
2024-12-16,198.5059356689453,201.72569248205457,197.18072439845048,199.46793234421185,15139300
2024-12-17,196.97459411621094,198.68262692756937,193.84318065733453,197.30834593239138,11169400
2024-12-18,191.96827697753906,201.47049863599247,190.39767210191786,199.2716338358736,14721100
2024-12-19,191.0651397705078,194.92296713216274,190.38781027337112,194.75607625960419,10553400
2024-12-20,193.5879669189453,194.4419833493088,188.45401245751677,189.06263546886376,16170100
2024-12-23,203.551513671875,204.22884315187173,197.2199808876871,197.30832430372027,17847000
2024-12-24,202.5404510498047,203.39446744045333,200.79314453874244,202.1379777016791,7634500
2024-12-26,199.33050537109375,204.3368424450223,199.16362946576803,201.7256936189015,8044900
2024-12-27,197.92678833007812,200.74407197989046,195.3941718348141,200.74407197989046,10664400
2024-12-30,196.70953369140625,198.26051639695535,194.83461013800152,196.1696322783135,11235200
2024-12-31,193.86280822753906,198.07400941541783,193.73519107748436,197.10218684350485,6427900
2025-01-02,197.87770080566406,200.02748076363557,193.07751315125722,193.3818171674925,10951400
2025-01-03,204.778564453125,204.96507721416197,199.958740386951,200.35140277296,10261900
2025-01-06,215.9691925048828,218.1189723815399,211.72854334669486,214.75197648598242,24339900
2025-01-07,207.53695678710938,217.41218759156678,207.43880242233382,217.1766051332744,17010000
2025-01-08,203.31593322753906,206.43753566154032,202.13797597978993,206.11359479716498,13262700
2025-01-10,204.54298400878906,206.12341466970105,199.49738801321033,203.78713693770834,17265200
2025-01-13,197.66172790527344,199.85076647991917,196.3757903794567,196.83715933615204,16612400
2025-01-14,197.75009155273438,202.47174691133299,194.85427534309173,201.4214067172163,14182900
2025-01-15,203.0018310546875,205.20068072786154,195.68866374556282,198.77099264402855,18286500
2025-01-16,210.84506225585938,217.87356202343722,209.25482070823492,214.8697657763514,38539600
2025-01-17,207.61550903320312,211.7187303435454,207.18358784715863,211.2181025934703,21606100
2025-01-21,214.68325805664062,216.10662373274755,208.15540082904354,210.52114131980596,19061300
2025-01-22,219.10060119628906,221.28963977715546,215.2820473585719,217.87355928213137,17294500
2025-01-23,220.49452209472656,220.5730545757548,215.38021971302751,216.05754925567436,8986800
2025-01-24,217.8048553466797,222.2418281771578,216.90175428440878,222.06514132909007,13183800
2025-01-27,188.77796936035156,203.19817042110165,184.22318971430525,193.4210924421659,68667500
2025-01-28,198.68264770507812,199.11456891402838,188.92522166183937,192.05662046964662,31738800
2025-01-29,198.61390686035156,202.6582320670179,196.08129064557733,200.7342388046098,15199500
2025-01-30,204.3270263671875,205.77002894700877,201.647170852608,202.77605847154746,13539000
2025-01-31,205.4755401611328,211.05121148890842,204.37610040890024,206.07432224223862,15746900
2025-02-03,196.13037109375,201.22505122019018,194.3437909814369,195.96349520060068,17719800
2025-02-04,200.30233764648438,201.9711117588691,198.3685182699996,200.32197451233546,12692900
2025-02-05,204.7393035888672,206.61421216549073,200.08635546785933,202.21649833738684,10997800
2025-02-06,206.6338653564453,207.30136899070067,203.1981478802099,206.20194419143797,8491400
2025-02-07,202.33432006835938,209.26465113541667,201.94167260574594,209.09777521487894,11616200
2025-02-10,204.1306915283203,206.12340641507578,202.7367736997574,204.17977620099953,9296500
2025-02-11,204.9062042236328,205.98599220266038,197.30835472407315,201.3625063083026,9224500
2025-02-12,202.58953857421875,203.26686812607602,199.28142329702854,201.13671012324917,7373700
2025-02-13,198.12310791015625,198.5844768925795,195.57085460222098,198.17219258502806,15580900
2025-02-14,200.15509033203125,202.4619353443405,193.83338236313224,196.30708831588123,23220300
2025-02-18,199.0164031982422,202.0692843201053,196.83717538888445,200.99929230304934,14988100
2025-02-19,197.25926208496094,198.8789664559269,196.34635005831245,198.29979126831753,13163100
2025-02-20,196.4248809814453,196.66046344914116,193.9806080293252,196.6015678322172,10639300
2025-02-21,194.5990447998047,198.96731120161243,192.40999114863592,197.63228894390426,13757300
2025-02-24,188.1300811767578,195.13894476953251,187.94358336707032,193.26403590020377,15114300
2025-02-25,185.89195251464844,189.975551939885,184.02685464122436,187.14844234109964,20581000
2025-02-26,191.04551696777344,192.47870854328048,187.58035172984242,187.58035172984242,14112300
2025-02-27,177.76400756835938,191.19276168616676,177.75419662559747,191.11422920845578,24219200
2025-02-28,177.2143096923828,178.81437722717504,172.2963308296179,176.01671552181463,27929400
2025-03-03,169.7931671142578,178.23522217127706,167.92806924234296,177.8229228730043,37403000
2025-03-04,176.6940460205078,180.2279329323339,170.98093134281226,171.8447736942675,29395200
2025-03-05,180.8954315185547,181.34698954741108,177.4008184361111,179.63894175809273,17334000
2025-03-06,172.62026977539062,178.21557814487267,172.56135917904692,175.30012523525366,17864300
2025-03-07,173.8472900390625,175.1921230728377,167.87895686383055,172.56133763720135,21012700
2025-03-10,167.51577758789062,171.6779096861499,164.82611095378,169.30235803346096,18265100
2025-03-11,167.82989501953125,170.14655087642652,165.01261142717541,167.5157650830181,16561100
2025-03-12,173.916015625,174.85839043097488,171.55027515602941,172.3748587282097,14737600
2025-03-13,168.43850708007812,170.69626737255365,167.36853004298143,170.69626737255365,14381600
2025-03-14,170.89259338378906,171.16744959922298,168.77226116883566,169.4790385738201,11449400
2025-03-17,173.00311279296875,173.90621391660974,170.62756125454655,170.75516343842025,9678100
2025-03-18,170.6123809814453,172.04129234734563,167.9516318430601,171.84420371703155,9986000
2025-03-19,171.23321533203125,173.1745692333503,169.24260054910545,170.48427249619868,10678500
2025-03-20,174.88926696777344,176.07181379370516,172.01173084447672,172.30737131018432,12209700
2025-03-21,174.1600341796875,174.623200765106,171.26278448771632,172.36650796464326,9993200
2025-03-24,178.52561950683594,180.2698697762024,177.0671304757584,177.37263516310404,11440000
2025-03-25,178.26937866210938,179.85596693262767,177.18538368676613,179.81655522168182,8718800
2025-03-26,170.97698974609375,176.93901458611813,168.97651089610858,176.62366075907707,14612400
2025-03-27,165.7935028076172,169.11449232663966,165.11353420341266,168.89769030683823,17559100
2025-03-28,162.8469696044922,166.17782317432216,161.6742719257935,165.59639140094367,16332000
2025-03-31,163.58604431152344,163.71415867610463,157.40721782508828,158.02806123880057,19408300
2025-04-01,166.18768310546875,166.41433429867445,162.6597406720627,163.9704019839043,9180000
2025-04-02,167.91221618652344,169.25243989282757,163.93097181488665,164.42370089754408,10072700
2025-04-03,155.09141540527344,159.4471388189363,154.9238893166978,157.73243614785235,28370500
2025-04-04,144.66526794433594,149.10967904921085,142.73376324038628,148.69578840627142,36085100
2025-04-07,144.04441833496094,151.51419303845535,132.29775879943173,132.55397250933532,46388300
2025-04-08,139.31422424316406,150.39078008849052,136.9589796904957,149.76993659588322,30479700
2025-04-09,156.4414825439453,158.28428448714374,135.89467393994977,138.16123071017083,45612500
2025-04-10,148.93231201171875,153.73148893790835,144.77367694134387,153.23875980669712,24503500
2025-04-11,154.7957763671875,155.71224527847636,151.0214696444036,153.73147970327543,19632200
2025-04-14,153.57379150390625,156.28380136376313,151.79011469295864,155.9980251220496,17509400
2025-04-15,155.04214477539062,155.9487645404872,153.78075944683025,154.2143634729415,14306600
2025-04-16,149.46446228027344,151.30726453537622,146.3307120259125,148.41002969219187,23806100
2025-04-17,149.53343200683594,155.20966579995059,149.24764070946162,153.78075442377525,27239900
2025-04-21,145.70986938476562,148.09467674072954,143.71923934633762,147.80890044105115,15170500
2025-04-22,149.19837951660156,150.38094149749315,145.29597309774,145.84782733580928,12668600
2025-04-23,155.51516723632812,158.04780220881187,153.73149017291811,157.05247973215333,17667900
2025-04-24,161.79251098632812,162.15714072497394,155.10125679975275,155.4855848747269,18761100
2025-04-25,162.6991729736328,163.49739179872017,158.8164648268568,161.5461735186172,14654800
2025-04-28,161.02386474609375,162.91595773291507,158.16604196522005,162.60060388947855,11415600
2025-04-29,162.08815002441406,163.58605060170078,161.12240526131373,161.98961323293727,9830100
2025-04-30,164.2660369873047,164.49268817293975,159.39787085932915,161.16183449866185,10073000
2025-05-01,170.2083282470703,172.2383695750185,168.4640631586236,170.28716670135637,22670600
2025-05-02,176.67294311523438,178.0230160238413,174.56406318993143,177.18538558440946,21691200
2025-05-05,173.8348388671875,177.4613332462712,173.68702613629975,176.3970364731782,14618900
2025-05-06,169.77474975585938,172.198983719197,168.10932287166196,170.09010362034877,14565600
2025-05-07,172.00186157226562,173.42092373634193,168.87796099238295,171.56827261048522,9682500
2025-05-08,172.6719970703125,174.86956477405556,171.1346845946214,172.79024724939654,10343000
2025-05-09,173.95309448242188,177.83580239292604,173.90381856254703,177.1853963391371,11582800
2025-05-12,184.26095581054688,186.41911150795613,181.92542486853296,184.55659625511896,22064900
2025-05-13,191.16903686523438,191.4548131198742,184.9902098949475,184.9902098949475,19996000
2025-05-14,191.9278564453125,193.3666322046662,190.42010642294284,192.4402989805906,12359000
2025-05-15,191.39569091796875,191.66176883967435,188.84335781401475,190.29198255666944,10241800
2025-05-16,191.39569091796875,192.24318556308035,189.7696909187761,191.7011805510499,9146700
2025-05-19,190.68614196777344,190.68614196777344,186.06434108213418,186.25158052666242,10144400
2025-05-20,190.63690185546875,190.9128289717806,188.03529258959958,189.01090170313805,7054100
2025-05-21,188.97146606445312,192.4304340990348,187.7593566435917,190.29199152973158,7375700
2025-05-22,193.33705139160156,193.96774405354802,188.55757298996878,188.55757298996878,11825000
2025-05-23,189.18826293945312,189.99634588933893,187.266622437394,189.22768968851528,9403100
2025-05-27,194.80538940429688,195.4262329447162,190.88326958308508,191.27746192497844,12228200
2025-05-28,193.2877655029297,195.18970759652035,192.63735949971846,193.2384895868867,17787600
2025-05-29,194.2830810546875,196.89455434633763,193.22864858392163,196.5595021621241,14609900
2025-05-30,190.50877380371094,193.06110676353816,187.78889972852713,192.92314322616636,11998300
2025-06-02,192.0066680908203,192.3220219259813,189.40505909833638,190.23284036028616,7447400
2025-06-03,194.73638916015625,195.2882433282764,190.82411903064215,191.52380094608628,9548300
2025-06-04,199.4567413330078,201.06304307256693,197.46612651904923,198.45158475693347,13531100
2025-06-05,200.38307189941406,202.76787899992377,199.33848858662626,201.90068598685608,12214300
2025-06-06,202.19630432128906,203.29016351428606,200.27466385707774,200.61958023853305,8532000
2025-06-09,203.98985290527344,206.22684728997706,202.87628029741273,203.39857195455645,11472300
2025-06-10,209.37046813964844,210.1292601718448,206.90682249431035,208.5328226054736,14514000
2025-06-11,210.9866180419922,214.26818079294267,209.8533320285805,211.87352445518428,13326400
2025-06-12,213.0735321044922,213.51862189561794,209.5920461572646,210.59099293484513,9796100
2025-06-13,208.7908935546875,210.9272549746671,207.10947689198082,207.811717213781,10152500
2025-06-16,213.32078552246094,215.21979695850854,210.4030570003079,210.67010784160857,10932900
2025-06-17,211.56024169921875,213.57793554282404,211.16462314927432,211.55035651762825,8389700
2025-06-18,211.1646270751953,212.8163579443363,210.56129896559096,212.35149783897486,6932000
2025-06-20,207.21827697753906,213.14276101134945,205.87315268488268,212.84603953216853,16992000
2025-06-23,208.01943969726562,208.28647545892696,203.94449570662383,204.3698000357398,7535500
2025-06-24,217.6825408935547,217.95947690490735,211.54047745877085,212.04489338833162,14814700
2025-06-25,220.30357360839844,221.05525494829968,218.38479179951528,218.38479179951528,9168400
2025-06-26,221.55966186523438,222.75643292435288,220.26399371093933,222.51905273054368,7982200
2025-06-27,226.06979370117188,226.37640035066002,221.57944605159514,221.84649688161542,13133000
2025-06-30,224.01255798339844,225.6543887018925,222.3410415335963,224.95216344629193,9279800
2025-07-01,222.2223358154297,226.09947026769942,218.76062048380976,224.94225500455963,9990200
2025-07-02,231.04476928710938,231.26236402149354,221.5497729797945,222.02451826759608,12012500
2025-07-03,232.2316436767578,234.98123344483452,230.71838078612137,231.3118086321642,7779600
2025-07-07,226.66322326660156,230.00625598256093,224.95215108885353,229.09632120907986,13817500
2025-07-08,225.36756896972656,227.81055224441735,225.05106202459137,227.26656536489236,8854400
2025-07-09,229.30401611328125,230.71838191577604,227.72152675753793,227.92922122251156,9475300
2025-07-10,227.24676513671875,230.50078592789444,225.27854240766604,230.23373509678026,13124700
2025-07-11,227.8797607421875,229.72931598676968,226.89069925443167,228.4732036715932,8817800
2025-07-14,226.168701171875,227.33580164011,223.83451532728643,226.82148541214806,10673500
2025-07-15,234.35812377929688,235.1098201921258,231.29204212721817,231.89537025715035,14270100
2025-07-16,234.96145629882812,235.703252451527,231.58875283583902,233.81414129393565,15092800
2025-07-17,242.91351318359375,245.56419078946456,238.7495575810806,243.10142219353872,27395700
2025-07-18,237.77037048339844,243.27945009529316,236.07908382732455,242.62666590542452,16252000
2025-07-21,236.2373504638672,239.68916551534434,236.09888245452257,237.49344773010733,11971800
2025-07-22,232.03384399414062,235.3966472031473,229.22489774255888,235.22850855188508,11919500
2025-07-23,237.701171875,237.86931053295794,233.79438164345882,235.91097282581484,9885400
2025-07-24,238.95726013183594,239.30342259547118,235.42630339634482,237.58246527527868,9081900
2025-07-25,242.91351318359375,243.5465119470764,238.30448291942392,238.6803311230758,11593400
2025-07-28,240.09469604492188,241.2815669101867,238.4132943948065,240.34196143734712,11892200
2025-07-29,238.6902313232422,241.30135327338223,237.19675378046318,238.8583699796969,9411500
2025-07-30,240.2529296875,241.89477537973636,238.58141335797217,239.47156266047688,6823800
2025-07-31,238.97705078125,244.70372570065214,237.17696657865446,243.28935981329397,13490700
2025-08-01,232.63717651367188,234.59551417965463,229.30402878904005,233.04268028404425,13549800
2025-08-04,236.3856964111328,236.3856964111328,233.80424531526904,235.3076230077108,6450700
2025-08-05,229.92713928222656,236.01976204025797,227.6522947033383,235.72304055746707,11868900
2025-08-06,228.8391571044922,229.66007997012798,226.31706232347207,228.50287981260698,9457200
2025-08-07,239.9661102294922,245.12901276652462,238.16602604278384,241.79588014745394,17691000
2025-08-08,239.1847381591797,240.50019173112435,236.3560217387914,240.50019173112435,10552500
2025-08-11,239.44190979003906,242.66626013917926,238.8979229128637,239.39245369359006,8272900
2025-08-12,241.6178436279297,242.09260404637413,239.05617779075234,241.0540863823644,7295800
2025-08-13,238.7990264892578,243.73443403610307,237.31543414287015,243.73443403610307,7971900
2025-08-14,238.36383056640625,238.73967878010387,234.22956058325795,235.36697531476835,11040500
2025-08-15,236.26699829101562,238.16599441806065,234.6647085182904,237.7011343404534,8155500
2025-08-18,238.76934814453125,240.20348434804967,237.36488257963254,237.36488257963254,6919800
2025-08-19,230.1546173095703,237.54290821975607,230.03593475418785,237.394555025528,14594700
2025-08-20,226.09945678710938,226.52474597267727,221.25304655666736,225.6444818730812,17165200
2025-08-21,224.84335327148438,227.8105377802662,223.78505021924937,225.6543758561067,7449100
2025-08-22,230.44143676757812,231.88545805881097,223.69603031449108,225.50601461121195,10299500
2025-08-25,233.0130157470703,234.68453224443124,229.70955366729737,231.73713293978773,7655000
2025-08-26,236.1087646484375,236.21756201810857,233.15146530329247,233.78446406541104,9793100
2025-08-27,236.6725311279297,236.7813285018608,232.8646532241043,234.27900399332705,9516400
2025-08-28,235.6636962890625,238.02755275522975,233.4185223777531,233.71524385677907,8466200
2025-08-29,228.34461975097656,233.36905389564595,228.05779856133378,233.26025652884064,15526000
2025-09-02,225.8917694091797,226.83137487415294,223.16196493273623,223.6762660785201,13974900
2025-09-03,228.85894775390625,229.90735056526964,226.09947271440987,228.98753058273127,7198500
2025-09-04,232.63717651367188,232.7360736146898,227.78088062480495,228.81939828272428,6241900
2025-09-05,240.7474822998047,241.87501189494063,235.29774334674602,237.61215890887303,14056600
2025-09-08,244.4861297607422,245.16858465276343,238.97704962001106,239.34301266018406,12986600
2025-09-09,248.17530822753906,251.9436301044328,244.2289474339731,244.2289474339731,13443400
2025-09-10,257.5911560058594,261.68585454723996,254.9305783985607,256.0383223482335,18822400
2025-09-11,256.07794189453125,258.77809092253375,255.4053872521673,257.502193009987,10005000
2025-09-12,256.4932861328125,258.0955909960977,255.55369588906746,257.99667881681944,8496600
2025-09-15,258.5209045410156,259.92535499441186,255.91966791789744,257.15599481605153,8147700
2025-09-16,260.0111389160156,264.35689969082887,258.5724633115559,263.84097609726933,10381900
2025-09-17,260.7354431152344,262.7396392925697,257.6993694692491,262.2733126722264,10422000
2025-09-18,266.53973388671875,268.4248732551709,255.9630722413997,255.98290497700958,16917300
2025-09-19,262.7991943359375,264.48591554485137,260.7553022050341,264.28746706886636,17640200
2025-09-22,270.4985046386719,274.1993230411145,263.37464722264656,264.4561216538552,15630300
2025-09-23,280.4997253417969,283.7640121414001,277.8109209775945,280.19215138731926,17830300
2025-09-24,278.51531982421875,279.0114106800884,274.55652448365356,278.1184531953196,10231000
2025-09-25,274.49700927734375,274.97326742244326,268.0775920808023,270.98467736982275,11863400
2025-09-26,271.2227783203125,273.3460617183889,268.5042101180865,271.74866369561613,10451900
2025-09-29,271.0938415527344,277.6819128974079,271.0938415527344,274.32833360045987,8046200
2025-09-30,277.1064758300781,277.304894031587,271.68914115820706,273.1675126962315,8348800
2025-10-01,286.21466064453125,288.2089555817036,275.00301937242045,276.263079250509,14620100
2025-10-02,285.85748291015625,294.40018392472103,284.7859398924857,294.201735453789,10198000
2025-10-03,289.9056091308594,293.7453479391941,288.2188879210599,290.57035399568434,10572500
2025-10-06,300.0357971191406,304.89748231849245,297.59503815079455,297.66449814996815,15785000
2025-10-07,291.731201171875,304.6990240193715,290.9870648531753,304.22276587496935,13081000
2025-10-08,302.1391906738281,304.0044973014673,291.68161630829576,292.69363084331917,12821200
2025-10-09,297.5354919433594,300.46241017366395,295.0947331203456,299.9464865226407,10259900
2025-10-10,278.46575927734375,297.8530009389601,278.13832231340615,297.61485670728183,23398000
2025-10-13,300.52197265625,302.24835937204824,290.0346033193896,295.9083028677765,20318300
2025-10-14,293.62628173828125,299.3908555233887,289.0622394425253,293.3187078052985,16567900
2025-10-15,302.3277282714844,304.21286776333625,297.7240201528247,303.895392577868,20788000
2025-10-16,297.49578857421875,308.9356435668838,294.3704219464038,308.4990811506636,26341500
2025-10-17,292.7729797363281,300.92871499569696,292.614257300604,296.0670304388142,17633300
2025-10-20,295.37255859375,301.2760226284694,294.7375476549026,297.654564812383,13391600
2025-10-21,292.2074890136719,297.029478314998,291.3641283776369,296.66237587176795,11190500
2025-10-22,286.6214904785156,292.8920868800823,282.1765050016482,290.7092747532754,15409100
2025-10-23,288.45703125,291.7907476292175,287.36562519288015,287.53427914594323,10379900
2025-10-24,292.6539306640625,295.6205747892861,292.0884100589532,293.2591772976509,8747000
2025-10-27,295.918212890625,298.13078913807067,291.3938664419253,296.3150795428121,13615000
2025-10-28,299.1725769042969,299.7678920400173,293.7651739833993,295.9876818048232,11804200
2025-10-29,302.7047424316406,305.5522993596172,300.0159382255111,303.4091830331609,16177300
2025-10-30,300.849365234375,304.9073851443799,298.46813498103774,300.7104452490958,14507100
2025-10-31,298.0811767578125,305.2744949490037,294.3604949347826,303.59770525177265,12667900
2025-11-03,302.4765319824219,307.69541799091246,299.75796351301875,300.22429017475446,12466600
2025-11-04,291.75103759765625,299.6289632802758,291.2152812422831,294.5589289653047,16224300
2025-11-05,291.34423828125,295.8884169785323,289.2209549868863,290.33219360566375,10502500
2025-11-06,286.9786682128906,292.3364744187649,285.13322450832413,291.80068774238003,11516900
2025-11-07,284.26007080078125,285.6392179644077,274.96333266669853,282.9801478677512,15715700
2025-11-10,292.9615173339844,294.8069912783868,289.4690482012798,292.0586282373932,10869200
2025-11-11,288.8935546875,292.61423600809553,286.6512143890135,289.77658064251733,9666300
2025-11-12,288.347900390625,292.5646734869359,287.31602273129323,291.40383761430286,9715900
2025-11-13,279.99371337890625,287.2366283376572,277.810901328304,286.9092216695595,13827600
2025-11-14,282.59326171875,284.61729103465905,271.0938768995348,273.75291717815287,11486800
2025-11-17,279.8052062988281,284.28985724965776,277.6124626636006,279.23965539133576,10227100
2025-11-18,275.73724365234375,277.999416912211,270.58781776308274,275.3800424644778,11850400
2025-11-19,280.1623840332031,282.32533319842275,274.15969595458324,274.755011120154,11179200
2025-11-20,275.3304443359375,290.56044073608274,274.24896982769974,289.92542986207985,15747300
2025-11-21,272.9095153808594,276.51114005253663,264.73394728093143,270.6771063971571,20872800
2025-11-24,282.41461181640625,282.831311171512,271.054119312442,271.054119312442,13570300
2025-11-25,282.4543151855469,283.168687312,270.9449999389071,280.51957879068505,13726800
2025-11-26,287.6930236816406,290.52074784219457,285.4804776659429,286.8397618751708,12220300
2025-11-28,289.23089599609375,290.38183039735287,286.7405102489479,290.1933134527253,5515400
2025-12-01,285.4308776855469,288.88368154911774,280.97599070687,284.6768400419305,7713000
2025-12-02,289.8063659667969,292.19752763627986,286.9191134184747,289.7170732420839,10746400
2025-12-03,293.14013671875,294.30097251523483,283.8334662155739,289.89568272362914,9599200
2025-12-04,290.63983154296875,291.73123766940074,287.93119438258316,291.6816406868762,6753000
2025-12-05,292.41583251953125,298.4482847720855,290.95732400644687,293.7354210413758,10275300
2025-12-08,299.5098876953125,300.2540239771721,294.40015794900637,298.84514290641494,16643100
2025-12-09,301.0378723144531,302.29793225289956,296.1662562251443,297.6445973625877,11349100
2025-12-10,307.71527099609375,311.5252453880711,300.13498768236843,302.98254453904786,12429200
2025-12-11,303.2831726074219,304.26807460223984,298.0999588756921,303.7507581691417,15028400
2025-12-12,290.53900146484375,302.71608144218436,289.4844520085434,302.71608144218436,19306100
2025-12-15,286.2610778808594,294.2796490463091,286.07205200498913,293.6329959576229,12082400
2025-12-16,285.39556884765625,286.9773930782894,281.86382693382285,285.7835789370498,11418400
2025-12-17,275.5364990234375,287.614117587584,273.6661568096194,287.04703993240423,16823000
2025-12-18,283.2168273925781,285.6840919054254,280.30189395409326,283.5351899801831,11260300
2025-12-19,287.4648742675781,290.66832540772776,284.9080762017799,284.9080762017799,12735800
2025-12-22,291.77264404296875,293.4937633890043,289.71327581912294,293.15551451119416,6091100
2025-12-23,295.42376708984375,296.37882444082817,290.6981808430299,291.89199494157896,6802300
2025-12-24,297.2642517089844,297.62241721204856,294.70748375869647,296.2097021978008,2753900
2025-12-26,301.2834777832031,301.82071082512005,296.98567416931934,298.35858618714826,5125900
2025-12-29,299.3733825683594,302.9349691756451,297.11503019815467,300.22894787531203,6205100
2025-12-30,298.0402526855469,302.98470987914686,297.9109463420213,300.80596326630786,6190600
2025-12-31,302.328125,305.8101362096284,301.8704673812959,302.43754506486727,8175100
2026-01-02,317.96728515625,319.93711947544307,310.0979669193405,310.3765265882512,18526900
2026-01-05,320.5937194824219,329.5474618418999,319.8475742857987,328.7018245469152,17446300
2026-01-06,325.7471008300781,331.3680554544452,322.9217012206051,328.52276956882855,15599600
2026-01-07,317.04205322265625,324.62288337523376,316.90278857697325,323.0012866910015,11744800
2026-01-08,316.37554931640625,322.8321832662991,314.51516532140175,322.7227632010534,10850800
2026-01-09,321.9666442871094,323.1007692434349,316.6142910064096,318.186156924328,12325100
2026-01-12,330.0647888183594,331.8356389272924,319.40984357036973,320.4445067771578,12714800
2026-01-13,329.5076599121094,334.69090375314994,329.07987728467845,331.1591315955093,11473600
2026-01-14,325.4287414550781,328.16460730778095,323.1505332047328,328.16460730778095,11210800
2026-01-15,339.88409423828125,349.5242628055195,336.18321263410184,341.0480638104695,42188500
2026-01-16,340.64013671875,348.0518575773862,339.70496567358526,344.7290280520938,18246100
2026-01-20,325.4784851074219,340.39143063452354,325.2198117253413,339.03843525904966,22809900
2026-01-21,324.44384765625,331.92521680778634,324.0061066799057,331.7162742776711,16789800
2026-01-22,325.6874084472656,333.327928191825,325.2198228962958,331.70633142130043,12801000
2026-01-23,333.14886474609375,335.4171450220839,329.6668536862397,330.3632680425013,12904400
2026-01-26,330.9999694824219,333.3777002269528,328.53273531285805,331.07957531024965,8646400
2026-01-27,336.60101318359375,339.49606015302084,332.8404426547893,334.7704739677407,11298100
2026-01-28,340.5406799316406,343.72424514237343,336.91940410614177,341.2669389047847,12140100
2026-01-29,337.8048095703125,341.97327674069385,326.5131692249356,338.05352465035566,13844800
2026-01-30,328.86102294921875,338.1530146381896,327.4085353918609,333.6960598625758,12028100
2026-02-02,339.6054992675781,342.4309292522656,327.40853256904984,329.0600043192495,12459100
2026-02-03,334.0243225097656,345.2662309741439,328.32376245710213,343.29642714791373,12540000
2026-02-04,324.0657958984375,337.05866944832655,317.4300944641324,333.8751345918697,18176000
2026-02-05,329.0301513671875,332.85041119948266,318.00708246167767,321.16080290831286,14812000
2026-02-06,347.0570373535156,347.92256099576986,334.9197290027381,335.7653663679586,17025500
2026-02-09,353.5832824707031,357.7517493161135,346.0123802368341,346.96746792946556,14594900
2026-02-10,360.0498962402344,362.88525417859324,354.5582782923775,362.4574411737488,14622100
2026-02-11,372.1672668457031,377.629039896409,366.4965816437437,368.17786753241796,18651300
2026-02-12,366.2080993652344,378.0469314082415,320.4445234579209,377.05207106243034,16835400
2026-02-13,364.4770202636719,369.20260688741604,358.9157545960688,367.2526891184118,10468200
2026-02-17,362.328125,364.317845553848,354.40901533596235,360.0100835527605,10063800
2026-02-18,360.3981018066406,367.49146059968047,358.8560501260037,361.9898539972341,7310500
2026-02-19,358.5377197265625,360.9353063430657,355.6028696838767,357.87114996380035,6346500
2026-02-20,368.63555908203125,370.2870308906031,357.2543543574776,357.93085210246517,9009200
2026-02-23,368.1380920410156,371.5106524700655,364.57647537661296,365.1236667255391,9550200
2026-02-24,383.7673645019531,387.1797280779624,374.11720735268767,377.4499954626336,13269500
2026-02-25,385.7371826171875,388.2044166508074,382.8520635515886,388.2044166508074,10948400
2026-02-26,374.8733215332031,384.4836760415777,367.7998791031673,384.1951580425536,14535700
2026-02-27,372.6547546386719,374.74396732300823,366.7253958022188,368.2376028761936,9186600
2026-03-02,367.2128601074219,371.1823732345651,362.77579179913977,363.482134090646,12571600
2026-03-03,351.3150329589844,354.1503909697605,342.37124831361416,347.75341597792504,18580200
2026-03-04,355.6028747558594,359.2341088470799,352.7277138615793,355.5929164372393,12131100
2026-03-05,352.041259765625,357.6224419722406,342.0329673325376,353.0759230038478,16249800
2026-03-06,337.1482238769531,346.927687332115,334.95951905814144,341.7345153172319,13803000
2026-03-09,346.9078063964844,347.6041904053892,330.21405140915897,333.8751301072361,19182800
2026-03-10,345.3060607910156,351.68311901099446,342.5403503481588,346.67897287429116,12985600
2026-03-11,352.7376403808594,355.51330892089413,348.55921527458617,352.11087357884594,10683300
2026-03-12,334.9794006347656,345.10710148802195,334.6511100969132,344.15201374736165,17549400
2026-03-13,336.5711669921875,342.74924061144304,334.49191272382546,342.1523487531383,17299900
2026-03-16,338.4813232421875,342.8587023923161,338.07342688500665,339.49606979567136,11123500
2026-03-17,345.1716613769531,345.9498377627922,337.6093542809213,339.80422636727593,11434600
2026-03-18,338.7766418457031,347.1370678303785,338.5471682530561,344.97212438439857,12632600
2026-03-19,337.99847412109375,339.10586615055837,324.43024248767375,328.45082575092425,15411600
2026-03-20,328.47076416015625,336.8112479482066,325.13857128583965,335.8933840112334,17424200
2026-03-23,337.6592712402344,342.6076743711966,330.3264373947262,330.3264373947262,15857200
2026-03-24,342.4480285644531,344.0742250937163,333.23958263321845,334.785979471341,9725000
2026-03-25,346.9375305175781,349.6312345218189,342.69746005115195,345.1916191490497,12166900
2026-03-26,325.3480529785156,340.1134921176816,324.60979167775395,339.0260424773275,14560200
2026-03-27,325.9765930175781,328.790011660255,321.55695060249406,324.07105189915274,14484500
2026-03-30,315.7605285644531,328.82992777912506,313.0668246730703,326.4355412347163,15740000
2026-03-31,337.1604309082031,337.61934764620054,320.38970797374367,321.5569573535184,18488000
2026-04-01,340.692138671875,347.8653425105511,338.9562137218917,343.0965116413069,15011600
2026-04-02,338.2478942871094,341.27081394543603,326.03647044026826,326.07638551144646,8994600
2026-04-06,340.9615173339844,343.39581892266654,337.82883905569076,338.9562037807292,5884800
2026-04-07,344.5132141113281,344.7227149499429,334.8657933542661,338.64694705989115,6823500
2026-04-08,365.04510498046875,373.4254731273044,358.40066175401483,369.4248627966387,16356900
2026-04-09,364.6360778808594,367.30983960338875,359.87723322860296,362.4511920505476,9246000
2026-04-10,369.734130859375,377.1168353024966,368.8861107224818,374.71246240799366,13168200
2026-04-13,368.70654296875,370.5921113356213,365.1947476205656,369.3949332866031,9596300
2026-04-14,379.00244140625,381.26712682827457,372.34801176649427,378.15442125299387,12859500
2026-04-15,374.2236328125,381.08756344198474,371.34037031444194,380.51888786713016,14955500
2026-04-16,362.5010681152344,369.33506973188184,359.70759182167325,367.9981737410995,26405800
2026-04-17,369.6343688964844,374.7024866580013,364.286906540967,372.32807283213566,18419400
2026-04-20,365.3843078613281,369.20537650698327,363.39896703611515,368.3573563560101,11638300
2026-04-21,367.2200012207031,369.8837764053379,364.2569391372449,367.2200012207031,9808200
2026-04-22,386.5347900390625,387.0036931518485,369.7740536326661,370.91137431172075,16317200
2026-04-23,381.7659606933594,387.8517148042079,374.93195887493795,383.35224217986075,12224900
2026-04-24,401.5196838378906,408.5332577264124,392.92981485809634,395.2144730265238,21603600
2026-04-27,404.0338134765625,413.5315599359024,399.4644971636646,412.7833122399991,16561200
2026-04-28,391.42333984375,396.94041842795855,383.80120564186564,391.2038526301569,14715800
2026-04-29,392.90985107421875,394.92515107739615,387.27305769604214,391.9920175913842,10313000
2026-04-30,395.1346435546875,397.8582761473064,384.80881919042196,396.8805548572255,12788100
2026-05-01,396.74090576171875,403.0461167104827,391.21384077360295,392.52077768207715,9926400
2026-05-04,400.6716613769531,406.74745945720974,394.27666453205956,403.5748660890813,9978500
2026-05-05,393.488525390625,405.18114463225464,391.6827566127574,403.6547204596296,14579000
2026-05-06,418.5198974609375,418.719442367678,399.71393173607123,401.4598431080775,17736400
2026-05-07,413.182373046875,419.01871118477544,407.1564763896412,417.1131700589296,13403200
2026-05-08,410.7181396484375,416.025717257243,399.9433850490627,415.97584625622636,18531200
2026-05-11,403.5948486328125,406.7773980105824,397.25967856796774,405.7896903250927,14680000
2026-05-12,396.351806640625,401.30020973210407,385.2178768500887,396.8207097656788,18121800
2026-05-13,398.86590576171875,403.73450913124304,390.5553811479706,397.33948163077406,13127800
2026-05-14,416.7440490722656,420.9841194624343,401.16054818027357,402.2679401856103,18577100
2026-05-15,403.4053039550781,408.91239635591,397.8981811079678,405.55027471857755,11868600
2026-05-18,395.0249328613281,405.9293892063572,390.1363566382977,405.9293892063572,12117200
2026-05-19,391.69268798828125,397.9480581917038,384.16034005204995,388.59995521209726,14083000
2026-05-20,400.6816711425781,402.93640073945727,395.02493528427414,396.0724699406183,10254300
2026-05-21,406.19873046875,410.4986581682928,398.57659636269995,398.57659636269995,8937900
2026-05-22,403.57489013671875,409.7105459625166,401.9187648184228,408.47342232875764,7111900
2026-05-26,411.3566589355469,415.5168990579511,409.11191585695747,412.1547776294236,10132000
2026-05-27,421.7423400878906,429.5440462174616,414.4095066168901,426.0222949648963,14695600
2026-05-28,423.8673400878906,426.6009590399201,413.7410606943367,421.23352403082976,8905800
2026-05-29,417.47235107421875,429.4343280523075,416.275142560005,426.07220654761306,11232300
2026-06-01,434.6122131347656,448.34007446195545,421.5128847675093,423.88732908446804,18040400
2026-06-02,445.6463623046875,447.3324162485465,434.99132221113416,439.550621789287,10147900
2026-06-03,435.66973876953125,449.1082692608182,433.51478164674097,448.9386530451177,10245200
2026-06-04,443.8805236816406,446.96330070052613,426.3016646283289,429.6239016262129,10974100
2026-06-05,414.20001220703125,432.88623203958207,411.8255679561694,428.7658764802955,19644200
2026-06-08,425.8028259277344,432.79645773034827,421.5428131800681,422.7799063408481,11245400
2026-06-09,426.92022705078125,437.13629271417284,404.56258181002585,429.8733028229284,21199500
2026-06-10,407.7950134277344,425.3239709144749,406.74747878276156,412.9928324745404,13139700
2026-06-11,421.07000732421875,422.25,408.8599853515625,413.260009765625,13826500
2026-06-12,423.92999267578125,426.94000244140625,417.2099914550781,420.04998779296875,10362500
