Date,Actual,Predicted,Residual
2019-01-03,53585.0625,58030.68804875192,-4445.625548751923
2019-01-04,54142.265625,57671.74988871872,-3529.4842637187176
2019-01-07,54513.75,60326.21923019351,-5812.4692301935065
2019-01-08,54978.09375,48634.760727510286,6343.3330224897145
2019-01-09,59064.29296875,46714.74606396246,12349.546904787538
2019-01-10,60643.0625,47439.300835137445,13203.761664862555
2019-01-11,60457.328125,54797.658839573705,5659.669285426295
2019-01-14,57671.27734375,57672.03386321759,-0.7565194675917155
2019-01-15,59435.77734375,62079.1107812862,-2643.333437536203
2019-01-16,60178.72265625,63742.407611140516,-3563.6849548905157
2019-01-17,60271.59375,66668.08614879876,-6396.492398798757
2019-01-18,59992.9765625,63256.33595501111,-3263.3593925111127
2019-01-21,62221.83203125,61877.302998208026,344.5290330419739
2019-01-22,61850.359375,58798.305017318526,3052.0543576814744
2019-01-23,62036.09375,58609.94242410972,3426.151325890278
2019-01-24,65472.21875,57166.105287235325,8306.113462764675
2019-01-25,69279.8125,63282.79472793308,5997.0177720669235
2019-01-28,66679.5078125,67886.4552672744,-1206.947454774403
2019-01-29,68165.40625,70350.3519227941,-2184.9456727940997
2019-01-30,70487.1015625,71213.95717693104,-726.8556144310423
2019-01-31,68629.7578125,73734.60475002645,-5104.846937526454
2019-02-01,70487.1015625,69550.39642938461,936.7051331153925
2019-02-07,71230.046875,70398.0615971469,831.9852778531058
2019-02-08,68258.28125,67841.60670973925,416.6745402607485
2019-02-11,68815.484375,66377.03427109629,2438.450103903713
2019-02-12,70487.1015625,65724.51122229129,4762.590340208713
2019-02-13,70765.7265625,69563.60480197365,1202.1217605263519
2019-02-14,71880.15625,70830.77889647057,1049.3773535294313
2019-02-15,68536.8671875,74799.5147413772,-6262.6475538772065
2019-02-18,69372.6875,71224.59630729245,-1851.9088072924496
2019-02-19,68444.0234375,72153.13154228177,-3709.1081047817715
2019-02-20,70301.3671875,67956.16277121953,2345.204416280467
2019-02-21,71230.046875,69495.67978781884,1734.3670871811628
2019-02-22,71230.046875,68014.70618962211,3215.340685377887
2019-02-25,70022.7734375,70037.64041485389,-14.866977353885886
2019-02-26,69837.0390625,68446.87177952306,1390.1672829769377
2019-02-27,68444.0234375,70791.29051775273,-2347.267080252728
2019-02-28,65007.875,68893.53953623498,-3885.664536234981
2019-03-04,65100.7421875,67707.7290303321,-2606.986842832106
2019-03-05,64729.2734375,65505.287009691085,-776.0135721910847
2019-03-06,63243.375,65481.311483890044,-2237.9364838900437
2019-03-07,63243.375,62294.80706068621,948.5679393137907
2019-03-08,61943.22265625,62951.33562080973,-1008.1129645597321
2019-03-11,61850.359375,60343.28398874027,1507.0753862597267
2019-03-12,62871.90625,61862.64785490839,1009.2583950916087
2019-03-13,62036.09375,61928.76605538258,107.32769461742282
2019-03-14,62500.44140625,63374.03937657432,-873.5979703243211
2019-03-15,63243.375,63025.094245569904,218.28075443009584
2019-03-18,62964.7734375,64748.62763824466,-1783.8542007446595
2019-03-19,63150.49609375,63096.390649170986,54.10544457901415
2019-03-20,65472.21875,63782.947103706036,1689.2716462939643
2019-03-21,70487.1015625,63971.74860451173,6515.352957988267
2019-03-22,70672.84375,69453.68888653241,1219.1548634675855
2019-03-25,67701.0625,69650.3580805935,-1949.2955805935053
2019-03-26,67515.3359375,69295.33198265677,-1779.996045156775
2019-03-27,68165.40625,67535.16843730082,630.2378126991825
2019-03-28,67143.8359375,68497.18421129037,-1353.3482737903687
2019-03-29,68908.34375,66438.03442380215,2470.30932619785
2019-04-01,71137.2109375,68951.86238548231,2185.348552017691
2019-04-02,70951.453125,69938.67214190631,1012.7809830936894
2019-04-03,74201.8515625,71735.48191391586,2466.3696485841356
2019-04-04,72808.828125,73948.05265537078,-1139.224530370775
2019-04-05,73366.015625,74041.84247386128,-675.8268488612812
2019-04-08,72344.4609375,73665.2362905642,-1320.775353064193
2019-04-09,72251.6328125,72737.7850080071,-486.152195507093
2019-04-10,72994.5546875,71408.88889253962,1585.6657949603832
2019-04-11,72808.828125,72156.04723926887,652.780885731132
2019-04-12,72530.234375,71635.8078822315,894.4264927684999
2019-04-15,74016.1171875,72543.90701316718,1472.210174332824
2019-04-16,74666.1796875,73766.33572901774,899.8439584822627
2019-04-17,74480.453125,75531.7230278121,-1051.2699028120987
2019-04-18,73551.765625,75371.01243704492,-1819.2468120449194
2019-04-19,75966.3515625,74864.23491912855,1102.1166433714534
2019-04-22,74759.0703125,75691.4403612674,-932.3700487674068
2019-04-23,75223.3984375,74552.39277758633,671.0056599136733
2019-04-24,72901.6953125,74411.9758124212,-1510.2804999211949
2019-04-25,74480.453125,72291.98174017384,2188.47138482616
2019-04-26,72994.5546875,73518.26687279325,-523.7121852932469
2019-04-29,74294.7265625,72591.82915229282,1702.8974102071807
2019-04-30,73366.015625,74573.76546075856,-1207.7498357585573
2019-05-02,74944.796875,74022.20734272948,922.5895322705182
2019-05-03,74666.1796875,76001.50285333135,-1335.3231658313452
2019-05-07,74201.8515625,75242.64352944118,-1040.7919669411785
2019-05-08,74573.328125,74994.4039365168,-421.07581151679915
2019-05-09,70579.9765625,74051.20077834626,-3471.2242158462614
2019-05-10,69094.0859375,70456.18095885799,-1362.0950213579927
2019-05-13,68258.28125,68070.34264701174,187.93860298825894
2019-05-14,69279.8125,66959.8608327294,2319.951667270594
2019-05-15,69186.9609375,68064.4858862075,1122.4750512924948
2019-05-16,66772.375,69296.90220957356,-2524.5272095735563
2019-05-17,66493.7890625,68262.99899973089,-1769.2099372308876
2019-05-20,65843.6875,68304.60135961589,-2460.913859615888
2019-05-21,65286.49609375,66893.39127248983,-1606.8951787398255
2019-05-22,63986.3203125,65864.88278909815,-1878.5624765981484
2019-05-23,63150.49609375,63485.98953982525,-335.49344607524836
2019-05-24,62779.0234375,62198.37651355631,580.646923943692
2019-05-27,62128.9453125,61190.46287463085,938.4824378691483
2019-05-28,61200.2734375,61250.14101165346,-49.86757415346074
2019-05-29,61386.01171875,60942.30317583176,443.7085429182407
2019-05-30,61200.2734375,62115.49119548841,-915.2177579884083
2019-05-31,60643.0625,62219.59729624396,-1576.5347962439628
2019-06-03,61850.359375,62223.25188830529,-372.8925133052908
2019-06-04,60457.328125,62476.96112220816,-2019.6329972081585
2019-06-05,60457.328125,60880.315837657145,-422.9877126571446
2019-06-07,60735.9296875,59914.88633361326,821.0433538867364
2019-06-10,62036.09375,59521.31967081776,2514.7740791822434
2019-06-11,62407.55859375,60573.46595398422,1834.0926397657822
2019-06-12,61014.5390625,61691.63544530142,-677.096382801421
2019-06-13,58971.42578125,61441.83504464955,-2470.4092633995533
2019-06-14,58599.9609375,60194.57658875957,-1594.6156512595699
2019-06-17,59157.1640625,59492.22280973881,-335.058747238807
2019-06-18,58878.56640625,59466.85742466135,-588.2910184113498
2019-06-19,62407.55859375,58887.437155908,3520.1214378419972
2019-06-20,62500.44140625,61744.48570161634,755.9557046336631
2019-06-21,61200.2734375,61970.76171307154,-770.4882755715371
2019-06-24,62128.9453125,61662.45278985965,466.4925226403502
2019-06-25,61943.22265625,61978.823169271054,-35.60051302105421
2019-06-26,63986.3203125,61908.032416320086,2078.2878961799142
2019-06-27,65193.609375,63633.76482552292,1559.8445494770785
2019-06-28,64543.54296875,65071.35054079281,-527.8075720428096
2019-07-01,65007.875,64977.60306747335,30.271932526651653
2019-07-02,66308.03125,65440.06469595021,867.9665540497881
2019-07-03,64172.05859375,66159.76602214077,-1987.7074283907714
2019-07-04,65193.609375,64389.9628590278,803.6465159721993
2019-07-05,63521.98046875,64902.930975678384,-1380.9505069283841
2019-07-08,62593.296875,63038.19435580665,-444.8974808066487
2019-07-09,64822.13671875,62417.80478984175,2404.33192890825
2019-07-10,67701.0625,63980.78309809271,3720.27940190729
2019-07-11,70115.625,67269.26214525512,2846.362854744875
2019-07-12,69372.6875,70451.80212483233,-1079.1146248323348
2019-07-15,70765.7265625,70955.4139720752,-189.68740957519913
2019-07-16,70672.84375,71977.717813523,-1304.874063523006
2019-07-17,69279.8125,71118.84339015945,-1839.0308901594544
2019-07-18,69372.6875,69131.0392140282,241.6482859717944
2019-07-19,71322.9453125,68118.9456322141,3203.999680285895
2019-07-22,72808.828125,69315.17974828616,3493.6483767138416
2019-07-23,73180.3125,71313.72040926627,1866.5920907337277
2019-07-24,72065.8828125,73134.79375480738,-1068.9109423073824
2019-07-25,73551.765625,73338.6101504986,213.15547450140002
2019-07-26,74108.96875,75012.80856933101,-903.8398193310131
2019-07-29,71508.671875,75198.00678689129,-3689.3349118912884
2019-07-30,73273.171875,72697.90925480088,575.2626201991225
2019-07-31,71415.8046875,72823.08462989582,-1407.2799423958204
2019-08-01,72158.7421875,70177.3126505767,1981.4295369233005
2019-08-02,70672.84375,70697.05013651637,-24.206386516365455
2019-08-05,70022.7734375,69299.81764980045,722.9557876995532
2019-08-06,66865.2421875,69843.09608111533,-2977.8538936153345
2019-08-07,68072.5546875,67385.29970662191,687.2549808780896
2019-08-08,67143.8359375,69134.93346306392,-1991.0975255639205
2019-08-09,68072.5546875,67811.5622930949,260.992394405097
2019-08-12,69186.9609375,69320.72398741257,-133.7630499125662
2019-08-13,69186.9609375,69124.37571381759,62.585223682413925
2019-08-14,71415.8046875,69595.18626706477,1820.618420435232
2019-08-16,70951.453125,70425.93237746671,525.5207475332863
2019-08-19,69744.171875,70620.18977007318,-876.0178950731788
2019-08-20,70951.453125,69217.43486017776,1734.0182648222399
2019-08-21,70394.2578125,70657.27537445942,-263.0175619594229
2019-08-22,68536.8671875,69861.28936650798,-1324.4221790079755
2019-08-23,69094.0859375,69354.01812108251,-259.93218358251033
2019-08-26,66679.5078125,69105.85490939708,-2426.3470968970796
2019-08-27,67793.921875,67426.4545099949,367.46736500509724
2019-08-28,68072.5546875,67655.06942302122,417.4852644787752
2019-08-29,68072.5546875,67909.34271924979,163.21196825020888
2019-08-30,71880.15625,67858.60262752598,4021.553622474021
2019-09-02,72065.8828125,71502.36827582057,563.5145366794313
2019-09-03,71508.671875,71967.7330673972,-459.06119239720283
2019-09-04,74294.7265625,72573.2477905201,1721.478771979906
2019-09-05,77080.7734375,74233.7480440759,2847.0253934241045
2019-09-06,76059.2265625,76961.06809756307,-901.8415350630676
2019-09-09,78288.0546875,76152.91831925184,2135.1363682481606
2019-09-10,77173.6328125,78376.16661495302,-1202.533802453021
2019-09-11,76709.3046875,76618.80788507816,90.49680242183967
2019-09-16,73830.375,76796.49584384632,-2966.120843846322
2019-09-17,73737.5078125,73249.34949417727,488.158318322734
2019-09-18,74480.453125,73556.79080516064,923.6623198393645
2019-09-19,76802.1640625,73249.048152753,3553.1159097469936
2019-09-20,76337.828125,76810.75825605466,-472.930131054658
2019-09-23,76895.015625,76612.8011981789,282.21442682109773
2019-09-24,77452.2578125,78665.71862336266,-1213.4608108626562
2019-09-25,76059.2265625,77975.65001841716,-1916.42345591716
2019-09-26,77359.3671875,77290.45759298163,68.90959451836534
2019-09-27,75594.8671875,76537.58990788313,-942.722720383128
2019-09-30,76337.828125,75113.21028701609,1224.6178379839112
2019-10-01,76152.078125,74728.68435733124,1423.3937676687638
2019-10-02,73830.375,75274.06340293291,-1443.6884029329085
2019-10-04,74573.328125,73482.54897071593,1090.7791542840714
2019-10-07,74573.328125,75160.3718461674,-587.0437211673998
2019-10-08,75130.5390625,74869.77642853951,260.76263396049035
2019-10-10,73366.015625,76508.11570244169,-3142.10007744169
2019-10-11,74294.7265625,74187.8808941255,106.84566837450257
2019-10-14,74759.0703125,75092.31764430786,-333.2473318078555
2019-10-15,75409.140625,73800.00091885022,1609.1397061497846
2019-10-16,76523.5546875,74987.3840290183,1536.1706584817002
2019-10-17,75223.3984375,75079.12610629135,144.27233120864548
2019-10-18,71880.15625,75316.01402139889,-3435.8577713988925
2019-10-21,71973.0,71978.82540521352,-5.8254052135162055
2019-10-22,73458.8984375,72552.32110063489,906.5773368651135
2019-10-23,72158.7421875,72698.53213672002,-539.7899492200231
2019-10-24,74294.7265625,72976.15040519481,1318.576157305186
2019-10-25,76987.890625,74213.82555897464,2774.0650660253596
2019-10-28,76987.890625,77328.79942634254,-340.9088013425353
2019-10-29,77080.7734375,77205.90511247914,-125.13167497914401
2019-10-30,75687.75,78042.61616113031,-2354.8661611303105
2019-10-31,76152.078125,75521.88132880117,630.1967961988266
2019-11-01,77173.6328125,75943.62324138563,1230.0095711143658
2019-11-04,78659.53125,75543.55022869227,3115.981021307729
2019-11-05,79031.0,78010.44539840386,1020.5546015961445
2019-11-06,77545.109375,78368.84828493817,-823.738909938169
2019-11-07,77637.9921875,78754.62156056978,-1116.6293730697798
2019-11-08,76430.6875,78169.55231061757,-1738.8648106175679
2019-11-11,75502.0,77552.44564303372,-2050.445643033716
2019-11-12,77266.515625,75550.281505349,1716.2341196509951
2019-11-13,77452.2578125,76965.29491624782,486.96289625218196
2019-11-14,77452.2578125,76279.67364839777,1172.584164102227
2019-11-15,79123.890625,77383.74521441973,1740.1454105802695
2019-11-18,79402.4765625,78358.2568583566,1044.2197041433974
2019-11-19,79216.75,79885.73053037144,-668.9805303714384
2019-11-20,76802.1640625,79611.51399185098,-2809.3499293509813
2019-11-21,75130.5390625,78128.07229217181,-2997.5332296718116
2019-11-22,75873.484375,75380.65154254057,492.8328324594331
2019-11-25,75873.484375,75494.89319008152,378.59118491847767
2019-11-26,76430.6875,74545.62301500949,1885.0644849905075
2019-11-27,76802.1640625,75930.01883837313,872.1452241268707
2019-11-28,76895.015625,76186.20612972102,708.8094952789834
2019-11-29,75130.5390625,77598.22852201575,-2467.68945951575
2019-12-02,74759.0703125,75892.24307933837,-1133.1727668383683
2019-12-03,73087.4140625,75990.84834557316,-2903.434283073162
2019-12-04,72158.7421875,73180.31001594506,-1021.567828445055
2019-12-05,73180.3125,72364.37555112202,815.9369488779776
2019-12-06,74851.9375,71783.1379945421,3068.7995054578932
2019-12-09,74944.796875,74010.05713782724,934.7397371727566
2019-12-10,74944.796875,74226.65281754153,718.1440574584703
2019-12-11,74851.9375,75802.9367387491,-950.9992387490929
2019-12-12,77452.2578125,75360.94564724238,2091.312165257623
2019-12-13,81631.328125,78360.39674980578,3270.9313751942245
2019-12-16,82281.40625,81256.07978912191,1025.3264608780883
2019-12-17,86181.8984375,83102.25692457178,3079.641512928225
2019-12-18,86367.609375,85903.6729091708,463.93646582920337
2019-12-19,86924.828125,86499.85387047795,424.9742545220506
2019-12-20,88224.984375,86506.21284205894,1718.7715329410566
2019-12-23,87853.5,87543.13263116375,310.3673688362469
2019-12-24,87110.5546875,86902.75640470898,207.7982827910164
2019-12-26,88039.234375,86898.2398370503,1140.994537949693
2019-12-27,90104.1328125,87455.40235919727,2648.7304533027345
2019-12-30,88320.796875,90049.69409487654,-1728.8972198765405
2020-01-02,88883.984375,88966.92446327471,-82.94008827471407
2020-01-03,88696.25,90091.17348043753,-1394.92348043753
2020-01-06,88508.5390625,88912.91554110528,-404.37647860527795
2020-01-07,88226.953125,88928.30945582897,-701.356330828974
2020-01-08,91418.140625,87540.11405938413,3878.0265656158736
2020-01-09,92919.8984375,90549.61844696579,2370.279990534211
2020-01-10,92826.0234375,91658.50569666736,1167.5177408326417
2020-01-13,94327.765625,93364.11565655893,963.6499684410664
2020-01-14,94327.765625,94469.3289353283,-141.5633103283035
2020-01-15,92169.015625,95367.18264256076,-3198.167017560758
2020-01-16,93107.6015625,92865.73740544144,241.86415705856052
2020-01-17,92919.8984375,93452.51009782667,-532.611660326671
2020-01-20,93764.6015625,91832.03486244823,1932.5667000517715
2020-01-21,93201.4453125,93187.52180345319,13.923509046813706
2020-01-22,94797.046875,92110.5714499713,2686.4754250286933
2020-01-23,92638.3046875,94787.96989254597,-2149.665205045967
2020-01-28,90385.6953125,92667.91835378109,-2282.2230412810895
2020-01-29,91887.453125,91996.01658288891,-108.56345788891485
2020-01-30,88226.953125,91655.93068008634,-3428.9775550863415
2020-01-31,87757.671875,89092.71148476283,-1335.0396097628254
2020-02-03,88883.984375,87430.50469547331,1453.4796795266884
2020-02-04,91136.5625,88223.63551097193,2912.9269890280702
2020-02-05,91699.71875,89835.57792112125,1864.1408288787497
2020-02-06,94327.765625,91831.14570832705,2496.6199166729493
2020-02-07,93201.4453125,94499.61530991226,-1298.1699974122603
2020-02-10,92732.171875,94603.5551534382,-1871.3832784381957
2020-02-11,93670.734375,93859.71417514041,-188.9798001404124
2020-02-12,93858.46875,93983.73084752762,-125.26209752762225
2020-02-13,95735.65625,93139.68641167732,2595.9698383226787
2020-02-14,98082.1015625,94699.83835299345,3382.263209506549
2020-02-17,98551.390625,96586.28561120006,1965.105013799941
2020-02-18,95735.65625,98295.3180993163,-2559.661849316297
2020-02-19,97143.5078125,96439.49436154959,704.0134509504132
2020-02-20,97612.7890625,97940.91450700884,-328.1254445088416
2020-02-21,96674.2265625,97596.14621028786,-921.9196477878577
2020-02-24,93389.171875,97417.99247723029,-4028.820602230291
2020-02-25,91981.296875,93637.46793811709,-1656.1710631170863
2020-02-26,88790.109375,91982.96856175068,-3192.8591867506766
2020-02-27,87100.6796875,87689.27005422379,-588.5903667237872
2020-02-28,82501.5859375,86464.8854270514,-3963.2994895513984
2020-03-02,86443.65625,81677.73626721183,4765.9199827881675
2020-03-03,87100.6796875,86012.25851021189,1088.42117728811
2020-03-04,88508.5390625,86546.95561819932,1961.5834443006752
2020-03-05,89071.6796875,90674.32951156214,-1602.649824062144
2020-03-06,86912.9375,90521.62257331458,-3608.685073314584
2020-03-09,86912.9375,89641.60967710963,-2728.6721771096345
2020-03-10,83627.8984375,86934.53886574805,-3306.6404282480507
2020-03-11,80248.9921875,83384.25088378754,-3135.2586962875357
2020-03-12,77714.8046875,78007.45565184853,-292.6509643485333
2020-03-13,77433.234375,75676.2987404027,1756.9356345973065
2020-03-16,75649.921875,74631.80172270472,1018.1201522952761
2020-03-17,75462.1953125,75438.14485199688,24.050460503116483
2020-03-18,68610.5390625,76282.88969848343,-7672.350635983428
2020-03-19,64762.3515625,72301.45190385649,-7539.10034135649
2020-03-20,70206.1171875,67766.76936376125,2439.3478237387462
2020-03-23,65137.7578125,70572.87838836349,-5435.12057586349
2020-03-24,73866.6015625,64687.37822811176,9179.22333438824
2020-03-25,79310.40625,72500.31867127519,6810.087578724808
2020-03-26,75743.7734375,76032.52160743668,-288.7481699366763
2020-03-27,78184.1015625,77046.09685916985,1138.0047033301526
2020-03-30,78559.546875,78483.19797044537,76.34890455463028
2020-03-31,78184.1015625,79756.63150134287,-1572.5299388428684
2020-04-01,73585.0390625,78496.84010143016,-4911.8010389301635
2020-04-02,75086.7890625,74866.92534688002,219.86371561998385
2020-04-03,74711.34375,73858.78304658053,852.5607034194691
2020-04-06,77996.3828125,73326.80562126017,4669.577191239834
2020-04-07,80530.546875,76069.4761369788,4461.070738021197
2020-04-08,79310.40625,79933.41774809813,-623.0114980981307
2020-04-09,79779.6796875,80331.35226833646,-551.6725808364572
2020-04-10,78934.9765625,81915.39185118156,-2980.4152886815573
2020-04-13,76400.78125,80281.77796488264,-3880.99671488264
2020-04-14,77245.515625,77714.64797455532,-469.13234955532243
2020-04-16,76306.921875,76278.72548557135,28.19638942864549
2020-04-17,78934.9765625,74786.46247454434,4148.514087955657
2020-04-20,76963.9296875,76625.50171155081,338.427975949191
2020-04-21,76306.921875,76043.52239947347,263.3994755265303
2020-04-22,78747.2578125,76624.54311070853,2122.7147017914685
2020-04-23,77527.1015625,79343.18212405605,-1816.080561556053
2020-04-24,76400.78125,79073.2862508983,-2672.5050008982944
2020-04-27,77527.1015625,78411.69773825046,-884.5961757504556
2020-04-28,78277.96875,78100.15797185179,177.81077814821037
2020-04-29,78559.546875,77873.70370656076,685.8431684392417
2020-05-04,76025.3671875,77433.6027606184,-1408.235573118407
2020-05-06,77339.375,75122.63037194914,2216.7446280508593
2020-05-07,77339.375,76023.79344514398,1315.5815548560204
2020-05-08,79779.6796875,76378.32046120775,3401.3592262922466
2020-05-11,79310.40625,79773.68158941953,-463.2753394195315
2020-05-12,80436.7109375,80332.58487122854,104.12606627146306
2020-05-13,78465.6875,82278.7685787078,-3813.0810787077935
2020-05-14,75649.921875,79907.69480618689,-4257.77293118689
2020-05-15,76870.078125,76873.78436179915,-3.7062367991456995
2020-05-18,76119.21875,75596.98769388783,522.2310561121703
2020-05-19,77620.9453125,74311.75858470036,3309.1867277996353
2020-05-20,78934.9765625,75503.71277809268,3431.263784407318
2020-05-21,78277.96875,77771.56996097289,506.39878902710916
2020-05-22,76306.921875,78691.64304360654,-2384.721168606542
2020-05-25,76400.78125,78292.47891117883,-1891.6976611788268
2020-05-26,76870.078125,78119.1499131649,-1249.0717881649034
2020-05-27,76400.78125,77931.558526125,-1530.7772761249944
2020-05-28,78747.2578125,76638.83789211803,2108.4199203819735
2020-05-29,76494.65625,77893.8787247193,-1399.2224747192959
2020-06-01,78465.6875,75387.06497270388,3078.6225272961165
2020-06-02,78184.1015625,77389.30912432211,794.7924381778867
2020-06-03,83252.4765625,76959.08098358405,6293.395578915952
2020-06-04,82313.8671875,82965.67287265323,-651.805685153231
2020-06-05,84848.0546875,82835.19620007224,2012.8584874277585
2020-06-08,85411.2109375,86995.72884457964,-1584.517907079644
2020-06-09,84284.9140625,86259.01701778547,-1974.1029552854743
2020-06-10,85223.4765625,85959.66648234351,-736.189919843513
2020-06-11,83064.71875,84286.58096100508,-1221.8622110050783
2020-06-12,79967.4296875,82325.43917374263,-2358.009486242634
2020-06-15,76963.9296875,78037.18774036437,-1073.258052864374
2020-06-16,80155.125,75845.72048113926,4309.4045188607415
2020-06-17,81469.15625,77829.76665764413,3639.389592355874
2020-06-18,80905.984375,81317.21312067575,-411.22874567574763
2020-06-19,80155.125,82479.56528613185,-2324.440286131852
2020-06-22,79685.84375,83427.52421316241,-3741.680463162411
2020-06-23,78934.9765625,81831.68968045207,-2896.7131179520657
2020-06-24,80718.28125,80329.63540012178,388.6458498782158
2020-06-25,79122.6875,79425.87632694354,-303.188826943544
2020-06-26,79404.2578125,77458.31983682419,1945.9379756758135
2020-06-29,78465.6875,76928.51065092365,1537.1768490763498
2020-06-30,79873.546875,76811.4063708295,3062.1405041705
2020-07-01,80061.2890625,78956.39321948931,1104.8958430106868
2020-07-02,79216.546875,80890.31119859352,-1673.7643235935248
2020-07-03,80155.125,81362.00628572343,-1206.8812857234298
2020-07-06,80718.28125,82469.89250346863,-1751.6112534686254
2020-07-07,79591.96875,82040.7882501355,-2448.819500135505
2020-07-08,78559.546875,80216.46171207861,-1656.9148370786133
2020-07-09,77902.53125,77643.48853705755,259.0427129424497
2020-07-10,77714.8046875,75973.0677538072,1741.736933692795
2020-07-13,77902.53125,75298.64642474643,2603.884825253568
2020-07-14,77808.671875,76366.58548516186,1442.0863898381358
2020-07-15,77902.53125,77573.34425587863,329.1869941213663
2020-07-16,77620.9453125,79311.77413317646,-1690.8288206764555
2020-07-17,77808.671875,79743.06704793293,-1934.3951729329274
2020-07-20,77151.65625,80020.13216993335,-2868.4759199333494
2020-07-21,78934.9765625,78309.30630976103,625.6702527389716
2020-07-22,78090.25,78672.56674703893,-582.3167470389308
2020-07-23,77339.375,76577.2513225433,762.1236774566933
2020-07-24,78559.546875,75861.30570140913,2698.241173590868
2020-07-27,77714.8046875,76433.85326128437,1280.95142621563
2020-07-28,77996.3828125,76996.31430876716,1000.0685037328367
2020-07-29,78090.25,78232.8057618574,-142.55576185739483
2020-07-30,80061.2890625,79479.7350155447,581.5540469552943
2020-07-31,77714.8046875,81490.69768040426,-3775.8929929042642
2020-08-03,76776.234375,79632.4565326579,-2856.222157657903
2020-08-04,76588.5,77827.26984886109,-1238.7698488610913
2020-08-05,75743.7734375,75890.23519138846,-146.46175388846314
2020-08-06,76119.21875,74111.60992731259,2007.6088226874126
2020-08-07,75649.921875,74070.5005759855,1579.4212990145024
2020-08-10,76400.78125,74199.63931978217,2201.1419302178256
2020-08-11,76306.921875,76077.07156872783,229.85030627217202
2020-08-12,76025.3671875,77199.4025130421,-1174.0353255421069
2020-08-13,75743.7734375,77988.6425220821,-2244.8690845820965
2020-08-14,75274.4765625,77598.32854353132,-2323.8519810313155
2020-08-18,73303.46875,76496.19277403303,-3192.7240240330284
2020-08-19,70393.84375,73400.94382170634,-3007.1000717063434
2020-08-20,67390.3828125,69567.34716250462,-2176.9643500046222
2020-08-21,69924.5546875,65533.580232925546,4390.974454574454
2020-08-24,70863.140625,67304.26587478818,3558.8747502118204
2020-08-25,72271.015625,69018.5919118806,3252.423713119395
2020-08-26,73960.484375,72926.45418947678,1034.0301855232246
2020-08-27,74242.046875,75853.93139404159,-1611.8845190415886
2020-08-28,73021.8984375,77469.91096074731,-4448.012523247307
2020-08-31,70487.71875,75636.79371064507,-5149.07496064507
2020-09-01,70581.5703125,71904.94365989167,-1323.3733473916654
2020-09-02,70863.140625,69039.54270943809,1823.5979155619134
2020-09-03,73866.6015625,67750.01152675101,6116.590035748988
2020-09-04,73866.6015625,70101.92121176686,3764.680350733135
2020-09-07,73585.0390625,71995.39131009908,1589.6477524009242
2020-09-08,74523.6171875,74130.67768435174,392.93950314825634
2020-09-09,72552.609375,76647.60808834176,-4094.99871334176
2020-09-10,71895.59375,75716.31742817213,-3820.7236781721294
2020-09-11,73585.0390625,74644.39295503224,-1059.3538925322355
2020-09-14,75086.7890625,74014.08952989073,1072.6995326092729
2020-09-15,76870.078125,73882.85423375484,2987.2238912451576
2020-09-16,76494.65625,74551.81528831525,1942.8409616847493
2020-09-17,77151.65625,74496.59635002284,2655.059899977161
2020-09-18,78559.546875,75768.04795524092,2791.4989197590767
2020-09-21,79310.40625,78106.37841025266,1204.0278397473448
2020-09-22,76306.921875,80188.10889678335,-3881.1870217833493
2020-09-23,78465.6875,78627.94012648945,-162.252626489455
2020-09-24,79122.6875,80118.52357767204,-995.8360776720365
2020-09-25,77808.671875,79499.0235081734,-1690.351633173399
2020-09-28,77433.234375,78012.0250013638,-578.7906263637997
2020-09-29,78841.1015625,76349.96011688914,2491.1414456108614
2020-10-05,78090.25,77039.61002861253,1050.6399713874707
2020-10-06,77902.53125,76482.26586542302,1420.265384576982
2020-10-07,78277.96875,77565.38351211326,712.5852378867421
2020-10-08,77808.671875,78402.07559191882,-593.4037169188232
2020-10-12,80248.9921875,79191.17409586014,1057.818091639856
2020-10-13,82783.1640625,81305.08324033108,1478.0808221689222
2020-10-14,81187.578125,83752.39657958466,-2564.81845458466
2020-10-15,81750.7265625,82159.46707732244,-408.7405148224352
2020-10-16,80061.2890625,82051.26183290636,-1989.9727704063553
2020-10-19,81375.2890625,78969.63682534899,2405.6522371510073
2020-10-20,79967.4296875,79831.58987335746,135.8398141425423
2020-10-21,78653.390625,78076.86714767212,576.5234773278789
2020-10-22,78184.1015625,78366.68064257532,-182.5790800753166
2020-10-23,78747.2578125,77938.84963516213,808.4081773378712
2020-10-26,78090.25,79819.57789364149,-1729.3278936414863
2020-10-27,77527.1015625,79203.19886163519,-1676.0972991351882
2020-10-28,77808.671875,79426.08317803992,-1617.4113030399167
2020-10-29,76682.3671875,78211.26068988681,-1528.8935023868107
2020-10-30,74992.90625,76997.11684558677,-2004.2105955867737
2020-11-02,74711.34375,73988.61050202858,722.7332479714241
2020-11-03,76400.78125,73553.3807293903,2847.4005206097063
2020-11-04,78090.25,74299.95774446023,3790.292255539767
2020-11-05,80812.140625,77427.22608444316,3384.9145405568415
2020-11-06,80999.8671875,80832.96061258849,166.9065749115107
2020-11-09,80718.28125,83037.6833795332,-2319.402129533206
2020-11-10,81187.578125,82856.41603225883,-1668.8379072588286
2020-11-11,81656.859375,82879.1804963523,-1222.3211213523027
2020-11-12,82689.3046875,81457.3731231942,1231.9315643058071
2020-11-13,84191.0390625,81592.95802774391,2598.081034756091
2020-11-16,91981.296875,81834.61376831237,10146.683106687633
2020-11-17,92075.1640625,89489.29610868207,2585.8679538179276
2020-11-18,91981.296875,91120.81952253202,860.4773524679767
2020-11-19,92169.015625,94100.84476587831,-1931.8291408783116
2020-11-20,90854.984375,93717.7986523121,-2862.814277312107
2020-11-23,93858.46875,93053.93075066453,804.5379993354727
2020-11-24,92544.453125,93569.76283982671,-1025.3097148267116
2020-11-25,91230.4296875,92186.44208931047,-956.0124018104689
2020-11-26,93295.3125,89896.93663347069,3398.3758665293135
2020-11-27,92732.171875,91540.4848611613,1191.6870138387021
2020-11-30,91511.9921875,91011.09052660779,500.9016608922102
2020-12-01,94327.765625,91859.99668082906,2467.768944170937
2020-12-02,102305.7109375,94402.36486958165,7903.346067918348
2020-12-03,104652.1796875,102870.7303062462,1781.4493812537985
2020-12-04,107937.234375,106060.92807916227,1876.3062958377268
2020-12-07,110752.984375,110714.01234354734,38.97203145266394
2020-12-08,107937.234375,111522.06692450866,-3584.832549508661
2020-12-09,113099.4609375,108802.65414854306,4296.806788956936
2020-12-10,109345.1015625,110522.74088999245,-1177.6393274924485
2020-12-11,108406.53125,106866.87902622932,1539.6522237706813
2020-12-14,109814.3984375,106123.05361124287,3691.344826257133
2020-12-15,110283.71875,107706.96703512955,2576.75171487045
2020-12-16,110283.71875,109882.30544548789,401.4133045121125
2020-12-17,112160.8671875,112043.13464687626,117.73254062373599
2020-12-18,111222.28125,114697.13097106975,-3474.8497210697533
2020-12-21,108875.828125,114067.21672362575,-5191.388598625752
2020-12-22,105590.765625,110991.90532211139,-5401.139697111386
2020-12-23,108875.828125,105698.78020016557,3177.0479248344345
2020-12-24,110752.984375,106060.33069496258,4692.653680037416
2020-12-28,108406.53125,106790.70758925911,1615.8236607408908
2020-12-29,109990.0,106632.17501018952,3357.824989810484
2020-12-30,112360.4765625,109379.07879629309,2981.3977662069083
2021-01-04,119471.9140625,113183.0874793393,6288.826583160699
2021-01-05,123738.75,121145.80253252207,2592.947467477934
2021-01-06,124212.8515625,126436.4625685898,-2223.6110060898063
2021-01-07,127531.5234375,127640.04911738592,-108.52567988591909
2021-01-08,130850.1953125,128830.94782607722,2019.2474864227843
2021-01-11,126109.21875,129422.22521842454,-3313.0064684245444
2021-01-12,122316.46875,124015.79321421825,-1699.3244642182544
2021-01-13,126109.21875,119549.31456990968,6559.9041800903215
2021-01-14,123738.75,121622.26526057202,2116.4847394279786
2021-01-15,120894.1953125,121458.56838552139,-564.3730730213865
2021-01-18,123264.65625,122084.67833131096,1179.9779186890373
2021-01-19,123738.75,125513.52472529229,-1774.7747252922854
2021-01-20,123738.75,127090.30545590378,-3351.5554559037846
2021-01-21,124686.9765625,127270.5752436812,-2583.5986811812036
2021-01-22,121842.375,126467.22073056427,-4624.845730564266
2021-01-25,128005.6484375,121788.60905126484,6217.039386235163
2021-01-26,122316.46875,124879.32128919614,-2562.852539196145
2021-01-27,121842.375,119055.1830029298,2787.1919970702
2021-01-28,116627.3359375,119978.67480405787,-3351.3388665578677
2021-01-29,116153.21875,114989.13552830933,1164.083221690671
2021-02-01,118523.7265625,116946.1602126777,1577.5663498223003
2021-02-02,123264.65625,118730.8846845614,4533.7715654385975
2021-02-03,123264.65625,125738.86728960564,-2474.211039605638
2021-02-04,118523.7265625,125777.12286588439,-7253.39630338439
2021-02-05,120894.1953125,122802.97923205844,-1908.7839195584384
2021-02-08,118523.7265625,120707.85996239047,-2184.133399890474
2021-02-09,118997.8046875,117068.3651084666,1929.4395790333947
2021-02-10,119471.9140625,115229.3287126902,4242.5853498098
2021-02-15,125161.046875,116162.55586751502,8998.491007484976
2021-02-16,125635.1328125,122036.63749403786,3598.495318462141
2021-02-17,123264.65625,126234.25524248196,-2969.5989924819587
2021-02-18,119471.9140625,126752.70277767185,-7280.788715171846
2021-02-19,126109.21875,124198.79749929777,1910.4212507022312
2021-02-22,129427.875,127660.94359274262,1766.9314072573761
2021-02-23,131324.3125,129065.5785474582,2258.7339525418065
2021-02-24,128953.796875,130353.3484269994,-1399.5515519993933
2021-02-25,140806.140625,127495.33339802222,13310.807226977777
2021-02-26,134168.84375,137275.62219117692,-3106.7784411769244
2021-03-02,137013.421875,132598.42535739823,4414.996517601772
2021-03-03,139383.890625,138138.57373055717,1245.3168944428326
2021-03-04,134642.953125,138828.64964416117,-4185.696519161167
2021-03-05,132746.5625,137702.95816788776,-4956.3956678877585
2021-03-08,128479.7265625,133991.18724089905,-5511.460678399046
2021-03-09,129427.875,129792.16964368541,-364.29464368541085
2021-03-10,126109.21875,127497.908418211,-1388.6896682109946
2021-03-11,129901.9609375,124757.5875972972,5144.373340202801
2021-03-12,132746.5625,127244.56590838982,5501.996591610179
2021-03-15,129427.875,131628.74466895493,-2200.869668954925
2021-03-16,133220.65625,130682.49720122259,2538.1590487774083
2021-03-17,132746.5625,135660.2917923707,-2913.729292370699
2021-03-18,134642.953125,134386.39845090001,256.5546740999853
2021-03-19,130850.1953125,136795.03728258042,-5944.8419700804225
2021-03-22,130850.1953125,130980.8727522756,-130.6774397755944
2021-03-23,128005.6484375,130488.69104431068,-2483.0426068106754
2021-03-24,126583.3359375,124869.23057372415,1714.105363775845
2021-03-25,126109.21875,124830.61885323009,1278.5998967699124
2021-03-26,128005.6484375,123248.48935961115,4757.159077888849
2021-03-29,125161.046875,128122.35444603651,-2961.3075710365083
2021-03-30,127531.5234375,126177.53966947577,1353.9837680242345
2021-03-31,125635.1328125,131153.77319386968,-5518.640381369682
2021-04-01,133220.65625,127518.3418550659,5702.314394934103
2021-04-02,133694.734375,135221.15266734266,-1526.418292342656
2021-04-05,135591.15625,132419.18534440317,3171.970905596827
2021-04-06,135591.15625,136224.27918340257,-633.1229334025702
2021-04-07,136065.21875,132592.29179705348,3472.9269529465237
2021-04-08,136539.3125,135425.4953167313,1113.817183268693
2021-04-09,132746.5625,133455.56021250837,-708.9977125083678
2021-04-12,130376.078125,133891.05699701176,-3514.978872011765
2021-04-13,132272.46875,129919.48683691207,2352.981913087933
2021-04-14,129901.9609375,133955.52603625137,-4053.5650987513654
2021-04-15,130376.078125,129837.29239408883,538.7857309111714
2021-04-16,130376.078125,132890.38531858035,-2514.3071935803455
2021-04-19,130850.1953125,129507.39765215013,1342.7976603498682
2021-04-20,131324.3125,132104.03780120524,-779.7253012052388
2021-04-21,125635.1328125,129339.54872406853,-3704.4159115685325
2021-04-22,126109.21875,126893.58059677461,-784.3618467746128
2021-04-23,125635.1328125,124056.83541246137,1578.2974000386312
2021-04-26,124686.9765625,125416.90984069354,-729.9332781935373
2021-04-27,128005.6484375,123277.60983408484,4728.03860341516
2021-04-28,123264.65625,129006.48069053439,-5741.824440534387
2021-04-29,123264.65625,123825.26843738531,-560.6121873853117
2021-04-30,121368.2890625,126292.67791449929,-4924.388851999291
2021-05-03,124686.9765625,120921.52336590171,3765.4531965982897
2021-05-04,125161.046875,125459.66545492172,-298.6185799217201
2021-05-06,122316.46875,122700.44889050518,-383.98014050518395
2021-05-07,122790.5625,123445.35095654432,-654.7884565443237
2021-05-10,123264.65625,120825.8720942232,2438.784155776797
2021-05-11,116627.3359375,123817.61906085782,-7190.283123357818
2021-05-12,113308.671875,116157.49095023243,-2848.81907523243
2021-05-13,111412.3046875,115542.0328975938,-4129.728210093803
2021-05-14,112360.4765625,109844.27171478196,2516.204847718036
2021-05-17,111412.3046875,113022.29462751429,-1609.9899400142895
2021-05-18,114730.9609375,109764.69829952084,4966.262637979162
2021-05-20,116153.21875,116152.27197696725,0.9467730327451136
2021-05-21,116153.21875,115254.76937107084,898.4493789291591
2021-05-24,113308.671875,119117.50836389954,-5808.836488899542
2021-05-25,116627.3359375,113463.12523556894,3164.2107019310642
2021-05-26,116627.3359375,118006.85779643273,-1379.521858932727
2021-05-27,118997.8046875,113961.35216129856,5036.452526201436
2021-05-28,118523.7265625,119249.29317147034,-725.5666089703445
2021-05-31,120420.1015625,115864.18183026247,4555.919732237526
2021-06-01,121842.375,121579.45647798247,262.9185220175277
2021-06-02,119471.9140625,120165.52015675353,-693.606094253526
2021-06-03,122316.46875,122447.30458935871,-130.83583935871138
2021-06-04,121842.375,121548.58702864777,293.78797135222703
2021-06-07,121842.375,123850.16806070818,-2007.7930607081798
2021-06-08,120894.1953125,120710.53745587419,183.65785662581038
2021-06-09,116153.21875,121948.13793962856,-5794.919189628563
2021-06-10,116627.3359375,114460.00919735945,2167.3267401405465
2021-06-11,121368.2890625,116717.02799792071,4651.261064579288
2021-06-14,120420.1015625,117681.18774952993,2738.913812970073
2021-06-15,121842.375,121488.45432642024,353.9206735797634
2021-06-16,122790.5625,121828.54732951664,962.0151704833552
2021-06-17,119945.984375,125773.2403618488,-5827.255986848802
2021-06-18,118049.6171875,121034.12767485624,-2984.5104873562377
2021-06-21,115679.140625,120580.20092478555,-4901.060299785546
2021-06-22,115679.140625,113938.49402748642,1740.6465975135798
2021-06-23,117575.53125,114756.01523870765,2819.5160112923477
2021-06-24,119471.9140625,113391.55761091864,6080.356451581363
2021-06-25,121842.375,118736.15656539139,3106.218434608614
2021-06-28,119471.9140625,120552.4853378616,-1080.5712753615953
2021-06-29,118523.7265625,122985.42503369635,-4461.698471196345
2021-06-30,120894.1953125,120540.77203926448,353.4232732355158
2021-07-01,118049.6171875,123620.3371801559,-5570.719992655897
2021-07-02,116153.21875,117803.72507510315,-1650.5063251031534
2021-07-05,116627.3359375,116824.39750579254,-197.06156829254178
2021-07-06,118523.7265625,113000.76925511411,5522.957307385892
2021-07-07,117101.4296875,116523.23141909699,578.1982684030081
2021-07-08,115205.046875,114352.5679644841,852.4789105158998
2021-07-09,113308.671875,116750.02332367269,-3441.3514486726926
2021-07-12,113782.765625,113812.14102068603,-29.37539568603097
2021-07-13,116627.3359375,116817.66053284451,-190.32459534451482
2021-07-14,117101.4296875,116789.59948943867,311.83019806133234
2021-07-15,117101.4296875,119298.80619092661,-2197.3765034266107
2021-07-16,115205.046875,116567.55541684972,-1362.5085418497183
2021-07-19,112834.5703125,115873.55420931277,-3038.9838968127733
2021-07-20,112360.4765625,110562.31177528582,1798.1647872141766
2021-07-21,110938.1875,111248.77551103174,-310.58801103173755
2021-07-22,113308.671875,108142.40849081996,5166.263384180042
2021-07-23,112360.4765625,113305.9974659275,-945.5209034275031
2021-07-26,110938.1875,112053.57111983982,-1115.3836198398203
2021-07-27,109990.0,114480.91994850521,-4490.919948505209
2021-07-28,108093.6171875,111347.94940265038,-3254.3322151503817
2021-07-29,108093.6171875,110829.60665701822,-2735.9894695182156
2021-07-30,106671.34375,107008.63777332788,-337.2940233278787
2021-08-02,109990.0,106320.15810034476,3669.8418996552355
2021-08-03,113782.765625,106472.44924151534,7310.316383484664
2021-08-04,114730.9609375,112209.22940077528,2521.731536724721
2021-08-05,113782.765625,113485.38347278071,297.3821522192884
2021-08-06,111886.390625,116400.26007386426,-4513.869448864265
2021-08-09,109990.0,113555.3370021066,-3565.337002106593
2021-08-10,106671.34375,112837.42094414141,-6166.077194141413
2021-08-11,100034.0,106548.01414806156,-6514.014148061557
2021-08-12,95293.0703125,100505.40710242241,-5212.33678992241
2021-08-13,96241.2578125,92488.30071816438,3752.957094335623
2021-08-17,96241.2578125,93442.63423689539,2798.623575604608
2021-08-18,98611.71875,92795.47931398945,5816.239436010554
2021-08-19,97189.4453125,99243.8208539583,-2054.3755414582993
2021-08-20,97189.4453125,98982.34901734712,-1792.9037048471218
2021-08-23,97663.5546875,102281.22027710121,-4617.665589601209
2021-08-24,99559.921875,100130.1631590527,-570.2412840526958
2021-08-25,98137.625,101941.13722919367,-3803.5122291936714
2021-08-26,98611.71875,96725.62820015385,1886.0905498461507
2021-08-27,98137.625,97151.3966058784,986.228394121601
2021-08-30,98137.625,93567.84541674778,4569.779583252224
2021-08-31,100982.203125,96145.51472216457,4836.688402835425
2021-09-01,102404.46875,98195.18754453943,4209.281205460575
2021-09-02,100982.203125,104052.85128234646,-3070.6481573464553
2021-09-03,101456.2890625,103345.39556803973,-1889.106505539734
2021-09-06,100508.109375,106155.32082952332,-5647.21145452332
2021-09-07,99085.8125,102147.39938886093,-3061.5868888609257
2021-09-08,100508.109375,100796.42851392881,-288.3191389288113
2021-09-09,97663.5546875,97515.57195525027,147.98273224972945
2021-09-10,99559.921875,95568.3693372384,3991.5525377615995
2021-09-13,100982.203125,95324.75510287804,5657.4480221219565
2021-09-14,101930.390625,99297.80867298244,2632.5819520175573
2021-09-15,101930.390625,101331.83796849774,598.5526565022592
2021-09-16,98611.71875,105136.3426512446,-6524.623901244602
2021-09-17,101456.2890625,101902.93656680101,-446.6475043010141
2021-09-23,100034.0,104797.72673510833,-4763.726735108328
2021-09-24,98611.71875,100128.24775045425,-1516.5290004542476
2021-09-27,99085.8125,98907.7502806753,178.06221932469634
2021-09-28,98137.625,95512.63402466022,2624.9909753397806
2021-09-29,94818.96875,95835.94665010994,-1016.9779001099378
2021-09-30,97663.5546875,92061.54235160384,5602.012335896157
2021-10-01,94818.96875,97365.73021525162,-2546.7614652516204
2021-10-05,92827.7734375,94961.29728718889,-2133.5238496888924
2021-10-06,91500.3125,96848.5105292771,-5348.198029277104
2021-10-07,90741.765625,93284.00873042874,-2542.2431054287445
2021-10-08,89129.8359375,93486.36328263194,-4356.527345131937
2021-10-12,86759.359375,88348.33316372622,-1588.9737887262163
2021-10-13,87233.4609375,86635.87848568786,597.5824518121372
2021-10-14,88940.1953125,83702.07042155467,5238.124890945328
2021-10-15,93301.875,87107.79310944099,6194.081890559013
2021-10-18,92069.2265625,90634.24085376543,1434.9857087345736
2021-10-19,92638.1328125,94023.4473929479,-1385.314580447899
2021-10-20,92827.7734375,94678.51326993808,-1850.7398324380774
2021-10-21,91310.6640625,96383.58780865022,-5072.92374615022
2021-10-22,93396.6796875,92695.03375581237,701.645931687628
2021-10-25,94818.96875,94035.43896345305,783.5297865469474
2021-10-26,96715.359375,92062.1106503412,4653.248724658799
2021-10-27,96241.2578125,94901.2846402149,1339.9731722850993
2021-10-28,100982.203125,93471.03402977198,7511.169095228019
2021-10-29,97663.5546875,100392.93675829665,-2729.3820707966515
2021-11-01,100982.203125,97608.56164524065,3373.641479759346
2021-11-02,101930.390625,103758.00724223912,-1827.616617239124
2021-11-03,100034.0,102495.18491872975,-2461.1849187297485
2021-11-04,100508.109375,103234.59074541695,-2726.48137041695
2021-11-05,101456.2890625,99947.80399318451,1508.4850693154876
2021-11-08,101930.390625,101272.34348670521,658.0471382947871
2021-11-09,103352.6875,98816.94845529264,4535.739044707356
2021-11-10,102878.5703125,102292.70391391462,585.8663985853782
2021-11-11,101930.390625,100745.30349093862,1185.0871340613812
2021-11-12,100982.203125,103353.46312589933,-2371.260000899332
2021-11-15,105249.0703125,101181.81535347781,4067.2549590221897
2021-11-16,106197.2421875,107222.96189354052,-1025.719706040516
2021-11-17,104774.953125,106227.30327064647,-1452.3501456464728
2021-11-18,104300.8828125,107481.49198887513,-3180.609176375132
2021-11-19,105723.140625,103625.17499598382,2097.96562901618
2021-11-22,113308.671875,105582.79084622265,7725.881028777352
2021-11-23,112834.5703125,109406.0902409994,3428.4800715005986
2021-11-24,113308.671875,112472.89167670866,835.780198291337
2021-11-25,111412.3046875,112875.00139487622,-1462.6967073762207
2021-11-26,109515.90625,113381.26934262882,-3865.363092628817
2021-11-29,109990.0,110113.04993790673,-123.04993790673325
2021-11-30,108093.6171875,111111.1818222946,-3017.564634794602
2021-12-01,110464.09375,107198.39370353118,3265.700046468817
2021-12-02,113782.765625,110270.19376300629,3512.5718619937106
2021-12-03,111886.390625,111465.1918885834,421.19873641659797
2021-12-06,112360.4765625,112728.85862241226,-368.3820599122555
2021-12-07,115205.046875,112267.7631701544,2937.2837048455985
2021-12-08,113782.765625,116137.06229767915,-2354.296672679149
2021-12-09,117101.4296875,113897.89266257672,3203.53702492328
2021-12-10,114256.859375,118227.28045628805,-3970.4210812880483
2021-12-13,115205.046875,113764.16553146443,1440.8813435355696
2021-12-14,114730.9609375,115966.17407554787,-1235.2131380478677
2021-12-15,117101.4296875,112764.24770078703,4337.181986712967
2021-12-16,117575.53125,116889.89730619628,685.6339438037248
2021-12-17,115679.140625,115773.62984575209,-94.48922075208975
2021-12-20,114256.859375,117312.25925427771,-3055.399879277713
2021-12-21,118049.6171875,114183.44675278547,3866.170434714528
2021-12-22,120420.1015625,119161.6183718475,1258.483190652507
2021-12-23,120894.1953125,119294.4294019873,1599.765910512695
2021-12-24,121368.2890625,122630.8729379871,-1262.5838754870929
2021-12-27,119471.9140625,120854.55345767968,-1382.639395179678
2021-12-28,120894.1953125,120815.06464933036,79.13066316963523
2021-12-29,121892.3671875,119162.1628954689,2730.204292031107
2021-12-30,125731.4921875,121479.46721587722,4252.0249716227845
2022-01-04,123332.0390625,123472.69923782143,-140.6601753214345
2022-01-05,120452.6796875,124330.48728862543,-3877.8076011254307
2022-01-06,119972.796875,121047.22729542672,-1074.4304204267246
2022-01-07,121892.3671875,121434.49345845384,457.8737290461577
2022-01-10,119492.8984375,120944.09259545938,-1451.194157959384
2022-01-11,122852.140625,120311.01867464496,2541.1219503550383
2022-01-12,123332.0390625,121751.41825621389,1580.6208062861115
2022-01-13,124291.8046875,123332.56566876812,959.2390187318815
2022-01-14,123332.0390625,123913.68710458398,-581.6480420839798
2022-01-17,121892.3671875,124233.39189118828,-2341.0247036882793
2022-01-18,121412.453125,122082.41038906014,-669.95726406014
2022-01-19,121892.3671875,121862.09339291214,30.27379458786163
2022-01-20,119972.796875,120936.73870107908,-963.9418260790844
2022-01-21,114214.1015625,120006.02699242253,-5791.925429922529
2022-01-24,114214.1015625,114230.84164350884,-16.740081008843845
2022-01-25,113254.3203125,114143.80449075522,-889.4841782552248
2022-01-26,113254.3203125,111927.4152254075,1326.9050870924984
2022-01-27,108935.296875,113545.69654631244,-4610.399671312436
2022-01-28,115653.78125,109371.78116409681,6282.000085903186
2022-02-03,119013.0078125,116301.24167595709,2711.7661365429085
2022-02-04,119492.8984375,118321.9997039666,1170.898733533395
2022-02-07,118053.2265625,121875.82832585221,-3822.6017633522133
2022-02-08,118053.2265625,118994.4972225058,-941.2706600058009
2022-02-09,118053.2265625,119282.83708053918,-1229.610518039175
2022-02-10,124291.8046875,116143.75410845054,8148.050579049464
2022-02-11,126691.28125,122416.3571297487,4274.924120251293
2022-02-14,127171.1640625,123705.62417054125,3465.539891958746
2022-02-15,121892.3671875,128103.63885251353,-6211.271665013526
2022-02-16,125251.59375,122842.41246654796,2409.1812834520388
2022-02-17,127651.03125,127316.43450768893,334.59674231107056
2022-02-18,126211.390625,126561.72872854261,-350.3381035426137
2022-02-21,126211.390625,128013.61108062784,-1802.2204556278448
2022-02-22,126211.390625,125315.96821845873,895.4224065412709
2022-02-23,126211.390625,126567.62961469319,-356.23898969318543
2022-02-24,117573.3359375,124135.6220968934,-6562.286159393407
2022-02-25,118053.2265625,118722.01702333265,-668.7904608326498
2022-02-28,118053.2265625,116453.52285806798,1599.7037044320168
2022-03-02,119972.796875,117347.90778782446,2624.889087175543
2022-03-03,123811.9296875,118864.73262666626,4947.197060833743
2022-03-04,123811.9296875,124915.66477228765,-1103.7350847876514
2022-03-07,114693.984375,125242.77170127525,-10548.787326275255
2022-03-08,113254.3203125,119127.92907239009,-5873.608759890092
2022-03-10,113254.3203125,114181.143110073,-926.8227975729969
2022-03-11,113254.3203125,111813.32926490893,1440.9910475910729
2022-03-14,111334.7734375,109857.0828656039,1477.6905718961061
2022-03-15,111334.7734375,109285.8735280597,2048.899909440297
2022-03-16,111334.7734375,109605.1443724188,1729.6290650812007
2022-03-17,111334.7734375,111838.06674436676,-503.2933068667626
2022-03-18,119013.0078125,112870.9877353649,6142.020077135094
2022-03-21,119013.0078125,121066.4586405254,-2053.450828025394
2022-03-22,118533.125,121166.50574028549,-2633.3807402854873
2022-03-23,118533.125,121735.12832973023,-3202.003329730229
2022-03-24,115653.78125,118358.87265940958,-2705.091409409579
2022-03-25,113254.3203125,114667.32697490219,-1413.0066624021856
2022-03-28,113254.3203125,109732.60485910368,3521.7154533963185
2022-03-29,115173.890625,109912.50658764012,5261.38403735988
2022-03-30,116424.7265625,111723.35810858605,4701.36845391395
2022-03-31,113538.171875,116598.59390066974,-3060.4220256697445
2022-04-01,111613.796875,116102.4343550343,-4488.637480034304
2022-04-04,112575.96875,116498.00792509047,-3922.0391750904673
2022-04-05,112094.875,115129.28251264995,-3034.407512649952
2022-04-06,108727.2265625,113839.93714140603,-5112.71057890603
2022-04-07,109208.3203125,107899.0038444973,1309.3164680026966
2022-04-08,107765.0390625,106956.4302364518,808.6088260482065
2022-04-11,107283.9375,103583.51332816052,3700.424171839477
2022-04-12,106802.8359375,105096.92900724913,1705.9069302508724
2022-04-13,108727.2265625,105222.10659694918,3505.1199655508244
2022-04-14,105840.65625,110283.27012580704,-4442.613875807045
2022-04-15,103916.2890625,108503.96199039023,-4587.672927890235
2022-04-18,104878.4921875,108528.29032293611,-3649.798135436111
2022-04-19,108246.125,106208.70187223316,2037.4231277668441
2022-04-20,108246.125,108478.27505831514,-232.15005831513554
2022-04-21,108727.2265625,105976.3157377225,2750.9108247775002
2022-04-22,106321.7421875,107294.39137466584,-972.6491871658363
2022-04-25,103916.2890625,103656.64603833242,259.6430241675844
2022-04-26,106802.8359375,103580.30273740384,3222.5332000961644
2022-04-27,104397.375,105115.88763587442,-718.5126358744164
2022-04-28,105359.5625,105940.62673181407,-581.0642318140744
2022-04-29,108246.125,106778.49796129767,1467.627038702325
2022-05-02,106321.7421875,110376.81400540825,-4055.071817908247
2022-05-03,105840.65625,107666.87415172043,-1826.2179017204326
2022-05-04,105359.5625,107363.6022940412,-2004.039794041193
2022-05-06,103435.203125,103872.22181601562,-437.01869101561897
2022-05-10,105840.65625,102236.25571633014,3604.400533669861
2022-05-11,106321.7421875,102586.43424968912,3735.3079378108814
2022-05-12,104878.4921875,104903.24409426482,-24.751906764824525
2022-05-13,108246.125,104607.38180120524,3638.743198794764
2022-05-16,106321.7421875,109792.3789120831,-3470.636724583106
2022-05-17,108246.125,108099.06761758737,147.05738241263316
2022-05-18,109208.3203125,111148.83853371954,-1940.518221219536
2022-05-19,106802.8359375,109515.35794126488,-2712.5220037648833
2022-05-20,108246.125,107805.18010192525,440.94489807475475
2022-05-23,108727.2265625,106074.18374859206,2653.042813907945
2022-05-24,104397.375,106759.30092448313,-2361.9259244831337
2022-05-25,103916.2890625,102354.5449456496,1561.744116850401
2022-05-26,99105.3515625,103604.65952418877,-4499.30796168877
2022-05-27,101991.90625,98696.59104595504,3295.315204044964
2022-05-30,102954.1015625,103292.96695592056,-338.86539342056494
2022-05-31,103916.2890625,103075.65960154588,840.6294609541219
2022-06-02,102954.1015625,106739.27059144029,-3785.1690289402904
2022-06-03,102954.1015625,103972.17032823208,-1018.0687657320814
2022-06-07,100067.5234375,104741.12823885484,-4673.6048013548425
2022-06-08,101991.90625,98815.68979578465,3176.2164542153478
2022-06-09,101510.8125,100931.05972307957,579.7527769204316
2022-06-10,99586.4375,97997.45460476664,1588.9828952333628
2022-06-13,95256.609375,99396.80933463058,-4140.199959630583
2022-06-14,95352.8203125,94425.81098784295,927.0093246570468
2022-06-15,94198.1953125,97053.08460260891,-2854.889290108913
2022-06-16,93717.0859375,94150.79517295401,-433.7092354540073
2022-06-17,92754.8984375,96398.03710065939,-3643.1386631593923
2022-06-20,90926.7421875,92901.45466582992,-1974.7124783299223
2022-06-21,91600.2734375,92801.74761630193,-1201.474178801931
2022-06-22,88713.7109375,89930.65546015365,-1216.9445226536482
2022-06-23,86789.3203125,88824.5639772327,-2035.2436647326977
2022-06-24,88136.3984375,84747.09018196208,3389.3082555379224
2022-06-27,91407.84375,87595.9337727373,3811.909977262694
2022-06-28,91696.5,89344.49774923446,2352.0022507655376
2022-06-29,90731.28125,93406.02479461678,-2674.74354461678
2022-06-30,87835.59375,92108.28307067705,-4272.689320677047
2022-07-01,84457.296875,91233.93602081477,-6776.63914581477
2022-07-04,86001.6640625,85050.39043110688,951.2736313931237
2022-07-05,89283.421875,85843.38526278986,3440.0366122101404
2022-07-06,88897.34375,85648.50207035251,3248.841679647492
2022-07-07,90634.7578125,87827.03212131222,2807.7256911877776
2022-07-08,91503.4453125,88922.53323175226,2580.9120807477448
2022-07-11,90441.6875,92542.99631345175,-2101.3088134517457
2022-07-12,90055.6171875,91414.49286309392,-1358.8756755939248
2022-07-13,90731.28125,92805.67774581826,-2074.3964958182623
2022-07-14,90731.28125,91096.46865027903,-365.1874002790282
2022-07-15,95267.8359375,91615.32183301888,3652.514104481117
2022-07-18,97487.859375,93186.626012891,4301.233362108993
2022-07-19,96522.640625,96473.30179816992,49.33882683007687
2022-07-20,98453.0859375,95412.46106912999,3040.6248683700105
2022-07-21,98935.6953125,98782.64314066619,153.0521718338132
2022-07-22,96522.640625,98338.72223915573,-1816.0816141557298
2022-07-25,96522.640625,98206.88131920845,-1684.240694208449
2022-07-26,97005.25,96576.49172922783,428.758270772174
2022-07-27,96522.640625,97511.46222474756,-988.8215997475636
2022-07-28,95943.5078125,95680.05363887064,263.4541736293613
2022-07-29,94495.6640625,96174.99351698901,-1679.3294544890086
2022-08-01,93723.484375,93584.93312250868,138.55125249132107
2022-08-02,93144.34375,93982.43123420086,-838.0874842008634
2022-08-03,94109.5625,92301.02711781726,1808.5353821827448
2022-08-04,94109.5625,94562.93209044602,-453.36959044601826
2022-08-05,95074.78125,93843.03121545278,1231.7500345472217
2022-08-08,92951.296875,96323.96256268222,-3372.6656876822235
2022-08-09,91793.0234375,93330.59128441536,-1537.5678469153645
2022-08-10,88607.7734375,93126.12495700493,-4518.351519504926
2022-08-11,90055.6171875,87953.68936202998,2101.9278254700184
2022-08-12,90055.6171875,89571.43779193186,484.1793955681351
2022-08-16,93337.390625,87790.22908774708,5547.1615372529195
2022-08-17,93723.484375,93050.30288896075,673.1814860392478
2022-08-18,92372.1640625,93058.99202922602,-686.8279667260213
2022-08-19,93047.8046875,94933.8791086841,-1886.0744211840938
2022-08-22,91889.546875,93772.12259660606,-1882.5757216060592
2022-08-23,90345.1953125,93760.00255679151,-3414.8072442915145
2022-08-24,89959.0859375,89873.9472311335,85.13870636650245
2022-08-25,90827.78125,89743.36434088417,1084.4169091158255
2022-08-26,91793.0234375,88191.90643184794,3601.117005652064
2022-08-29,89283.421875,90847.72430383487,-1564.302428834868
2022-08-30,89959.0859375,88319.09378673398,1639.9921507660183
2022-08-31,91889.546875,91265.10173821897,624.4451367810252
2022-09-01,89186.921875,91793.40195245293,-2606.4800774529285
2022-09-02,88511.25,91772.6551033345,-3261.405103334502
2022-09-05,87932.1171875,89309.22080554331,-1377.1036180433148
2022-09-06,88607.7734375,88823.44001228957,-215.66657478957495
2022-09-07,87256.453125,87012.40439794357,244.04872705643356
2022-09-08,87256.453125,86608.7596181741,647.6935068259045
2022-09-13,91503.4453125,85392.29274319072,6111.152569309284
2022-09-14,89766.0546875,90618.96243633488,-852.9077488348848
2022-09-15,88800.8203125,89481.32076688782,-680.5004543878167
2022-09-16,88028.6328125,91257.47975167158,-3228.846939171577
2022-09-19,86870.3671875,88927.9243408883,-2057.557153388305
2022-09-20,84939.90625,88649.98438529327,-3710.078135293268
2022-09-21,84939.90625,84447.97436752723,491.93188247276703
2022-09-22,83009.4609375,84605.63136965994,-1596.170432159939
2022-09-23,80596.3984375,80830.07381074775,-233.67537324775185
2022-09-26,79631.1640625,80250.70711570993,-619.5430532099272
2022-09-27,79148.5546875,78116.2267723897,1032.3279151103052
2022-09-28,78376.390625,79767.68942181623,-1391.2987968162342
2022-09-29,78279.484375,78591.89818013908,-312.41380513907643
2022-09-30,80507.7421875,80457.47888864919,50.263298850812134
2022-10-04,83511.03125,80964.22903074177,2546.8022192582284
2022-10-05,86998.75,84767.45225712993,2231.2977428700688
2022-10-06,87095.640625,86442.55277242612,653.0878525738808
2022-10-07,88355.0703125,87831.1171169103,523.9531955896964
2022-10-11,87386.25,87344.39390658289,41.85609341711097
2022-10-12,91067.75,87078.90268900858,3988.8473109914194
2022-10-13,91939.6640625,88995.19713634906,2944.4669261509407
2022-10-14,92520.9375,91219.57766190518,1301.3598380948242
2022-10-17,92230.3046875,92254.34357879248,-24.03889129248273
2022-10-18,92811.5859375,93470.09615311518,-658.5102156151843
2022-10-19,90002.03125,93522.25049254684,-3520.2192425468384
2022-10-20,87386.25,91489.695378966,-4103.445378966004
2022-10-21,87676.9140625,87728.40622437742,-51.49216187742422
2022-10-24,88936.359375,86962.48865583817,1973.8707191618305
2022-10-25,90583.3359375,86826.81421794186,3756.5217195581354
2022-10-26,90970.859375,89389.0743807667,1581.7849942332978
2022-10-27,87192.515625,90455.93025676574,-3263.4146317657433
2022-10-28,80798.390625,88944.24887042856,-8145.858245428564
2022-10-31,80120.21875,82836.99774356041,-2716.7789935604087
2022-11-01,81282.8046875,81035.39621609867,247.40847140132973
2022-11-02,81864.078125,79868.56573421691,1995.5123907830857
2022-11-03,80120.21875,80985.06808337782,-864.849333377817
2022-11-04,81864.078125,79421.8453374544,2442.232787545596
2022-11-07,83801.703125,82003.84175376527,1797.8613712347287
2022-11-08,84964.2578125,83461.80765309521,1502.4501594047906
2022-11-09,86417.46875,86223.14619989796,194.32255010203517
2022-11-10,86320.578125,87183.97544989841,-863.3973248984112
2022-11-11,90583.3359375,87729.50698401657,2853.828953483433
2022-11-14,88064.4375,90074.69682925614,-2010.259329256136
2022-11-15,88742.6015625,88102.20208475064,640.3994777493645
2022-11-16,88645.7109375,87916.67003500025,729.0409024997498
2022-11-17,84964.2578125,87343.40785531394,-2379.1500428139407
2022-11-18,85642.421875,84262.50733852474,1379.9145364752621
2022-11-21,83607.9375,85076.6627870619,-1468.7252870618977
2022-11-22,82542.2421875,83307.5107896302,-765.268602130207
2022-11-23,82542.2421875,83495.81626021658,-953.574072716583
2022-11-24,84189.2109375,83117.72497747284,1071.4859600271593
2022-11-25,82445.359375,85086.38197398328,-2641.0225989832834
2022-11-28,80507.7421875,83149.39282942752,-2641.6506419275247
2022-11-29,81089.0234375,81592.81145653545,-503.7880190354481
2022-11-30,82348.4765625,80275.25330416184,2073.2232583381556
2022-12-01,82057.8515625,81265.51503781536,792.336524684637
2022-12-02,79345.1875,80773.70136584798,-1428.5138658479846
2022-12-05,78473.2578125,79583.88511141404,-1110.6272989140416
2022-12-06,78473.2578125,78437.81667308728,35.441139412723714
2022-12-07,76438.7734375,78861.0267720445,-2422.253334544497
2022-12-08,76341.8984375,76898.93167660091,-557.0332391009142
2022-12-09,78957.65625,77188.79937869436,1768.8568713056447
2022-12-12,78570.1328125,78522.06048342437,48.07232907562866
2022-12-13,79732.703125,78928.58670717706,804.1164178229374
2022-12-14,79248.296875,79714.0836325628,-465.78675756280427
2022-12-15,77698.21875,79480.92130544876,-1782.7025554487627
2022-12-16,75954.359375,77718.23142090364,-1763.8720459036413
2022-12-19,76535.6484375,75941.11269481089,594.5357426891132
2022-12-20,75857.484375,75610.40718798307,247.07718701692647
2022-12-21,75566.8515625,75251.4974778583,315.3540846417018
2022-12-22,76729.3984375,75325.36871242388,1404.0297250761214
2022-12-23,75373.078125,76871.19119893218,-1498.1130739321816
2022-12-26,74598.046875,76104.20080302627,-1506.153928026266
2022-12-27,74598.046875,75778.79097850279,-1180.7441035027878
2022-12-28,73917.2109375,74954.68834353742,-1037.4774060374184
2022-12-29,72944.6171875,74055.38978636047,-1110.7725988604652
2023-01-02,73625.453125,72474.69711499191,1150.7560100080882
2023-01-03,73528.1953125,72841.89762851926,686.2976839807379
2023-01-04,78780.1953125,72580.21918793407,6199.976124565932
2023-01-05,79169.2265625,77996.81700265063,1172.4095598493732
2023-01-06,80822.6328125,79245.99129825091,1576.6415142490878
2023-01-09,83643.1640625,82560.58001631379,1082.58404618621
2023-01-10,84129.484375,84445.20293007069,-315.7185550706927
2023-01-11,84907.5390625,85438.24381073473,-530.7047482347261
2023-01-12,84421.2421875,84893.36793309185,-472.12574559185305
2023-01-13,83351.390625,84009.9716961464,-658.5810711464001
2023-01-16,83448.640625,81773.00845194604,1675.632173053964
2023-01-17,83643.1640625,81913.88991913619,1729.2741433638148
2023-01-18,82767.84375,81914.74001015349,853.1037398465123
2023-01-19,83156.875,82782.85418346031,374.0208165396907
2023-01-20,85199.3359375,83671.98316494367,1527.3527725563326
2023-01-25,88895.1796875,86611.1090027966,2284.0706847034016
2023-01-26,88895.1796875,89892.65442256625,-997.474735066251
2023-01-27,88992.4375,90692.11247667616,-1699.674976676164
2023-01-30,88214.3671875,89911.6279521171,-1697.2607646170945
2023-01-31,86074.6484375,88085.4733964067,-2010.8249589066982
2023-02-01,88895.1796875,84626.43132230589,4268.748365194115
2023-02-02,88895.1796875,86374.68636815617,2520.4933193438337
2023-02-03,89673.2578125,86472.59541102956,3200.662401470443
2023-02-06,86658.2109375,89364.7182779531,-2706.5073404530995
2023-02-07,88311.625,87708.60609127958,603.0189087204199
2023-02-08,92299.2734375,90461.42977950223,1837.8436579977715
2023-02-09,92299.2734375,93046.45676984193,-747.1833323419269
2023-02-10,90937.640625,94140.55715017313,-3202.916525173132
2023-02-13,88117.1015625,91783.25844519323,-3666.1568826932344
2023-02-14,90840.375,88357.38904396517,2482.985956034827
2023-02-15,89186.9609375,88293.74518033076,893.2157571692369
2023-02-16,90354.0703125,86918.58820519246,3435.4821073075436
2023-02-17,89478.7421875,88500.45338422997,978.2888032700284
2023-02-20,89965.0390625,89153.39794992741,811.6411125725863
2023-02-21,88700.6640625,91000.22013539019,-2299.556072890191
2023-02-22,86658.2109375,90808.90694336347,-4150.696005863472
2023-02-23,90159.5625,89060.3809681379,1099.1815318620938
2023-02-24,88506.1328125,90824.93333136733,-2318.800518867327
2023-02-27,87533.5546875,88315.72524617167,-782.1705586716707
2023-02-28,86949.9921875,87021.29108540107,-71.29889790106972
2023-03-02,85685.609375,85126.54043227277,559.06894272723
2023-03-03,84907.5390625,84222.81765207525,684.7214104247541
2023-03-06,87241.765625,83706.57685707502,3535.1887679249776
2023-03-07,86463.703125,86939.03412134647,-475.3309963464708
2023-03-08,84421.2421875,87312.11496512212,-2890.8727776221203
2023-03-09,83254.125,87008.01312116272,-3753.888121162716
2023-03-10,81017.171875,84979.64323645763,-3962.471361457632
2023-03-13,81989.7578125,82142.88376662049,-153.12595412049268
2023-03-14,78877.453125,80978.9487182388,-2101.4955932387966
2023-03-15,76932.25,77592.15060042297,-659.9006004229741
2023-03-16,76835.0,75351.51877895609,1483.4812210439122
2023-03-17,81697.984375,75244.28255728894,6453.7018177110585
2023-03-20,81406.1953125,80310.82264246352,1095.3726700364787
2023-03-21,81308.9375,82268.06219613884,-959.1246961388388
2023-03-22,84518.5078125,84127.86371026358,390.6441022364161
2023-03-23,86074.6484375,86644.23976064185,-569.5913231418526
2023-03-24,84907.5390625,87566.79962965382,-2659.2605671538186
2023-03-27,83156.875,85545.89837824837,-2389.02337824837
2023-03-28,85977.390625,82435.94563289851,3541.4449921014893
2023-03-29,84518.5078125,83061.86505333458,1456.642759165421
2023-03-30,86665.625,81749.8352525041,4915.789747495903
2023-03-31,86470.421875,84944.97082059,1525.4510544100049
2023-04-03,85104.0859375,86178.03386770446,-1073.9479302044638
2023-04-04,82468.984375,87230.32149387755,-4761.337118877549
2023-04-05,82566.5703125,85132.41307588093,-2565.8427633809333
2023-04-06,81785.8046875,84748.95929954057,-2963.154612040569
2023-04-07,86958.40625,82149.74558911897,4808.660660881025
2023-04-10,88519.953125,85813.42908419865,2706.5240408013487
2023-04-11,89593.5234375,86291.6920019264,3301.831435573593
2023-04-12,88129.5703125,88899.36678139996,-769.7964688999637
2023-04-13,86568.0390625,87496.03288373043,-927.993821230426
2023-04-14,87153.6015625,87428.81218965264,-275.2106271526427
2023-04-17,86372.828125,86957.34374334067,-584.5156183406652
2023-04-18,85494.4765625,87164.89318783711,-1670.4166253371077
2023-04-19,86080.046875,85666.43497987703,413.6118951229728
2023-04-20,85592.0625,86550.69841282864,-958.6359128286422
2023-04-21,86958.40625,85120.76571018486,1837.64053981514
2023-04-24,85104.0859375,86995.36089541538,-1891.2749579153751
2023-04-25,83444.9375,84618.01236257072,-1173.0748625707201
2023-04-26,85299.2734375,84105.64995321866,1193.6234842813428
2023-04-27,86665.625,84304.26446883436,2361.360531165643
2023-04-28,87348.8125,86574.4927616788,774.3197383211955
2023-05-02,88031.96875,87137.91008242832,894.0586675716768
2023-05-03,87641.5859375,89054.05703501069,-1412.4710975106864
2023-05-04,86568.0390625,88033.00945211135,-1464.9703896113497
2023-05-08,86568.0390625,87604.09774207314,-1036.058679573136
2023-05-09,85201.671875,86027.24445030131,-825.5725753013103
2023-05-10,84811.2890625,84972.22450722958,-160.93544472957728
2023-05-11,84225.71875,83557.85140564883,667.8673443511652
2023-05-12,85104.0859375,83680.59395387274,1423.4919836272602
2023-05-15,84323.3125,84244.32316610443,78.98933389557351
2023-05-16,88227.171875,84934.89610433656,3292.275770663444
2023-05-17,89691.109375,88430.79866234625,1260.3107126537507
2023-05-18,91350.265625,90786.95965017332,563.3059748266824
2023-05-19,94961.3203125,92543.67768665904,2417.642625840963
2023-05-22,95839.6796875,95619.61323607214,220.06645142786147
2023-05-23,95546.90625,95788.4442187206,-241.53796872060047
2023-05-24,95351.7109375,95455.0699367728,-103.35899927279388
2023-05-25,101012.296875,94111.2292287962,6901.067646203795
2023-05-26,106575.296875,98908.88871867384,7666.408156326157
2023-05-30,107648.8515625,104363.03596069882,3285.8156018011796
2023-05-31,105989.7109375,108320.77111077454,-2331.0601732745417
2023-06-01,107648.8515625,108059.99604806313,-411.1444855631271
2023-06-02,107648.8515625,109678.50328635791,-2029.6517238579108
2023-06-05,106087.3203125,108161.5160820923,-2074.1957695923047
2023-06-07,105404.1328125,106403.6714742559,-999.5386617558979
2023-06-08,107063.296875,103858.9159641188,3204.3809108811984
2023-06-09,112626.2734375,104978.6404858468,7647.632951653199
2023-06-12,112040.7109375,109734.1861934376,2306.5247440623934
2023-06-13,116627.734375,111929.76214638562,4697.972228614381
2023-06-14,115944.546875,117637.88305161185,-1693.336176611847
2023-06-15,116139.734375,118345.73207078053,-2205.997695780534
2023-06-16,116042.15625,118840.26246342964,-2798.106213429637
2023-06-19,112040.7109375,117157.2640892225,-5116.553151722503
2023-06-20,113309.453125,112072.96193961934,1236.4911853806552
2023-06-21,112333.484375,110977.58790762998,1355.8964673700248
2023-06-22,111259.921875,109049.30088776817,2210.6209872318286
2023-06-23,110869.5390625,109112.67655005484,1756.8625124451646
2023-06-26,110771.9453125,109930.54547989542,841.3998326045839
2023-06-27,110283.96875,111788.46559788544,-1504.4968478854425
2023-06-28,111552.71875,112583.73566400347,-1031.0169140034704
2023-06-29,113705.4765625,114296.92502454612,-591.4484620461153
2023-06-30,112726.9609375,115371.90046652172,-2644.9395290217217
2023-07-03,115075.4375,113820.06775357782,1255.3697464221768
2023-07-04,115368.9921875,114155.37864325706,1213.6135442429368
2023-07-05,114194.765625,113260.6292130007,934.1364119992941
2023-07-06,111357.0234375,112176.44989890653,-819.4264614065323
2023-07-07,109399.953125,109958.07198023202,-558.1188552320236
2023-07-10,107932.1484375,108803.43319818398,-871.2847606839787
2023-07-11,110965.6015625,108080.39183712746,2885.209725372537
2023-07-12,112922.65625,111578.6583842559,1343.9978657440952
2023-07-13,111650.5703125,114144.15795925727,-2493.587646757267
2023-07-14,115466.859375,114206.07936942305,1260.7800055769476
2023-07-17,114684.0234375,116699.28432934149,-2015.2608918414917
2023-07-18,115271.1328125,115041.09827237327,230.03454012672591
2023-07-19,114977.5859375,114693.26524430921,284.32069319079164
2023-07-20,114390.46875,113081.70635571342,1308.7623942865757
2023-07-21,112629.1015625,112531.70097858677,97.40058391322964
2023-07-24,111552.71875,111123.34391583924,429.374834160757
2023-07-25,110965.6015625,111232.88597068065,-267.2844081806543
2023-07-26,110574.1796875,111294.87884907112,-720.6991615711158
2023-07-27,121338.0546875,112056.29922958357,9281.755457916428
2023-07-28,125252.171875,121494.87052241949,3757.3013525805145
2023-07-31,120750.9375,126316.71913457832,-5565.781634578321
2023-08-01,122414.4296875,124113.3301828201,-1698.900495320093
2023-08-02,116934.640625,123640.94744688223,-6706.30682188223
2023-08-03,117423.9140625,116160.73857696245,1263.1754855375475
2023-08-04,117521.7578125,114772.7654619122,2748.992350587796
2023-08-07,119283.1171875,113150.64151203021,6132.475675469788
2023-08-08,116053.9765625,116625.74390470641,-571.7673422064108
2023-08-09,115956.1171875,115687.19884715334,268.91834034665953
2023-08-10,115956.1171875,118542.7714017429,-2586.6542142428953
2023-08-11,112824.8046875,118493.70457892357,-5668.899891423571
2023-08-14,112433.3984375,116784.1835599836,-4350.785122483605
2023-08-16,113314.0703125,113913.05694817493,-598.9866356749262
2023-08-17,112335.546875,113016.150664118,-680.6037891180022
2023-08-18,114684.0234375,109866.92230763663,4817.1011298633675
2023-08-21,113901.1875,112037.87841329008,1863.3090867099236
2023-08-22,113999.0390625,111161.48627193231,2837.5527905676863
2023-08-23,113509.7890625,113905.96848644123,-396.17942394122656
2023-08-24,118304.59375,113958.94827485981,4345.645475140191
2023-08-25,113999.0390625,120321.56906919934,-6322.530006699337
2023-08-28,113411.921875,116335.80744729997,-2923.8855722999724
2023-08-29,116053.9765625,116658.52005257775,-604.5434900777473
2023-08-30,116836.7890625,115003.4811266235,1833.3079358764953
2023-08-31,119185.265625,115962.21814735557,3223.0474776444316
2023-09-01,117423.9140625,116144.74727398297,1279.1667885170318
2023-09-04,116641.0859375,116456.5065385083,184.57939899170015
2023-09-05,116836.7890625,115352.97940249943,1483.8096600005665
2023-09-06,115662.546875,117360.7560441516,-1698.2091691515961
2023-09-07,115956.1171875,116073.2703706357,-117.15318313569878
2023-09-08,111259.15625,117979.92236437711,-6720.766114377111
2023-09-11,113411.921875,112492.29268164406,919.6291933559405
2023-09-12,114194.765625,114513.4307019573,-318.6650769573025
2023-09-13,115956.1171875,112434.75595336473,3521.361234135271
2023-09-14,119576.6875,115609.97783571613,3966.7096642838733
2023-09-15,119772.3828125,117437.0300893275,2335.352723172502
2023-09-18,116445.3828125,120389.05865424822,-3943.6758417482197
2023-09-19,116641.0859375,116973.22966385337,-332.1437263533735
2023-09-20,115466.859375,118295.49578515289,-2828.636410152889
2023-09-21,113999.0390625,114869.61914908976,-870.5800865897618
2023-09-22,114781.8671875,114789.56278105405,-7.695593554046354
2023-09-25,114488.3203125,113145.35742523175,1342.9628872682515
2023-09-26,112820.546875,114429.43071546908,-1608.883840469076
2023-09-27,112526.21875,111888.47123919267,637.7475108073268
2023-10-04,113212.953125,113390.15059987895,-177.19747487895074
2023-10-05,117921.9921875,112587.21281842847,5334.779369071533
2023-10-06,118118.203125,118626.15136429013,-507.94823929012637
2023-10-10,117235.25,118114.82768801031,-879.5776880103076
2023-10-11,116940.9453125,119625.1113513835,-2684.1660388835007
2023-10-12,121846.1796875,116801.0609667185,5045.118720781495
2023-10-13,122336.7109375,121652.07273506645,684.6382024335471
2023-10-16,121748.0703125,120230.7521056758,1517.3182068242022
2023-10-17,127536.265625,122241.99253404395,5294.273090956049
2023-10-18,127536.265625,125379.63420290808,2156.6314220919157
2023-10-19,123317.75,128188.77844978306,-4871.028449783058
2023-10-20,123808.28125,124196.517633678,-388.2363836779987
2023-10-23,121649.9765625,125468.52391285192,-3818.547350351917
2023-10-24,124396.8984375,120887.32224530054,3509.5761921994563
2023-10-25,125083.640625,124409.13421259179,674.5064124082128
2023-10-26,117725.7734375,123015.70926159759,-5289.935824097585
2023-10-27,116842.84375,119345.47107746678,-2502.6273274667765
2023-10-30,116842.84375,116118.50092499673,724.3428250032739
2023-10-31,114095.90625,116715.01478284538,-2619.1085328453773
2023-11-01,118020.09375,113286.62174130259,4733.472008697412
2023-11-02,122925.3125,118502.34740208338,4422.965097916618
2023-11-03,123415.8515625,121849.2519765829,1566.5995859170944
2023-11-06,130479.40625,125726.0687615104,4753.337488489604
2023-11-07,127928.6875,130940.97998595076,-3012.292485950762
2023-11-08,125181.734375,130264.66543210967,-5082.931057109672
2023-11-09,125574.171875,126081.4595241528,-507.28764915280044
2023-11-10,128026.7890625,124800.50576535291,3226.2832971470925
2023-11-13,129302.140625,124395.51761196047,4906.623013039527
2023-11-14,127536.265625,126841.80332843073,694.4622965692688
2023-11-15,131558.546875,126066.7646477138,5491.782227286196
2023-11-16,129792.6796875,132012.40728030584,-2219.727592805837
2023-11-17,127438.1484375,131047.15855183768,-3609.0101143376814
2023-11-20,128909.71875,131245.49998000206,-2335.7812300020596
2023-11-21,129498.3671875,130049.15861991317,-550.7914324131707
2023-11-22,128811.625,130322.00167431429,-1510.3766743142914
2023-11-23,127634.3671875,127484.05745313196,150.30973436804197
2023-11-24,125574.171875,126591.93208252739,-1017.7602075273899
2023-11-27,128222.984375,123141.23673404129,5081.747640958711
2023-11-28,128909.71875,126712.91616969724,2196.802580302756
2023-11-29,127928.6875,127436.47311644432,492.21438355567807
2023-11-30,131362.359375,129933.70402354312,1428.6553514568805
2023-12-01,130086.9921875,132577.34697211022,-2490.3547846102156
2023-12-04,128615.421875,133034.82878672532,-4419.406911725324
2023-12-05,123513.953125,130235.19616867274,-6721.2430436727445
2023-12-06,123219.6484375,124715.7594148663,-1496.1109773663047
2023-12-07,123219.6484375,121071.9642845597,2147.6841529403027
2023-12-08,125083.640625,120084.31709215396,4999.323532846043
2023-12-11,126457.09375,121621.87061295853,4835.2231370414665
2023-12-12,128517.3125,125350.53950596758,3166.7729940324207
2023-12-13,128713.5234375,129266.1255175037,-552.6020800036931
2023-12-14,134109.265625,131990.33906767206,2118.926557327941
2023-12-15,137346.75,136910.1756851419,436.574314858095
2023-12-18,137346.75,139666.8340452999,-2320.084045299911
2023-12-19,135580.875,138680.26387204754,-3099.388872047537
2023-12-20,137837.25,135270.6310663344,2566.6189336655953
2023-12-21,137837.25,134637.1698199695,3200.0801800304907
2023-12-22,137935.375,133861.49082613608,4073.8841738639167
2023-12-26,138229.6875,135049.66402370055,3180.0234762994514
2023-12-27,138033.0625,137142.7836714996,890.2788285003917
2023-12-28,139114.53125,139313.11130533912,-198.58005533911637
2024-01-02,139999.328125,141855.73745495066,-1856.409329950664
2024-01-03,134493.734375,143171.0469841181,-8677.31260911809
2024-01-04,134100.484375,137731.51982567922,-3631.035450679221
2024-01-05,135181.9375,134905.74511564145,276.1923843585537
2024-01-08,133707.21875,132496.35121712217,1210.8675328778336
2024-01-09,135083.609375,130538.0764960925,4545.532878907499
2024-01-10,131249.375,131730.56154672266,-481.18654672265984
2024-01-11,133707.21875,130102.87746285493,3604.341287145071
2024-01-12,131839.265625,134018.99426959883,-2179.7286445988284
2024-01-15,131839.265625,133808.0569790146,-1968.7913540145964
2024-01-16,129872.984375,135235.5562378793,-5362.5718628792965
2024-01-17,128791.5234375,132417.37075550956,-3625.8473180095607
2024-01-18,133903.84375,130326.64136354951,3577.202386450488
2024-01-19,138917.90625,131965.1668973842,6952.739352615812
2024-01-22,140195.984375,136063.70749109235,4132.276883907645
2024-01-23,138426.296875,138098.2919645229,328.00491047708783
2024-01-24,139114.53125,138472.60274601806,641.928503981937
2024-01-25,135083.609375,139335.36122085262,-4251.751845852617
2024-01-26,133707.21875,136462.74983927613,-2755.5310892761336
2024-01-29,132724.09375,134771.3415611911,-2047.2478111911041
2024-01-30,134592.0625,132887.38119200285,1704.681307997147
2024-01-31,132429.15625,133864.81504874988,-1435.6587987498788
2024-02-01,130462.875,131953.355717571,-1490.4807175709866
2024-02-02,132625.78125,130564.76987506582,2061.0113749341836
2024-02-05,130069.6171875,131871.03096075758,-1801.4137732575764
2024-02-06,135673.515625,130205.0778011331,5468.437823866901
2024-02-07,135673.515625,135512.5060237396,161.0096012603899
2024-02-08,140392.59375,135954.52853864405,4438.065211355948
2024-02-13,147471.203125,141484.28040038145,5986.922724618547
2024-02-14,146193.109375,147257.6452459399,-1064.5358709399006
2024-02-15,146389.75,147801.48938779384,-1411.7393877938448
2024-02-16,144325.15625,147271.5586441106,-2946.402394110599
2024-02-19,148749.296875,144142.37756737365,4606.919307626347
2024-02-20,147077.953125,146324.2125900596,753.7405349404144
2024-02-21,146488.09375,144846.82015323447,1641.2735967655317
2024-02-22,153861.625,145520.587916733,8341.037083267001
2024-02-23,158679.046875,152390.62757853355,6288.419296466454
2024-02-26,159072.28125,158912.41881605395,159.86243394605117
2024-02-27,151207.15625,161984.6940813367,-10777.537831336696
2024-02-28,155336.359375,155651.85366781484,-315.49429281483754
2024-02-29,153566.703125,156628.4777870518,-3061.7746620517864
2024-03-04,163693.046875,151757.66666025404,11935.380214745965
2024-03-05,163004.875,160205.52195187478,2799.3530481252237
2024-03-06,160153.734375,159391.83114741463,761.9032275853679
2024-03-07,162120.03125,160791.66064567116,1328.3706043288403
2024-03-08,169002.015625,161594.36963831665,7407.645986683347
2024-03-11,163791.359375,169838.44700730135,-6047.087632301351
2024-03-12,162906.546875,165647.84898264104,-2741.302107641037
2024-03-13,160841.9375,166642.58543125866,-5800.64793125866
2024-03-14,159170.578125,160586.65933467768,-1416.081209677679
2024-03-15,158482.40625,159248.6025130315,-766.1962630315102
2024-03-18,161530.140625,154993.31890605265,6536.821718947351
2024-03-19,157499.25,159370.81007952034,-1871.5600795203354
2024-03-20,153861.625,155256.44221445677,-1394.8172144567652
2024-03-21,167134.046875,155985.5230080676,11148.523866932403
2024-03-22,166937.40625,165560.04290150793,1377.363348492072
2024-03-25,166544.140625,169673.58845376436,-3129.447828764358
2024-03-26,173622.765625,170074.94049046503,3547.825134534971
2024-03-27,178145.234375,175982.0599559629,2163.1744190370955
2024-03-28,175486.34375,177206.2452890305,-1719.901539030514
2024-03-29,180213.234375,175764.33163691344,4448.902738086559
2024-04-01,182675.1875,176979.35462867055,5695.832871329447
2024-04-02,183463.0,179586.57524920563,3876.4247507943655
2024-04-03,176471.140625,180904.4979037865,-4433.357278786512
2024-04-04,185137.109375,177497.98660431078,7639.122770689224
2024-04-05,180016.3125,184783.95218095277,-4767.639680952765
2024-04-08,178440.65625,181713.9309409162,-3273.274690916209
2024-04-09,180114.765625,181554.41410046487,-1439.64847546487
2024-04-11,185531.015625,180833.12517579013,4697.890449209866
2024-04-12,184546.25,184906.15499369823,-359.90499369823374
2024-04-15,185334.078125,183551.4120856139,1782.6660393860948
2024-04-16,176372.65625,185018.72240378943,-8646.066153789434
2024-04-17,175978.734375,176041.0457879863,-62.31141298630973
2024-04-18,179523.90625,175652.00645821766,3871.8997917823435
2024-04-19,170660.96875,176401.59323808507,-5740.624488085072
2024-04-22,168986.859375,171665.15643783292,-2678.2970628329203
2024-04-23,168395.984375,169763.0216915555,-1367.0373165555065
2024-04-24,177061.953125,169259.0150686586,7802.9380563414015
2024-04-25,168002.0625,176442.68328022995,-8440.620780229947
2024-04-26,175092.421875,170398.2585890598,4694.163285940187
2024-04-29,173221.390625,176459.6768614468,-3238.2862364467874
2024-04-30,171547.25,172813.60181081863,-1266.3518108186254
2024-05-02,170956.40625,172360.83140818807,-1404.4251581880671
2024-05-03,170562.46875,169244.0737594418,1318.3949905582122
2024-05-07,176865.0,169423.90233548853,7441.0976645114715
2024-05-08,175289.375,173963.60730074282,1325.7676992571796
2024-05-09,172728.984375,175472.3934778306,-2743.4091028305993
2024-05-10,177160.46875,174372.04704334255,2788.4217066574492
2024-05-13,181001.078125,178754.73140189092,2246.3467231090763
2024-05-14,182478.21875,181290.40948471977,1187.8092652802297
2024-05-16,190060.96875,183983.43325324936,6077.535496750643
2024-05-17,187008.171875,189403.97829025073,-2395.8064152507286
2024-05-20,187205.109375,187451.46813669836,-246.35876169835683
2024-05-21,189076.203125,186853.66280857305,2222.540316426952
2024-05-22,194689.390625,187246.7901116847,7442.600513315294
2024-05-23,196954.359375,192096.9887494284,4857.37062557161
2024-05-24,195575.703125,195770.97127982514,-195.26815482514212
2024-05-27,198431.53125,196756.5939531717,1674.9372968283133
2024-05-28,199416.296875,199905.38490579836,-489.0880307983607
2024-05-29,199416.296875,200700.4450065915,-1284.1481315915007
2024-05-30,192719.84375,200716.70648172116,-7996.862731721165
2024-05-31,186318.84375,193635.58675929104,-7316.743009291036
2024-06-03,191242.6875,186173.77406733495,5068.913432665053
2024-06-04,190356.40625,187322.51285396004,3033.893396039959
2024-06-05,190750.296875,186939.6550991584,3810.641775841592
2024-06-07,204340.171875,189830.99624656307,14509.175628436933
2024-06-10,204832.546875,203578.21876347615,1254.3281115238497
2024-06-11,209264.03125,207726.90919001296,1537.122059987043
2024-06-12,211725.921875,214723.69686113598,-2997.774986135977
2024-06-13,218619.3125,215107.23129444872,3512.0812055512797
2024-06-14,217634.578125,219798.27105544266,-2163.6929304426594
2024-06-17,219604.109375,215657.5410094701,3946.568365529907
2024-06-18,230929.0,216672.25246085093,14256.747539149073
2024-06-19,229944.21875,224022.32505644133,5921.893693558668
2024-06-20,233883.3125,227081.13872906263,6802.17377093737
2024-06-21,230436.609375,233499.50475166412,-3062.8953766641207
2024-06-24,219604.109375,233467.06650959418,-13862.95713459418
2024-06-25,221573.671875,224831.71554048886,-3258.0436654888617
2024-06-26,233390.9375,224070.50420735803,9320.433292641974
2024-06-27,233193.71875,230602.67448944884,2591.0442605511635
2024-06-28,233193.71875,231777.45152485865,1416.267225141346
2024-07-01,232207.734375,232765.48960105094,-557.7552260509401
2024-07-02,228756.65625,231688.3391487238,-2931.6828987238114
2024-07-03,232700.71875,228519.89091705185,4180.8278329481545
2024-07-04,226784.59375,231653.0731149581,-4868.479364958097
2024-07-05,232700.71875,226771.89465870828,5928.8240912917245
2024-07-08,230235.671875,232920.8475424347,-2685.175667434698
2024-07-09,235165.765625,230191.5363375328,4974.229287467198
2024-07-10,235658.765625,236641.79641044044,-983.0307854404382
2024-07-11,237630.8125,235619.1494874857,2011.6630125142983
2024-07-12,229742.671875,239381.09931762356,-9638.427442623564
2024-07-15,226784.59375,230099.7073665975,-3315.1136165974895
2024-07-16,229742.671875,227699.47581524955,2043.1960597504512
2024-07-17,217417.390625,225582.00667764412,-8164.616052644124
2024-07-18,209529.234375,217245.63840814578,-7716.40403314578
2024-07-19,206571.203125,208513.77115148638,-1942.5680264863768
2024-07-22,202134.09375,205972.9251113641,-3838.8313613641076
2024-07-23,202134.09375,201112.93783521772,1021.1559147822845
2024-07-24,205585.171875,203770.1579314099,1815.0139435901074
2024-07-25,187343.78125,206220.69418436714,-18876.912934367137
2024-07-26,189118.625,193271.37642729434,-4152.751427294337
2024-07-29,192865.515625,191209.5971640236,1655.9184609763906
2024-07-30,186259.203125,190766.23443518888,-4507.031310188875
2024-07-31,191879.46875,184857.0643379255,7022.404412074509
2024-08-01,190597.6875,189670.81559862412,926.8719013758819
2024-08-02,170778.65625,188401.51364097712,-17622.857390977122
2024-08-05,153917.734375,174230.6382746744,-20312.90389967439
2024-08-06,161411.484375,156851.13706286077,4560.347312139231
2024-08-07,166933.15625,158794.16043834953,8138.995811650471
2024-08-08,161115.640625,162326.00045575816,-1210.359830758156
2024-08-09,169102.4375,162663.08790829196,6439.349591708044
2024-08-12,174525.546875,170732.56645380484,3792.980421195156
2024-08-13,179357.046875,177147.92780570543,2209.1190692945675
2024-08-14,184089.9375,182672.83971852603,1417.0977814739745
2024-08-16,196908.203125,186652.20423666955,10255.998888330447
2024-08-19,191189.265625,196050.8568237137,-4861.591198713693
2024-08-20,196908.203125,190648.5082643494,6259.694860650605
2024-08-21,189907.4375,194824.45081800662,-4917.013318006619
2024-08-22,188428.421875,186254.49631525236,2173.925559747644
2024-08-23,182906.6875,186339.24493163128,-3432.557431631285
2024-08-26,177089.1875,179938.11668009913,-2848.929180099134
2024-08-27,172553.5,178005.59292526267,-5452.0929252626665
2024-08-28,176793.390625,172983.10992264614,3810.2807023538626
2024-08-29,167327.59375,178912.602822048,-11585.009072048008
2024-08-30,171271.671875,169753.39233091968,1518.2795440803166
2024-09-02,171567.46875,174898.57718471,-3331.1084347100114
2024-09-03,165947.1875,170436.0384636447,-4488.8509636447125
2024-09-04,152635.90625,167997.98708334588,-15362.080833345884
2024-09-05,157171.59375,151564.7228335902,5606.870916409796
2024-09-06,154213.5,155110.23455239047,-896.734552390466
2024-09-09,154805.125,148292.12218350996,6513.002816490043
2024-09-10,153326.125,155122.05152255646,-1795.9265225564595
2024-09-11,155002.34375,152295.5068864678,2706.8368635321967
2024-09-12,166440.171875,159979.36847658493,6460.803398415068
2024-09-13,160524.046875,166876.0876748938,-6352.040799893788
2024-09-19,150663.859375,166882.8309990098,-16218.971624009806
2024-09-20,154903.734375,153778.12358351078,1125.61079148922
2024-09-23,159735.234375,154888.88593585545,4846.348439144553
2024-09-24,161214.28125,151987.85210908673,9226.429140913271
2024-09-25,162989.09375,157587.02909717133,5402.064652828674
2024-09-26,178371.015625,158242.44892695086,20128.566698049137
2024-09-27,181531.5,178219.62900963452,3311.8709903654817
2024-09-30,172445.09375,182575.8016895243,-10130.70793952429
2024-10-02,167012.96875,182746.95852790857,-15733.989777908573
2024-10-04,171951.234375,171769.66608692604,181.56828807396232
2024-10-07,182617.953125,173600.15659123485,9017.796533765155
2024-10-08,175803.125,175125.28846296525,677.8365370347456
2024-10-10,184395.734375,173082.4947698211,11313.239605178911
2024-10-11,183704.375,178257.62860954244,5446.746390457556
2024-10-14,183704.375,182203.09946805844,1501.2755319415592
2024-10-15,190519.203125,184099.79697417273,6419.406150827272
2024-10-16,186371.046875,194042.70289845997,-7671.656023459975
2024-10-17,193580.953125,190126.78778338333,3454.1653416166664
2024-10-18,184988.3125,198165.5014714364,-13177.188971436408
2024-10-21,188543.890625,185761.2346308079,2782.655994192086
2024-10-22,185482.15625,188883.96244509326,-3401.8061950932606
2024-10-23,193580.953125,179319.57244191723,14261.380683082767
2024-10-24,195753.796875,189842.18077589717,5911.61609910283
2024-10-25,198519.234375,189681.0659428725,8838.16843212751
2024-10-28,193580.953125,200942.77381521327,-7361.820690213266
2024-10-29,187951.296875,195485.88738405387,-7534.590509053873
2024-10-30,192593.28125,195967.08463379208,-3373.803383792081
2024-10-31,184000.671875,192800.46935982272,-8799.797484822717
2024-11-01,179951.265625,187252.87075404616,-7301.605129046162
2024-11-04,191605.640625,177034.2287135274,14571.41191147259
2024-11-05,190815.515625,187327.38299590655,3488.132629093452
2024-11-06,193383.421875,184299.62120639058,9083.800668609416
2024-11-07,193383.421875,194621.87851242354,-1238.4566374235437
2024-11-08,198025.40625,192925.49278616178,5099.913463838224
2024-11-11,190222.90625,203504.71091574145,-13281.804665741452
2024-11-12,183506.84375,192905.48433612025,-9398.640586120251
2024-11-13,180642.625,189898.06499742542,-9255.43999742542
2024-11-14,170864.8125,177501.03081413967,-6636.218314139667
2024-11-15,176000.640625,170061.6167543555,5939.023870644509
2024-11-18,169580.875,167519.3209166389,2061.5540833610867
2024-11-19,168494.4375,166984.04228034127,1510.3952196587343
2024-11-20,168494.4375,165943.5017713314,2550.9357286686136
2024-11-21,166716.640625,172005.64407754468,-5289.003452544683
2024-11-22,174519.171875,170026.20635303302,4492.96552196698
2024-11-25,174815.4375,180661.8265391064,-5846.389039106405
2024-11-26,174914.21875,177058.75583602866,-2144.537086028664
2024-11-27,166222.84375,179126.19968880992,-12903.355938809924
2024-11-28,159111.703125,164231.03972277304,-5119.336597773043
2024-11-29,157926.5,157577.21847902256,349.2815209774417
2024-12-02,156840.0625,149007.4117371946,7832.650762805395
2024-12-03,162864.796875,152216.4983509823,10648.298524017708
2024-12-04,165926.546875,157574.75773512074,8351.789139879256
2024-12-05,170864.8125,169508.45273051696,1356.3597694830387
2024-12-06,165037.625,175851.31881327028,-10813.693813270278
2024-12-09,166815.421875,176065.83366973043,-9250.411794730433
2024-12-10,168296.90625,172061.67921805428,-3764.7729680542834
2024-12-11,169679.640625,170028.8052881327,-349.16466313268756
2024-12-12,173926.5625,164056.1512347681,9870.411265231902
2024-12-13,173333.96875,167187.4273011735,6146.541448826494
2024-12-16,177087.0625,164968.6899026463,12118.372597353708
2024-12-17,181729.0625,174064.54695236532,7664.5155476346845
2024-12-18,181235.234375,180225.95547699335,1009.2788980066543
2024-12-19,172840.140625,187615.97092240778,-14775.830297407781
2024-12-20,166420.328125,180252.1179009101,-13831.789775910089
2024-12-23,167506.78125,174549.5493015978,-7042.768051597814
2024-12-24,166420.328125,166855.13479137575,-434.80666637574905
2024-12-26,168000.640625,163555.58339526394,4445.057229736063
2024-12-27,172346.296875,160405.56916183382,11940.727713166183
2024-12-30,171753.71875,166868.7361564684,4884.982593531604
2025-01-02,169087.03125,167876.46929591312,1210.5619540868793
2025-01-03,179654.96875,172318.58396519328,7336.3847848067235
2025-01-06,197334.046875,181812.4026951441,15521.64417985591
2025-01-07,192593.28125,201453.06204868632,-8859.780798686319
2025-01-08,192297.0,198571.4230938983,-6274.423093898309
2025-01-09,202469.875,199338.70761381072,3131.1673861892777
2025-01-10,200988.390625,199185.40466338652,1802.9859616134781
2025-01-13,191901.9375,197049.09855238046,-5147.161052380456
2025-01-14,192593.28125,185680.78236531033,6912.498884689674
2025-01-15,195753.796875,187084.76817577946,8669.028699220537
2025-01-16,207408.15625,188839.3088559344,18568.84739406561
2025-01-17,211852.625,206814.81635779564,5037.808642204356
2025-01-20,209383.484375,214937.42209606268,-5553.937721062684
2025-01-21,215309.421875,220698.47514234544,-5389.053267345444
2025-01-22,222716.84375,222100.4958119873,616.3479380127101
2025-01-23,216790.921875,226846.08650584184,-10055.164630841842
2025-01-24,218272.375,215215.5310952009,3056.8439047991124
2025-01-31,196741.453125,214153.08773812145,-17411.634613121452
2025-02-03,188543.890625,188825.90282570047,-282.0122007004684
2025-02-04,188741.421875,183080.69502347306,5660.726851526939
2025-02-05,196346.390625,178665.81472142728,17680.575903572724
2025-02-06,200988.390625,195018.43579766504,5969.954827334965
2025-02-07,200494.546875,203568.248010809,-3073.7011358090094
2025-02-10,195655.03125,214257.5785184897,-18602.547268489696
2025-02-11,197235.296875,206824.92304711265,-9589.62617211265
2025-02-12,196445.140625,206680.76074175967,-10235.620116759674
2025-02-13,205926.6875,193584.12987177668,12342.557628223323
2025-02-14,207408.15625,199236.81844367544,8171.337806324562
2025-02-17,209383.484375,193669.56275159214,15713.921623407863
2025-02-18,207408.15625,202954.0069539695,4454.1492960304895
2025-02-19,215803.25,201533.71093329613,14269.539066703874
2025-02-20,209383.484375,219717.34271401895,-10333.858339018945
2025-02-21,206914.328125,214669.7763266032,-7755.448201603198
2025-02-24,202469.875,220026.30655151285,-17556.431551512855
2025-02-25,198025.40625,206658.08472141367,-8632.678471413674
2025-02-26,200494.546875,202523.99849274277,-2029.4516177427722
2025-02-27,198013.4375,192322.3057447354,5691.131755264592
2025-02-28,189067.03125,192285.00982086846,-3217.978570868465
2025-03-04,184991.453125,179765.72558604,5225.727538959996
2025-03-05,191949.765625,183417.56368868597,8532.201936314028
2025-03-06,191253.9375,187467.44418371725,3786.493316282751
2025-03-07,191253.9375,197815.67460466927,-6561.7371046692715
2025-03-10,186780.734375,197544.66929605123,-10763.93492105123
2025-03-11,186681.328125,198097.41566790192,-11416.087542901922
2025-03-12,197715.21875,189458.1830300169,8257.035719983105
2025-03-13,198510.4375,197274.8951227269,1235.5423772730865
2025-03-14,203281.859375,190597.05569266216,12684.803682337835
2025-03-17,204772.921875,199082.53480342898,5690.387071571022
2025-03-18,201790.796875,196853.96499153905,4936.831883460953
2025-03-19,204275.90625,202754.6194048648,1521.2868451352115
2025-03-20,208749.09375,203228.65445570022,5520.43929429978
2025-03-21,214216.328125,214151.2570442028,65.07108079720638
2025-03-24,210240.15625,216414.84171581586,-6174.685465815855
2025-03-25,206761.0,217743.99564129775,-10982.995641297748
2025-03-26,212725.265625,207837.72208344456,4887.543541555438
2025-03-27,205766.9375,212003.36862297423,-6236.431122974231
2025-03-28,198112.8125,199212.34188960382,-1099.5293896038202
2025-03-31,189564.046875,196163.69207822235,-6599.645203222346
2025-04-01,195826.53125,183329.25604818587,12497.275201814133
2025-04-02,196721.15625,194160.62356228888,2560.532687711122
2025-04-03,193440.828125,194032.75206310287,-591.9239381028747
2025-04-04,181114.6875,201443.320077899,-20328.632577899
2025-04-07,163818.328125,187250.54363281795,-23432.21550781795
2025-04-08,168490.34375,173879.08493717172,-5388.7411871717195
2025-04-09,164017.125,165170.68854803758,-1153.5635480375786
2025-04-10,182108.734375,160542.9908408341,21565.7435341659
2025-04-11,179723.03125,171720.89224345336,8002.13900654664
2025-04-14,179126.609375,176705.06736091248,2421.5420140875212
2025-04-15,179524.21875,179921.85932337298,-397.6405733729771
2025-04-16,172963.53125,184871.1367546102,-11907.605504610197
2025-04-17,173957.59375,178193.66601254774,-4236.072262547736
2025-04-18,173957.59375,179130.58949755755,-5172.99574755755
2025-04-21,175548.0625,173060.78887231968,2487.273627680319
2025-04-22,172764.71875,174185.53465809632,-1420.8159080963233
2025-04-23,179921.84375,167689.37509330417,12232.468656695826
2025-04-24,177237.90625,176325.78846245926,912.1177875407448
2025-04-25,183301.578125,173388.83976547653,9912.738359523471
2025-04-28,180915.890625,185175.84813896604,-4259.957513966045
2025-04-29,179723.03125,182319.78290903158,-2596.751659031579
2025-04-30,176442.6875,186511.13487117045,-10068.447371170449
2025-05-02,184892.046875,178304.17676857678,6587.8701064232155
2025-05-07,189663.46875,186533.0301856873,3130.4385643127025
2025-05-08,189166.421875,184828.6462788302,4337.775596169813
2025-05-09,188967.640625,189130.41651132208,-162.77588632208062
2025-05-12,193838.4375,184970.65341343317,8867.784086566826
2025-05-13,197317.59375,193552.85107576367,3764.7426742363314
2025-05-14,204772.921875,194254.63012585815,10518.291749141848
2025-05-15,199305.671875,207452.99432464968,-8147.322449649684
2025-05-16,203281.859375,200802.30115685327,2479.5582181467325
2025-05-19,198212.234375,208624.47519502975,-10412.24082002975
2025-05-20,200796.75,197313.57335410858,3483.176645891421
2025-05-21,199305.671875,202370.27621447918,-3064.6043394791777
2025-05-22,195727.125,193577.15353650352,2149.9714634964766
2025-05-23,198808.640625,195668.21737631244,3140.4232486875553
2025-05-26,201790.796875,193084.0441395602,8706.752735439804
2025-05-27,201293.765625,202699.44507564596,-1405.6794506459555
2025-05-28,206761.0,200487.89462969932,6273.105370300676
2025-05-29,211117.796875,212293.30565147375,-1175.5087764737546
2025-05-30,203649.015625,211782.52105834964,-8133.505433349637
2025-06-02,206636.515625,210538.8626622744,-3902.3470372743905
2025-06-04,216594.90625,205154.48500079504,11440.421249204956
2025-06-05,223565.78125,214567.73316739453,8998.04808260547
2025-06-09,228047.046875,216456.97573952773,11590.071135472273
2025-06-10,229540.8125,227470.2266327195,2070.5858672804898
2025-06-11,239001.265625,227177.09782908144,11824.167795918562
2025-06-12,234520.0,241901.55432085044,-7381.554320850439
2025-06-13,234520.0,235476.42772427757,-956.4277242775715
2025-06-16,246967.984375,240544.58723903762,6423.397135962383
2025-06-17,247963.8125,243605.74983317856,4358.062666821439
2025-06-18,245474.21875,249036.5703545475,-3562.351604547497
2025-06-19,244976.296875,242924.7790031741,2051.5178718258976
2025-06-20,255930.53125,245462.93147184452,10467.599778155476
2025-06-23,258420.125,249911.81316381446,8508.311836185545
2025-06-24,277341.0625,258362.043118934,18979.019381066
2025-06-25,284809.84375,274664.2335535272,10145.610196472786
2025-06-26,291780.75,288420.1033186423,3360.646681357699
2025-06-27,282818.15625,295675.0255975129,-12856.869347512897
2025-06-30,290784.90625,290046.52950054564,738.3767494543572
2025-07-01,284311.9375,290501.16637649003,-6189.2288764900295
2025-07-02,277839.0,281471.4956837764,-3632.4956837763893
2025-07-03,277341.0625,272453.3177127658,4887.744787234173
2025-07-04,269374.34375,270436.1396484855,-1061.7958984855213
2025-07-07,269872.28125,264261.46551138454,5610.8157386154635
2025-07-08,280826.5,269115.6728990812,11710.827100918803
2025-07-09,279830.6875,281215.52327686164,-1384.8357768616406
2025-07-10,295764.09375,286904.10117347044,8859.992576529563
2025-07-11,293274.5,302615.58833742584,-9341.088337425841
2025-07-14,298751.5625,300259.12228075543,-1507.5597807554295
2025-07-15,297257.8125,302467.9143620263,-5210.10186202632
2025-07-16,294768.28125,294332.4540837216,435.8271662783809
2025-07-17,268378.5,288896.3368757464,-20517.836875746376
2025-07-18,267880.59375,261995.72611330656,5884.867636693438
2025-07-21,271366.03125,260583.40999963012,10782.621250369877
2025-07-22,267382.65625,261685.5614324513,5697.094817548699
2025-07-23,267880.59375,268956.8101711095,-1076.2164211095078
2025-07-24,268378.5,273985.75711099023,-5607.257110990235
2025-07-25,264893.09375,280227.4337216546,-15334.339971654583
2025-07-28,260909.734375,274484.3005431641,-13574.566168164078
2025-07-29,261407.640625,268192.1057874674,-6784.465162467386
2025-07-30,262403.5,258363.16597136096,4040.334028639045
2025-07-31,272361.875,255100.46671763438,17261.40828236562
2025-08-01,256926.359375,259609.11433620352,-2682.754961203522
2025-08-04,256926.359375,251768.29625023503,5158.063124764973
2025-08-05,262403.5,254998.43494422114,7405.065055778861
2025-08-06,257424.296875,263553.1825831139,-6128.885708113899
2025-08-07,260909.734375,264195.6173363935,-3285.8829613935086
2025-08-08,255432.609375,269839.7549578001,-14407.14558280009
2025-08-11,265888.90625,261955.1139627211,3933.7922872788913
2025-08-12,267880.59375,267735.35502670845,145.23872329154983
2025-08-13,276843.15625,263258.1583508095,13584.997899190523
2025-08-14,275349.40625,271591.5224097379,3757.883840262075
2025-08-18,266386.875,268355.26840885385,-1968.3934088538517
2025-08-19,261905.5625,265757.2738898197,-3851.711389819684
2025-08-20,254436.78125,260239.17677147218,-5802.395521472179
2025-08-21,243980.46875,256956.7887260625,-12976.319976062514
2025-08-22,249955.5,246165.7916594874,3789.7083405125886
2025-08-25,258420.125,252360.6893998991,6059.4356001009
2025-08-26,260411.8125,256815.89467020528,3595.917829794722
2025-08-27,258918.046875,263526.0434963977,-4607.996621397673
2025-08-28,267768.875,260524.30350075706,7244.571499242942
2025-08-29,268267.5,269222.1917866524,-954.6917866523727
2025-09-01,255302.921875,265902.8586490271,-10599.936774027126
2025-09-02,259790.671875,257494.64650494064,2296.0253700593603
2025-09-03,261785.21875,255621.3465845294,6163.872165470588
2025-09-04,264777.0625,258165.10596710158,6611.956532898417
2025-09-05,272755.25,261351.52014738126,11403.729852618737
2025-09-08,276245.75,273289.04082458775,2956.709175412252
2025-09-09,287215.8125,278137.2365442257,9078.575955774286
2025-09-10,303172.25,292251.03995568625,10921.210044313746
2025-09-11,306164.0625,304745.4009327428,1418.6615672571934
2025-09-12,327605.53125,310593.20086555,17012.330384449975
2025-09-15,330098.6875,326102.25062919356,3996.436870806443
2025-09-16,347052.40625,328546.8466092865,18505.5596407135
2025-09-17,332591.90625,342848.65786940226,-10256.751619402261
2025-09-18,354532.0,330708.7820509012,23823.21794909879
2025-09-22,350044.25,350460.66664420516,-416.41664420516463
2025-09-23,360017.0,345667.4702320652,14349.529767934815
2025-09-24,356526.53125,361925.76034279517,-5399.229092795169
2025-09-25,355529.25,357019.6648240181,-1490.4148240180803
2025-09-26,335583.71875,361831.8442468794,-26248.125496879395
2025-09-29,348049.65625,338007.80043497094,10041.855815029063
2025-09-30,346553.78125,348583.2144985664,-2029.4332485664054
2025-10-01,359019.75,338325.49474249646,20694.255257503537
2025-10-02,394423.09375,357611.38227674155,36811.711473258445
2025-10-10,426834.5625,384773.5939352559,42060.96856474411
2025-10-13,413869.96875,429194.18631046254,-15324.217560462537
2025-10-14,410379.5,423301.786852968,-12922.286852967984
2025-10-15,421349.5625,427628.9438490815,-6279.381349081523
2025-10-16,451267.875,419403.87242075516,31864.002579244843
2025-10-17,464232.46875,445437.66333448916,18794.80541551084
2025-10-20,484178.0,449379.3803163349,34798.61968366511
2025-10-21,477695.6875,479860.0465924126,-2164.3590924125747
2025-10-22,480188.90625,472008.5258895114,8180.380360488605
2025-10-23,477197.09375,487669.1250112781,-10472.031261278084
2025-10-24,508611.28125,476126.81698456354,32484.464265436458
2025-10-27,533543.1875,512844.76539603865,20698.422103961348
2025-10-28,519581.34375,526981.4109903054,-7400.067240305361
2025-10-29,556480.5625,532125.5888266731,24354.973673326895
2025-10-30,566453.3125,552396.2572610006,14057.055238999426
2025-10-31,557477.875,567268.6058043865,-9790.730804386549
2025-11-03,618311.8125,555389.0075730805,62922.80492691952
2025-11-04,584404.3125,611582.958424188,-27178.645924187964
2025-11-05,577423.375,578868.8936415183,-1445.5186415183125
2025-11-06,591385.3125,588305.3323597001,3079.9801402998855
2025-11-07,578420.6875,579910.3823012358,-1489.6948012358043
2025-11-10,604349.875,582321.8935014462,22027.981498553767
2025-11-11,617314.4375,594591.0963644292,22723.34113557078
2025-11-12,615319.9375,620084.7124152136,-4764.77491521358
2025-11-13,610333.5625,616610.6615333232,-6277.099033323233
2025-11-14,558475.125,623414.1535396867,-64939.0285396867
2025-11-17,604349.875,564385.696023073,39964.17897692695
2025-11-18,568447.875,601621.5088581151,-33173.63385811506
2025-11-19,560469.6875,552239.2828945403,8230.404605459655
2025-11-20,569445.1875,564570.351522777,4874.835977223003
2025-11-21,519581.34375,551803.6464454618,-32222.30269546178
2025-11-24,518584.0625,532327.8532926972,-13743.790792697226
2025-11-25,517586.78125,516291.8327463477,1294.9485036522965
2025-11-26,522573.1875,525671.7763467702,-3098.5888467702316
2025-11-27,542907.25,519818.6651997732,23088.58480022679
2025-11-28,528935.375,551897.0338857197,-22961.65888571972
2025-12-01,536919.25,529799.8938233077,7119.356176692294
2025-12-02,556879.125,548242.5841246599,8636.540875340113
2025-12-03,550891.1875,545451.6427849048,5439.544715095195
2025-12-04,540911.3125,554509.5927760783,-13598.280276078265
2025-12-05,542907.25,532544.7452243144,10362.504775685607
2025-12-08,575840.9375,544135.2989331834,31705.638566816575
2025-12-09,564863.0625,559966.5402543265,4896.522245673463
2025-12-10,585820.875,571305.9564398113,14514.91856018873
2025-12-11,563865.0625,585919.2627417544,-22054.200241754414
2025-12-12,569853.0,578284.5212178634,-8431.521217863425
2025-12-15,552887.1875,573334.6210191565,-20447.433519156533
2025-12-16,528935.375,557350.9144336806,-28415.53943368059
2025-12-17,549893.1875,524342.7776675461,25550.409832453937
2025-12-18,550891.1875,538954.6862893725,11936.501210627495
2025-12-19,545901.1875,534496.7173455617,11404.470154438284
2025-12-22,578834.9375,547292.8941903769,31542.043309623143
2025-12-23,582826.9375,575707.6979886143,7119.239511385676
2025-12-24,586818.875,595225.2546540502,-8406.379654050223
2025-12-26,597796.8125,600589.5000177799,-2792.6875177798793
2025-12-29,638714.4375,610989.1658950795,27725.271604920505
2025-12-30,649692.3125,634545.1786253188,15147.133874681196
2026-01-02,675640.0625,645626.1588762829,30013.90362371714
2026-01-05,694601.9375,665386.1670448917,29215.770455108257
2026-01-06,724541.625,685080.1658557814,39461.45914421859
2026-01-07,740509.5625,715365.8632994073,25143.699200592702
2026-01-08,754481.375,739599.1171332945,14882.257866705535
2026-01-09,742505.5,759409.0899732783,-16903.589973278344
2026-01-12,747495.4375,753398.0200303631,-5902.582530363114
2026-01-13,736517.5625,753583.9060552112,-17066.343555211206
2026-01-14,740509.5625,735739.1446840144,4770.417815985624
2026-01-15,747495.4375,733632.4364030571,13863.001096942928
2026-01-16,754481.375,734318.220983624,20163.154016376007
2026-01-19,762465.3125,745754.6519126435,16710.660587356542
2026-01-20,741507.5,758604.746302001,-17097.246302000945
2026-01-21,738513.5625,750377.1747555909,-11863.612255590851
2026-01-22,753483.4375,748642.8902904824,4840.547209517565
2026-01-23,765459.3125,757739.5815545736,7719.730945426389
2026-01-26,734521.5625,766537.9974623683,-32016.434962368337
2026-01-27,798393.0,740136.1917785418,58256.808221458225
2026-01-28,839310.625,789060.3078639942,50250.31713600585
2026-01-29,859270.5,823301.5088686484,35968.99113135156
2026-01-30,907174.0625,861876.8308642682,45297.23163573176
2026-02-02,828332.75,908656.4715592313,-80323.72155923129
2026-02-03,905178.0625,850732.447074677,54445.61542532302
2026-02-04,898192.125,905983.9092567778,-7791.7842567778425
2026-02-05,840308.6875,884173.4725890718,-43864.78508907184
2026-02-06,837314.6875,847442.214546179,-10127.52704617905
2026-02-09,885218.3125,823522.1220726765,61696.190427323454
2026-02-10,874240.375,863818.1425527477,10422.23244725226
2026-02-11,858272.5,861860.6260781954,-3588.1260781954043
2026-02-12,886216.25,874301.3285562544,11914.92144374561
2026-02-13,878232.3125,893042.4293360957,-14810.116836095694
2026-02-19,892204.1875,897623.1889141055,-5419.001414105529
2026-02-20,947093.6875,901483.0447077714,45610.64279222861
2026-02-23,949089.75,946279.6107671249,2810.139232875081
2026-02-24,1002981.25,941448.7456260811,61532.50437391887
2026-02-25,1015955.125,997063.9109262514,18891.21407374856
2026-02-26,1098816.25,1001319.9033473906,97496.34665260941
2026-02-27,1060822.625,1093204.315983082,-32381.690983081935
2026-03-03,938843.0,1060546.7902905971,-121703.79029059713
2026-03-04,848858.0625,976883.409336607,-128025.34683660697
2026-03-05,940842.6875,851819.6116830267,89023.07581697335
2026-03-06,923845.5,907659.2782244403,16186.221775559708
2026-03-09,835860.25,878741.3966358386,-42881.14663583855
2026-03-10,937843.1875,853917.3262580032,83925.86124199675
2026-03-11,954840.3125,924847.0438741724,29993.268625827623
2026-03-12,929844.5,972669.7990292037,-42825.299029203714
2026-03-13,909847.875,965285.0758598824,-55437.2008598824
2026-03-16,973837.125,952010.5829100556,21826.542089944356
2026-03-17,969837.8125,969426.8057087928,411.0067912072409
2026-03-18,1055823.5,959839.7101640736,95983.78983592638
2026-03-19,1012830.625,1021062.4001488821,-8231.775148882065
2026-03-20,1006831.625,994362.9539572067,12468.671042793314
2026-03-23,932844.0,1000694.690395489,-67850.69039548899
2026-03-24,985835.125,934723.1222401111,51112.002759888885
2026-03-25,994833.625,983390.0537912239,11443.571208776091
2026-03-26,932844.0,988287.8816678385,-55443.88166783855
2026-03-27,932844.0,962395.2059699357,-29551.20596993575
2026-03-30,872854.0625,946294.3579176111,-73440.29541761114
2026-03-31,806865.0625,885780.3906404546,-78915.3281404546
2026-04-01,896850.0,806858.7228975783,89991.27710242174
2026-04-02,829861.25,865584.2919147327,-35723.04191473266
2026-04-03,875853.5625,806209.2817789319,69644.28072106815
2026-04-06,885851.875,877194.6929034231,8657.1820965769
2026-04-07,915846.875,878942.1105579601,36904.76444203989
2026-04-08,1032827.3125,945169.0981527161,87658.21434728394
2026-04-09,997833.125,1035041.1153728693,-37207.9903728693
2026-04-10,1026828.3125,1037194.574682729,-10366.26218272897
2026-04-13,1039826.125,1043578.5676944747,-3752.44269447471
2026-04-14,1102815.625,1037809.1772571696,65006.44774283038
2026-04-15,1135810.125,1066925.2957201882,68884.82927981182
2026-04-16,1154806.875,1102286.8293300853,52520.04566991469
2026-04-17,1127811.375,1129430.4707480131,-1619.0957480131183
2026-04-20,1165805.0,1130459.1729642109,35345.827035789145
2026-04-21,1223795.375,1169898.6248220163,53896.75017798366
2026-04-22,1222795.5,1232362.3785057652,-9566.878505765228
2026-04-23,1224795.25,1244946.9869325217,-20151.736932521686
2026-04-24,1221795.75,1251685.7661886786,-29890.016188678565
2026-04-27,1291784.0,1227898.02415057,63885.97584943008
2026-04-28,1299782.625,1274424.7447054854,25357.880294514587
2026-04-29,1292783.875,1271269.744924213,21514.13007578696
2026-04-30,1285785.0,1282549.35719319,3235.642806810094
2026-05-04,1446758.125,1271535.4780232278,175222.64697677223
2026-05-06,1600732.375,1427017.7191745215,173714.6558254785
2026-05-07,1653723.5,1581812.0485858482,71911.45141415182
2026-05-08,1685718.125,1697889.9834227662,-12171.858422766207
2026-05-11,1879685.625,1736901.062672286,142784.56232771394
2026-05-12,1834693.25,1900372.881008082,-65679.63100808207
2026-05-13,1975669.625,1836409.5340177857,139260.09098221431
2026-05-14,1969670.625,1962571.329391149,7099.2956088508945
2026-05-15,1818695.875,1906782.3655879244,-88086.49058792437
2026-05-18,1839692.375,1816684.1773095508,23008.19769044919
2026-05-19,1744708.25,1781296.1535031772,-36587.90350317722
2026-05-20,1744708.25,1724484.5669212018,20223.683078798233
2026-05-21,1939675.625,1725582.6946287998,214092.9303712002
2026-05-22,1940675.5,1935422.9558492375,5252.544150762493
2026-05-26,2051656.875,1973896.8664548954,77760.00854510465
2026-05-27,2242625.0,2139163.907801912,103461.09219808783
2026-05-28,2289000.0,2268000.58812709,20999.41187290987
2026-05-29,2333000.0,2338913.019683068,-5913.0196830681525
2026-06-01,2363000.0,2327303.6466528303,35696.3533471697
2026-06-02,2360000.0,2332786.852210656,27213.14778934419
2026-06-04,2298000.0,2276930.4031946827,21069.596805317327
2026-06-05,2070000.0,2242344.9425521693,-172344.94255216932
2026-06-08,1911000.0,2032279.4724371452,-121279.47243714519
2026-06-09,2215000.0,1918195.8690531831,296804.1309468169
2026-06-10,2048000.0,2144775.77924667,-96775.7792466702
2026-06-11,2101000.0,2091600.990802145,9399.009197854903
2026-06-12,2150000.0,2199153.423026221,-49153.42302622087
