Date,Actual,Predicted,Residual
2019-01-03,17.049999237060547,18.829959120635312,-1.7799598835747652
2019-01-04,19.0,17.172271989974615,1.8277280100253854
2019-01-07,20.56999969482422,19.1186120994969,1.4513875953273185
2019-01-08,20.75,19.942723793180768,0.8072762068192318
2019-01-09,20.190000534057617,20.746972415043945,-0.5569718809863282
2019-01-10,19.739999771118164,20.72224422257409,-0.9822444514559265
2019-01-11,20.270000457763672,19.525290792342275,0.7447096654213965
2019-01-14,20.229999542236328,19.973659360268737,0.256340181967591
2019-01-15,20.3799991607666,20.529369555497812,-0.1493703947312106
2019-01-16,19.729999542236328,20.452580340538574,-0.7225807983022463
2019-01-17,20.25,19.43456667473709,0.8154333252629087
2019-01-18,20.770000457763672,20.421206191420865,0.3487942663428072
2019-01-22,19.76000022888184,20.85143946364469,-1.091439234762852
2019-01-23,19.799999237060547,19.542396827769792,0.2576024092907545
2019-01-24,20.850000381469727,19.959248618133167,0.89075176333656
2019-01-25,21.93000030517578,20.904138191493253,1.0258621136825283
2019-01-28,20.18000030517578,21.619898716097445,-1.4398984109216642
2019-01-29,19.25,20.292167159143535,-1.0421671591435349
2019-01-30,23.09000015258789,19.640874037280252,3.4491261153076387
2019-01-31,24.40999984741211,22.69608704782142,1.713912799590691
2019-02-01,24.51000022888184,23.948647328194536,0.5613529006873037
2019-02-04,24.1299991607666,25.04836814062916,-0.91836897986256
2019-02-05,23.309999465942383,24.219864495896516,-0.9098650299541333
2019-02-06,23.26000022888184,22.815180188984083,0.4448200398977562
2019-02-07,22.670000076293945,23.550454001508804,-0.8804539252148587
2019-02-08,23.049999237060547,22.964127192435743,0.08587204462480358
2019-02-11,22.959999084472656,22.630621265079405,0.32937781939325106
2019-02-12,22.81999969482422,22.928014318880724,-0.10801462405650497
2019-02-13,22.850000381469727,23.236527114608418,-0.386526733138691
2019-02-14,23.1299991607666,22.626865161425133,0.5031339993414683
2019-02-15,23.68000030517578,22.875515369973556,0.8044849352022254
2019-02-19,23.950000762939453,24.01169235691129,-0.06169159397183677
2019-02-20,23.950000762939453,23.932712102283734,0.017288660655719212
2019-02-21,23.920000076293945,23.63640567854864,0.28359439774530415
2019-02-22,24.36000061035156,24.13400374914629,0.2259968612052674
2019-02-25,24.709999084472656,24.505715006563857,0.20428407790879888
2019-02-26,24.209999084472656,24.382456061922888,-0.17245697745023136
2019-02-27,23.479999542236328,24.272275399920492,-0.7922758576841638
2019-02-28,23.530000686645508,23.795664670361827,-0.26566398371631905
2019-03-01,23.68000030517578,23.31804097992238,0.3619593252534017
2019-03-04,23.3700008392334,23.51323228348989,-0.14323144425649303
2019-03-05,23.5,23.670697721975152,-0.1706977219751522
2019-03-06,22.40999984741211,23.4811962202326,-1.0711963728204914
2019-03-07,22.07999992370605,22.163109295970703,-0.08310937226465143
2019-03-08,22.01000022888184,22.328141972152224,-0.3181417432703846
2019-03-11,22.959999084472656,22.105069865584998,0.8549292188876585
2019-03-12,23.489999771118164,22.64894485588593,0.8410549152322346
2019-03-13,23.3799991607666,23.526712944883737,-0.14671378411713576
2019-03-14,22.81999969482422,23.617503349036873,-0.7975036542126546
2019-03-15,23.290000915527344,22.657044014039375,0.6329569014879688
2019-03-18,23.25,23.19275541995454,0.057244580045459514
2019-03-19,26.0,23.436198241572324,2.563801758427676
2019-03-20,25.700000762939453,25.9051860935218,-0.20518533058234567
2019-03-21,27.88999938964844,25.43206412049279,2.4579352691556515
2019-03-22,26.3700008392334,28.109304345505468,-1.7393035062720692
2019-03-25,25.96999931335449,26.391665833472686,-0.4216665201181975
2019-03-26,25.690000534057617,25.851123480463517,-0.16112294640590008
2019-03-27,24.88999938964844,25.775285550275377,-0.8852861606269364
2019-03-28,25.059999465942383,24.9836340787534,0.07636538718898223
2019-03-29,25.520000457763672,24.963759897988243,0.5562405597754285
2019-04-01,26.36000061035156,25.47189276087392,0.8881078494776382
2019-04-02,26.75,26.432189692819648,0.31781030718035197
2019-04-03,29.020000457763672,26.690764230290085,2.3292362274735865
2019-04-04,29.09000015258789,28.91022468476872,0.17977546781916942
2019-04-05,28.979999542236328,29.081452290494067,-0.10145274825773853
2019-04-08,28.530000686645508,29.086501907530813,-0.5565012208853055
2019-04-09,27.239999771118164,28.488424590125646,-1.2484248190074823
2019-04-10,27.82999992370605,27.225209146885945,0.6047907768201064
2019-04-11,27.790000915527344,27.937526760750877,-0.14752584522353374
2019-04-12,27.850000381469727,27.70300174963672,0.1469986318330072
2019-04-15,27.32999992370605,27.80537981472469,-0.4753798910186404
2019-04-16,27.93000030517578,27.448908751702103,0.4810915534736786
2019-04-17,27.489999771118164,27.91142867732978,-0.42142890621161655
2019-04-18,27.68000030517578,27.3673910457944,0.3126092593813823
2019-04-22,28.18000030517578,27.795178256510994,0.38482204866478753
2019-04-23,27.96999931335449,28.198333155726427,-0.22833384237193854
2019-04-24,28.459999084472656,27.82758292338586,0.6324161610867947
2019-04-25,27.65999984741211,28.532558572545412,-0.8725587251333025
2019-04-26,27.8799991607666,27.73908366766461,0.1409154931019927
2019-04-29,27.690000534057617,27.802613755257653,-0.1126132212000357
2019-04-30,27.6299991607666,27.657207300617,-0.027208139850397828
2019-05-01,26.809999465942383,27.735266807766624,-0.9252673418242416
2019-05-02,28.290000915527344,26.798036329147585,1.4919645863797584
2019-05-03,28.21999931335449,28.209179127328653,0.010820186025835454
2019-05-06,27.420000076293945,28.199474585018447,-0.7794745087245012
2019-05-07,26.65999984741211,27.532323977951947,-0.8723241305398375
2019-05-08,27.09000015258789,26.67282079956688,0.4171793530210124
2019-05-09,27.209999084472656,27.00969026415271,0.2003088203199468
2019-05-10,27.959999084472656,27.221224219968846,0.7387748645038101
2019-05-13,26.239999771118164,28.002357842161466,-1.7623580710433018
2019-05-14,27.31999969482422,26.2028865148825,1.1171131799417182
2019-05-15,27.57999992370605,27.374952729675506,0.20504719403054494
2019-05-16,28.01000022888184,27.511971032804947,0.49802919607689233
2019-05-17,27.5,27.976132993443123,-0.4761329934431231
2019-05-20,26.68000030517578,27.5730938248773,-0.8930935197015195
2019-05-21,27.350000381469727,26.714918011500316,0.6350823699694104
2019-05-22,27.40999984741211,27.2897197675183,0.12028007989380995
2019-05-23,26.36000061035156,27.375831270126795,-1.0158306597752365
2019-05-24,26.440000534057617,26.4605550126992,-0.020554478641582108
2019-05-28,29.049999237060547,26.466173326832113,2.583825910228434
2019-05-29,28.09000015258789,28.870129858095765,-0.7801297055078749
2019-05-30,28.030000686645508,28.054528728758502,-0.024528042112994086
2019-05-31,27.40999984741211,28.276399222008564,-0.8663993745964547
2019-06-03,27.57999992370605,27.30641497544847,0.2735849482575823
2019-06-04,29.56999969482422,27.446396432068365,2.1236032627558536
2019-06-05,29.5,29.69187534320985,-0.19187534320985122
2019-06-06,31.81999969482422,29.43638217665126,2.383617518172958
2019-06-07,32.40999984741211,31.69267039715894,0.7173294502531711
2019-06-10,33.22999954223633,32.40318884368088,0.8268106985554482
2019-06-11,32.40999984741211,33.299233805740926,-0.8892339583288162
2019-06-12,32.18000030517578,32.34642724882248,-0.16642694364669808
2019-06-13,31.38999938964844,32.20782733830424,-0.8178279486558004
2019-06-14,30.36000061035156,31.46449777888584,-1.1044971685342801
2019-06-17,29.200000762939453,30.357509864411227,-1.1575091014717742
2019-06-18,30.450000762939453,29.219407585782854,1.2305931771565994
2019-06-19,30.5,30.474930200727457,0.02506979927254349
2019-06-20,30.01000022888184,30.393861776327206,-0.3838615474453668
2019-06-21,29.100000381469727,30.063065779867163,-0.9630653983974362
2019-06-24,29.26000022888184,29.21605945766094,0.04394077122089968
2019-06-25,28.86000061035156,29.184934378768617,-0.3249337684170577
2019-06-26,29.920000076293945,28.799887606459837,1.1201124698341083
2019-06-27,30.739999771118164,30.024404214183267,0.7155955569348968
2019-06-28,30.3700008392334,30.649597934054214,-0.2795970948208151
2019-07-01,31.200000762939453,30.292200045728194,0.9078007172112592
2019-07-02,31.239999771118164,31.33390031338353,-0.09390054226536648
2019-07-03,31.190000534057617,31.17995315967707,0.010047374380548035
2019-07-05,31.5,31.10186968671578,0.39813031328422
2019-07-08,32.040000915527344,31.60682552475826,0.4331753907690832
2019-07-09,33.150001525878906,32.02380858428934,1.126192941589565
2019-07-10,33.790000915527344,33.00222149166006,0.7877794238672848
2019-07-11,33.060001373291016,33.819429306236124,-0.7594279329451084
2019-07-12,33.209999084472656,33.16117164656794,0.04882743790471977
2019-07-15,34.38999938964844,33.15640861222154,1.2335907774268975
2019-07-16,33.849998474121094,34.29152693107538,-0.44152845695428766
2019-07-17,33.599998474121094,33.90857167246845,-0.30857319834735364
2019-07-18,33.0,33.69184909863846,-0.6918490986384569
2019-07-19,32.5099983215332,32.91645282485105,-0.40645450331784616
2019-07-22,32.849998474121094,32.523253149384715,0.32674532473637896
2019-07-23,33.4900016784668,32.93901701049238,0.5509846679744186
2019-07-24,34.11000061035156,33.38621184149737,0.7237887688541917
2019-07-25,33.66999816894531,34.040642922644594,-0.3706447536992812
2019-07-26,34.02000045776367,33.78638959336742,0.23361086439625467
2019-07-29,33.47999954223633,34.02757751420183,-0.5475779719655023
2019-07-30,33.869998931884766,33.36009281943431,0.5099061124504587
2019-07-31,30.450000762939453,33.95960021043662,-3.509599447497166
2019-08-01,29.86000061035156,30.568226177222094,-0.7082255668705351
2019-08-02,29.440000534057617,29.910671908570052,-0.4706713745124347
2019-08-05,27.989999771118164,29.341596736901046,-1.351596965782882
2019-08-06,28.86000061035156,28.064707995617706,0.795292614733853
2019-08-07,29.190000534057617,28.965459303281765,0.22454123077585209
2019-08-08,33.91999816894531,28.996058653496092,4.92393951544922
2019-08-09,34.189998626708984,33.807666960449474,0.3823316662595104
2019-08-12,32.43000030517578,34.16655703406154,-1.736556728885759
2019-08-13,32.11000061035156,32.57807150996299,-0.4680708996114262
2019-08-14,30.239999771118164,32.14634999583709,-1.9063502247189277
2019-08-15,29.670000076293945,30.143470592432013,-0.4734705161380681
2019-08-16,31.18000030517578,29.81739487554528,1.3626054296305021
2019-08-19,31.479999542236328,31.171928016322383,0.30807152591394527
2019-08-20,30.71999931335449,31.254254746295434,-0.5342554329409452
2019-08-21,31.700000762939453,30.87188262263425,0.8281181403052038
2019-08-22,31.899999618530277,31.833694350014596,0.06630526851568064
2019-08-23,29.540000915527344,31.61316823775173,-2.0731673222243856
2019-08-26,30.280000686645508,29.643539531418895,0.6364611552266126
2019-08-27,30.200000762939453,30.59809677270885,-0.39809600976939663
2019-08-28,30.780000686645508,29.8624921626688,0.9175085239767071
2019-08-29,31.450000762939453,30.686212397294717,0.7637883656447357
2019-08-30,31.450000762939453,31.774698795648305,-0.3246980327088522
2019-09-03,30.899999618530277,31.29453472537196,-0.39453510684168336
2019-09-04,30.950000762939453,30.70867265619104,0.2413281067484121
2019-09-05,31.5,31.245917530106244,0.25408246989375627
2019-09-06,30.559999465942383,31.475313915532386,-0.915314449590003
2019-09-09,30.5,30.29143662405692,0.20856337594307917
2019-09-10,30.229999542236328,30.747465542092378,-0.51746599985605
2019-09-11,29.76000022888184,30.334632417467187,-0.5746321885853476
2019-09-12,30.209999084472656,29.489938706766754,0.7200603777059023
2019-09-13,30.690000534057617,30.298306452935723,0.3916940811218943
2019-09-16,30.82999992370605,30.848890537704595,-0.018890613998543415
2019-09-17,30.989999771118164,30.61651190722682,0.37348786389134503
2019-09-18,30.420000076293945,30.964497024972257,-0.5444969486783116
2019-09-19,30.290000915527344,30.640485182407733,-0.3504842668803896
2019-09-20,30.049999237060547,30.210239170004517,-0.16023993294396988
2019-09-23,30.63999938964844,29.90785611994982,0.7321432696986214
2019-09-24,29.520000457763672,30.80316213724238,-1.2831616794787095
2019-09-25,29.540000915527344,29.544026312262584,-0.004025396735240605
2019-09-26,29.46999931335449,29.435633512955135,0.03436580039935322
2019-09-27,28.71999931335449,29.51405445656945,-0.7940551432149618
2019-09-30,28.989999771118164,28.812241406393344,0.17775836472481998
2019-10-01,28.76000022888184,28.926536966876572,-0.16653673799473268
2019-10-02,28.309999465942383,28.704323483035868,-0.39432401709348497
2019-10-03,28.68000030517578,28.428642306424955,0.25135799875082654
2019-10-04,29.01000022888184,28.67345347239833,0.33654675648351073
2019-10-07,28.93000030517578,28.874150021383354,0.05585028379242729
2019-10-08,28.229999542236328,29.005109916594904,-0.7751103743585759
2019-10-09,28.459999084472656,28.331355822308335,0.12864326216432076
2019-10-10,28.3799991607666,28.359944734554734,0.020054426211867593
2019-10-11,29.75,28.33745634327787,1.4125436567221286
2019-10-14,30.530000686645508,29.840761212955353,0.6892394736901544
2019-10-15,30.71999931335449,30.415216410353878,0.3047829030006106
2019-10-16,30.809999465942383,30.65869284209991,0.15130662384247273
2019-10-17,31.13999938964844,30.94283048786622,0.19716890178222002
2019-10-18,30.96999931335449,31.100071077152585,-0.13007176379809593
2019-10-21,32.029998779296875,30.856673721605283,1.1733250576915921
2019-10-22,31.51000022888184,32.12212545306064,-0.6121252241788007
2019-10-23,31.36000061035156,31.510353861720482,-0.15035325136892297
2019-10-24,31.71999931335449,31.307035838315365,0.412963475039124
2019-10-25,32.709999084472656,31.752677128391063,0.9573219560815929
2019-10-28,33.689998626708984,32.693764662751704,0.9962339639572804
2019-10-29,33.029998779296875,33.58914607735938,-0.5591472980625056
2019-10-30,33.130001068115234,33.069551103858686,0.06044996425654858
2019-10-31,33.93000030517578,33.23419478812862,0.6958055170471624
2019-11-01,34.88999938964844,33.801740025845575,1.0882593638028624
2019-11-04,36.290000915527344,34.80438689826045,1.4856140172668972
2019-11-05,36.150001525878906,36.37445910587619,-0.224457579997285
2019-11-06,35.93000030517578,36.100565402246396,-0.1705650970706145
2019-11-07,36.27999877929688,35.89577803634695,0.38422074294993536
2019-11-08,36.290000915527344,36.351553499919454,-0.06155258439211053
2019-11-11,36.310001373291016,36.2566510754047,0.05335029788631829
2019-11-12,36.709999084472656,36.26318562342631,0.44681346104634656
2019-11-13,37.52000045776367,36.75960942799595,0.7603910297677245
2019-11-14,38.34999847412109,37.489537987050205,0.8604604870708812
2019-11-15,38.560001373291016,38.25627223425075,0.30372913904026433
2019-11-18,39.880001068115234,38.595237682996604,1.2847633851186302
2019-11-19,41.290000915527344,39.90052533860074,1.389475576926607
2019-11-20,40.97999954223633,41.13412357146556,-0.15412402922923008
2019-11-21,39.52000045776367,40.98684405953055,-1.4668436017668753
2019-11-22,39.150001525878906,39.71509918689186,-0.5650976610129561
2019-11-25,39.790000915527344,39.11258725061357,0.6774136649137716
2019-11-26,38.9900016784668,39.63658951448742,-0.6465878360206219
2019-11-27,39.40999984741211,39.105298229196315,0.30470161821579467
2019-11-29,39.150001525878906,39.51544845866836,-0.36544693278945317
2019-12-02,38.72999954223633,38.95840114084837,-0.22840159861204512
2019-12-03,38.900001525878906,38.777709018862886,0.12229250701602012
2019-12-04,39.68999862670898,39.06839415087347,0.6216044758355039
2019-12-05,39.619998931884766,39.50986965785967,0.11012927402509831
2019-12-06,39.630001068115234,39.533359328933294,0.09664173918194052
2019-12-09,38.93000030517578,39.85658610359933,-0.9265857984235453
2019-12-10,39.43999862670898,38.88468285785009,0.5553157688588897
2019-12-11,39.470001220703125,39.28415767896673,0.1858435417363964
2019-12-12,42.59000015258789,39.580967016340374,3.009033136247517
2019-12-13,41.150001525878906,42.58620058337093,-1.4361990574920256
2019-12-16,42.34999847412109,40.90735759815095,1.4426408759701346
2019-12-17,42.77000045776367,42.55869170072633,0.21130875703734375
2019-12-18,42.29999923706055,42.78618770569368,-0.4861884686331308
2019-12-19,42.83000183105469,42.08276990726499,0.7472319237896983
2019-12-20,44.150001525878906,42.965542304409034,1.1844592214698721
2019-12-23,45.459999084472656,44.20433202175024,1.2556670627224165
2019-12-24,46.540000915527344,45.19162424107919,1.3483766744481542
2019-12-26,46.630001068115234,46.55743416042986,0.07256690768537766
2019-12-27,46.18000030517578,46.80596074179639,-0.6259604366206091
2019-12-30,45.52000045776367,46.05872156562229,-0.5387211078586205
2019-12-31,45.86000061035156,45.47424897215308,0.3857516381984851
2020-01-02,49.09999847412109,46.03114735715634,3.068851116964744
2020-01-03,48.59999847412109,48.934839784588455,-0.3348413104673682
2020-01-06,48.38999938964844,48.3728503684751,0.017149021173338497
2020-01-07,48.25,48.721198189628815,-0.4711981896288151
2020-01-08,47.83000183105469,48.26840211192697,-0.4384002808722798
2020-01-09,48.970001220703125,47.52757328526002,1.4424279354431064
2020-01-10,48.16999816894531,49.13925552546236,-0.9692573565170477
2020-01-13,48.75,48.300623540442395,0.4493764595576053
2020-01-14,48.209999084472656,48.54055951077337,-0.330560426300714
2020-01-15,48.54999923706055,48.20073092153409,0.34926831552645865
2020-01-16,49.77000045776367,48.773605984114525,0.996394473649147
2020-01-17,50.93000030517578,49.58786776085785,1.3421325443179342
2020-01-21,51.04999923706055,50.738083328797195,0.3119159082633516
2020-01-22,51.43000030517578,51.27230657480258,0.15769373037320378
2020-01-23,51.709999084472656,51.45257972397286,0.25741936049979586
2020-01-24,50.34999847412109,51.459657758575645,-1.1096592844545583
2020-01-27,49.2599983215332,50.50484001113781,-1.2448416896046055
2020-01-28,50.52999877929688,49.500314966515866,1.0296838127810162
2020-01-29,47.5099983215332,50.26409674808331,-2.754098426550108
2020-01-30,48.77999877929688,47.45640310052076,1.3235956787761225
2020-01-31,47.0,49.20206394210996,-2.202063942109959
2020-02-03,48.02000045776367,46.75570162064339,1.264298837120279
2020-02-04,49.45000076293945,47.85594348654179,1.5940572763976633
2020-02-05,49.84000015258789,49.688154722130655,0.15184543045723586
2020-02-06,49.31999969482422,49.75190273251195,-0.4319030376877322
2020-02-07,49.72999954223633,49.144042701083926,0.5859568411524023
2020-02-10,52.2599983215332,49.942668308324315,2.3173300132088883
2020-02-11,53.79999923706055,52.20385585988549,1.5961433771750535
2020-02-12,53.88999938964844,53.45490346663668,0.43509592301175815
2020-02-13,54.52999877929688,54.0705371532985,0.4594616259983795
2020-02-14,55.310001373291016,54.71719347278771,0.5928079005033027
2020-02-18,56.88999938964844,54.96754673448617,1.9224526551622674
2020-02-19,58.900001525878906,56.84783574336472,2.0521657825141872
2020-02-20,57.27000045776367,59.10662245399377,-1.8366219962301003
2020-02-21,53.27999877929688,57.10526458508863,-3.8252658057917444
2020-02-24,49.119998931884766,53.38284364440396,-4.262844712519197
2020-02-25,47.56999969482422,49.53891384938141,-1.96891415455719
2020-02-26,47.4900016784668,47.48437801444893,0.00562366401786818
2020-02-27,44.0099983215332,47.242993524709156,-3.2329952031759532
2020-02-28,45.47999954223633,44.3368878472362,1.1431116950001297
2020-03-02,47.459999084472656,45.665405313705016,1.7945937707676407
2020-03-03,46.75,46.905070059606224,-0.15507005960622422
2020-03-04,50.11000061035156,46.83237592051295,3.2776246898386105
2020-03-05,48.11000061035156,50.5329035130718,-2.4229029027202387
2020-03-06,48.59000015258789,47.6249762772446,0.9650238753432916
2020-03-09,43.27000045776367,48.603036669586444,-5.3330362118227725
2020-03-10,45.380001068115234,43.819531462812606,1.5604696053026288
2020-03-11,45.70000076293945,45.27070696068413,0.429293802255323
2020-03-12,39.0099983215332,45.128144827318756,-6.118146505785553
2020-03-13,43.900001525878906,39.62110182696519,4.278899698913719
2020-03-16,38.709999084472656,44.3066221652842,-5.596623080811547
2020-03-17,41.880001068115234,37.73400595739331,4.145995110721927
2020-03-18,39.119998931884766,42.33251921388145,-3.2125202819966816
2020-03-19,39.81999969482422,39.6340405397252,0.18595915509902028
2020-03-20,39.61000061035156,39.212433386311815,0.3975672240397472
2020-03-23,41.63999938964844,39.47907853864058,2.160920851007859
2020-03-24,46.220001220703125,42.25133876164337,3.9686624590597575
2020-03-25,44.630001068115234,45.72718190214746,-1.0971808340322227
2020-03-26,47.5,44.14969951614205,3.35030048385795
2020-03-27,46.58000183105469,48.282274321720905,-1.7022724906662177
2020-03-30,47.86000061035156,46.394427390511495,1.465573219840067
2020-03-31,45.47999954223633,47.267273144158544,-1.787273601922216
2020-04-01,43.65999984741211,46.01384549108545,-2.3538456436733384
2020-04-02,44.4900016784668,44.05680163632705,0.4332000421397453
2020-04-03,42.59000015258789,43.82388802448531,-1.2338878718974229
2020-04-06,47.52000045776367,42.64010535396191,4.879895103801765
2020-04-07,47.560001373291016,48.095655405815336,-0.5356540325243202
2020-04-08,48.790000915527344,46.86879636663094,1.9212045488964051
2020-04-09,48.380001068115234,48.65605861376276,-0.27605754564752516
2020-04-13,50.93999862670898,49.050170642799756,1.8898279839092211
2020-04-14,54.93000030517578,50.60166997079975,4.328330334376034
2020-04-15,54.9900016784668,54.27332502096299,0.7166766575038039
2020-04-16,56.95000076293945,55.492240762711084,1.4577600002283688
2020-04-17,56.59999847412109,57.193907474223316,-0.5939090001022294
2020-04-20,56.970001220703125,55.87450809659458,1.0954931241085433
2020-04-21,52.91999816894531,57.210944718690364,-4.290946549745051
2020-04-22,55.91999816894531,53.524845177581405,2.395152991363908
2020-04-23,55.900001525878906,55.46875333942369,0.431248186455214
2020-04-24,56.18000030517578,55.45025202984661,0.7297482753291717
2020-04-27,56.4900016784668,56.87935782541741,-0.38935614695061105
2020-04-28,55.5099983215332,56.444803579620825,-0.9348052580876214
2020-04-29,53.65999984741211,54.89236397165192,-1.2323641242398082
2020-04-30,52.38999938964844,54.19372372959461,-1.8037243399461715
2020-05-01,49.880001068115234,52.766355072939895,-2.8863540048246605
2020-05-04,52.560001373291016,49.27867176126256,3.2813296120284576
2020-05-05,52.18999862670898,52.66420674299896,-0.4742081162899794
2020-05-06,52.15999984741211,52.542568724578615,-0.38256887716650567
2020-05-07,51.95000076293945,51.86191935315802,0.08808140978143086
2020-05-08,53.18999862670898,51.815931917432124,1.3740667092768533
2020-05-11,55.7400016784668,53.53402581057592,2.205975867890878
2020-05-12,53.7599983215332,55.51418741319359,-1.7541890916603862
2020-05-13,52.18000030517578,53.48571719371529,-1.3057168885395072
2020-05-14,54.5099983215332,52.71569925400643,1.7942990675267723
2020-05-15,54.20000076293945,54.45975113017733,-0.2597503672378778
2020-05-18,54.59000015258789,53.60694477848505,0.9830553741028396
2020-05-19,55.470001220703125,55.019193420377405,0.45080780032571965
2020-05-20,56.38999938964844,55.708718610157085,0.6812807794913525
2020-05-21,54.650001525878906,55.76576686751665,-1.115765341637747
2020-05-22,55.16999816894531,54.81216610051814,0.35783206842717163
2020-05-26,53.18999862670898,55.736325930541,-2.5463273038320224
2020-05-27,52.7400016784668,52.70077900670193,0.03922267176486827
2020-05-28,51.7400016784668,52.64376332779341,-0.9037616493266114
2020-05-29,53.79999923706055,52.3078958726225,1.4921033644380444
2020-06-01,53.630001068115234,53.53697338520988,0.09302768290535113
2020-06-02,53.540000915527344,53.15306254336038,0.38693837216696636
2020-06-03,52.72999954223633,54.09851894376251,-1.3685194015261786
2020-06-04,52.630001068115234,52.84794226793585,-0.21794119982061488
2020-06-05,53.09999847412109,52.082622457785966,1.0173760163351204
2020-06-08,52.970001220703125,53.3294207427968,-0.359419522093674
2020-06-09,56.38999938964844,53.312736520339044,3.0772628693093935
2020-06-10,57.43999862670898,55.88185201740394,1.5581466093050338
2020-06-11,52.83000183105469,57.2204227356333,-4.390420904578612
2020-06-12,53.5,53.49793209891364,0.002067901086363122
2020-06-15,54.68000030517578,53.528585719864516,1.1514145853112652
2020-06-16,54.459999084472656,53.970999063641024,0.4890000208316323
2020-06-17,54.54999923706055,54.81930496069326,-0.2693057236327121
2020-06-18,54.040000915527344,54.99536281166102,-0.9553618961336738
2020-06-19,54.22999954223633,53.43098446093638,0.7990150812999488
2020-06-22,54.7599983215332,54.22290367609774,0.5370946454354666
2020-06-23,53.9900016784668,55.30908278192125,-1.319081103454451
2020-06-24,52.38999938964844,53.639046643285646,-1.2490472536372081
2020-06-25,51.93000030517578,52.18242515736323,-0.2524248521874455
2020-06-26,50.09999847412109,52.490999602167115,-2.391001128046028
2020-06-29,50.27999877929688,50.01126730338001,0.26873147591687285
2020-06-30,52.61000061035156,49.91174949672477,2.698251113626796
2020-07-01,52.58000183105469,52.85716478332617,-0.2771629522714818
2020-07-02,52.34000015258789,52.63616082245546,-0.29616066986756806
2020-07-06,53.400001525878906,52.081469271749306,1.3185322541296003
2020-07-07,52.93000030517578,53.49805946712511,-0.5680591619493285
2020-07-08,53.43000030517578,53.060929025946386,0.3690712792293951
2020-07-09,57.2599983215332,53.27007860484416,3.9899197166890445
2020-07-10,55.880001068115234,57.11512807915776,-1.235127011042529
2020-07-13,53.59000015258789,55.937481814147304,-2.3474816615594136
2020-07-14,54.720001220703125,53.824268007118356,0.8957332135847693
2020-07-15,55.34000015258789,54.620458373443874,0.7195417791440164
2020-07-16,54.91999816894531,55.1045281621538,-0.18452999320848562
2020-07-17,55.040000915527344,55.13679012828528,-0.09678921275793329
2020-07-20,57.459999084472656,55.143860972528095,2.3161381119445608
2020-07-21,57.0,57.12508388285794,-0.12508388285794325
2020-07-22,61.790000915527344,56.98841497912008,4.801585936407264
2020-07-23,59.56999969482422,62.01707421147418,-2.4470745166499626
2020-07-24,69.4000015258789,59.220548787672406,10.1794527382065
2020-07-27,68.97000122070312,69.29040922605341,-0.3204080053502878
2020-07-28,67.61000061035156,68.81771117570287,-1.2077105653513058
2020-07-29,76.08999633789062,67.86667314246033,8.223323195430297
2020-07-30,78.19999694824219,75.93665596314747,2.2633409850947146
2020-07-31,77.43000030517578,77.52301674890786,-0.09301644373208262
2020-08-03,77.66999816894531,77.89977621728367,-0.22977804833836046
2020-08-04,85.04000091552734,78.04324826397101,6.996752651556335
2020-08-05,85.30999755859375,84.16901534080856,1.1409822177851936
2020-08-06,86.70999908447266,85.08597706303642,1.6240220214362324
2020-08-07,84.8499984741211,87.61442201810706,-2.76442354398597
2020-08-10,82.23999786376953,84.45492256692613,-2.2149247031565977
2020-08-11,76.87999725341797,81.81555466077997,-4.935557407361998
2020-08-12,82.61000061035156,77.79823567742864,4.811764932922927
2020-08-13,81.83999633789062,82.58869247518007,-0.7486961372894427
2020-08-14,81.30000305175781,80.68983148849745,0.6101715632603657
2020-08-17,82.41999816894531,82.10309701980127,0.3169011491440443
2020-08-18,81.66000366210938,82.98966521249744,-1.3296615503880673
2020-08-19,81.08999633789062,80.50590941993435,0.5840869179562702
2020-08-20,82.7699966430664,81.344021231256,1.4259754118104127
2020-08-21,83.80999755859375,83.6777188826474,0.13227867594635256
2020-08-24,83.08000183105469,82.87856459109905,0.2014372399556379
2020-08-25,86.3499984741211,82.77959428341798,3.5704041907031154
2020-08-26,86.0199966430664,87.36940497615939,-1.3494083330929811
2020-08-27,83.80000305175781,85.47940113477173,-1.679398083013922
2020-08-28,85.55000305175781,83.26346662304377,2.2865364287140437
2020-08-31,90.81999969482422,86.47600059332923,4.343999101494987
2020-09-01,92.18000030517578,90.50598660290053,1.6740137022752464
2020-09-02,90.22000122070312,91.18055666378062,-0.9605554430774959
2020-09-03,82.54000091552734,91.11551238227368,-8.575511466746335
2020-09-04,82.01000213623047,83.20998323665958,-1.1999811004291132
2020-09-08,78.69000244140625,81.20047783192499,-2.510475390518735
2020-09-09,81.91000366210938,78.68814361894708,3.2218600431622946
2020-09-10,78.9800033569336,82.77550856577405,-3.795505208840453
2020-09-11,76.33999633789062,78.32529291937085,-1.9852965814802275
2020-09-14,77.9000015258789,76.17730825184934,1.7226932740295666
2020-09-15,78.93000030517578,78.72512488715807,0.20487541801770703
2020-09-16,76.66000366210938,78.44681062815337,-1.7868069660439971
2020-09-17,76.55000305175781,76.19259710391727,0.35740594784054736
2020-09-18,74.93000030517578,77.42783493944745,-2.497834634271669
2020-09-21,77.94000244140625,74.85874416736723,3.0812582740390155
2020-09-22,77.69999694824219,77.18266991039826,0.517327037843927
2020-09-23,74.7300033569336,78.07956571549822,-3.3495623585646257
2020-09-24,75.81999969482422,75.28488186900071,0.5351178258235052
2020-09-25,78.05999755859375,75.25699612466578,2.8030014339279745
2020-09-28,79.4800033569336,77.7797783701615,1.700224986772099
2020-09-29,81.7699966430664,80.01996931132186,1.7500273317445476
2020-09-30,81.98999786376953,81.55317671200146,0.436821151768072
2020-10-01,84.86000061035156,81.48720789315252,3.3727927171990473
2020-10-02,81.80000305175781,85.29598288901836,-3.495979837260549
2020-10-05,86.1500015258789,81.9072037784442,4.242797747434707
2020-10-06,84.4800033569336,85.74102114705435,-1.2610177901207607
2020-10-07,86.69000244140625,84.43248953130622,2.257512910100033
2020-10-08,86.51000213623047,87.14175592307367,-0.6317537868432055
2020-10-09,83.0999984741211,86.14812458777928,-3.048126113658185
2020-10-12,84.29000091552734,83.00165369053498,1.2883472249923642
2020-10-13,85.27999877929688,84.85405821092837,0.42594056836850314
2020-10-14,84.20999908447266,84.92354904534017,-0.7135499608675104
2020-10-15,83.12999725341797,83.87876552192407,-0.7487682685060975
2020-10-16,83.16999816894531,83.7594875408866,-0.5894893719412835
2020-10-19,82.0,83.14222457316703,-1.1422245731670273
2020-10-20,81.55999755859375,81.45665296354736,0.10334459504639426
2020-10-21,79.19999694824219,82.00631142256604,-2.8063144743238553
2020-10-22,79.41999816894531,79.50916978539173,-0.08917161644642135
2020-10-23,81.95999908447266,78.93675406142707,3.0232450230455896
2020-10-26,82.2300033569336,81.90078431307508,0.3292190438585152
2020-10-27,78.87999725341797,82.56753649203438,-3.6875392386164094
2020-10-28,76.4000015258789,78.79012975035725,-2.390128224478346
2020-10-29,78.0199966430664,76.39354663648167,1.626450006584733
2020-10-30,75.29000091552734,78.20858745742966,-2.9185865419023145
2020-11-02,74.69999694824219,75.15280134588122,-0.4528043976390279
2020-11-03,76.58000183105469,74.78028018403604,1.799721647018643
2020-11-04,81.3499984741211,76.64420388099401,4.705794593127081
2020-11-05,83.0,81.00917911167718,1.9908208883228156
2020-11-06,85.87999725341797,82.84323455782123,3.0367626955967353
2020-11-09,83.12000274658203,86.1318357475876,-3.01183300100557
2020-11-10,77.98999786376953,83.01237646887752,-5.022378605107988
2020-11-11,81.27999877929688,78.10709957265028,3.1728992066465906
2020-11-12,81.83999633789062,81.51620585800164,0.32379047988898435
2020-11-13,81.43000030517578,81.38075840552465,0.04924189965113612
2020-11-16,83.7300033569336,81.47775220952911,2.252251147404479
2020-11-17,83.36000061035156,84.09472823117376,-0.7347276208221984
2020-11-18,82.54000091552734,82.96373019208512,-0.42372927655777914
2020-11-19,85.54000091552734,82.49104089746098,3.048960018066367
2020-11-20,84.63999938964844,85.9128833700781,-1.2728839804296683
2020-11-23,85.30999755859375,84.30227646049713,1.0077210980966242
2020-11-24,85.06999969482422,85.20954065439216,-0.13954095956793822
2020-11-25,86.70999908447266,85.41661162048757,1.2933874639850842
2020-11-27,87.19000244140625,86.55786134903289,0.6321410923733595
2020-11-30,92.66000366210938,86.85735638292432,5.802647279185052
2020-12-01,92.62999725341795,92.84881065903065,-0.2188134056126927
2020-12-02,93.73999786376952,92.51138598373578,1.2286118800337391
2020-12-03,92.30999755859376,93.61272172547851,-1.3027241668847438
2020-12-04,94.04000091552734,92.47355901915915,1.5664418963681896
2020-12-07,94.06999969482422,94.09381370231249,-0.02381400748826934
2020-12-08,92.91999816894533,93.78431209165147,-0.8643139227061454
2020-12-09,89.83000183105469,93.07697537091855,-3.246973539863859
2020-12-10,91.66000366210938,90.13974464611856,1.520259015990817
2020-12-11,91.6500015258789,91.44797629955842,0.2020252263204867
2020-12-14,94.77999877929688,91.39096583507022,3.3890329442266562
2020-12-15,97.12000274658205,95.06424116923623,2.0557615773458195
2020-12-16,96.8499984741211,96.94645136768767,-0.09645289356657827
2020-12-17,96.83999633789062,96.56797240147043,0.2720239364201973
2020-12-18,95.91999816894533,97.19563665304449,-1.2756384840991615
2020-12-21,93.2300033569336,95.98222881522348,-2.7522254582898853
2020-12-22,93.16000366210938,92.97781288973594,0.1821907723734313
2020-12-23,91.5500030517578,93.41564739218092,-1.8656443404231169
2020-12-24,91.80999755859376,91.66805867748502,0.14193888110874298
2020-12-28,91.5999984741211,91.58180500849194,0.018193465629153138
2020-12-29,90.62000274658205,91.62427937786615,-1.0042766312840996
2020-12-30,92.29000091552734,90.85399740464325,1.4360035108840918
2020-12-31,91.70999908447266,92.13378960052786,-0.423790516055206
2021-01-04,92.3000030517578,91.50970201999257,0.7903010317652246
2021-01-05,92.7699966430664,92.59056160469156,0.17943503837484798
2021-01-06,90.33000183105467,92.72838064260314,-2.3983788115484685
2021-01-07,95.16000366210938,90.11895149365532,5.041052168454058
2021-01-08,94.58000183105467,95.35064965240211,-0.7706478213474384
2021-01-11,97.25,94.39673374928383,2.8532662507161746
2021-01-12,95.36000061035156,97.15429477040041,-1.7942941600488496
2021-01-13,91.77999877929688,95.48681115147303,-3.7068123721761594
2021-01-14,90.79000091552734,91.9856330043967,-1.1956320888693597
2021-01-15,88.20999908447266,90.76977388570334,-2.559774801230688
2021-01-19,89.44999694824219,88.15114647823232,1.2988504700098673
2021-01-20,88.75,89.62177305041534,-0.8717730504153423
2021-01-21,91.52999877929688,88.64346827121278,2.8865305080840926
2021-01-22,92.79000091552734,91.40755312047638,1.3824477950509646
2021-01-25,94.12999725341795,92.77751765319594,1.3524796002220114
2021-01-26,94.70999908447266,94.14731371235708,0.5626853721155811
2021-01-27,88.83999633789062,94.62018855649292,-5.780192218602295
2021-01-28,87.5199966430664,88.99345871531213,-1.4734620722457237
2021-01-29,85.63999938964844,87.87322393718962,-2.233224547541184
2021-02-01,87.66000366210938,85.39546032127605,2.2645433408333275
2021-02-02,88.86000061035156,87.54119280116925,1.3188078091823172
2021-02-03,87.88999938964844,89.01872799543897,-1.1287286057905277
2021-02-04,87.83999633789062,87.85666342101553,-0.016667083124900728
2021-02-05,87.9000015258789,87.76919801431727,0.13080351156163772
2021-02-08,91.47000122070312,87.97716410455304,3.492837116150085
2021-02-09,90.91000366210938,91.3952573098145,-0.4852536477051217
2021-02-10,92.3499984741211,90.69626886021312,1.65372961390797
2021-02-11,92.66000366210938,92.55072203895912,0.10928162315025247
2021-02-12,93.7699966430664,92.64333301972903,1.1266636233373788
2021-02-16,91.45999908447266,93.54793105930666,-2.0879319748340066
2021-02-17,89.94000244140625,91.61009625676701,-1.670093815360758
2021-02-18,88.63999938964844,90.22156769081818,-1.5815683011697388
2021-02-19,89.58000183105469,88.44078535238945,1.139216478665233
2021-02-22,85.37000274658203,89.49337600509548,-4.123373258513453
2021-02-23,84.73999786376953,85.66189980779191,-0.9219019440223803
2021-02-24,86.94000244140625,84.89141967331689,2.0485827680893607
2021-02-25,82.41999816894531,86.55301879508913,-4.133020626143818
2021-02-26,84.51000213623047,82.51027580869484,1.999726327535626
2021-03-01,86.38999938964844,85.01911759420273,1.3708817954457118
2021-03-02,84.12999725341797,85.81889243576396,-1.6888951823459877
2021-03-03,80.86000061035156,83.96457619784017,-3.104575587488611
2021-03-04,77.75,81.70724850900709,-3.957248509007087
2021-03-05,78.5199966430664,77.63265571476478,0.8873409283016258
2021-03-08,73.95999908447266,77.96061969324593,-4.000620608773275
2021-03-09,78.52999877929688,74.49224279555146,4.037755983745413
2021-03-10,77.5199966430664,78.86170592753597,-1.3417092844695588
2021-03-11,81.2300033569336,76.57921022450422,4.650793132429371
2021-03-12,81.05000305175781,81.47936763972601,-0.42936458796819466
2021-03-15,82.5,81.56462235959734,0.9353776404026632
2021-03-16,82.75,81.91653304885477,0.8334669511452262
2021-03-17,82.62999725341797,82.54928983777391,0.08070741564405637
2021-03-18,78.12000274658203,83.29019348749576,-5.170190740913725
2021-03-19,79.05999755859375,78.00953582653953,1.0504617320542167
2021-03-22,80.30000305175781,78.74621098266263,1.5537920690951808
2021-03-23,78.37999725341797,80.51699692274869,-2.13699966933072
2021-03-24,76.4800033569336,78.51324458132022,-2.0332412243866287
2021-03-25,76.22000122070312,76.34959490333546,-0.12959368263233273
2021-03-26,77.41000366210938,76.29231543926527,1.1176882228441087
2021-03-29,77.13999938964844,77.47129826855632,-0.33129887890788723
2021-03-30,76.0,76.9729070182539,-0.9729070182539061
2021-03-31,78.5,76.09192244854674,2.4080775514532604
2021-04-01,81.08999633789062,78.60059684363466,2.489399494255963
2021-04-05,81.43000030517578,80.73429550470195,0.695704800473834
2021-04-06,81.44000244140625,81.40504387484594,0.034958566560305826
2021-04-07,82.19999694824219,81.76827115646938,0.4317257917728057
2021-04-08,83.3499984741211,81.99662085862671,1.3533776154943808
2021-04-09,82.76000213623047,83.10015975616979,-0.34015761993931903
2021-04-12,78.58000183105469,83.05691808125462,-4.476916250199935
2021-04-13,80.19000244140625,78.76321812722199,1.4267843141842604
2021-04-14,78.55000305175781,79.99458570676052,-1.444582655002705
2021-04-15,83.01000213623047,78.45161202031724,4.558390115913227
2021-04-16,82.1500015258789,83.23686964177169,-1.0868681158927842
2021-04-19,81.11000061035156,81.866668244258,-0.7566676339064315
2021-04-20,79.2699966430664,81.15175319692281,-1.8817565538564054
2021-04-21,81.61000061035156,79.61296300068179,1.9970376096697748
2021-04-22,79.05999755859375,81.40089178265225,-2.340894224058502
2021-04-23,82.76000213623047,78.80225647866773,3.9577456575627394
2021-04-26,85.41000366210938,83.17082292675333,2.239180735356044
2021-04-27,85.20999908447266,85.11525738269935,0.09474170177330166
2021-04-28,84.0199966430664,84.86695593206203,-0.8469592889956203
2021-04-29,83.91000366210938,84.55264932482028,-0.6426456627109047
2021-04-30,81.62000274658203,83.96436033352576,-2.3443575869437296
2021-05-03,78.55000305175781,81.1515726101638,-2.601569558405984
2021-05-04,78.61000061035156,79.00133402507588,-0.3913334147243148
2021-05-05,77.83000183105469,78.93532095492854,-1.105319123873855
2021-05-06,77.88999938964844,77.21926355079142,0.6707358388570128
2021-05-07,78.80999755859375,78.01462961427595,0.7953679443178032
2021-05-10,75.98999786376953,79.27522993485776,-3.285232071088231
2021-05-11,76.83000183105469,75.59778981978168,1.2322120112730062
2021-05-12,74.63999938964844,76.78256355992467,-2.1425641702762306
2021-05-13,73.08999633789062,75.0428148759933,-1.952818538102676
2021-05-14,74.58999633789062,73.04293295538668,1.54706338250395
2021-05-17,74.6500015258789,74.2944120727286,0.35558945315030144
2021-05-18,74.44000244140625,74.79382681848485,-0.3538243770785954
2021-05-19,76.2300033569336,74.62697688263584,1.6030264742977494
2021-05-20,78.05999755859375,75.94514590686072,2.1148516517330336
2021-05-21,77.16999816894531,77.91809479186972,-0.7480966229244075
2021-05-24,77.44000244140625,77.44367798124253,-0.003675539836279995
2021-05-25,77.86000061035156,77.44356769119045,0.41643291916111025
2021-05-26,78.33999633789062,77.57647040099441,0.7635259368962153
2021-05-27,78.41999816894531,78.47985871413542,-0.059860545190105086
2021-05-28,80.08000183105469,78.56715565382974,1.5128461772249437
2021-06-01,80.80999755859375,79.81073557105911,0.9992619875346378
2021-06-02,81.97000122070312,80.7301475923795,1.2398536283236297
2021-06-03,80.27999877929688,82.20149324632607,-1.9214944670291914
2021-06-04,81.58000183105469,80.18452239031421,1.3954794407404734
2021-06-07,81.3499984741211,81.48784674479585,-0.13784827067475192
2021-06-08,80.88999938964844,81.4291754285335,-0.5391760388850599
2021-06-09,79.95999908447266,80.95055136990749,-0.9905522854348305
2021-06-10,81.55999755859375,79.89710036249187,1.6628971961018806
2021-06-11,81.30999755859375,81.55623728704444,-0.2462397284506892
2021-06-14,81.55000305175781,81.28641682896911,0.26358622278870314
2021-06-15,80.47000122070312,81.57663560872233,-1.1066343880192022
2021-06-16,80.11000061035156,80.48841103605089,-0.3784104256993288
2021-06-17,84.55999755859375,80.14381266881506,4.416184889778691
2021-06-18,84.6500015258789,84.43132373968866,0.21867778619024136
2021-06-21,82.58999633789062,84.44463854082507,-1.8546422029344427
2021-06-22,83.58000183105469,82.88584295471645,0.6941588763382356
2021-06-23,83.81999969482422,83.67738914418341,0.14261055064081063
2021-06-24,86.0999984741211,83.42012307719226,2.6798753969288356
2021-06-25,85.62000274658203,86.19120404458432,-0.5712012980022934
2021-06-28,87.08000183105469,85.81816124262043,1.2618405884342536
2021-06-29,89.5199966430664,86.86074820388558,2.6592484391808284
2021-06-30,93.93000030517578,89.32982625847151,4.600174046704268
2021-07-01,93.30999755859376,94.00653310551884,-0.6965355469250767
2021-07-02,94.6999969482422,93.20412242408503,1.4958745241571734
2021-07-06,94.47000122070312,94.69605536650573,-0.22605414580260685
2021-07-07,90.54000091552734,94.49808914461369,-3.958088229086343
2021-07-08,89.73999786376953,90.63668505672482,-0.8966871929552838
2021-07-09,90.9000015258789,89.89587168219994,1.0041298436789674
2021-07-12,90.80999755859376,90.7279591409138,0.08203841767996778
2021-07-13,90.26000213623048,90.70941940802753,-0.4494172717970457
2021-07-14,89.05000305175781,90.50288994671071,-1.452886894952897
2021-07-15,86.93000030517578,89.05189301430124,-2.1218927091254614
2021-07-16,85.88999938964844,86.82347215377496,-0.9334727641265204
2021-07-19,86.58000183105469,86.10175528202157,0.47824654903311625
2021-07-20,87.11000061035156,86.58771419077468,0.5222864195768864
2021-07-21,89.41000366210938,86.85507188144824,2.5549317806611356
2021-07-22,91.20999908447266,89.47645958095126,1.7335395035213992
2021-07-23,92.1500015258789,91.23065979307293,0.9193417328059752
2021-07-26,91.81999969482422,91.94930594272103,-0.12930624789680678
2021-07-27,91.02999877929688,91.88220387922642,-0.8522050999295487
2021-07-28,97.93000030517578,91.21647860828423,6.713521696891547
2021-07-29,102.9499969482422,97.62760732937758,5.322389618864619
2021-07-30,106.19000244140624,102.45006936132702,3.7399330800792114
2021-08-02,108.62999725341795,106.4222055341847,2.2077917192332563
2021-08-03,112.55999755859376,108.70545509682887,3.8545424617648933
2021-08-04,118.7699966430664,112.05930787303252,6.710688770033883
2021-08-05,112.3499984741211,118.63803075907154,-6.288032284950447
2021-08-06,110.11000061035156,112.70752837243175,-2.5975277620801904
2021-08-09,107.58000183105467,110.42787315925736,-2.847871328202686
2021-08-10,106.4800033569336,107.23568074163998,-0.755677384706388
2021-08-11,107.68000030517578,106.57164967231323,1.1083506328625532
2021-08-12,106.5,107.97626575980084,-1.4762657598008389
2021-08-13,110.5500030517578,106.18858214187739,4.361420909880408
2021-08-16,107.4800033569336,110.43637418060749,-2.9563708236738933
2021-08-17,107.55999755859376,107.68870089239196,-0.12870333379819954
2021-08-18,103.44000244140624,107.70674514134245,-4.266742699936216
2021-08-19,103.6999969482422,103.25037831075633,0.4496186374858695
2021-08-20,104.6500015258789,103.91027276114099,0.7397287647379187
2021-08-23,108.7699966430664,104.65591679601074,4.114079847055663
2021-08-24,107.6500015258789,108.41359467119074,-0.7635931453118303
2021-08-25,108.3000030517578,107.6632530517534,0.6367500000043975
2021-08-26,107.2699966430664,108.67183828814454,-1.401841645078136
2021-08-27,111.4000015258789,107.0115789439128,4.388422581966111
2021-08-30,111.31999969482422,111.17185665771231,0.14814303711190746
2021-08-31,110.72000122070312,111.47265202833353,-0.7526508076304026
2021-09-01,109.98999786376952,110.856088639438,-0.8660907756684821
2021-09-02,109.1999969482422,109.81380417222236,-0.6138072239801602
2021-09-03,109.91999816894533,109.24527124217543,0.6747269267698925
2021-09-07,109.1500015258789,110.08289375578042,-0.9328922299015119
2021-09-08,106.16999816894533,108.98314247474373,-2.813144305798403
2021-09-09,106.1500015258789,106.24105077618637,-0.09104925030746358
2021-09-10,105.1999969482422,106.43070503588274,-1.2307080876405365
2021-09-13,104.8000030517578,104.98121514023906,-0.18121208848126003
2021-09-14,105.7300033569336,104.73995404486828,0.9900493120653096
2021-09-15,105.5999984741211,105.97177031181309,-0.37177183769199473
2021-09-16,106.22000122070312,105.45384600450394,0.7661552161991807
2021-09-17,103.87999725341795,106.07852577594466,-2.1985285225267006
2021-09-20,101.5500030517578,104.12868448795625,-2.578681436198451
2021-09-21,102.81999969482422,101.71593039599487,1.1040692988293443
2021-09-22,104.37999725341795,102.58388143090586,1.7961158225120926
2021-09-23,106.1500015258789,104.26322644949973,1.8867750763791804
2021-09-24,105.8000030517578,106.31154452124579,-0.5115414694879945
2021-09-27,108.16000366210938,105.71519701000734,2.444806652102031
2021-09-28,101.5199966430664,108.02395324253928,-6.503956599472872
2021-09-29,100.3499984741211,101.71601061651104,-1.3660121423899483
2021-09-30,102.9000015258789,100.75954677388832,2.140454751990589
2021-10-01,102.4499969482422,102.46156740656552,-0.011570458323319599
2021-10-04,100.33999633789062,102.21073813079862,-1.8707417929079924
2021-10-05,101.80999755859376,100.97834591358195,0.8316516450118172
2021-10-06,103.63999938964844,101.71373596924067,1.9262634204077642
2021-10-07,106.4499969482422,102.97582528296344,3.47417166527876
2021-10-08,105.05999755859376,106.7853352421042,-1.725337683510432
2021-10-11,104.68000030517578,105.3433010885834,-0.663300783407621
2021-10-12,105.04000091552734,104.27650137372585,0.7634995418014938
2021-10-13,109.16000366210938,105.04285976727772,4.117143894831656
2021-10-14,111.98999786376952,109.4120585966441,2.5779392671254158
2021-10-15,112.12000274658205,111.52384811683409,0.5961546297479572
2021-10-18,116.43000030517578,112.01495349101901,4.415046814156767
2021-10-19,116.33000183105467,116.81700534077066,-0.48700350971598994
2021-10-20,116.38999938964844,115.94143103386612,0.4485683557823137
2021-10-21,119.33000183105467,116.27817075890091,3.0518310721537603
2021-10-22,119.81999969482422,119.68688404310886,0.13311565171535733
2021-10-25,122.36000061035156,119.51993367261427,2.8400669377372907
2021-10-26,122.93000030517578,122.12527668886544,0.8047236163103406
2021-10-27,122.27999877929688,123.19985510620664,-0.9198563269097662
2021-10-28,121.16000366210938,122.31256333707856,-1.1525596749691829
2021-10-29,120.2300033569336,120.95227261643211,-0.7222692594985176
2021-11-01,125.2300033569336,120.41746622065808,4.812537136275509
2021-11-02,127.62999725341795,125.23417015206546,2.395827101352495
2021-11-03,130.52999877929688,127.10868041503238,3.4213183642644935
2021-11-04,137.5,130.6467843673462,6.853215632653786
2021-11-05,136.33999633789062,137.57501657149697,-1.235020233606349
2021-11-08,150.16000366210938,135.81650620192005,14.343497460189326
2021-11-09,148.9199981689453,150.14285678147655,-1.2228586125312404
2021-11-10,139.8699951171875,148.66530859529584,-8.79531347810834
2021-11-11,146.00999450683594,140.34212888729562,5.667865619540322
2021-11-12,147.88999938964844,146.31123318688026,1.578766202768179
2021-11-15,146.49000549316406,146.86355573156106,-0.3735502383970015
2021-11-16,152.4499969482422,146.7847126469337,5.665284301308475
2021-11-17,151.33999633789062,153.15364568060215,-1.8136493427115283
2021-11-18,155.02000427246094,150.309709114011,4.710295158449924
2021-11-19,155.41000366210938,154.9850519881642,0.4249516739451735
2021-11-22,152.52000427246094,156.17519255259077,-3.6551882801298348
2021-11-23,149.9199981689453,152.11927975551876,-2.1992815865734485
2021-11-24,157.8000030517578,149.68736909445747,8.112633957300346
2021-11-26,154.80999755859375,158.27281947065993,-3.4628219120661754
2021-11-29,161.91000366210938,154.35539225207026,7.554611410039115
2021-11-30,158.3699951171875,161.74895474065352,-3.3789596234660166
2021-12-01,149.11000061035156,158.58072794419945,-9.47072733384789
2021-12-02,150.67999267578125,149.55855399875983,1.1214386770214162
2021-12-03,144.00999450683594,150.68710821913226,-6.677113712296318
2021-12-06,139.05999755859375,143.66331992035902,-4.603322361765265
2021-12-07,144.85000610351562,139.77410503890917,5.075901064606455
2021-12-08,145.24000549316406,144.86016983643793,0.3798356567261294
2021-12-09,138.10000610351562,144.2283106276937,-6.128304524178077
2021-12-10,138.5500030517578,138.88444025222805,-0.3344372004702336
2021-12-13,133.8000030517578,139.39374382635043,-5.593740774592618
2021-12-14,135.60000610351562,132.62754132515053,2.9724647783650937
2021-12-15,146.5,135.77750819196135,10.722491808038654
2021-12-16,138.63999938964844,147.10940636636408,-8.469406976715646
2021-12-17,137.75,137.66575711816967,0.08424288183033468
2021-12-20,135.8000030517578,138.26466628922537,-2.464663237467562
2021-12-21,144.25,136.48367953718034,7.766320462819664
2021-12-22,143.8800048828125,143.23871267127706,0.6412922115354434
2021-12-23,146.13999938964844,143.4092951877609,2.7307042018875336
2021-12-27,154.36000061035156,147.34611080277736,7.013889807574202
2021-12-28,153.14999389648438,153.70542584683056,-0.5554319503461898
2021-12-29,148.25999450683594,152.00031259240066,-3.7403180855647236
2021-12-30,145.14999389648438,149.78709529510996,-4.637101398625589
2021-12-31,143.89999389648438,145.61441118258026,-1.7144172860958804
2022-01-03,150.24000549316406,142.38888037335502,7.851125119809041
2022-01-04,144.4199981689453,150.67376307843355,-6.25376490948824
2022-01-05,136.14999389648438,145.3414377960052,-9.191443899520834
2022-01-06,136.22999572753906,135.69952389898273,0.5304718285563297
2022-01-07,132.0,136.1219048242319,-4.121904824231905
2022-01-10,132.0,132.58936603253676,-0.5893660325367591
2022-01-11,137.30999755859375,131.96916318932458,5.340834369269174
2022-01-12,137.47000122070312,136.64727280417333,0.8227284165297988
2022-01-13,132.74000549316406,137.61152011467425,-4.871514621510187
2022-01-14,136.8800048828125,133.37784554380207,3.502159339010433
2022-01-18,131.92999267578125,136.51105050684097,-4.581057831059724
2022-01-19,128.27000427246094,131.45525964133708,-3.185255368876142
2022-01-20,121.88999938964844,129.28627790283437,-7.396278513185933
2022-01-21,118.80999755859376,122.05814849823679,-3.2481509396430255
2022-01-24,116.52999877929688,118.19403914418255,-1.664040364885679
2022-01-25,111.12999725341795,116.99346478114286,-5.863467527724907
2022-01-26,110.70999908447266,111.67620519153668,-0.9662061070640249
2022-01-27,102.5999984741211,110.24970847334517,-7.649709999224072
2022-01-28,105.23999786376952,102.60603457175488,2.6339632920146414
2022-01-31,114.25,106.06099246184893,8.189007538151074
2022-02-01,116.77999877929688,113.35222627632085,3.427772502976026
2022-02-02,122.76000213623048,116.00555221139629,6.754449924834191
2022-02-03,120.08000183105467,123.79468532786301,-3.714683496808334
2022-02-04,123.5999984741211,119.87677899831507,3.723219475806019
2022-02-07,123.66999816894533,122.8270746837541,0.8429234851912213
2022-02-08,128.22999572753906,124.14593638939333,4.084059338145735
2022-02-09,132.85000610351562,128.5338488989823,4.316157204533312
2022-02-10,125.7699966430664,131.84001768332993,-6.070021040263526
2022-02-11,113.18000030517578,126.03738959824994,-12.857389293074164
2022-02-14,114.2699966430664,114.66919637965412,-0.39919973658771823
2022-02-15,121.47000122070312,113.76840235179134,7.701598868911788
2022-02-16,117.69000244140624,120.155482830466,-2.4654803890597634
2022-02-17,112.37000274658205,118.67301374868678,-6.303011002104739
2022-02-18,113.83000183105467,113.32363508446463,0.5063667465900465
2022-02-22,115.6500015258789,112.57621731233667,3.0737842135422397
2022-02-23,109.76000213623048,115.42298531829842,-5.662983182067933
2022-02-24,116.61000061035156,111.11681703661873,5.493183573732836
2022-02-25,121.05999755859376,116.12979866436741,4.930198894226351
2022-02-28,123.33999633789062,119.59670824039259,3.743288097498038
2022-03-01,113.83000183105467,124.40255823475715,-10.572556403702478
2022-03-02,118.27999877929688,114.63219781574963,3.6478009635472404
2022-03-03,111.9800033569336,117.21124770073874,-5.231244343805145
2022-03-04,108.41000366210938,111.80951628593488,-3.399512623825501
2022-03-07,102.9499969482422,109.96199376024482,-7.0119968120026215
2022-03-08,105.52999877929688,102.4679595375203,3.0620392417765743
2022-03-09,111.0500030517578,104.63140641992572,6.418596631832074
2022-03-10,106.45999908447266,111.78351867892003,-5.323519594447376
2022-03-11,104.29000091552734,106.63638747413096,-2.346386558603612
2022-03-14,102.25,103.80852283030558,-1.5585228303055771
2022-03-15,109.33000183105467,102.56322551408344,6.766776316971232
2022-03-16,115.37000274658205,109.52170914577941,5.848293600802634
2022-03-17,111.69000244140624,114.40427222535706,-2.714269783950826
2022-03-18,113.45999908447266,111.86899389268552,1.5910051917871328
2022-03-21,115.91999816894533,114.41366064862751,1.506337520317814
2022-03-22,114.77999877929688,114.98921371524276,-0.20921493594588014
2022-03-23,113.91999816894533,114.36581916203356,-0.4458209930882333
2022-03-24,120.52999877929688,115.13654838052742,5.39345039876946
2022-03-25,119.66999816894533,120.03330437263584,-0.36330620369051303
2022-03-28,120.23999786376952,118.49366816042145,1.7463297033480671
2022-03-29,123.2300033569336,121.48094941645482,1.749053940478774
2022-03-30,119.22000122070312,123.43817273457535,-4.218171513872221
2022-03-31,109.33999633789062,117.8598669996089,-8.519870661718272
2022-04-01,108.19000244140624,110.4775673641765,-2.287564922770258
2022-04-04,110.52999877929688,109.33153571606142,1.198463063235451
2022-04-05,106.81999969482422,108.7545572350168,-1.9345575401925856
2022-04-06,103.66999816894533,106.83430169154097,-3.1643035225956453
2022-04-07,103.72000122070312,105.60753316581605,-1.8875319451129258
2022-04-08,101.0,102.66127736704976,-1.6612773670497631
2022-04-11,97.37000274658205,99.92421853809111,-2.5542157915090655
2022-04-12,95.0999984741211,99.28222489394349,-4.182226419822399
2022-04-13,97.73999786376952,95.15986528978998,2.58013257397954
2022-04-14,93.05999755859376,95.98031988707956,-2.9203223284857955
2022-04-18,93.88999938964844,94.08124363113099,-0.1912442414825506
2022-04-19,96.93000030517578,95.13337447721749,1.7966258279582945
2022-04-20,94.0199966430664,95.06899904243845,-1.0490023993720428
2022-04-21,89.8499984741211,93.9335839452677,-4.0835854711466055
2022-04-22,88.13999938964844,91.91089203213873,-3.7708926424902955
2022-04-25,90.69000244140624,87.1991132650408,3.4908891763654424
2022-04-26,85.16000366210938,89.39367611076163,-4.233672448652257
2022-04-27,84.91000366210938,86.84928632424385,-1.9392826621344739
2022-04-28,89.63999938964844,85.37422755328177,4.2657718363666675
2022-04-29,85.5199966430664,87.66651594742032,-2.146519304353916
2022-05-02,89.83999633789062,86.16606381198095,3.6739325259096773
2022-05-03,91.12999725341795,91.40126305049014,-0.27126579707218923
2022-05-04,99.41999816894533,89.26382953154571,10.156168637399617
2022-05-05,93.87000274658205,98.86113066822952,-4.991127921647475
2022-05-06,95.33999633789062,95.63202908032693,-0.29203274243630517
2022-05-09,86.36000061035156,95.02820884687759,-8.668208236526027
2022-05-10,88.7300033569336,85.0514811509945,3.678522205939089
2022-05-11,87.91999816894531,90.29829976777131,-2.378301598825999
2022-05-12,87.05999755859375,88.03713073002714,-0.977133171433394
2022-05-13,95.12000274658205,85.58930234113568,9.530700405446368
2022-05-16,94.23999786376952,95.78756681652857,-1.5475689527590504
2022-05-17,102.47000122070312,94.7556373999095,7.714363820793622
2022-05-18,96.27999877929688,101.36672941830172,-5.086730639004841
2022-05-19,96.66999816894533,96.18136905465127,0.4886291142940564
2022-05-20,93.5,98.10419298873069,-4.604192988730688
2022-05-23,95.06999969482422,92.74337329678026,2.326626398043956
2022-05-24,91.16000366210938,94.34972922649261,-3.189725564383238
2022-05-25,92.6500015258789,92.32903830857889,0.32096321730001875
2022-05-26,98.75,92.76956475915976,5.980435240840237
2022-05-27,102.26000213623048,97.34689059216566,4.913111544064819
2022-05-31,101.86000061035156,102.60034464054165,-0.7403440301900872
2022-06-01,101.22000122070312,102.76563773277175,-1.5456365120686257
2022-06-02,108.58999633789062,100.36920724458744,8.220789093303182
2022-06-03,106.3000030517578,108.13476180810959,-1.834758756351789
2022-06-06,105.6500015258789,107.01991413750818,-1.3699126116292746
2022-06-07,105.27999877929688,105.7667981155845,-0.48679933628763195
2022-06-08,101.9000015258789,104.58029053733505,-2.6802890114561393
2022-06-09,98.8000030517578,102.33767090786554,-3.5376678561077455
2022-06-10,94.81999969482422,99.44600845789341,-4.626008763069194
2022-06-13,86.98999786376953,94.27861681397134,-7.288618950201808
2022-06-14,86.98999786376953,87.14932344540033,-0.1593255816307959
2022-06-15,89.30000305175781,87.83964002898315,1.4603630227746578
2022-06-16,82.05000305175781,88.55751400564473,-6.507510953886921
2022-06-17,81.56999969482422,81.77444171906376,-0.2044420242395404
2022-06-21,83.79000091552734,82.86089570923727,0.9291052062900746
2022-06-22,83.75,83.2044793856536,0.5455206143464011
2022-06-23,82.43000030517578,82.78933149018064,-0.35933118500486216
2022-06-24,87.08000183105469,83.61813396345393,3.461867867600759
2022-06-27,86.16000366210938,87.18628145120684,-1.0262777890974633
2022-06-28,80.77999877929688,84.74240635743095,-3.9624075781340764
2022-06-29,77.98999786376953,81.76160107351537,-3.771603209745834
2022-06-30,76.47000122070312,79.06876571971048,-2.598764499007359
2022-07-01,73.66999816894531,75.06888220968109,-1.3988840407357799
2022-07-05,75.19999694824219,73.70326025712163,1.4967366911205602
2022-07-06,75.3499984741211,76.60809880567324,-1.2581003315521428
2022-07-07,79.30000305175781,74.33944224498428,4.960560806773529
2022-07-08,79.3499984741211,78.51664197698204,0.8333564971390501
2022-07-11,76.94999694824219,80.56231155113863,-3.612314602896447
2022-07-12,76.36000061035156,76.97286712219118,-0.6128665118396128
2022-07-13,77.5199966430664,75.36476037337094,2.1552362696954646
2022-07-14,78.5999984741211,78.13157612467346,0.4684223494476356
2022-07-15,81.11000061035156,79.05034816781996,2.0596524425316005
2022-07-18,81.43000030517578,80.13102550554531,1.2989747996304715
2022-07-19,85.87999725341797,81.47700159085275,4.402995662565218
2022-07-20,89.43000030517578,86.63551560696233,2.794484698213452
2022-07-21,91.08999633789062,88.56818958383563,2.5218067540549924
2022-07-22,88.0999984741211,90.68575624253859,-2.585757768417494
2022-07-25,87.54000091552734,89.13976132422488,-1.5997604086975343
2022-07-26,85.25,87.4448110772679,-2.1948110772679
2022-07-27,89.81999969482422,84.42810221010868,5.3918974847155425
2022-07-28,91.66999816894533,90.44419947395996,1.2257986949853716
2022-07-29,94.47000122070312,91.73770740740053,2.73229381330259
2022-08-01,96.77999877929688,93.6698379834408,3.110160795856075
2022-08-02,99.29000091552734,97.00542365607777,2.284577259449577
2022-08-03,98.08999633789062,99.70112347241091,-1.611127134520288
2022-08-04,103.91000366210938,97.50726260463605,6.402741057473321
2022-08-05,102.30999755859376,103.81756111316236,-1.5075635545685913
2022-08-08,100.06999969482422,102.62153924979893,-2.5515395549747097
2022-08-09,95.54000091552734,100.1062010882883,-4.566200172760958
2022-08-10,99.0500030517578,95.46612313178045,3.583879919977349
2022-08-11,98.12000274658205,99.23293879184921,-1.112936045267162
2022-08-12,100.83000183105467,97.89722092306752,2.9327809079871514
2022-08-15,101.01000213623048,100.78532556422158,0.224676572008903
2022-08-16,100.1999969482422,101.08777358323347,-0.887776634991269
2022-08-17,98.2699966430664,100.20251849840697,-1.9325218553405676
2022-08-18,100.44000244140624,98.28977639825963,2.1502260431466027
2022-08-19,95.9499969482422,100.48086754123887,-4.5308705929966635
2022-08-22,92.83999633789062,95.89405342504476,-3.054057087154135
2022-08-23,92.48999786376952,93.1695079129105,-0.6795100491409869
2022-08-24,92.7300033569336,92.51958602714205,0.2104173297915395
2022-08-25,97.18000030517578,92.41761528601127,4.762385019164512
2022-08-26,91.18000030517578,97.22534524834899,-6.045344943173205
2022-08-29,88.48999786376953,91.33934706772631,-2.849349203956777
2022-08-30,86.94000244140625,88.7547636068918,-1.8147611654855496
2022-08-31,84.87000274658203,86.81543359006824,-1.945430843486207
2022-09-01,82.33000183105469,84.84094763812287,-2.5109458070681825
2022-09-02,80.23999786376953,82.6453513420172,-2.4053534782476618
2022-09-06,78.72000122070312,80.26428717407454,-1.5442859533714142
2022-09-07,79.61000061035156,78.56676186517008,1.0432387451814833
2022-09-08,82.77999877929688,79.74828238529318,3.031716394003695
2022-09-09,85.44999694824219,82.70643196346197,2.743564984780221
2022-09-12,84.63999938964844,85.12090836122195,-0.48090897157351264
2022-09-13,77.02999877929688,84.78487664361027,-7.7548778643134
2022-09-14,77.44999694824219,77.48091686886325,-0.030919920621059305
2022-09-15,76.66000366210938,77.4519528012291,-0.7919491391197226
2022-09-16,76.51000213623047,76.23357264756959,0.2764294886608809
2022-09-19,76.7699966430664,76.82596423938547,-0.05596759631906423
2022-09-20,75.25,76.97071586918848,-1.7207158691884814
2022-09-21,74.4800033569336,74.85132440437347,-0.3713210474398778
2022-09-22,69.5,74.64975859705771,-5.149758597057712
2022-09-23,67.95999908447266,69.9325455283788,-1.9725464439061398
2022-09-26,66.30000305175781,67.84963876597008,-1.5496357142122719
2022-09-27,67.16999816894531,66.09458447872134,1.075413690223968
2022-09-28,68.36000061035156,67.47537508136259,0.8846255289889768
2022-09-29,64.13999938964844,68.2800129244537,-4.140013534805263
2022-09-30,63.36000061035156,63.942673696140936,-0.5826730857893736
2022-10-03,66.11000061035156,63.81834233863928,2.2916582717122793
2022-10-04,67.9000015258789,65.98085798000223,1.919143545876679
2022-10-05,67.94000244140625,67.35291952576391,0.5870829156423412
2022-10-06,67.8499984741211,68.30323699683481,-0.45323852271371834
2022-10-07,58.43999862670898,68.13142029867059,-9.691421671961614
2022-10-10,57.810001373291016,58.16221367201943,-0.35221229872841775
2022-10-11,57.630001068115234,58.272818910643814,-0.6428178425285793
2022-10-12,57.84999847412109,57.637445284341915,0.2125531897791717
2022-10-13,58.93999862670898,57.41797641246693,1.5220222142420496
2022-10-14,55.93999862670898,59.16617609188374,-3.2261774651747643
2022-10-17,57.959999084472656,56.21319348974727,1.7468055947253873
2022-10-18,57.91999816894531,57.696603891222104,0.22339427772320875
2022-10-19,57.22999954223633,57.717461609787364,-0.4874620675510357
2022-10-20,57.77000045776367,57.623173243323905,0.14682721443976732
2022-10-21,58.81999969482422,57.73667102871099,1.083328666113232
2022-10-24,58.70000076293945,58.41720691910078,0.28279384383867523
2022-10-25,61.470001220703125,58.92871556958711,2.541285651116013
2022-10-26,59.72999954223633,61.639642984009626,-1.909643441773298
2022-10-27,58.59999847412109,59.29527968586871,-0.6952812117476199
2022-10-28,62.0099983215332,58.842964613712105,3.1670337078210977
2022-10-31,60.060001373291016,62.24191897491662,-2.1819176016256066
2022-11-01,59.65999984741211,59.54152648385508,0.11847336355702964
2022-11-02,58.630001068115234,59.89148019809147,-1.2614791299762373
2022-11-03,60.11000061035156,59.01624105620477,1.0937595541467928
2022-11-04,62.18999862670898,59.67180823455172,2.5181903921572584
2022-11-07,63.08000183105469,61.970253256867736,1.109748574186952
2022-11-08,63.84999847412109,63.487532335457885,0.3624661386632013
2022-11-09,59.91999816894531,63.728203319089324,-3.808205150144012
2022-11-10,68.47000122070312,59.670345606584085,8.79965561411904
2022-11-11,72.37000274658203,68.75205896906311,3.617943777518917
2022-11-14,73.52999877929688,71.84241400235759,1.687584776939289
2022-11-15,76.37000274658203,73.3493424403719,3.0206603062101323
2022-11-16,72.69999694824219,76.84011682761448,-4.140119879372293
2022-11-17,73.9000015258789,72.50177644584595,1.398225080032958
2022-11-18,73.56999969482422,73.76488960747488,-0.19488991265066602
2022-11-21,72.45999908447266,73.78037935517582,-1.3203802707031684
2022-11-22,75.25,72.49966798948557,2.750332010514427
2022-11-23,76.4000015258789,75.0222675083854,1.377734017493509
2022-11-25,75.13999938964844,76.31965502946353,-1.1796556398150955
2022-11-28,73.19000244140625,75.36931360026495,-2.1793111588586953
2022-11-29,73.38999938964844,73.2402957779973,0.14970361165113388
2022-11-30,77.62999725341797,73.249967395905,4.380029857512966
2022-12-01,77.4800033569336,77.55470421271497,-0.07470085578137287
2022-12-02,74.9800033569336,77.42113602223958,-2.441132665305986
2022-12-05,73.62000274658203,75.15810728601949,-1.5381045394374553
2022-12-06,70.2699966430664,73.73834591107415,-3.468349268007742
2022-12-07,70.13999938964844,70.18952834062848,-0.04952895098004717
2022-12-08,70.47000122070312,70.2738412072614,0.19616001344172673
2022-12-09,68.58999633789062,70.45982114558244,-1.8698248076918134
2022-12-12,70.66999816894531,68.49944608449853,2.1705520844467827
2022-12-13,71.6500015258789,70.79176382690731,0.8582376989715925
2022-12-14,68.93000030517578,71.51516243650643,-2.585162131330648
2022-12-15,66.52999877929688,68.91336720193087,-2.3833684226339926
2022-12-16,65.41000366210938,66.88053950692208,-1.4705358448127015
2022-12-19,64.58999633789062,65.36842177731447,-0.7784254394238417
2022-12-20,65.05000305175781,64.37298569083116,0.677017360926655
2022-12-21,67.68000030517578,65.26095987759162,2.4190404275841644
2022-12-22,63.86000061035156,67.65793979698854,-3.797939186636981
2022-12-23,64.5199966430664,63.62251703502093,0.8974796080454794
2022-12-27,63.27000045776367,64.89109832731448,-1.621097869550809
2022-12-28,62.56999969482422,63.25102838961453,-0.6810286947903137
2022-12-29,64.81999969482422,62.32392352927786,2.4960761655463557
2022-12-30,64.7699966430664,64.97689327258742,-0.20689662952101173
2023-01-03,64.0199966430664,64.7741213083221,-0.7541246652556879
2023-01-04,64.66000366210938,63.89239884985614,0.7676048122532322
2023-01-05,62.33000183105469,64.7633974360883,-2.43339560503361
2023-01-06,63.959999084472656,62.40540830392548,1.5545907805471728
2023-01-09,67.23999786376953,63.90771969355216,3.3322781702173714
2023-01-10,68.05000305175781,67.02849195668453,1.0215110950732793
2023-01-11,69.05999755859375,68.02587035691631,1.0341272016774354
2023-01-12,70.80000305175781,69.2015768900765,1.5984261616813171
2023-01-13,71.0,70.6325446258708,0.36745537412919305
2023-01-17,71.58999633789062,70.86971880509465,0.7202775327959756
2023-01-18,70.52999877929688,71.80254947626365,-1.2725506969667748
2023-01-19,67.70999908447266,70.51028200884255,-2.8002829243698955
2023-01-20,70.06999969482422,67.65430585741235,2.4156938374118653
2023-01-23,76.52999877929688,70.22510359834489,6.304895180951988
2023-01-24,74.69999694824219,76.189476600467,-1.4894796522248157
2023-01-25,74.91000366210938,74.44866372544926,0.4613399366601101
2023-01-26,75.16000366210938,75.48529984222606,-0.3252961801166805
2023-01-27,75.4000015258789,75.01334739069276,0.38665413518614855
2023-01-30,72.44999694824219,74.93532311906182,-2.485326170819633
2023-01-31,75.1500015258789,72.93992240381426,2.2100791220646414
2023-02-01,84.63999938964844,75.37502979859836,9.264969591050075
2023-02-02,88.30999755859375,83.65133822734356,4.658659331250192
2023-02-03,86.08999633789062,88.09371193833381,-2.0037156004431864
2023-02-06,83.68000030517578,86.99622340572368,-3.3162231005479015
2023-02-07,85.91000366210938,83.49586957546377,2.4141340866456034
2023-02-08,84.69000244140625,85.26167458818054,-0.57167214677429
2023-02-09,83.20999908447266,85.17480468126644,-1.9648055967937808
2023-02-10,81.4800033569336,83.6153243742044,-2.1353210172708117
2023-02-13,83.12999725341797,80.89860408074017,2.231393172677798
2023-02-14,85.94999694824219,83.175865705372,2.774131242870183
2023-02-15,85.18000030517578,86.30001684090783,-1.1200165357320486
2023-02-16,80.08000183105469,84.7751728094145,-4.695170978359812
2023-02-17,78.5,80.17926178027987,-1.679261780279873
2023-02-21,76.7699966430664,79.14425938377615,-2.3742627407097388
2023-02-22,76.61000061035156,76.40338846263849,0.20661214771307357
2023-02-23,79.75,76.34219957101914,3.407800428980863
2023-02-24,78.08999633789062,80.19236208630059,-2.102365748409966
2023-02-27,78.7699966430664,77.92365671123841,0.8463399318279983
2023-02-28,78.58000183105469,78.5394127538209,0.040589077233789794
2023-03-01,78.29000091552734,78.8469441590923,-0.5569432435649588
2023-03-02,80.44000244140625,78.35476399261805,2.0852384487882034
2023-03-03,81.5199966430664,80.11294799511602,1.4070486479503899
2023-03-06,81.16000366210938,81.51701483993719,-0.35701117782781466
2023-03-07,82.11000061035156,81.41481665820734,0.6951839521442196
2023-03-08,85.37000274658203,81.94877393139836,3.4212288151836674
2023-03-09,84.02999877929688,85.09890288634126,-1.0689041070443892
2023-03-10,82.66999816894531,84.1997651906493,-1.5297670217039894
2023-03-13,82.01000213623047,82.92584762695918,-0.9158454907287137
2023-03-14,87.44999694824219,81.78366386084807,5.666333087394122
2023-03-15,89.68000030517578,87.25630980381803,2.423690501357754
2023-03-16,96.5999984741211,89.64912843799927,6.950870036121827
2023-03-17,97.83999633789062,96.5016551535196,1.338341184371032
2023-03-20,96.80999755859376,97.50698531102024,-0.6969877524264803
2023-03-21,95.93000030517578,97.0671814892528,-1.137181184077022
2023-03-22,97.58000183105467,96.1589277657829,1.4210740652717675
2023-03-23,100.27999877929688,97.20437040285158,3.0756283764452945
2023-03-24,97.9499969482422,100.14256132687049,-2.1925643786282905
2023-03-27,96.61000061035156,98.2919698449535,-1.6819692346019366
2023-03-28,94.55999755859376,96.68809971328477,-2.128102154691007
2023-03-29,96.08999633789062,94.31850283144819,1.7714935064424395
2023-03-30,97.87999725341795,96.24795494752671,1.6320423058912468
2023-03-31,98.01000213623048,97.8743441434939,0.13565799273658286
2023-04-03,96.55999755859376,97.76118947792203,-1.2011919193282665
2023-04-04,95.87000274658205,96.75098895868786,-0.8809862121058103
2023-04-05,92.55999755859376,96.08124434371454,-3.5212467851207805
2023-04-06,92.47000122070312,92.36980142860412,0.10019979209900498
2023-04-10,95.4800033569336,92.58311343484222,2.8968899220913755
2023-04-11,94.02999877929688,95.51647271869693,-1.4864739394000566
2023-04-12,92.33000183105467,93.76642838746191,-1.4364265564072412
2023-04-13,92.08999633789062,92.58695036815696,-0.49695403026633755
2023-04-14,91.75,92.27639787628449,-0.5263978762844914
2023-04-17,89.87000274658203,91.41453376549809,-1.5445310189160608
2023-04-18,89.77999877929688,89.97377942150402,-0.19378064220714464
2023-04-19,89.94000244140625,90.13670805782817,-0.19670561642192297
2023-04-20,90.11000061035156,89.61908180340026,0.4909188069512993
2023-04-21,88.43000030517578,89.96624826085225,-1.5362479556764725
2023-04-24,87.56999969482422,88.85244629237609,-1.2824465975518677
2023-04-25,83.80000305175781,87.55434298640346,-3.7543399346456425
2023-04-26,85.94000244140625,83.55804236310765,2.3819600782986043
2023-04-27,87.44000244140625,86.26832977468827,1.1716726667179813
2023-04-28,89.37000274658203,87.29979501506344,2.070207731518593
2023-05-01,89.69000244140625,89.01881287267386,0.6711895687323874
2023-05-02,89.91000366210938,89.92499887841207,-0.014995216302693848
2023-05-03,81.62000274658203,90.0658834283661,-8.445880681784075
2023-05-04,86.61000061035156,81.49574288388398,5.114257726467585
2023-05-05,89.83999633789062,86.88981771043309,2.9501786274575323
2023-05-08,95.04000091552734,89.41563654862894,5.624364366898405
2023-05-09,95.05999755859376,94.73392964120735,0.3260679173864105
2023-05-10,97.0199966430664,95.35349504199787,1.666501601068532
2023-05-11,97.0999984741211,97.07062436894944,0.029374105171655174
2023-05-12,95.26000213623048,96.68070709579675,-1.4207049595662653
2023-05-15,97.4000015258789,95.51859764401735,1.8814038818615586
2023-05-16,101.4800033569336,97.67954655617764,3.8004568007559527
2023-05-17,103.75,100.83915778049465,2.910842219505355
2023-05-18,107.93000030517578,103.60537159583637,4.324628709339407
2023-05-19,105.81999969482422,108.38675056678923,-2.566750871965013
2023-05-22,108.0,105.48169073982281,2.5183092601771904
2023-05-23,108.12000274658205,107.85282277613452,0.26717997044752906
2023-05-24,108.2699966430664,108.40193044453461,-0.13193380146820743
2023-05-25,120.3499984741211,108.21888832214039,12.131110151980707
2023-05-26,127.02999877929688,119.81031952832083,7.219679250976043
2023-05-30,125.2699966430664,126.56615875797353,-1.2961621149071192
2023-05-31,118.20999908447266,125.73091101771927,-7.520911933246609
2023-06-01,119.47000122070312,118.62751803239493,0.8424831883081936
2023-06-02,117.86000061035156,119.1458727196322,-1.285872109280632
2023-06-05,117.93000030517578,117.6432531473614,0.286747157814375
2023-06-06,124.2300033569336,118.45914153234429,5.7708618245893035
2023-06-07,117.83000183105467,123.93778991179329,-6.107788080738615
2023-06-08,121.0500030517578,117.32164126580541,3.728361785952387
2023-06-09,124.91999816894533,121.92724331396548,2.99275485497985
2023-06-12,129.19000244140625,124.56174741820169,4.628255023204559
2023-06-13,124.52999877929688,128.27121047408974,-3.7412116947928666
2023-06-14,127.33000183105467,125.31769524213892,2.0123065889157488
2023-06-15,124.23999786376952,127.88566942829556,-3.6456715645260402
2023-06-16,120.08000183105467,123.0715879751211,-2.9915861440664315
2023-06-20,118.93000030517578,120.57771047971195,-1.6477101745361722
2023-06-21,112.11000061035156,119.97152611717894,-7.861525506827377
2023-06-22,110.6999969482422,111.22270380964754,-0.5227068614053394
2023-06-23,110.01000213623048,110.71020328411396,-0.700201147883476
2023-06-26,107.51000213623048,110.92917239160595,-3.4191702553754624
2023-06-27,110.38999938964844,107.02157489628891,3.3684244933595267
2023-06-28,110.16999816894533,109.91063241277335,0.25936575617197377
2023-06-29,111.23999786376952,110.77045490678738,0.46954295698213855
2023-06-30,113.91000366210938,111.29439634173401,2.6156073203753607
2023-07-03,115.81999969482422,113.18794808416887,2.6320516106553526
2023-07-05,113.9499969482422,116.02587150703141,-2.0758745587892093
2023-07-06,113.4800033569336,114.43211781235087,-0.9521144554172736
2023-07-07,113.16999816894533,113.10137295529573,0.06862521364959662
2023-07-10,113.58000183105467,112.99330900727753,0.5866928237771418
2023-07-11,111.31999969482422,114.0524416149038,-2.73244192007958
2023-07-12,114.58000183105467,111.21960317993245,3.3603986511222246
2023-07-13,115.91999816894533,114.24967545292972,1.6703227160156047
2023-07-14,115.94000244140624,116.00375668684282,-0.06375424543658426
2023-07-17,118.31999969482422,116.11890192884624,2.201097765977977
2023-07-18,117.93000030517578,118.06858883481992,-0.1385885296441387
2023-07-19,116.43000030517578,117.79618003646858,-1.366179731292803
2023-07-20,110.25,116.80862082778087,-6.558620827780871
2023-07-21,110.9499969482422,110.37472507813604,0.5752718701061639
2023-07-24,110.61000061035156,110.85145138032449,-0.24145076997292847
2023-07-25,113.0,110.52445160715966,2.475548392840338
2023-07-26,110.08999633789062,113.10592018573502,-3.015923847844391
2023-07-27,111.0999984741211,110.0395567989182,1.0604416752028953
2023-07-28,112.95999908447266,111.1731563192887,1.7868427651839625
2023-07-31,114.4000015258789,112.85730878230382,1.5426927435750883
2023-08-01,117.5999984741211,114.25507949124525,3.344918982875839
2023-08-02,109.3499984741211,117.626022994958,-8.276024520836913
2023-08-03,113.1500015258789,109.4921219279312,3.657879597947712
2023-08-04,115.81999969482422,113.41019752798043,2.4098021668437895
2023-08-07,116.80999755859376,115.24084933278164,1.5691482258121283
2023-08-08,113.2300033569336,116.75639524771758,-3.5263918907839837
2023-08-09,110.47000122070312,113.83726089103654,-3.367259670333411
2023-08-10,110.2300033569336,110.40866937008983,-0.17866601315623143
2023-08-11,107.56999969482422,109.86453938522816,-2.294539690403937
2023-08-14,111.9800033569336,107.937697623652,4.042305733281594
2023-08-15,111.3499984741211,112.1305911196065,-0.7805926454854131
2023-08-16,107.19000244140624,110.67680613799496,-3.486803696588723
2023-08-17,104.44000244140624,107.61354107286643,-3.1735386314601897
2023-08-18,105.4499969482422,105.10578299690276,0.3442139513394409
2023-08-21,108.22000122070312,104.76542824683676,3.4545729738663624
2023-08-22,105.66000366210938,107.90435581740884,-2.2443521552994667
2023-08-23,109.43000030517578,106.40462911039116,3.0253711947846256
2023-08-24,101.8000030517578,109.30636778541479,-7.506364733656994
2023-08-25,102.25,101.1583395668826,1.0916604331173971
2023-08-28,102.61000061035156,103.19271440634783,-0.5827137959962698
2023-08-29,105.91999816894533,102.57945272086599,3.3405454480793395
2023-08-30,106.58999633789062,104.95646418917087,1.6335321487197518
2023-08-31,105.72000122070312,107.02206768546957,-1.3020664647664404
2023-09-01,109.4499969482422,106.33036131948334,3.119635628758857
2023-09-05,110.77999877929688,108.61805302672462,2.161945752572251
2023-09-06,109.27999877929688,110.49039970958758,-1.210400930290703
2023-09-07,106.58999633789062,110.20122692704504,-3.6112305891544167
2023-09-08,106.08999633789062,106.4308993794138,-0.34090304152317685
2023-09-11,105.31999969482422,105.49561285289785,-0.17561315807363087
2023-09-12,105.30999755859376,105.89127352290947,-0.5812759643157079
2023-09-13,107.70999908447266,105.54827906687225,2.161720017600402
2023-09-14,106.62999725341795,106.96717276084728,-0.3371755074293219
2023-09-15,101.48999786376952,106.76695599078437,-5.276958127014851
2023-09-18,102.37000274658205,102.28612714858471,0.08387559799733424
2023-09-19,101.61000061035156,102.00969481672695,-0.39969420637538633
2023-09-20,100.33999633789062,101.06308716444731,-0.7230908265566853
2023-09-21,96.11000061035156,101.09634867577186,-4.986348065420302
2023-09-22,96.1999969482422,96.32041411124763,-0.1204171630054276
2023-09-25,97.37999725341795,95.59910381730981,1.780893436108144
2023-09-26,95.95999908447266,97.52843296363575,-1.568433879163095
2023-09-27,98.06999969482422,96.3955449207395,1.6744547740847224
2023-09-28,102.76000213623048,97.68470961542093,5.075292520809555
2023-09-29,102.81999969482422,102.36017859074448,0.45982110407973664
2023-10-02,103.2699966430664,103.16418009376682,0.10581654929958972
2023-10-03,100.08000183105467,103.41141157341943,-3.3314097423647553
2023-10-04,104.06999969482422,99.72312794291835,4.346871751905866
2023-10-05,102.91000366210938,104.24530161896111,-1.3352979568517327
2023-10-06,107.23999786376952,102.93469166628338,4.305306197486132
2023-10-09,106.97000122070312,107.0190377380941,-0.0490365173909737
2023-10-10,109.01000213623048,106.84717565741208,2.1628264788184026
2023-10-11,108.30999755859376,109.25845967062952,-0.9484621120357559
2023-10-12,108.79000091552734,108.16934060114117,0.6206603143861713
2023-10-13,105.08999633789062,108.67466870166184,-3.584672363771219
2023-10-16,106.45999908447266,105.35880211463409,1.1011969698385684
2023-10-17,105.13999938964844,106.5741217031971,-1.4341223135486558
2023-10-18,102.16999816894533,104.77198723342457,-2.601989064479241
2023-10-19,102.4000015258789,102.44455695824838,-0.0445554323694779
2023-10-20,101.80999755859376,102.73325466390757,-0.9232571053138088
2023-10-23,100.01000213623048,101.34490483895227,-1.3349027027217915
2023-10-24,101.66999816894533,100.07072023327935,1.599277935665981
2023-10-25,96.05999755859376,102.12686957244073,-6.066872013846961
2023-10-26,93.66999816894533,95.760036947348,-2.090038778402672
2023-10-27,96.43000030517578,93.81089544283597,2.6191048623398103
2023-10-30,96.18000030517578,96.68827129283893,-0.5082709876631526
2023-10-31,98.5,95.73485658063275,2.7651434193672486
2023-11-01,108.04000091552734,98.49642197750369,9.543578938023657
2023-11-02,107.83000183105467,108.08895947855108,-0.25895764749640193
2023-11-03,112.25,107.26573040032076,4.984269599679237
2023-11-06,111.75,112.46257041324438,-0.7125704132443786
2023-11-07,113.4499969482422,111.90395709201938,1.5460398562228193
2023-11-08,113.58999633789062,113.14051259978993,0.449483738100696
2023-11-09,113.48999786376952,113.54157692263662,-0.05157905886710523
2023-11-10,118.58999633789062,113.80402560758448,4.785970730306147
2023-11-13,116.79000091552734,118.31590393449272,-1.52590301896538
2023-11-14,119.87999725341795,116.42487468331893,3.4551225700990216
2023-11-15,118.0,120.39182811458893,-2.3918281145889324
2023-11-16,119.83000183105467,117.88897764445761,1.9410241865970619
2023-11-17,120.62000274658205,119.4835604550959,1.1364422914861478
2023-11-20,121.52999877929688,120.81875473429363,0.7112440450032409
2023-11-21,119.16000366210938,121.66047796849006,-2.5004743063806814
2023-11-22,122.51000213623048,118.89929357980819,3.6107085564222956
2023-11-24,122.30999755859376,122.60413512240572,-0.2941375638119581
2023-11-27,122.6500015258789,122.30864359854091,0.3413579273379952
2023-11-28,122.01000213623048,122.5658863571134,-0.5558842208829162
2023-11-29,123.8499984741211,122.06095513350758,1.7890433406135173
2023-11-30,121.16000366210938,123.88699062022387,-2.7269869581144945
2023-12-01,121.38999938964844,121.05141389629777,0.33858549335066357
2023-12-04,118.56999969482422,121.57110208265767,-3.0011023878334555
2023-12-05,118.37999725341795,118.61407539816499,-0.2340781447470306
2023-12-06,116.81999969482422,118.3480132409009,-1.5280135460766786
2023-12-07,128.3699951171875,116.84860387529334,11.521391241894165
2023-12-08,128.9199981689453,128.18337071608374,0.736627452861569
2023-12-11,134.41000366210938,128.34132648958234,6.068677172527032
2023-12-12,137.61000061035156,134.7818368361865,2.8281637741650627
2023-12-13,138.19000244140625,137.5241310819974,0.6658713594088397
2023-12-14,138.0,137.70087657742417,0.2991234225758319
2023-12-15,139.14999389648438,138.36070148275618,0.7892924137281909
2023-12-18,138.89999389648438,139.3611562412458,-0.46116234476141926
2023-12-19,140.14999389648438,138.37083860674073,1.7791552897436418
2023-12-20,135.47000122070312,140.27002011195069,-4.800018891247561
2023-12-21,139.91000366210938,135.93354914889574,3.976454513213639
2023-12-22,139.60000610351562,139.6608400467171,-0.06083394320148727
2023-12-26,143.41000366210938,139.08001502415203,4.329988637957342
2023-12-27,146.07000732421875,143.8937856009675,2.1762217232512455
2023-12-28,148.75999450683594,145.96754082210117,2.7924536847347667
2023-12-29,147.41000366210938,148.15506810105697,-0.745064438947594
2024-01-02,138.5800018310547,147.7682682227402,-9.188266391685517
2024-01-03,135.32000732421875,139.21473260922852,-3.8947252850097698
2024-01-04,136.00999450683594,135.16747539265256,0.842519114183375
2024-01-05,138.5800018310547,135.6817418846512,2.898259946403499
2024-01-08,146.17999267578125,138.8265468976135,7.353445778167753
2024-01-09,149.25999450683594,145.99594526163224,3.2640492452036938
2024-01-10,148.5399932861328,148.63773538329204,-0.09774209715922666
2024-01-11,148.02000427246094,148.94755024194774,-0.9275459694868005
2024-01-12,146.55999755859375,148.39749056361217,-1.8374930050184162
2024-01-16,158.74000549316406,146.00704273956111,12.732962753602948
2024-01-17,160.1699981689453,158.5168760342784,1.6531221346669156
2024-01-18,162.6699981689453,160.09964818212376,2.5703499868215545
2024-01-19,174.22999572753906,162.7793547926303,11.450640934908762
2024-01-22,168.17999267578125,173.79733512080273,-5.617342445021478
2024-01-23,168.4199981689453,167.84469913449396,0.5752990344513478
2024-01-24,178.2899932861328,169.37328774178016,8.916705544352652
2024-01-25,180.3300018310547,177.74232977296532,2.5876720580893675
2024-01-26,177.25,179.17436466461845,-1.9243646646184516
2024-01-29,177.8300018310547,178.45144759560293,-0.6214457645482412
2024-01-30,172.05999755859375,178.3110243609193,-6.251026802325555
2024-01-31,167.69000244140625,170.7451474401286,-3.0551449987223407
2024-02-01,170.47999572753906,168.50729707139945,1.9726986561396131
2024-02-02,177.66000366210938,171.3705089466401,6.289494715469289
2024-02-05,174.22999572753906,175.99792504088055,-1.767929313341483
2024-02-06,167.8800048828125,174.1251882475259,-6.245183364713398
2024-02-07,170.94000244140625,169.8505156281071,1.0894868132991462
2024-02-08,169.35000610351562,170.07863372080044,-0.7286276172848147
2024-02-09,172.47999572753906,167.919790786836,4.560204940703073
2024-02-12,171.91000366210938,174.199513434522,-2.2895097724126288
2024-02-13,171.5399932861328,171.99615520733536,-0.4561619212025505
2024-02-14,178.6999969482422,169.9218650418837,8.778131906358482
2024-02-15,176.75999450683594,179.48408438075728,-2.7240898739213435
2024-02-16,173.8699951171875,177.4171889580748,-3.547193840887303
2024-02-20,165.69000244140625,172.90515427105626,-7.2151518296500115
2024-02-21,164.2899932861328,166.05296918020008,-1.7629758940672673
2024-02-22,181.8600006103516,165.461097063875,16.39890354647659
2024-02-23,176.52000427246094,180.424753978944,-3.9047497064830736
2024-02-26,176.00999450683594,175.46731086831088,0.5426836385250624
2024-02-27,178.0,178.33045060017605,-0.3304506001760501
2024-02-28,176.5399932861328,177.497510761431,-0.9575174752981752
2024-02-29,192.52999877929688,174.6140822537003,17.91591652559657
2024-03-01,202.63999938964844,193.90039281947463,8.739606570173805
2024-03-04,205.3600006103516,202.41336575884804,2.9466348515035463
2024-03-05,205.1300048828125,203.58177725260703,1.5482276302054743
2024-03-06,210.6300048828125,206.31529319628612,4.31471168652638
2024-03-07,211.3800048828125,211.4182964669363,-0.03829158412381162
2024-03-08,207.38999938964844,209.44475657810597,-2.054757188457529
2024-03-11,198.38999938964844,207.93224067597626,-9.542241286327823
2024-03-12,202.75999450683597,200.30475898632136,2.4552355205146057
2024-03-13,194.7899932861328,201.44772116913333,-6.657727883000518
2024-03-14,187.05999755859372,193.78060245261042,-6.720604894016702
2024-03-15,191.05999755859372,189.56714538482422,1.4928521737695064
2024-03-18,190.6499938964844,190.75941540684184,-0.10942151035743564
2024-03-19,181.4199981689453,188.28206219543446,-6.862064026489151
2024-03-20,179.72999572753906,183.44804967080506,-3.718053943266
2024-03-21,178.67999267578125,181.22677722596555,-2.5467845501842987
2024-03-22,179.64999389648438,175.96388497471642,3.6861089217679535
2024-03-25,178.6300048828125,180.0026972368536,-1.3726923540411065
2024-03-26,177.8699951171875,180.91333201879814,-3.043336901610644
2024-03-27,179.58999633789062,176.1761972486067,3.4137990892839127
2024-03-28,180.4900054931641,178.5279463469345,1.962059146229592
2024-04-01,183.33999633789065,182.621658130449,0.7183382074416613
2024-04-02,178.6999969482422,182.86395458954053,-4.163957641298339
2024-04-03,180.7700042724609,176.96383372661518,3.806170545845731
2024-04-04,165.8300018310547,182.5225153587047,-16.69251352765002
2024-04-05,170.4199981689453,166.59829687665638,3.8217012922889353
2024-04-08,169.89999389648438,169.03349505800514,0.8664988384792309
2024-04-09,170.77999877929688,169.81013779686666,0.9698609824302196
2024-04-10,167.13999938964844,172.138810751216,-4.998811361567562
2024-04-11,170.5,166.4066126475255,4.093387352474508
2024-04-12,163.27999877929688,169.81764876974626,-6.537649990449381
2024-04-15,160.32000732421875,164.38397970488123,-4.063972380662477
2024-04-16,163.4600067138672,160.74385436370477,2.7161523501624174
2024-04-17,154.02000427246094,162.25189918923107,-8.23189491677013
2024-04-18,155.0800018310547,154.44315929634593,0.6368425347087623
2024-04-19,146.63999938964844,156.45066115121477,-9.810661761566337
2024-04-22,148.63999938964844,145.5292602180475,3.110739171600926
2024-04-23,152.27000427246094,148.4912573401678,3.7787469322931315
2024-04-24,151.74000549316406,153.19704387964663,-1.4570383864825658
2024-04-25,153.75999450683594,151.10064343091898,2.659351075916959
2024-04-26,157.39999389648438,153.27802431149976,4.121969584984612
2024-04-29,160.1999969482422,158.0959279338849,2.104069014357293
2024-04-30,158.3800048828125,159.9342914007135,-1.554286517901005
2024-05-01,144.27000427246094,157.78419131679345,-13.514187044332516
2024-05-02,146.16000366210938,145.3482226935472,0.8117809685621751
2024-05-03,150.60000610351562,146.79017988140035,3.8098262221152766
2024-05-06,155.77999877929688,148.97789013788017,6.802108641416709
2024-05-07,154.42999267578125,155.83468115729684,-1.404688481515592
2024-05-08,153.6199951171875,155.64915911924308,-2.0291640020555803
2024-05-09,152.38999938964844,152.89616517811052,-0.5061657884620843
2024-05-10,151.9199981689453,151.78529887078707,0.1346992981582389
2024-05-13,150.55999755859375,153.05902431847215,-2.4990267598784044
2024-05-14,153.16000366210938,150.46602710078892,2.6939765613204543
2024-05-15,159.6699981689453,152.1685817055147,7.5014164634306155
2024-05-16,162.6199951171875,160.07407813145616,2.5459169857313384
2024-05-17,164.47000122070312,162.84738014672428,1.6226210739788485
2024-05-20,166.3300018310547,163.73566739258132,2.5943344384733678
2024-05-21,164.66000366210938,166.42994936350888,-1.7699457013995072
2024-05-22,165.52000427246094,165.21832136388235,0.3016829085785844
2024-05-23,160.42999267578125,165.14774937372027,-4.7177566979390235
2024-05-24,166.36000061035156,160.22138584234705,6.1386147680045156
2024-05-28,171.61000061035156,166.98098248765433,4.629018122697232
2024-05-29,165.13999938964844,170.94542645714378,-5.805427067495344
2024-05-30,166.75,164.84233560348332,1.9076643965166795
2024-05-31,166.89999389648438,167.88585798857997,-0.9858640920955963
2024-06-03,163.5500030517578,166.36569507315122,-2.815692021393403
2024-06-04,159.99000549316406,162.9015908708217,-2.9115853776576444
2024-06-05,166.1699981689453,161.1769021082012,4.993096060744108
2024-06-06,166.77999877929688,166.07476079908452,0.7052379802123596
2024-06-07,167.8699951171875,165.36582756046593,2.504167556721569
2024-06-10,160.33999633789062,168.7898610720908,-8.449864734200162
2024-06-11,158.9600067138672,161.20480424119307,-2.244797527325886
2024-06-12,160.24000549316406,158.01736499590663,2.22264049725743
2024-06-13,159.89999389648438,160.07425372373658,-0.17425982725220024
2024-06-14,159.6300048828125,160.82040162373423,-1.1903967409217273
2024-06-17,158.39999389648438,159.22976667435316,-0.8297727778687829
2024-06-18,154.6300048828125,157.83926859573657,-3.20926371292407
2024-06-20,161.77999877929688,155.52118398095945,6.258814798337426
2024-06-21,161.22999572753906,161.77739130880408,-0.5473955812650217
2024-06-24,160.25,160.00715733763553,0.24284266236446683
2024-06-25,160.25,161.07994814812497,-0.82994814812497
2024-06-26,157.5399932861328,160.9233915809879,-3.383398294855084
2024-06-27,159.47000122070312,156.4074367454419,3.062564475261212
2024-06-28,162.2100067138672,159.66223498554763,2.5477717283195602
2024-07-01,157.69000244140625,162.9682686517268,-5.278266210320538
2024-07-02,164.30999755859375,156.98856846742015,7.321429091173599
2024-07-03,163.89999389648438,164.1371126494718,-0.23711875298741347
2024-07-05,171.89999389648438,164.2981135833167,7.601880313167669
2024-07-08,178.69000244140625,171.6345561094969,7.055446331909337
2024-07-09,177.10000610351562,177.86268762534385,-0.7626815218282275
2024-07-10,183.9600067138672,177.52386139818495,6.436145315682239
2024-07-11,181.94000244140625,184.38465256982474,-2.4446501284184876
2024-07-12,181.6100006103516,180.93675457922248,0.6732460311291106
2024-07-15,179.8300018310547,181.96980475170102,-2.139802920646332
2024-07-16,177.5500030517578,180.60247825310637,-3.0524752013485568
2024-07-17,159.42999267578125,176.8842469414362,-17.454254265654953
2024-07-18,155.77000427246094,159.70891809240447,-3.9389138199435365
2024-07-19,151.5800018310547,157.33575215166246,-5.755750320607774
2024-07-22,155.8699951171875,150.64326340404526,5.226731713142243
2024-07-23,154.0,155.13094748211552,-1.1309474821155163
2024-07-24,144.6300048828125,155.14382792651986,-10.513823043707362
2024-07-25,138.32000732421875,144.93702278022167,-6.6170154560029175
2024-07-26,139.99000549316406,137.74742636219995,2.242579130964117
2024-07-29,139.75,140.3817586427282,-0.6317586427281867
2024-07-30,138.44000244140625,139.94835986607075,-1.5083574246644957
2024-07-31,144.47999572753906,137.99524248908642,6.48475323845264
2024-08-01,132.5399932861328,144.49987093941584,-11.95987765328303
2024-08-02,132.5,132.89630075734024,-0.39630075734024217
2024-08-05,134.82000732421875,132.9357793458126,1.8842279784061589
2024-08-06,130.17999267578125,134.1568922390158,-3.9768995632345536
2024-08-07,128.6699981689453,130.17527115907785,-1.5052729901325392
2024-08-08,136.32000732421875,129.5931601840323,6.726847140186436
2024-08-09,134.27000427246094,135.63732574207498,-1.3673214696140406
2024-08-12,136.77000427246094,133.45547791932864,3.314526353132294
2024-08-13,141.1300048828125,137.9758366891771,3.1541681936353996
2024-08-14,140.75,140.87888546475634,-0.1288854647563369
2024-08-15,147.36000061035156,139.54454069109687,7.8154599192546925
2024-08-16,148.55999755859375,148.21269967128978,0.3472978873039665
2024-08-19,155.27999877929688,148.7418254978205,6.538173281476361
2024-08-20,156.39999389648438,154.13397682745892,2.2660170690254517
2024-08-21,157.80999755859375,156.54409835099875,1.2658992075949982
2024-08-22,151.6999969482422,158.6902791660088,-6.990282217766605
2024-08-23,154.97999572753906,151.08153783639392,3.898457891145142
2024-08-26,149.99000549316406,154.81414454521578,-4.82413905205172
2024-08-27,150.5,150.60977491857025,-0.10977491857025257
2024-08-28,146.36000061035156,150.53439273669431,-4.174392126342752
2024-08-29,145.49000549316406,145.83359965009558,-0.3435941569315162
2024-08-30,148.55999755859375,146.04698359740485,2.5130139611889035
2024-09-03,136.94000244140625,148.67297099499814,-11.732968553591888
2024-09-04,140.8699951171875,136.46309188127174,4.406903235915763
2024-09-05,139.44000244140625,141.6279854149444,-2.1879829735381406
2024-09-06,134.35000610351562,139.21905242866669,-4.869046325151061
2024-09-09,138.14999389648438,133.98956059828723,4.160433298197148
2024-09-10,142.83999633789062,138.77850261928967,4.061493718600957
2024-09-11,149.86000061035156,142.44733988987954,7.412660720472019
2024-09-12,150.77000427246094,149.08021476008858,1.6897895123723572
2024-09-13,152.30999755859375,151.207430730383,1.1025668282107404
2024-09-16,152.0800018310547,152.67190482238064,-0.5919029913259521
2024-09-17,150.82000732421875,151.36140821638642,-0.5414008921676725
2024-09-18,148.2899932861328,150.98012567060638,-2.6901323844735714
2024-09-19,156.74000549316406,148.99424007194574,7.745765421218323
2024-09-20,155.9499969482422,156.07968243043027,-0.12968548218807996
2024-09-23,156.75,155.2489747364729,1.5010252635271115
2024-09-24,158.32000732421875,157.8339835685906,0.48602375562813904
2024-09-25,162.02000427246094,158.20574614513188,3.8142581273290546
2024-09-26,167.49000549316406,160.89899955012984,6.591005943034219
2024-09-27,164.35000610351562,167.95818819524655,-3.6081820917309244
2024-09-30,164.0800018310547,164.86833135391038,-0.7883295228556904
2024-10-01,159.75,163.50080013970114,-3.7508001397011412
2024-10-02,159.77999877929688,159.75466714601245,0.02533163328442356
2024-10-03,162.85000610351562,160.56301082061063,2.2869952829049964
2024-10-04,170.89999389648438,162.27337243093788,8.626621465546492
2024-10-07,170.97000122070312,170.1585284890462,0.8114727316569201
2024-10-08,172.8000030517578,171.5173637285976,1.2826393231602253
2024-10-09,171.02000427246094,173.09724696089052,-2.0772426884295783
2024-10-10,164.17999267578125,170.26164155293702,-6.0816488771557715
2024-10-11,167.88999938964844,164.65230954672137,3.237689842927068
2024-10-14,165.27000427246094,168.5961963197053,-3.3261920472443762
2024-10-15,156.63999938964844,164.23763307400705,-7.5976336843586125
2024-10-16,156.1300048828125,156.99569260502975,-0.8656877222172454
2024-10-17,156.25,157.37218980011497,-1.1221898001149668
2024-10-18,155.97000122070312,155.15978994492528,0.8102112757778457
2024-10-21,157.89999389648438,155.49864951594728,2.401344380537097
2024-10-22,154.08999633789062,159.18328084031603,-5.093284502425405
2024-10-23,152.91000366210938,153.70502370133656,-0.7950200392271825
2024-10-24,153.44000244140625,152.200711969406,1.239290472000249
2024-10-25,156.22999572753906,154.30100603792013,1.9289896896189305
2024-10-28,159.9199981689453,156.24922893204135,3.670769236903965
2024-10-29,166.25,158.8538428083568,7.396157191643198
2024-10-30,148.60000610351562,166.5381251743145,-17.938119070798876
2024-10-31,144.07000732421875,149.49254042335855,-5.422533099139798
2024-11-01,141.86000061035156,144.35280621505993,-2.4928056047083658
2024-11-04,140.7100067138672,141.16047888668385,-0.4504721728166601
2024-11-05,141.66000366210938,141.0416825042168,0.6183211578925807
2024-11-06,145.10000610351562,142.1454146187698,2.9545914847458334
2024-11-07,149.82000732421875,144.34448540739405,5.475521916824704
2024-11-08,147.9499969482422,149.5310408802341,-1.5810439319918999
2024-11-11,147.35000610351562,148.61610259191943,-1.2660964884038037
2024-11-12,143.6300048828125,147.32044130089025,-3.690436418077752
2024-11-13,139.3000030517578,143.15333362695964,-3.8533305752018236
2024-11-14,138.83999633789062,139.9474303128797,-1.1074339749890783
2024-11-15,134.89999389648438,139.1337234646759,-4.233729568191535
2024-11-18,138.92999267578125,134.23419852648755,4.695794149293704
2024-11-19,139.38999938964844,139.19971477899415,0.19028461065428814
2024-11-20,137.60000610351562,139.60095671785334,-2.000950614337711
2024-11-21,137.49000549316406,137.23338501729532,0.25662047586874337
2024-11-22,138.35000610351562,137.62890307535994,0.7211030281556816
2024-11-25,141.1300048828125,138.5894754944145,2.5405293883979994
2024-11-26,137.72000122070312,140.73122471927073,-3.0112234985676025
2024-11-27,136.24000549316406,137.67499225060612,-1.4349867574420614
2024-11-29,137.17999267578125,136.8712021547946,0.30879052098666193
2024-12-02,142.05999755859375,136.88428147359,5.1757160850037565
2024-12-03,141.97999572753906,141.48271169984494,0.4972840276941213
2024-12-04,143.99000549316406,142.34525543601134,1.64475005715272
2024-12-05,141.36000061035156,144.25297342669307,-2.892972816341512
2024-12-06,138.58999633789062,140.8041825749286,-2.2141862370379783
2024-12-09,130.8699951171875,138.91359258847368,-8.043597471286176
2024-12-10,127.73999786376952,131.53384191746284,-3.79384405369332
2024-12-11,130.14999389648438,127.53516734176348,2.614826554720892
2024-12-12,130.60000610351562,129.77744151789446,0.8225645856211656
2024-12-13,126.91000366210938,130.87832131069933,-3.9683176485899594
2024-12-16,126.69000244140624,127.14826960545224,-0.4582671640460063
2024-12-17,125.0199966430664,126.49484629907154,-1.4748496560051336
2024-12-18,121.41000366210938,124.97474760821807,-3.564743946108692
2024-12-19,118.87999725341795,121.80534487007478,-2.925347616656822
2024-12-20,119.20999908447266,118.94062700294873,0.269372081523926
2024-12-23,124.5999984741211,118.93815845275493,5.66184002136616
2024-12-24,126.29000091552734,124.56229429658876,1.7277066189385835
2024-12-26,125.05999755859376,126.21940570069164,-1.159408142097874
2024-12-27,125.19000244140624,125.07432766712924,0.11567477427699657
2024-12-30,122.44000244140624,125.31350354679347,-2.873501105387234
2024-12-31,120.79000091552734,122.4096230589932,-1.619622143465861
2025-01-02,120.62999725341795,120.891100727104,-0.2611034736860489
2025-01-03,125.37000274658205,120.69224575200803,4.677756994574011
2025-01-06,129.5500030517578,125.12761179497224,4.422391256785573
2025-01-07,127.33000183105467,129.27175584113849,-1.9417540100838124
2025-01-08,121.83999633789062,127.5496628440225,-5.709666506131882
2025-01-10,116.04000091552734,122.22365169030012,-6.183650774772772
2025-01-13,117.31999969482422,116.04875295480696,1.2712467400172613
2025-01-14,116.08999633789062,117.25396070085408,-1.1639643629634548
2025-01-15,119.95999908447266,116.08136992814097,3.8786291563316837
2025-01-16,118.44000244140624,120.00079009500877,-1.5607876536025316
2025-01-17,121.45999908447266,118.24024421462228,3.2197548698503766
2025-01-21,122.27999877929688,121.55930462975785,0.7206941495390282
2025-01-22,123.75,122.21187223733766,1.5381277626623415
2025-01-23,123.04000091552734,123.61718084091657,-0.5771799253892311
2025-01-24,122.83999633789062,123.12158572592634,-0.2815893880357123
2025-01-27,115.01000213623048,122.957796800456,-7.947794664225512
2025-01-28,114.16999816894533,115.06542935376129,-0.895431184815962
2025-01-29,117.3499984741211,114.49069663097667,2.859301843144422
2025-01-30,118.86000061035156,117.06449825755163,1.7955023527999288
2025-01-31,115.9499969482422,118.52265333227096,-2.572656384028761
2025-02-03,114.2699966430664,116.41603017786608,-2.1460335347996704
2025-02-04,119.5,114.49781330164237,5.002186698357633
2025-02-05,112.01000213623048,118.88656396358621,-6.876561827355729
2025-02-06,110.16000366210938,112.0735966872196,-1.9135930251102309
2025-02-07,107.55999755859376,111.16400650489217,-3.604008946298407
2025-02-10,110.4800033569336,107.03655741776106,3.443445939172534
2025-02-11,111.0999984741211,109.94822622827984,1.1517722458412578
2025-02-12,111.72000122070312,111.74307806003799,-0.023076839334862598
2025-02-13,111.80999755859376,111.75989047663214,0.05010708196162739
2025-02-14,113.0999984741211,111.14699043219397,1.95300804192712
2025-02-18,114.27999877929688,113.444109037986,0.8358897413108792
2025-02-19,114.69000244140624,114.57914917572327,0.11085326568296239
2025-02-20,114.16999816894533,114.10268668337955,0.06731148556578148
2025-02-21,110.83999633789062,114.25109045012844,-3.4110941122378193
2025-02-24,108.11000061035156,111.44941489216491,-3.3394142818133474
2025-02-25,103.95999908447266,107.90660877966232,-3.9466096951896645
2025-02-26,104.73999786376952,103.77766107074943,0.9623367930200857
2025-02-27,99.51000213623048,105.26134116960141,-5.751339033370925
2025-02-28,99.86000061035156,99.43680254259802,0.42319806775354607
2025-03-03,98.2300033569336,99.70788329882409,-1.4778799418904924
2025-03-04,100.75,98.41499281967505,2.3350071803249506
2025-03-05,101.66999816894533,100.80520554475473,0.8647926241905992
2025-03-06,98.8499984741211,101.29643183832559,-2.446433364204495
2025-03-07,100.30999755859376,99.05209517080016,1.2579023877936066
2025-03-10,96.62999725341795,100.65508840031285,-4.025091146894894
2025-03-11,96.76000213623048,96.23200466610524,0.5279974701252428
2025-03-12,100.79000091552734,96.89487596260683,3.8951249529205114
2025-03-13,98.11000061035156,100.96888275404125,-2.8588821436896836
2025-03-14,100.97000122070312,97.7088428746373,3.2611583460658267
2025-03-17,104.58999633789062,101.13739118230293,3.4526051555876904
2025-03-18,103.51000213623048,104.60641777280355,-1.0964156365730702
2025-03-19,106.2300033569336,103.16456730735386,3.0654360495797306
2025-03-20,107.13999938964844,106.42647919358237,0.7135201960660709
2025-03-21,106.44000244140624,107.16134081474281,-0.7213383733365788
2025-03-24,113.8499984741211,106.20880705513719,7.641191418983908
2025-03-25,114.80999755859376,113.83162416565264,0.9783733929411227
2025-03-26,110.19000244140624,114.5926496272006,-4.402647185794365
2025-03-27,106.6500015258789,110.40464149121269,-3.75463996533378
2025-03-28,103.22000122070312,107.06784316973376,-3.847841949030638
2025-03-31,102.73999786376952,103.04219045124559,-0.30219258747607114
2025-04-01,102.77999877929688,102.66892168250854,0.11107709678833544
2025-04-02,102.95999908447266,103.01714015808732,-0.05714107361465892
2025-04-03,93.8000030517578,102.86991395020011,-9.069910898442316
2025-04-04,85.76000213623047,93.85289947194633,-8.092897335715861
2025-04-07,83.63999938964844,86.53086592274072,-2.8908665330922787
2025-04-08,78.20999908447266,83.61341343076009,-5.403414346287434
2025-04-09,96.83999633789062,77.76248931715077,19.07750702073986
2025-04-10,88.69999694824219,96.99276203237991,-8.292765084137727
2025-04-11,93.4000015258789,88.16536252613751,5.234638999741392
2025-04-14,94.5,93.94046045329542,0.5595395467045847
2025-04-15,95.29000091552734,94.3636394362223,0.9263614793050436
2025-04-16,88.29000091552734,94.78939339682236,-6.499392481295018
2025-04-17,87.5,88.8624032845009,-1.3624032845008998
2025-04-21,85.55999755859375,88.02330515238444,-2.463307593790688
2025-04-22,86.26000213623047,84.78836441118722,1.4716377250432515
2025-04-23,90.38999938964844,86.35135006224638,4.038649327402055
2025-04-24,94.47000122070312,90.91031852560305,3.5596826951000793
2025-04-25,96.6500015258789,93.72026436128743,2.9297371645914723
2025-04-28,96.38999938964844,96.35156364317805,0.03843574647038395
2025-04-29,96.05999755859376,97.16095801332794,-1.100960454734178
2025-04-30,97.3499984741211,95.87491944782805,1.475079026293045
2025-05-01,96.6500015258789,96.73375820004155,-0.08375667416264321
2025-05-02,98.8000030517578,97.15590631057121,1.644096741186587
2025-05-05,100.58999633789062,99.04229636520368,1.5476999726869423
2025-05-06,98.62000274658205,99.79812503414936,-1.1781222875673194
2025-05-07,100.36000061035156,98.84094599418272,1.5190546161688445
2025-05-08,101.6999969482422,101.02847495765839,0.6715219905838126
2025-05-09,102.83999633789062,100.93960975486041,1.9003865830302118
2025-05-12,108.12000274658205,102.591459877302,5.528542869280045
2025-05-13,112.45999908447266,108.79079983298963,3.669199251483022
2025-05-14,117.72000122070312,111.86079639790321,5.85920482279991
2025-05-15,114.98999786376952,117.09474009296116,-2.1047422291916433
2025-05-16,117.16999816894533,115.7131504316737,1.4568477372716302
2025-05-19,114.73999786376952,117.39814606458775,-2.658148200818232
2025-05-20,113.51000213623048,113.85740877538414,-0.347406639153661
2025-05-21,112.05999755859376,114.02274557044075,-1.9627480118469833
2025-05-22,110.70999908447266,112.66620933376109,-1.9562102492884321
2025-05-23,110.30999755859376,109.96455697308961,0.34544058550415
2025-05-27,114.55999755859376,110.301234059724,4.258763498869769
2025-05-28,112.86000061035156,115.1785644958956,-2.3185638855440374
2025-05-29,113.02999877929688,112.27853740210024,0.7514613771966339
2025-05-30,110.7300033569336,112.91190521015665,-2.181901853223053
2025-06-02,114.62999725341795,111.3948997888285,3.235097464589458
2025-06-03,117.30999755859376,114.35426141890748,2.9557361396862802
2025-06-04,118.58000183105467,116.57517084258211,2.0048309884725626
2025-06-05,115.69000244140624,119.11748210410809,-3.427479662701856
2025-06-06,116.19000244140624,116.03642325207707,0.15357918932916448
2025-06-09,121.7300033569336,115.62128209388861,6.108721263044984
2025-06-10,123.23999786376952,121.59950857721148,1.6404892865580365
2025-06-11,121.13999938964844,123.50109237841762,-2.3610929887691867
2025-06-12,118.5,121.06342572255336,-2.5634257225533617
2025-06-13,116.16000366210938,118.48948449881378,-2.3294808367044055
2025-06-16,126.38999938964844,116.4462509887143,9.94374840093414
2025-06-17,127.0999984741211,126.09780873107279,1.002189743048305
2025-06-18,126.79000091552734,126.41844019430613,0.37156072122121486
2025-06-20,128.24000549316406,127.46039147989879,0.7796140132652738
2025-06-23,129.5800018310547,128.43468979795952,1.1453120330951663
2025-06-24,138.42999267578125,128.71556910780433,9.714423567976922
2025-06-25,143.39999389648438,138.49784769639936,4.902146200085014
2025-06-26,143.67999267578125,143.5379382149607,0.14205446082056028
2025-06-27,143.80999755859375,143.2402842282422,0.5697133303515614
2025-06-30,141.89999389648438,143.93964355766363,-2.0396496611792543
2025-07-01,136.11000061035156,142.26874421468193,-6.158743604330368
2025-07-02,138.52000427246094,136.00858545769208,2.5114188147688594
2025-07-03,137.91000366210938,138.50877188765523,-0.5987682255458537
2025-07-07,134.8000030517578,137.89003214590662,-3.090029094148804
2025-07-08,137.82000732421875,134.9350387568126,2.884968567406162
2025-07-09,138.41000366210938,137.85502266938633,0.5549809927230456
2025-07-10,144.16000366210938,138.07561663015218,6.084387031957192
2025-07-11,146.4199981689453,144.16197909466163,2.2580190742836805
2025-07-14,146.24000549316406,146.34813205244222,-0.10812655927816195
2025-07-15,155.61000061035156,146.15961949156878,9.450381118782786
2025-07-16,160.0800018310547,155.50519564721804,4.5748061838366425
2025-07-17,160.41000366210938,159.5778486674994,0.8321549946099651
2025-07-18,156.99000549316406,160.56270929732133,-3.572703804157271
2025-07-21,157.0,157.42866298549794,-0.4286629854979367
2025-07-22,154.72000122070312,156.77456069392474,-2.054559473221616
2025-07-23,158.64999389648438,154.5088801407825,4.141113755701866
2025-07-24,162.1199951171875,159.02557827989938,3.0944168372881222
2025-07-25,166.47000122070312,161.7705244101661,4.699476810537021
2025-07-28,173.66000366210938,166.03473999302565,7.625263669083722
2025-07-29,177.44000244140625,173.83522987099747,3.604772570408784
2025-07-30,179.50999450683594,177.2333708866424,2.276623620193533
2025-07-31,176.30999755859375,179.21067213561977,-2.900674577026024
2025-08-01,171.6999969482422,176.6537932766386,-4.9537963283964075
2025-08-04,176.77999877929688,172.05876698725498,4.721231792041891
2025-08-05,174.30999755859375,176.3681863343382,-2.0581887757444406
2025-08-06,163.1199951171875,174.0078232617825,-10.887828144595005
2025-08-07,172.39999389648438,164.11361294834293,8.286380948141442
2025-08-08,172.75999450683594,172.45990510939808,0.30008939743785845
2025-08-11,172.27999877929688,171.25844378715993,1.0215549921369416
2025-08-12,174.9499969482422,173.16339763313638,1.7865993151058035
2025-08-13,184.4199981689453,175.75509151978537,8.664906649159946
2025-08-14,180.9499969482422,182.7000306027,-1.750033654457809
2025-08-15,177.50999450683594,180.8323869654825,-3.3223924586465614
2025-08-18,176.13999938964844,179.47258297891693,-3.332583589268495
2025-08-19,166.5500030517578,175.24037585954233,-8.690372807784513
2025-08-20,165.1999969482422,165.6017995107797,-0.4018025625375117
2025-08-21,163.7100067138672,167.2167429196401,-3.50673620577291
2025-08-22,167.75999450683594,163.43588636304673,4.3241081437892035
2025-08-25,163.36000061035156,166.03421274808858,-2.6742121377370154
2025-08-26,166.6199951171875,164.5846017488661,2.035393368321394
2025-08-27,167.1300048828125,167.62706049941386,-0.497055616601358
2025-08-28,168.5800018310547,165.15316315794175,3.4268386731129397
2025-08-29,162.6300048828125,168.82269046241538,-6.19268557960288
2025-09-02,162.32000732421875,164.38786532923865,-2.0678580050199002
2025-09-03,162.1300048828125,161.32948637858289,0.8005185042296148
2025-09-04,161.7899932861328,161.13648589637413,0.6535073897586869
2025-09-05,151.13999938964844,163.3611319268083,-12.22113253715986
2025-09-08,151.41000366210938,151.35974834773066,0.050255314378716776
2025-09-09,155.82000732421875,150.40276196404744,5.417245360171307
2025-09-10,159.5399932861328,156.1257360111352,3.414257274997624
2025-09-11,155.6699981689453,159.94438682049002,-4.274388651544712
2025-09-12,158.57000732421875,155.01416317288235,3.5558441513364016
2025-09-15,161.16000366210938,158.75423131053878,2.40577235157059
2025-09-16,160.4600067138672,161.42688722588767,-0.9668805120204809
2025-09-17,159.16000366210938,159.98981781891396,-0.8298141568045878
2025-09-18,157.9199981689453,159.27972272731557,-1.3597245583702602
2025-09-19,157.38999938964844,158.3880524768406,-0.9980530871921758
2025-09-22,159.7899932861328,157.066383459327,2.723609826805813
2025-09-23,160.89999389648438,159.52776743786202,1.3722264586223503
2025-09-24,160.8800048828125,161.2037280431008,-0.32372316028829573
2025-09-25,161.27000427246094,160.87052620091913,0.39947807154180737
2025-09-26,159.4600067138672,160.9838684828993,-1.5238617690321234
2025-09-29,161.36000061035156,159.67230732442374,1.6876932859278213
2025-09-30,161.7899932861328,161.5487175036353,0.24127578249752446
2025-10-01,164.00999450683594,161.35404816443432,2.65594634240162
2025-10-02,169.72999572753906,164.02940246744532,5.70059326009374
2025-10-03,164.6699981689453,169.856473169626,-5.186475000680701
2025-10-06,203.7100067138672,164.37286497026486,39.33714174360233
2025-10-07,211.50999450683597,203.09669432890885,8.413300177927113
2025-10-08,235.55999755859372,209.76300668677413,25.796990871819588
2025-10-09,232.88999938964844,236.19457986678918,-3.304580477140746
2025-10-10,214.8999938964844,232.82056548423242,-17.920571587748015
2025-10-13,216.4199981689453,214.9501509825711,1.46984718637421
2025-10-14,218.08999633789065,217.43731707139773,0.6526792664929246
2025-10-15,238.6000061035156,217.27314071696364,21.326865386551958
2025-10-16,234.55999755859372,237.56130222249143,-3.001304663897713
2025-10-17,233.0800018310547,234.9136038042578,-1.8336019732031161
2025-10-20,240.55999755859372,234.09278543598276,6.46721212261096
2025-10-21,238.02999877929688,239.48873340177374,-1.458734622476868
2025-10-22,230.22999572753903,237.39868192761037,-7.168686200071335
2025-10-23,234.9900054931641,231.96619879006576,3.02380670309833
2025-10-24,252.9199981689453,234.808205154349,18.111793014596316
2025-10-27,259.6700134277344,250.697864798588,8.972148629146375
2025-10-28,258.010009765625,260.0561808316074,-2.046171065982378
2025-10-29,264.3299865722656,259.4986132142102,4.83137335805543
2025-10-30,254.83999633789065,262.9670176510357,-8.127021313145036
2025-10-31,256.1199951171875,254.18746628507947,1.9325288321080336
2025-11-03,259.6499938964844,258.3116280941512,1.3383658023331577
2025-11-04,250.0500030517578,258.71528174424697,-8.665278692489153
2025-11-05,256.3299865722656,248.63201731618875,7.697969256076874
2025-11-06,237.6999969482422,258.4869848769862,-20.786987928743997
2025-11-07,233.5399932861328,237.7684679971012,-4.228474710968385
2025-11-10,243.97999572753903,232.64469936876182,11.335296358777214
2025-11-11,237.5200042724609,244.45807834688767,-6.9380740744267655
2025-11-12,258.8900146484375,237.62154507542488,21.268469573012624
2025-11-13,247.9600067138672,258.2154542260748,-10.255447512207638
2025-11-14,246.80999755859372,247.34872455573927,-0.5387269971455453
2025-11-17,240.5200042724609,248.47509607241375,-7.955091799952839
2025-11-18,230.2899932861328,240.26124594209148,-9.971252655958665
2025-11-19,223.5500030517578,229.5103665504971,-5.960363498739298
2025-11-20,206.0200042724609,225.03234182992006,-19.012337557459148
2025-11-21,203.77999877929688,206.63066011534696,-2.8506613360500808
2025-11-24,215.0500030517578,203.06210260502743,11.987900446730379
2025-11-25,206.1300048828125,214.7802326061213,-8.650227723308802
2025-11-26,214.2400054931641,206.55199903430778,7.688006458856307
2025-11-28,217.52999877929688,214.5306298870302,2.9993688922666877
2025-12-01,219.75999450683597,216.41011639159086,3.3498781152451045
2025-12-02,215.2400054931641,219.95328505780483,-4.713279564640743
2025-12-03,217.6000061035156,216.14915485198827,1.4508512515273253
2025-12-04,215.97999572753903,217.0437622679611,-1.0637665404220797
2025-12-05,217.97000122070312,215.3885536591639,2.581447561539221
2025-12-08,221.1100006103516,218.90521983781193,2.2047807725396638
2025-12-09,221.6199951171875,220.8807276998973,0.7392674172901934
2025-12-10,221.4199981689453,220.7005711386857,0.7194270302596237
2025-12-11,221.42999267578125,222.1904296057268,-0.7604369299455414
2025-12-12,210.77999877929688,221.81313362327597,-11.033134843979099
2025-12-15,207.5800018310547,210.08298627415195,-2.5029844430972616
2025-12-16,209.1699981689453,208.34680181262692,0.823196356318391
2025-12-17,198.1100006103516,209.47894111199753,-11.368940501645938
2025-12-18,201.05999755859372,197.38365234946633,3.6763452091273905
2025-12-19,213.42999267578125,201.78503470834326,11.644957967437989
2025-12-22,214.9499969482422,213.17542324615525,1.7745737020869399
2025-12-23,214.8999938964844,213.69334724074227,1.2066466557421336
2025-12-24,215.0399932861328,215.84581326355257,-0.805819977419759
2025-12-26,214.9900054931641,215.61549896512722,-0.6254934719631251
2025-12-29,215.6100006103516,213.73700296408555,1.8729976462660431
2025-12-30,215.33999633789065,215.85110363777005,-0.5111072998793986
2025-12-31,214.16000366210935,216.32907835429836,-2.169074692189014
2026-01-02,223.47000122070312,213.35521941258077,10.114781808122359
2026-01-05,221.0800018310547,222.89028106025378,-1.8102792291990966
2026-01-06,214.3500061035156,221.72782257235355,-7.377816468837949
2026-01-07,210.0200042724609,214.78531088754156,-4.765306615080647
2026-01-08,204.67999267578125,209.6303338909679,-4.950341215186654
2026-01-09,203.1699981689453,204.8982570651518,-1.7282588962064835
2026-01-12,207.69000244140625,203.73687989513238,3.9531225462738746
2026-01-13,220.97000122070312,207.10183361222118,13.86816760848194
2026-01-14,223.6000061035156,220.2252477814874,3.3747583220281854
2026-01-15,227.9199981689453,223.79949722432207,4.120500944623245
2026-01-16,231.8300018310547,228.23260078349142,3.5974010475632667
2026-01-20,231.9199981689453,231.1038567825987,0.8161413863466009
2026-01-21,249.8000030517578,231.8621878150037,17.93781523675412
2026-01-22,253.72999572753903,250.06494295967627,3.665052767862761
2026-01-23,259.67999267578125,252.50336920937224,7.176623466409012
2026-01-26,251.30999755859372,259.83583769858944,-8.525840139995722
2026-01-27,252.02999877929688,252.2268040039934,-0.19680522469653283
2026-01-28,252.7400054931641,251.7633399412538,0.9766655519102869
2026-01-29,252.17999267578125,251.99386945218163,0.18612322359962263
2026-01-30,236.72999572753903,252.87352473563365,-16.143529008094617
2026-02-02,246.2700042724609,237.4045680112545,8.865436261206412
2026-02-03,242.1100006103516,245.83726383210418,-3.727263221752594
2026-02-04,200.19000244140625,241.31485522872,-41.124852787313756
2026-02-05,192.5,202.374060146977,-9.874060146977001
2026-02-06,208.44000244140625,194.4360600064418,14.003942434964443
2026-02-09,216.0,205.21954747302462,10.780452526975381
2026-02-10,213.57000732421875,215.13206237543915,-1.5620550512203977
2026-02-11,213.5800018310547,216.75540783949418,-3.175406008439495
2026-02-12,205.94000244140625,212.51730553799095,-6.5773030965847
2026-02-13,207.32000732421875,203.8262836529554,3.4937236712633535
2026-02-17,203.0800018310547,210.04610813583986,-6.966106304785171
2026-02-18,200.1199951171875,203.3594763857016,-3.239481268514112
2026-02-19,203.3699951171875,197.71294385157483,5.657051265612665
2026-02-20,200.1499938964844,204.7159046229845,-4.565910726500107
2026-02-23,196.6000061035156,201.44298834800955,-4.842982244493953
2026-02-24,213.83999633789065,194.79842076753962,19.04157557035103
2026-02-25,210.8600006103516,213.54332712513573,-2.6833265147841416
2026-02-26,203.67999267578125,211.82394096733017,-8.143948291548924
2026-02-27,200.2100067138672,203.69619356208256,-3.486186848215368
2026-03-02,198.6199951171875,199.79395981569255,-1.1739646985050456
2026-03-03,190.9499969482422,199.1041295871682,-8.154132638926
2026-03-04,202.07000732421875,191.3137427232096,10.75626460100915
2026-03-05,199.4499969482422,201.5477521728986,-2.0977552246564244
2026-03-06,192.42999267578125,198.87351579636476,-6.443523120583507
2026-03-09,202.67999267578125,193.60476139530243,9.075231280478818
2026-03-10,203.22999572753903,202.62065575138817,0.6093399761508635
2026-03-11,204.8300018310547,201.57477659087985,3.2552252401748376
2026-03-12,197.7400054931641,205.85924608101232,-8.119240587848225
2026-03-13,193.38999938964844,198.72090117601414,-5.3309017863657004
2026-03-16,196.5800018310547,192.32078050187943,4.259221329175261
2026-03-17,196.30999755859372,196.50701927878396,-0.19702172019023578
2026-03-18,199.4600067138672,197.17977682685145,2.280229887015736
2026-03-19,205.2700042724609,198.91614771124338,6.353856561217526
2026-03-20,201.3300018310547,204.47796959734052,-3.1479677662858307
2026-03-23,202.67999267578125,202.10559035278942,0.5744023229918298
2026-03-24,205.3699951171875,203.12010051436465,2.249894602822849
2026-03-25,220.2700042724609,204.22455811982206,16.045446152638846
2026-03-26,203.7700042724609,220.05907355272925,-16.289069280268336
2026-03-27,201.9900054931641,204.5361786716034,-2.546173178439318
2026-03-30,196.0399932861328,202.6848109980039,-6.644817711871099
2026-03-31,203.42999267578125,195.1350932872829,8.29489938849835
2026-04-01,210.2100067138672,203.50688366133113,6.703123052536057
2026-04-02,217.5,210.41797947492003,7.082020525079969
2026-04-06,220.17999267578125,216.73061654813782,3.4493761276434327
2026-04-07,221.52999877929688,219.9907876595425,1.539211119754384
2026-04-08,231.82000732421875,222.1819312098841,9.638076114334638
2026-04-09,236.63999938964844,231.25269620465335,5.3873031849950905
2026-04-10,245.0399932861328,235.68515964025718,9.35483364587563
2026-04-13,246.8300018310547,245.68980688025468,1.1401949508000087
2026-04-14,255.07000732421875,246.78958093530264,8.280426388916112
2026-04-15,258.1199951171875,254.18239929834195,3.9375958188455513
2026-04-16,278.260009765625,258.1741550576007,20.08585470802433
2026-04-17,278.3900146484375,278.38069756732006,0.009317081117444559
2026-04-20,274.95001220703125,277.1159704448677,-2.165958237836435
2026-04-21,284.489990234375,275.71968576505907,8.770304469315931
2026-04-22,303.4599914550781,285.1518865115882,18.308104943489923
2026-04-23,305.3299865722656,301.31023925017206,4.019747322093565
2026-04-24,347.8099975585937,304.94500079893817,42.864996759655526
2026-04-27,334.6300048828125,348.89804591882483,-14.268041036012335
2026-04-28,323.2099914550781,332.21704335811023,-9.007051903032107
2026-04-29,337.1099853515625,324.74989479647957,12.360090555082934
2026-04-30,354.489990234375,338.6939063597008,15.796083874674196
2026-05-01,360.5400085449219,350.83097604515615,9.709032499765726
2026-05-04,341.5400085449219,360.23338966176055,-18.69338111683868
2026-05-05,355.260009765625,345.2780894338602,9.981920331764798
2026-05-06,421.3900146484375,353.9249384482424,67.46507620019509
2026-05-07,408.4599914550781,416.3200933606627,-7.8601019055845995
2026-05-08,455.1900024414063,409.47156394071834,45.71843850068797
2026-05-11,458.7900085449219,458.85780902005615,-0.0678004751342769
2026-05-12,448.2900085449219,452.7863223581857,-4.496313813263839
2026-05-13,445.5,448.71206094417346,-3.2120609441734587
2026-05-14,449.7000122070313,451.50434129907194,-1.804329092040632
2026-05-15,424.1000061035156,445.56986374561905,-21.46985764210342
2026-05-18,420.989990234375,421.4992181358907,-0.5092279015157146
2026-05-19,414.0499877929688,428.0191037891636,-13.969115996194773
2026-05-20,447.5799865722656,412.39007155618623,35.1899150160794
2026-05-21,449.5899963378906,441.62644894763463,7.963547390255997
2026-05-22,467.510009765625,452.943190604871,14.566819160753994
2026-05-26,503.8900146484375,470.3919212236358,33.49809342480171
2026-05-27,495.5400085449219,497.01822597034953,-1.4782174254276583
2026-05-28,518.0900268554688,495.32823035783633,22.761796497632417
2026-05-29,516.0999755859375,524.5530312859789,-8.453055700041432
2026-06-01,510.1300048828125,510.9864140490065,-0.8564091661939983
2026-06-02,521.5399780273438,507.5855712517376,13.954406775606174
2026-06-03,542.52001953125,527.9756673430043,14.544352188245739
2026-06-04,523.2000122070312,539.6633941340357,-16.463381927004434
2026-06-05,466.3800048828125,518.2833404000493,-51.90333551723677
2026-06-08,490.3299865722656,474.66015314792884,15.669833424336787
2026-06-09,475.510009765625,492.32577648728255,-16.815766721657553
2026-06-10,452.3999938964844,465.5277474080688,-13.127753511584444
2026-06-11,488.4500122070313,458.25423857523305,30.19577363179826
2026-06-12,511.5700073242188,494.49068944879855,17.07931787542026
