Date,Actual,Predicted,Residual
2019-01-03,19.095050811767575,20.95943192561148,-1.8643811138439048
2019-01-04,19.2827262878418,19.001861694705507,0.2808645931362932
2019-01-07,19.675443649291992,19.30893526798471,0.3665083813072805
2019-01-08,19.517528533935547,19.67533357586495,-0.1578050419294037
2019-01-09,20.36166000366211,19.764476043817798,0.5971839598443118
2019-01-10,20.62953186035156,20.38787782794248,0.24165403240908034
2019-01-11,20.716346740722656,20.577724954205344,0.13862178651731227
2019-01-14,20.74114418029785,20.75372644012518,-0.012582259827329523
2019-01-15,21.205793380737305,20.629937867941734,0.5758555127955702
2019-01-16,20.80976676940918,21.194249017141107,-0.38448224773192763
2019-01-17,21.10988426208496,20.77270841741894,0.3371758446660209
2019-01-18,21.563779830932617,21.134041948205468,0.4297378827271494
2019-01-22,21.354612350463867,21.51362564675486,-0.15901329629099337
2019-01-23,21.29095268249512,21.398306840500076,-0.10735415800495574
2019-01-24,21.78948783874512,21.256215517440758,0.5332723213043629
2019-01-25,22.15243911743164,21.750156319506946,0.4022827979246948
2019-01-28,22.125986099243164,22.193578070592796,-0.06759197134963202
2019-01-29,22.018505096435547,22.13775803429904,-0.119252937863493
2019-01-30,22.390552520751957,21.950742387846798,0.43981013290515847
2019-01-31,22.178075790405277,22.360676786985515,-0.18260099658023776
2019-02-01,22.059017181396484,22.1648969631388,-0.10587978174231694
2019-02-04,22.498031616210938,22.076100751235796,0.4219308649751419
2019-02-05,22.322763442993164,22.467404610111046,-0.14464116711788222
2019-02-06,22.836185455322266,22.336167283751315,0.5000181715709502
2019-02-07,22.247520446777344,22.888370898626942,-0.6408504518495981
2019-02-08,22.65842628479004,22.148209077525063,0.5102172072649758
2019-02-11,22.79566764831543,22.718712968071266,0.07695468024416385
2019-02-12,23.09908866882324,22.717989023149666,0.38109964567357224
2019-02-13,23.25865936279297,23.20109440572642,0.05756495706654974
2019-02-14,23.273534774780277,23.209476081443285,0.06405869333699243
2019-02-15,23.30908966064453,23.258778380950158,0.05031127969437321
2019-02-19,23.286767959594727,23.271728140672042,0.015039818922684134
2019-02-20,23.432275772094727,23.26354373226441,0.16873203983031715
2019-02-21,23.227245330810547,23.438608863273938,-0.21136353246339112
2019-02-22,22.860157012939453,23.20978830121214,-0.3496312882726862
2019-02-25,23.03377342224121,22.848821882106485,0.18495154013472614
2019-02-26,22.736143112182617,23.023315901698833,-0.28717278951621594
2019-02-27,22.445945739746094,22.740906063123912,-0.2949603233778184
2019-02-28,22.76590347290039,22.487448253895153,0.27845521900523806
2019-03-01,22.55011749267578,22.756800554853843,-0.20668306217806176
2019-03-04,22.7270450592041,22.571555902119677,0.1554891570844248
2019-03-05,22.902326583862305,22.78375727397526,0.11856930988704306
2019-03-06,22.434370040893555,22.86194064909953,-0.4275706082059756
2019-03-07,21.9515380859375,22.440821947340385,-0.4892838614028854
2019-03-08,21.8424015045166,21.910143782825333,-0.06774227830873158
2019-03-11,22.245037078857425,21.810057772000192,0.4349793068572332
2019-03-12,22.292165756225582,22.32336535709578,-0.031199600870198907
2019-03-13,22.422794342041016,22.354816571880274,0.06797777016074136
2019-03-14,22.17393493652344,22.450766013159313,-0.27683107663587236
2019-03-15,24.000268936157227,22.10507012984617,1.8951988063110576
2019-03-18,24.29377174377441,24.09334824945019,0.20042349432421958
2019-03-19,24.74601554870605,24.26722281278192,0.47879273592413085
2019-03-20,24.276386260986328,24.830925846834173,-0.554539585847845
2019-03-21,24.757688522338867,24.00103846827763,0.756650054061236
2019-03-22,24.41152000427246,24.754896047993828,-0.3433760437213671
2019-03-25,24.37064552307129,24.318407902452265,0.05223762061902448
2019-03-26,24.776874542236328,24.444816795862952,0.33205774637337626
2019-03-27,24.688459396362305,24.726462717916146,-0.03800332155384112
2019-03-28,24.94704246520996,24.726396853761482,0.22064561144847872
2019-03-29,25.083845138549805,24.97378657160538,0.11005856694442429
2019-04-01,25.50759696960449,25.030848654581405,0.4767483150230838
2019-04-02,25.279037475585938,25.544555016797226,-0.26551754121128823
2019-04-03,25.37496757507324,25.229360656553517,0.14560691851972152
2019-04-04,25.19145393371582,25.370658633074893,-0.17920469935907235
2019-04-05,25.381641387939453,25.118857379750377,0.262784008189076
2019-04-08,25.3983211517334,25.4264908355082,-0.028169683774802223
2019-04-09,25.312402725219727,25.38089657670299,-0.06849385148326448
2019-04-10,25.65106964111328,25.336157877227887,0.31491176388539444
2019-04-11,25.80956268310547,25.643694063017023,0.16586862008844605
2019-04-12,26.445192337036133,25.810410161595815,0.6347821754403178
2019-04-15,26.39262962341309,26.49389392745159,-0.10126430403850151
2019-04-16,26.56780433654785,26.339151289538865,0.22865304700898648
2019-04-17,26.73714256286621,26.56625666384576,0.17088589902045115
2019-04-18,26.57781410217285,26.65579944015846,-0.07798533798560925
2019-04-22,26.275854110717773,26.57787050129769,-0.30201639057991514
2019-04-23,26.329242706298828,26.24065660176655,0.08858610453227911
2019-04-24,26.2199649810791,26.30933546609753,-0.08937048501842781
2019-04-25,26.01058959960937,26.230592793145373,-0.22000319353600162
2019-04-26,25.89297866821289,26.0433007276509,-0.15032205943801102
2019-04-29,26.08566665649414,25.87997732223374,0.20568933426040203
2019-04-30,26.55946350097656,26.108456904574783,0.45100659640177554
2019-05-01,26.60116958618164,26.608774092327764,-0.007604506146122958
2019-05-02,26.344257354736328,26.617603241643753,-0.2733458869074248
2019-05-03,26.3350772857666,26.311894285442282,0.023183000324319636
2019-05-06,25.98973274230957,26.272943539926715,-0.2832107976171443
2019-05-07,25.632719039916992,25.96191345017593,-0.32919441025893903
2019-05-08,25.307397842407227,25.653083588129924,-0.3456857457226974
2019-05-09,25.3632869720459,25.289883977290547,0.07340299475535161
2019-05-10,25.354949951171875,25.411207228591415,-0.05625727741954023
2019-05-13,24.472412109375,25.397565953627055,-0.9251538442520548
2019-05-14,25.19145393371582,24.472383049931157,0.7190708837846636
2019-05-15,25.38915252685547,25.230422938682825,0.15872958817264404
2019-05-16,24.79856300354004,25.37810700792293,-0.5795440043828926
2019-05-17,24.18129539489746,24.89908273647727,-0.7177873415798075
2019-05-20,22.738204956054688,24.06011539843526,-1.3219104423805739
2019-05-21,22.966768264770508,22.63301606442389,0.33375220034661623
2019-05-22,22.45709609985352,23.0650527342668,-0.6079566344132807
2019-05-23,21.69551467895508,22.489009914539555,-0.7934952355844729
2019-05-24,21.349340438842773,21.863660463659855,-0.5143200248170814
2019-05-28,21.22755622863769,21.299689799902836,-0.07213357126514452
2019-05-29,21.197525024414062,21.282335516394404,-0.08481049198034185
2019-05-30,21.40605926513672,21.29618665568464,0.10987260945207922
2019-05-31,20.990652084350582,21.46274616150754,-0.4720940771569566
2019-06-03,21.119112014770508,20.98310408830632,0.13600792646418824
2019-06-04,22.163475036621094,21.13784760090383,1.025627435717265
2019-06-05,22.16514587402344,22.18066510366395,-0.015519229640510446
2019-06-06,22.754886627197266,22.21321843516723,0.5416681920300341
2019-06-07,22.928394317626957,22.785186595152535,0.14320772247442193
2019-06-10,23.37383460998535,22.787528965075087,0.586305644910265
2019-06-11,23.64659881591797,23.404655841962082,0.2419429739558865
2019-06-12,23.333786010742188,23.577780134892244,-0.24399412415005628
2019-06-13,23.490610122680664,23.29819974369986,0.19241037898080293
2019-06-14,22.18265914916992,23.44543186447255,-1.2627727153026314
2019-06-17,22.185991287231445,22.070450002201415,0.11554128503003014
2019-06-18,23.19365501403809,22.24585587029554,0.9477991437425501
2019-06-19,23.146944046020508,23.202531551948887,-0.055587505928379244
2019-06-20,23.277069091796875,23.313491509431167,-0.03642241763429155
2019-06-21,23.07411193847656,23.300644167026945,-0.22653222855038635
2019-06-24,23.512874603271484,22.922913962651027,0.5899606406204576
2019-06-25,23.28633117675781,23.546398845538487,-0.2600676687806782
2019-06-26,23.70151138305664,23.24859398539208,0.4529173976645602
2019-06-27,24.06110572814941,23.760681854418547,0.300423873730864
2019-06-28,24.24217796325684,24.011203142275367,0.23097482098147282
2019-07-01,25.294023513793945,24.285745548796555,1.00827796499739
2019-07-02,24.871261596679688,25.29554086918255,-0.42427927250286146
2019-07-03,23.99205780029297,24.79160447503759,-0.7995466747446223
2019-07-05,23.80425262451172,23.943653168434256,-0.13940054392253742
2019-07-08,23.155799865722656,23.65237517079533,-0.49657530507267467
2019-07-09,23.20380401611328,23.1676601241047,0.0361438920085817
2019-07-10,23.1170654296875,23.33098798746318,-0.21392255777567826
2019-07-11,23.248435974121094,23.12706300806994,0.12137296605115466
2019-07-12,24.03416633605957,23.34610580900707,0.6880605270524995
2019-07-15,24.2825984954834,24.065451600885247,0.21714689459815162
2019-07-16,23.92804908752441,24.301127655185713,-0.37307856766130243
2019-07-17,24.008056640625,23.902019607714553,0.10603703291044653
2019-07-18,24.403865814208984,23.912169545474043,0.4916962687349411
2019-07-19,24.422393798828125,24.38347819280485,0.0389156060232736
2019-07-22,24.940319061279297,24.469153967428618,0.4711650938506793
2019-07-23,25.330236434936523,24.962571349226504,0.3676650857100192
2019-07-24,25.582040786743164,25.290784875142105,0.2912559116010591
2019-07-25,25.29739189147949,25.596977747289007,-0.2995858558095179
2019-07-26,25.342023849487305,25.215229806454186,0.1267940430331187
2019-07-29,25.411083221435547,25.298006824280087,0.11307639715546003
2019-07-30,25.22749328613281,25.374834338686675,-0.1473410525538661
2019-07-31,24.42155265808105,25.25709569389346,-0.8355430358124103
2019-08-01,24.029956817626957,24.376755351854012,-0.3467985342270552
2019-08-02,23.456445693969727,24.005781993608643,-0.5493362996389166
2019-08-05,22.54103279113769,23.442734789738143,-0.9017019986004513
2019-08-06,22.43828773498535,22.60399005139365,-0.16570231640830002
2019-08-07,22.742305755615234,22.48708864003374,0.2552171155814946
2019-08-08,22.82062339782715,22.82275452180936,-0.0021311239822132677
2019-08-09,23.22064781188965,22.94551450301157,0.27513330887807896
2019-08-12,23.213064193725582,23.259731637688034,-0.04666744396245193
2019-08-13,23.89183807373047,23.167882477875672,0.7239555958547967
2019-08-14,22.86947059631348,23.923014536074767,-1.053543939761287
2019-08-15,22.623558044433597,22.754041240344574,-0.13048319591097624
2019-08-16,23.05642318725586,22.63416478297991,0.42225840427595074
2019-08-19,23.47749900817871,22.97119793882849,0.5063010693502221
2019-08-20,23.61140251159668,23.631091019174285,-0.019688507577605208
2019-08-21,24.211854934692383,23.654818766727853,0.5570361679645295
2019-08-22,24.221961975097656,24.189067525364965,0.032894449732690845
2019-08-23,22.91747093200684,24.160376186139487,-1.2429052541326477
2019-08-26,23.346120834350582,22.841316915017384,0.5048039193331988
2019-08-27,23.207172393798828,23.300038221297147,-0.09286582749831851
2019-08-28,23.248435974121094,23.17223561012366,0.07620036399743313
2019-08-29,23.86404800415039,23.43850219226013,0.42554581189025953
2019-08-30,23.802574157714844,23.834296555005928,-0.03172239729108384
2019-09-03,23.07917022705078,23.81254097480516,-0.7333707477543783
2019-09-04,23.83457374572754,23.04690328741441,0.78767045831313
2019-09-05,24.5082950592041,23.79590031326254,0.7123947459415625
2019-09-06,24.58324813842773,24.53149470941143,0.05175342901630131
2019-09-09,24.64219665527344,24.691885578551044,-0.049688923277603436
2019-09-10,24.79631805419922,24.551843223099745,0.244474831099474
2019-09-11,25.096960067749023,24.712326039786824,0.3846340279621998
2019-09-12,25.31339263916016,25.101569528137574,0.21182311102258566
2019-09-13,24.449342727661133,25.31584236226788,-0.8664996346067468
2019-09-16,24.30953788757324,24.38603270472616,-0.07649481715291984
2019-09-17,24.323862075805664,24.27387835418034,0.04998372162532405
2019-09-18,24.23206901550293,24.281973016912616,-0.049904001409686316
2019-09-19,24.47629165649414,24.343582713084444,0.1327089434096962
2019-09-20,24.159278869628903,24.509397470629757,-0.35011860100085457
2019-09-23,24.261268615722656,24.1367130007889,0.12455561493375455
2019-09-24,23.993549346923828,24.286654965122516,-0.2931056181986875
2019-09-25,23.437713623046875,23.939722757485537,-0.5020091344386621
2019-09-26,23.53460121154785,23.4570444608686,0.07755675067924983
2019-09-27,23.29917907714844,23.527134960480417,-0.22795588333197614
2019-09-30,23.463212966918945,23.313466526045644,0.1497464408733009
2019-10-01,23.359525680541992,23.552262545836943,-0.19273686529495038
2019-10-02,22.953266143798828,23.335145248992493,-0.38187910519366497
2019-10-03,23.32382202148437,22.968405767177202,0.35541625430716905
2019-10-04,23.91876220703125,23.32313989524044,0.5956223117908088
2019-10-07,23.464061737060547,23.9531054854982,-0.48904374843765197
2019-10-08,22.97536849975586,23.496085138871127,-0.5207166391152676
2019-10-09,23.215044021606445,22.913904372871567,0.3011396487348783
2019-10-10,23.32552528381348,23.14339271570419,0.18213256810928868
2019-10-11,23.87455940246582,23.383028255993427,0.4915311464723935
2019-10-14,23.93830680847168,23.97299703802804,-0.03469022955636092
2019-10-15,24.67431640625,23.904598004238903,0.7697184020110974
2019-10-16,24.517934799194336,24.705753626091727,-0.1878188268973915
2019-10-17,24.598678588867188,24.427500929702603,0.17117765916458438
2019-10-18,24.36920547485352,24.60804629541104,-0.23884082055752032
2019-10-21,24.610576629638672,24.252674338970834,0.3579022906678375
2019-10-22,24.431249618530277,24.648401934198912,-0.2171523156686348
2019-10-23,23.82441711425781,24.404432029975297,-0.5800149157174879
2019-10-24,23.993549346923828,23.830441463141142,0.16310788378268626
2019-10-25,24.631824493408203,23.97269383400028,0.6591306594079214
2019-10-28,24.77885627746582,24.67763962121423,0.10121665625159082
2019-10-29,24.490741729736328,24.865826912178207,-0.37508518244187883
2019-10-30,24.66752052307129,24.461603292813482,0.20591723025780695
2019-10-31,24.88934326171875,24.59451343253836,0.29482982918039013
2019-11-01,25.20720863342285,24.87393477286051,0.3332738605623433
2019-11-04,25.92197036743164,25.263844992512183,0.6581253749194573
2019-11-05,26.690282821655277,25.935007284212986,0.7552755374422908
2019-11-06,26.61549186706543,26.697230659004074,-0.08173879193864408
2019-11-07,26.494813919067383,26.571555576307755,-0.07674165724037252
2019-11-08,26.63673973083496,26.40392031196893,0.23281941886603263
2019-11-11,26.580650329589844,26.538555184893646,0.042095144696197906
2019-11-12,26.816917419433597,26.584482879187167,0.2324345402464303
2019-11-13,26.658836364746094,26.84872256417838,-0.18988619943228713
2019-11-14,26.25938415527344,26.627654174568875,-0.36827001929543357
2019-11-15,26.5942440032959,26.25201788820556,0.3422261150903374
2019-11-18,26.4378662109375,26.58080386350053,-0.14293765256303104
2019-11-19,27.00135040283203,26.44122515152164,0.5601252513103923
2019-11-20,26.48885726928711,27.092731249638735,-0.6038739803516258
2019-11-21,26.793121337890625,26.40758623969307,0.38553509819755405
2019-11-22,26.765077590942383,26.84529542466494,-0.08021783372255697
2019-11-25,27.164525985717773,26.674364981848722,0.49016100386905137
2019-11-26,26.87981414794922,27.261045858435132,-0.3812317104859133
2019-11-27,27.064239501953125,26.818463438273433,0.24577606367969196
2019-11-29,26.874711990356445,27.087375997913316,-0.21266400755687087
2019-12-02,26.408117294311523,26.80325559550075,-0.39513830118922755
2019-12-03,26.05116081237793,26.42816690863955,-0.3770060962616206
2019-12-04,26.323129653930664,26.009172480091205,0.31395717383945865
2019-12-05,26.44805908203125,26.359354239803015,0.08870484222823549
2019-12-06,26.86111640930176,26.509792268098142,0.35132414120361943
2019-12-09,26.719181060791016,26.934779402657618,-0.21559834186660254
2019-12-10,26.776973724365234,26.672073637488772,0.10490008687646224
2019-12-11,27.17302894592285,26.771208065856566,0.40182088006628547
2019-12-12,27.859750747680664,27.133808113521756,0.7259426341589084
2019-12-13,26.80757141113281,27.91156419011287,-1.1039927789800608
2019-12-16,27.46284484863281,26.744269993878238,0.7185748547545714
2019-12-17,27.519784927368164,27.465157592492933,0.054627334875231526
2019-12-18,27.829151153564453,27.40377225956749,0.4253788939969638
2019-12-19,27.545286178588867,28.000105957126404,-0.4548197785375372
2019-12-20,27.386459350585938,27.43812176874156,-0.05166241815562245
2019-12-23,27.431957244873047,27.378607459026544,0.053349785846503295
2019-12-24,27.515235900878903,27.388779534801674,0.1264563660772282
2019-12-26,27.29889297485352,27.55543366514293,-0.2565406902894125
2019-12-27,27.174409866333008,27.30936517213127,-0.1349553057982611
2019-12-30,26.910844802856445,27.165418744248083,-0.25457394139163725
2019-12-31,27.13062286376953,26.88346971701147,0.24715314675806255
2020-01-02,27.6774959564209,27.172518784839387,0.5049771715815119
2020-01-03,26.973522186279297,27.71620544851882,-0.7426832622395239
2020-01-06,26.933168411254883,26.971014376735315,-0.0378459654804324
2020-01-07,26.84044647216797,26.917559234580477,-0.07711276241250786
2020-01-08,26.50562286376953,26.749185551147665,-0.2435626873781338
2020-01-09,26.29271697998047,26.585342846451987,-0.2926258664715178
2020-01-10,25.688329696655277,26.28928517829106,-0.6009554816357827
2020-01-13,25.856590270996094,25.666450715842366,0.1901395551537277
2020-01-14,26.45754814147949,25.914296938457507,0.5432512030219812
2020-01-15,26.024866104125977,26.506093493030736,-0.4812273889047596
2020-01-16,26.36054039001465,26.08182813683823,0.278712253176419
2020-01-17,26.509923934936523,26.369489031567472,0.1404349033690515
2020-01-21,26.448110580444336,26.424252001103277,0.023858579341059283
2020-01-22,26.868783950805664,26.50835555751798,0.36042839328768395
2020-01-23,27.442262649536133,26.847615320254896,0.5946473292812371
2020-01-24,27.81571578979492,27.44590767356878,0.36980811622613885
2020-01-27,26.53052520751953,27.844406164155053,-1.313880956635522
2020-01-28,27.32721900939941,26.41159550253647,0.9156235068629393
2020-01-29,27.25854110717773,27.30977153986993,-0.05123043269220062
2020-01-30,27.060222625732425,27.17366694951967,-0.11344432378724534
2020-01-31,26.19828224182129,27.240586059318694,-1.0423038174974053
2020-02-03,26.20429229736328,26.045081423548396,0.1592108738148852
2020-02-04,26.751161575317383,26.22002314139802,0.531138433919363
2020-02-05,27.24738121032715,26.7923552428274,0.455025967499747
2020-02-06,27.445697784423828,27.38578829208707,0.05990949233675735
2020-02-07,27.062801361083984,27.458918919730564,-0.39611755864657994
2020-02-10,26.9743766784668,26.973913259023348,0.00046341944345229535
2020-02-11,27.48604202270508,26.9090172203709,0.5770248023341829
2020-02-12,27.87581443786621,27.479891725455783,0.3959227124104281
2020-02-13,27.813138961791992,27.941667811888095,-0.12852885009610304
2020-02-14,27.28086280822754,27.826366211094257,-0.5455034028667178
2020-02-18,26.678192138671875,27.190105374205167,-0.5119132355332923
2020-02-19,27.102294921875,26.598059710580266,0.5042352112947341
2020-02-20,26.548553466796875,27.130525795812414,-0.5819723290155387
2020-02-21,26.14161872863769,26.578392035891465,-0.43677330725377317
2020-02-24,25.034141540527344,26.216376938104514,-1.1822353975771698
2020-02-25,24.268348693847656,24.913586359336932,-0.645237665489276
2020-02-26,24.543073654174805,24.309896910228233,0.23317674394657217
2020-02-27,23.518871307373047,24.6030511421983,-1.0841798348252532
2020-02-28,23.404691696166992,23.602263436726425,-0.19757174055943238
2020-03-02,24.46495056152344,23.51962880455008,0.9453217569733603
2020-03-03,23.544628143310547,24.466341279859943,-0.9217131365493962
2020-03-04,24.506160736083984,23.624353829950753,0.8818069061332316
2020-03-05,23.52659797668457,24.59928245038865,-1.0726844737040793
2020-03-06,23.132545471191406,23.30439777011473,-0.17185229892332288
2020-03-09,21.266998291015625,23.265167062556007,-1.9981687715403815
2020-03-10,22.570220947265625,21.026039050976475,1.5441818962891496
2020-03-11,21.11676597595215,22.785958200300936,-1.6691922243487873
2020-03-12,18.782474517822266,21.050452850847766,-2.2679783330255
2020-03-13,20.10801315307617,18.955196399265226,1.1528167538109422
2020-03-16,16.103925704956055,19.998562540850163,-3.894636835894108
2020-03-17,17.12812614440918,16.042912992198016,1.085213152211164
2020-03-18,14.411805152893066,17.567262532922722,-3.155457380029656
2020-03-19,16.693721771240234,14.011053471609937,2.682668299630297
2020-03-20,16.782779693603516,17.40868561862818,-0.6259059250246644
2020-03-23,16.89191436767578,16.576813930424862,0.3151004372509192
2020-03-24,18.576128005981445,17.30795415571731,1.2681738502641338
2020-03-25,18.99434471130371,18.350137830199753,0.6442068811039583
2020-03-26,21.23123359680176,18.987469098516566,2.243764498285195
2020-03-27,20.1416015625,21.355769791897348,-1.2141682293973481
2020-03-30,20.96406555175781,19.836494624339558,1.127570927418251
2020-03-31,20.70125770568848,20.998223060563927,-0.2969653548754465
2020-04-01,19.525196075439453,20.353183735298384,-0.8279876598589304
2020-04-02,20.69776725769043,19.630502708550907,1.067264549139523
2020-04-03,20.45330238342285,20.65381709030705,-0.20051470688419926
2020-04-06,22.040599822998047,20.444531066623718,1.5960687563743292
2020-04-07,22.11307144165039,22.306707441312014,-0.19363599966162326
2020-04-08,22.796709060668945,21.934503001115946,0.8622060595529994
2020-04-09,22.2029972076416,22.89141317588611,-0.6884159682445095
2020-04-13,22.69368553161621,21.947895505653257,0.745790025962954
2020-04-14,23.366838455200195,22.726948782385453,0.6398896728147427
2020-04-15,22.47715377807617,23.292610502199864,-0.8154567241236954
2020-04-16,22.55137062072754,22.513544085838134,0.037826534889404684
2020-04-17,23.21405029296875,22.508571285989277,0.7054790069794734
2020-04-20,22.55049514770508,23.140276240056185,-0.5897810923511031
2020-04-21,21.62238311767578,22.632466330044256,-1.0100832123684746
2020-04-22,22.69804573059082,21.582240568216868,1.1158051623739524
2020-04-23,22.60724449157715,22.661686706113755,-0.054442214536607025
2020-04-24,23.120630264282227,22.66669362200366,0.4539366422785669
2020-04-27,23.438438415527344,23.293704847542223,0.14473356798512071
2020-04-28,23.113643646240234,23.300035837374068,-0.18639219113383376
2020-04-29,24.0993766784668,23.114409556575456,0.9849671218913443
2020-04-30,23.715211868286133,24.088720585789765,-0.3735087175036327
2020-05-01,22.674474716186523,23.63558610294707,-0.9611113867605461
2020-05-04,22.897987365722656,22.68570433162539,0.2122830340972648
2020-05-05,23.12586975097656,22.77890710681927,0.3469626441572906
2020-05-06,23.065624237060547,23.170745614961543,-0.1051213779009963
2020-05-07,23.3773250579834,23.206808936142316,0.17051612184108222
2020-05-08,24.012943267822266,23.36721202425925,0.6457312435630165
2020-05-11,24.045246124267575,24.010221164647557,0.03502495962001717
2020-05-12,23.438438415527344,24.053547169793898,-0.6151087542665543
2020-05-13,22.97569274902344,23.374371328016615,-0.3986785789931737
2020-05-14,23.27691650390625,22.871411042520773,0.40550546138547716
2020-05-15,22.736467361450195,23.282973483610817,-0.546506122160622
2020-05-18,23.881975173950195,22.7808927322691,1.101082441681097
2020-05-19,23.7440242767334,24.01581104167132,-0.27178676493792153
2020-05-20,24.331621170043945,23.67413235504373,0.6574888150002138
2020-05-21,23.99285697937012,24.456933991697518,-0.4640770123273974
2020-05-22,24.154380798339844,23.80922500308707,0.3451557952527722
2020-05-26,24.623239517211918,24.19515130826906,0.4280882089428566
2020-05-27,25.10955619812012,24.55940946753837,0.5501467305817513
2020-05-28,24.72102928161621,25.178973997173195,-0.4579447155569838
2020-05-29,25.430858612060547,24.681254182926054,0.749604429134493
2020-06-01,25.31909942626953,25.415508827306045,-0.09640940103651374
2020-06-02,26.0236930847168,25.232348679349652,0.7913444053671483
2020-06-03,27.025144577026367,26.126653861176045,0.8984907158503219
2020-06-04,26.96926498413086,26.97006323760453,-0.000798253473671906
2020-06-05,27.684335708618164,26.982677237930112,0.7016584706880522
2020-06-08,27.72275733947754,27.641854957383114,0.08090238209442546
2020-06-09,27.530670166015625,27.57847689266981,-0.04780672665418351
2020-06-10,27.5062198638916,27.539885708171827,-0.03366584428022534
2020-06-11,25.647384643554688,27.40938044840288,-1.761995804848194
2020-06-12,26.21490478515625,25.542781823746118,0.6721229614101318
2020-06-15,26.55017852783203,26.290345379661822,0.25983314817020897
2020-06-16,27.12904167175293,26.53385300550423,0.5951886662486991
2020-06-17,27.36652374267578,27.42037940058233,-0.053855657906549226
2020-06-18,27.8266544342041,27.300186863269396,0.526467570934706
2020-06-19,26.707273483276367,27.811516420880217,-1.1042429376038498
2020-06-22,27.65728759765625,26.568670178755216,1.088617418901034
2020-06-23,27.459697723388672,27.693627927701925,-0.2339302043132534
2020-06-24,27.0777530670166,27.3573363223031,-0.2795832552865001
2020-06-25,27.243587493896484,27.229747746624476,0.013839747272008651
2020-06-26,27.11656188964844,27.12243797061077,-0.005876080962327279
2020-06-29,27.32561683654785,27.128984948195594,0.19663188835225753
2020-06-30,27.83988380432129,27.39308196305062,0.4468018412706698
2020-07-01,27.585838317871094,27.839390491540158,-0.253552173669064
2020-07-02,27.82753562927246,27.588067057670663,0.23946857160179746
2020-07-06,28.12038993835449,27.822636717477277,0.2977532208772118
2020-07-07,27.6202392578125,28.05805961623153,-0.43782035841903166
2020-07-08,28.189193725585938,27.63009272864297,0.5591009969429663
2020-07-09,28.35944175720215,28.195740585245904,0.16370117195624445
2020-07-10,28.1777286529541,28.313561778614925,-0.13583312566082384
2020-07-13,27.460580825805664,28.24469000880356,-0.784109182997895
2020-07-14,27.793132781982425,27.34998919729962,0.44314358468280446
2020-07-15,27.6784610748291,27.79167467580325,-0.11321360097414868
2020-07-16,27.463228225708008,27.68196426982501,-0.21873604411700143
2020-07-17,27.584081649780277,27.557407137357192,0.02667451242308516
2020-07-20,27.97396469116211,27.545050068576924,0.42891462258518587
2020-07-21,27.727855682373047,28.005055662078895,-0.2771999797058484
2020-07-22,27.680221557617188,27.74248988182877,-0.06226832421158335
2020-07-23,27.31591796875,27.670285385745224,-0.354367416995224
2020-07-24,26.973663330078125,27.239855766306977,-0.26619243622885236
2020-07-27,27.581432342529297,26.99287210737159,0.5885602351577077
2020-07-28,27.111270904541016,27.61711248477563,-0.5058415802346161
2020-07-29,27.243587493896484,27.124716131531834,0.11887136236465068
2020-07-30,27.53026580810547,27.312674397073053,0.21759141103241575
2020-07-31,27.94044303894043,27.45234281419532,0.4881002247451107
2020-08-03,28.335620880126957,28.025447807389565,0.3101730727373919
2020-08-04,28.96720123291016,28.33828332809304,0.6289179048171185
2020-08-05,29.068641662597656,28.963124597898123,0.10551706469953359
2020-08-06,29.035120010375977,29.017305971608497,0.017814038767479445
2020-08-07,28.750205993652344,28.988494490573554,-0.23828849692121068
2020-08-10,28.87634658813477,28.650677615487755,0.22566897264701424
2020-08-11,28.58261489868164,28.87145544564239,-0.2888405469607491
2020-08-12,29.4303035736084,28.56588753013578,0.8644160434726196
2020-08-13,29.05805778503418,29.518682077880293,-0.46062429284611284
2020-08-14,28.91692543029785,29.007397176667546,-0.09047174636969402
2020-08-17,29.137451171875,28.968105432282325,0.16934573959267496
2020-08-18,28.989255905151367,29.02769889072716,-0.03844298557579151
2020-08-19,29.039539337158203,29.02800789141956,0.011531445738643953
2020-08-20,29.00601959228516,29.066812997322085,-0.06079340503692521
2020-08-21,29.11098289489746,28.97096240978534,0.14002048511212095
2020-08-24,29.46206283569336,29.137992184981854,0.324070650711505
2020-08-25,29.65082550048828,29.471667656280122,0.1791578442081594
2020-08-26,29.96221160888672,29.6631874777019,0.29902413118481874
2020-08-27,29.91546058654785,29.96774589281379,-0.05228530626594008
2020-08-28,30.41649055480957,29.864573753009658,0.5519168017999121
2020-08-31,30.622013092041016,30.422216310129695,0.19979678191132066
2020-09-01,31.71493911743164,30.58369806149111,1.1312410559405315
2020-09-02,33.07954406738281,31.784167334252718,1.2953767331300945
2020-09-03,31.05777740478516,33.07309300658395,-2.015315601798793
2020-09-04,32.01573181152344,30.928201389858046,1.0875304216653916
2020-09-08,30.92104721069336,31.959693109089084,-1.0386458983957247
2020-09-09,31.758155822753903,30.63274188793828,1.1254139348156222
2020-09-10,31.49793815612793,32.10718104365677,-0.6092428875288434
2020-09-11,31.72905731201172,31.32553506427558,0.403522247736138
2020-09-14,31.94957733154297,31.908240962128477,0.04133636941449126
2020-09-15,32.365047454833984,31.839135604840457,0.5259118499935269
2020-09-16,32.37651062011719,32.423829797846935,-0.04731917772974725
2020-09-17,32.277706146240234,32.34453787991213,-0.0668317336718971
2020-09-18,31.731687545776367,32.249070454776664,-0.5173829090002968
2020-09-21,31.31422233581543,31.647527102381833,-0.3333047665664033
2020-09-22,32.186553955078125,31.29523497034641,0.8913189847317149
2020-09-23,31.296417236328125,32.2407689420057,-0.9443517056775761
2020-09-24,31.379209518432617,31.308958685534492,0.07025083289812528
2020-09-25,31.76018524169922,31.46499484716654,0.29519039453267837
2020-09-28,32.69483184814453,31.644328719855885,1.0505031282886463
2020-09-29,32.42422866821289,32.86291349615797,-0.4386848279450817
2020-09-30,32.429569244384766,32.39509708273226,0.03447216165250211
2020-10-01,32.810550689697266,32.39596523434911,0.4145854553481527
2020-10-02,31.76285171508789,32.69728226405776,-0.9344305489698712
2020-10-05,32.5880126953125,31.741703231234016,0.8463094640784838
2020-10-06,32.39929962158203,32.6476946111399,-0.2483949895578661
2020-10-07,32.64498519897461,32.3108154021287,0.33416979684590586
2020-10-08,33.23158645629883,32.817497311169824,0.4140891451290045
2020-10-09,33.53155899047852,33.14280327356885,0.3887557169096709
2020-10-12,34.04161834716797,33.570824694745276,0.47079365242269233
2020-10-13,33.95793151855469,34.040838263676356,-0.08290674512166873
2020-10-14,33.85200881958008,33.87247159699731,-0.02046277741722946
2020-10-15,33.819068908691406,33.81468410386246,0.004384804828944766
2020-10-16,33.70514297485352,33.747004619958915,-0.04186164510539214
2020-10-19,33.448768615722656,33.70932822010637,-0.2605596043837153
2020-10-20,33.55738067626953,33.45071134362895,0.10666933264057832
2020-10-21,33.11764907836914,33.56840353822643,-0.45075445985728635
2020-10-22,33.23515319824219,33.10506615126549,0.1300870469766977
2020-10-23,33.17729187011719,33.2830273656995,-0.10573549558231576
2020-10-26,32.315635681152344,33.15077458089513,-0.8351388997427875
2020-10-27,32.00942611694336,32.333973681743736,-0.32454756480037616
2020-10-28,30.90654182434082,31.98571457518306,-1.0791727508422397
2020-10-29,31.60084342956543,30.846253474182646,0.7545899553827837
2020-10-30,31.121957778930664,31.76205027120813,-0.6400924922774642
2020-11-02,31.26615524291992,31.113365905828275,0.15278933709164377
2020-11-03,31.48958396911621,31.441935303808936,0.04764866530727474
2020-11-04,32.45716094970703,31.396214882062665,1.060946067644366
2020-11-05,33.90274810791016,32.57314671388277,1.3296013940273923
2020-11-06,33.8804931640625,33.95118797248304,-0.07069480842054077
2020-11-09,33.42831039428711,33.84917697015531,-0.4208665758682031
2020-11-10,32.32364654541016,33.296194175527525,-0.9725476301173615
2020-11-11,33.46213150024414,32.072182288312916,1.3899492119312242
2020-11-12,32.952972412109375,33.52859016441756,-0.5756177523081831
2020-11-13,33.2467155456543,32.958060072112914,0.28865547354138243
2020-11-16,33.89741134643555,33.43821848389975,0.4591928625357937
2020-11-17,33.87871170043945,33.76303340856911,0.11567829187034562
2020-11-18,33.8804931640625,33.94560591703669,-0.06511275297418706
2020-11-19,34.21073532104492,33.85125180079546,0.3594835202494622
2020-11-20,34.121726989746094,34.13809625782897,-0.016369268082875976
2020-11-23,34.44840240478516,34.11615473886334,0.33224766592182675
2020-11-24,34.9139404296875,34.47155544614592,0.4423849835415794
2020-11-25,34.78932571411133,34.88769037454273,-0.09836466043140035
2020-11-27,35.15606689453125,34.79552445632498,0.3605424382062665
2020-11-30,35.74623489379883,35.13928043821236,0.6069544555864681
2020-12-01,36.012386322021484,35.70682750982345,0.3055588121980364
2020-12-02,35.93761444091797,36.04306629970875,-0.10545185879077934
2020-12-03,35.5877799987793,35.8902947025871,-0.30251470380780177
2020-12-04,36.6452751159668,35.493764584758175,1.151510531208622
2020-12-07,37.465087890625,36.66605158837426,0.799036302250741
2020-12-08,37.68941116333008,37.50065881350152,0.1887523498285546
2020-12-09,37.04939651489258,37.75790794979584,-0.7085114349032651
2020-12-10,36.49928665161133,36.8821043086663,-0.3828176570549715
2020-12-11,36.123653411865234,36.36871463139638,-0.245061219531145
2020-12-14,36.655948638916016,36.068609615027405,0.5873390238886103
2020-12-15,37.21318054199219,36.766397685627645,0.4467828563645426
2020-12-16,37.82202911376953,37.30569360329734,0.5163355104721887
2020-12-17,37.92885208129883,37.908091305360344,0.020760775938484244
2020-12-18,39.011505126953125,37.86395525566545,1.1475498712876728
2020-12-21,38.50159454345703,39.00004714781013,-0.4984526043530977
2020-12-22,38.88043975830078,38.38159225833598,0.4988474999648034
2020-12-23,38.19457626342773,38.90892536627962,-0.7143491028518909
2020-12-24,38.73321533203125,37.997638241705246,0.7355770903260037
2020-12-28,38.77091598510742,38.84492450994834,-0.07400852484092013
2020-12-29,38.515960693359375,38.703577775092114,-0.18761708173273917
2020-12-30,39.035743713378906,38.60557145446095,0.4301722589179562
2020-12-31,39.30685424804688,38.99203851496947,0.31481573307740973
2021-01-04,38.17303466796875,39.305886240928885,-1.132851572960135
2021-01-05,38.43157196044922,38.15502122108742,0.2765507393618023
2021-01-06,38.19457626342773,38.39026469239386,-0.19568842896613603
2021-01-07,39.80419921875,38.12335739061411,1.6808418281358897
2021-01-08,40.00618362426758,40.05035503888514,-0.04417141461755847
2021-01-11,40.0169563293457,39.95984079157223,0.05711553777346978
2021-01-12,40.34282684326172,40.07472078310823,0.26810606015348526
2021-01-13,40.50621795654297,40.141743533889255,0.3644744226537142
2021-01-14,40.58341979980469,40.48359910342012,0.09982069638456892
2021-01-15,40.02503967285156,40.589609988864424,-0.5645703160128619
2021-01-19,41.22977828979492,39.95318771940679,1.2765905703881302
2021-01-20,41.464088439941406,41.27709042779712,0.18699801214428646
2021-01-21,41.90756607055664,41.44335269587369,0.46421337468294865
2021-01-22,41.745975494384766,42.02484760451154,-0.2788721101267768
2021-01-25,41.72533416748047,41.571141888217205,0.1541922792632633
2021-01-26,41.64273452758789,41.701186372611716,-0.058451845023824944
2021-01-27,39.92179870605469,41.575030356615834,-1.6532316505611462
2021-01-28,40.55379486083984,39.85531801446111,0.6984768463787248
2021-01-29,40.442474365234375,40.60656135092635,-0.16408698569197355
2021-02-01,41.90038299560547,40.412586012791245,1.4877969828142241
2021-02-02,42.81067657470703,42.22423243355166,0.5864441411553685
2021-02-03,41.7612419128418,42.7534600977271,-0.9922181848853029
2021-02-04,42.24959564208984,41.73660323228669,0.5129924098031466
2021-02-05,41.83485794067383,42.101004581156104,-0.2661466404822761
2021-02-08,42.435428619384766,41.6655027753466,0.7699258440381627
2021-02-09,42.60869216918945,42.6234059022236,-0.014713733034149357
2021-02-10,42.19752883911133,42.53718090266097,-0.33965206354964295
2021-02-11,42.94623565673828,42.241347324839495,0.7048883318987862
2021-02-12,43.65813064575195,42.909829026061,0.748301619690956
2021-02-16,43.91038131713867,43.656319576737346,0.2540617404013261
2021-02-17,43.31340408325195,43.984774753414264,-0.671370670162311
2021-02-18,43.38341522216797,43.18868562643933,0.19472959572863857
2021-02-19,43.984893798828125,43.29983233373697,0.6850614650911524
2021-02-22,42.76398849487305,43.97071597064503,-1.2067274757719844
2021-02-23,42.36361312866211,42.777418373995054,-0.41380524533294505
2021-02-24,43.169769287109375,42.35639665960027,0.8133726275091036
2021-02-25,41.04036331176758,43.1128807832829,-2.0725174715153187
2021-02-26,42.18136978149414,41.08239955731494,1.0989702241791974
2021-03-01,43.95078659057617,42.33192251596466,1.6188640746115084
2021-03-02,43.13654327392578,43.88398333850338,-0.7474400645775958
2021-03-03,41.57001876831055,43.386937642891226,-1.8169188745806792
2021-03-04,39.8221435546875,41.37020718911846,-1.5480636344309602
2021-03-05,40.41016387939453,39.49163008159067,0.9185337978038604
2021-03-08,37.8166389465332,40.545299218343,-2.728660271809794
2021-03-09,39.82304763793945,37.86201832440266,1.961029313536791
2021-03-10,39.28351211547852,40.20504171850894,-0.9215296030304145
2021-03-11,40.72884750366211,39.10991340848406,1.618934095178048
2021-03-12,40.50262069702149,41.199477397492885,-0.6968567004713933
2021-03-15,42.26215744018555,40.19057464045306,2.0715827997324894
2021-03-16,42.92738342285156,42.454057654164124,0.47332576868743814
2021-03-17,43.413047790527344,42.74051076977274,0.6725370207546035
2021-03-18,41.66788101196289,43.491464465462236,-1.8235834534993458
2021-03-19,42.92637252807617,41.34140454771938,1.5849679803567938
2021-03-22,43.00055313110352,42.92708356779094,0.07346956331258525
2021-03-23,41.98543548583984,42.89502976019744,-0.9095942743576018
2021-03-24,41.37112808227539,42.192817800800036,-0.8216897185246452
2021-03-25,41.77191925048828,41.178473841466634,0.5934454090216477
2021-03-26,43.61215591430664,41.77221528724802,1.839940627058624
2021-03-29,42.75989532470703,43.832549108640045,-1.0726537839330135
2021-03-30,41.27069091796875,42.78699025839084,-1.516299340422087
2021-03-31,41.949249267578125,41.17821373071643,0.7710355368616959
2021-04-01,43.0611686706543,41.733354226949096,1.3278144437052006
2021-04-05,44.1948127746582,43.20385022668317,0.9909625479750304
2021-04-06,43.77773284912109,44.45759996911529,-0.6798671199942063
2021-04-07,43.65016555786133,43.66915378324883,-0.018988225387502666
2021-04-08,43.92338943481445,43.51409984500917,0.40928958980528307
2021-04-09,43.88811492919922,43.776174814847366,0.11194011435185303
2021-04-12,43.75962829589844,43.93854263314319,-0.17891433724475547
2021-04-13,43.87633895874024,43.775429328107094,0.10090963063314717
2021-04-14,43.18331909179688,43.845634801698566,-0.6623157099016836
2021-04-15,43.42759323120117,43.14883519044886,0.27875804075231514
2021-04-16,43.31812286376953,43.46732652013365,-0.14920365636412214
2021-04-19,41.7990608215332,43.28223260112141,-1.4831717795882042
2021-04-20,41.37022018432617,41.82078978952407,-0.4505696051978987
2021-04-21,41.5991096496582,41.32894705930166,0.27016259035654144
2021-04-22,41.17569732666016,41.60534266318834,-0.42964533652817494
2021-04-23,42.17271041870117,41.35291656860993,0.8197938500912443
2021-04-26,42.69023132324219,42.29172123524052,0.39851008800166454
2021-04-27,42.19262313842773,42.667817831812926,-0.47519469338519826
2021-04-28,41.54572677612305,42.23604656496866,-0.6903197888456134
2021-04-29,42.18719100952149,41.38913093012846,0.7980600793930321
2021-04-30,41.27431488037109,42.14800347563743,-0.8736885952663442
2021-05-03,40.72604370117188,41.27768888236369,-0.5516451811918088
2021-05-04,40.21937942504883,40.807039616567714,-0.5876601915188857
2021-05-05,40.15514373779297,40.09564456970022,0.059499168092749244
2021-05-06,40.58488845825195,40.2736051097736,0.31128334847835504
2021-05-07,40.94678497314453,40.67478047275828,0.27200450038625235
2021-05-10,39.45577239990234,41.02948885787657,-1.5737164579742355
2021-05-11,39.8149642944336,39.39054732301252,0.42441697142108126
2021-05-12,38.214481353759766,39.79661022307842,-1.5821288693186517
2021-05-13,38.95817184448242,38.05305072745154,0.9051211170308804
2021-05-14,39.9552001953125,39.224880541834814,0.7303196534776859
2021-05-17,39.80320739746094,39.9228658700901,-0.11965847262916185
2021-05-18,39.24225616455078,40.016946840171705,-0.7746906756209242
2021-05-19,39.9642448425293,39.12919776089289,0.8350470816364037
2021-05-20,41.16574096679688,39.868159199053615,1.2975817677432673
2021-05-21,40.825565338134766,41.231813897474794,-0.40624855934002824
2021-05-24,41.54482650756836,40.88410878390146,0.6607177236668988
2021-05-25,41.57649230957031,41.50656582371624,0.06992648585407579
2021-05-26,41.66245269775391,41.39958708471431,0.262865613039601
2021-05-27,42.31295776367188,41.7253024195147,0.5876553441571843
2021-05-28,42.73366165161133,42.247433821526236,0.48622783008509174
2021-06-01,42.36995315551758,42.74555002392917,-0.37559686841159134
2021-06-02,42.86032485961914,42.34558246026851,0.5147423993506308
2021-06-03,42.05238723754883,42.80726974999815,-0.7548825124493206
2021-06-04,42.97522735595703,41.94133232973117,1.0338950262258635
2021-06-07,41.96009826660156,43.08993650668291,-1.129838240081348
2021-06-08,41.9374885559082,41.81666835961521,0.12082019629299623
2021-06-09,41.97366714477539,42.07366288811329,-0.09999574333789951
2021-06-10,42.40251922607422,41.83204332054542,0.5704759055288022
2021-06-11,42.586181640625,42.56351097954691,0.022670661078088017
2021-06-14,43.05031967163086,42.594796460305375,0.45552321132548457
2021-06-15,42.589805603027344,43.074578687186985,-0.4847730841596416
2021-06-16,42.13833999633789,42.50504473268841,-0.3667047363505205
2021-06-17,42.62870407104492,42.10237722577452,0.526326845270404
2021-06-18,41.93476104736328,42.58753158172456,-0.6527705343612809
2021-06-21,42.36424255371094,41.94927135290726,0.4149712008036772
2021-06-22,42.34964370727539,42.46420318538781,-0.11455947811241884
2021-06-23,42.55116653442383,42.265307362528304,0.2858591718955239
2021-06-24,42.861175537109375,42.66430277182345,0.19687276528592434
2021-06-25,42.144493103027344,42.815808412704584,-0.6713153096772402
2021-06-28,43.11101913452149,42.10935502742779,1.0016641070937027
2021-06-29,43.50766372680664,43.14632065074383,0.36134307606280913
2021-06-30,43.479400634765625,43.46327719755372,0.01612343721190257
2021-07-01,42.822898864746094,43.58826251812158,-0.7653636533754877
2021-07-02,42.68885803222656,42.662927142440594,0.025930889785968247
2021-07-06,43.15479278564453,42.63399199023574,0.520800795408789
2021-07-07,42.81377029418945,43.17334702220533,-0.3595767280158739
2021-07-08,42.90129089355469,42.87906720225124,0.022223691303445037
2021-07-09,43.78395080566406,42.935684752017806,0.8482660536462561
2021-07-12,44.29182815551758,43.759058398391716,0.5327697571258625
2021-07-13,44.13317108154297,44.35698520714829,-0.22381412560532254
2021-07-14,43.912506103515625,44.12214616520756,-0.2096400616919354
2021-07-15,43.52499008178711,43.789917412906576,-0.2649273311194662
2021-07-16,42.679725646972656,43.43482698425667,-0.7551013372840103
2021-07-19,42.46089553833008,42.65820051061099,-0.19730497228091082
2021-07-20,42.727142333984375,42.48252636874691,0.24461596523746465
2021-07-21,43.67817687988281,42.782487680013695,0.8956891998691177
2021-07-22,43.432891845703125,43.83715309599383,-0.4042612502907019
2021-07-23,44.05475997924805,43.44444115954025,0.6103188197077998
2021-07-26,43.9717903137207,44.06889354782767,-0.0971032341069673
2021-07-27,43.34444808959961,43.825993975187174,-0.4815458855875647
2021-07-28,43.553253173828125,43.3568815620958,0.19637161173232442
2021-07-29,44.14228820800781,43.48398452697792,0.6583036810298921
2021-07-30,44.25992584228516,44.17153774544098,0.08838809684418436
2021-08-02,44.19427108764648,44.34938224518259,-0.15511115753611193
2021-08-03,44.386661529541016,44.1707116540397,0.21594987550131606
2021-08-04,44.478759765625,44.318346148576644,0.16041361704835566
2021-08-05,44.46689987182617,44.464201563218985,0.0026983086071865614
2021-08-06,44.26264953613281,44.477520943196325,-0.21487140706351227
2021-08-09,44.19427108764648,44.22727776530749,-0.03300667766101384
2021-08-10,43.973609924316406,44.180069584550765,-0.20645966023435847
2021-08-11,44.09122848510742,43.96113266326493,0.13009582184249524
2021-08-12,44.15597152709961,44.12663745612117,0.02933407097843599
2021-08-13,44.329219818115234,44.16378483081567,0.1654349872995624
2021-08-16,44.5097541809082,44.36979288335313,0.13996129755507525
2021-08-17,43.64807891845703,44.50216220953809,-0.8540832910810607
2021-08-18,42.76179504394531,43.595441190105035,-0.8336461461597224
2021-08-19,43.17758560180664,42.70431402016941,0.4732715816372277
2021-08-20,43.327125549316406,43.16952673676145,0.15759881255495856
2021-08-23,43.99093246459961,43.43407038730373,0.5568620772958823
2021-08-24,43.897926330566406,44.152479328889456,-0.25455299832304945
2021-08-25,44.07846832275391,43.83129832842939,0.2471699943245227
2021-08-26,44.290924072265625,44.0793343474637,0.21158972480192517
2021-08-27,45.220977783203125,44.20721261485755,1.0137651683455715
2021-08-30,45.489967346191406,45.28270555735323,0.20726178883817425
2021-08-31,45.33678436279297,45.47262319742207,-0.13583883462909796
2021-09-01,44.96749114990234,45.31223418161048,-0.34474303170814125
2021-09-02,44.85260391235352,44.82664414794954,0.02595976440398573
2021-09-03,45.379638671875,44.811102375158676,0.5685362967163243
2021-09-07,45.28024291992188,45.4231074478885,-0.14286452796661564
2021-09-08,45.0787353515625,45.3182555433059,-0.23952019174340222
2021-09-09,44.99758529663086,45.093925053787004,-0.0963397571561444
2021-09-10,45.42249298095703,44.92145585223932,0.5010371287177122
2021-09-13,45.496360778808594,45.45570468877444,0.0406560900341546
2021-09-14,45.76169967651367,45.521958750136655,0.23974092637701716
2021-09-15,46.47929382324219,45.79289294278831,0.6864008804538742
2021-09-16,46.261375427246094,46.45647596824708,-0.19510054100098273
2021-09-17,46.13826751708984,46.23661400586746,-0.0983464887776222
2021-09-20,45.11885452270508,46.109713932840506,-0.9908594101354282
2021-09-21,45.09773635864258,44.965064229986,0.13267212865657996
2021-09-22,45.9794921875,45.13552092573281,0.8439712617671873
2021-09-23,46.32026290893555,46.02538316257342,0.29487974636212755
2021-09-24,46.3772087097168,46.46819422481341,-0.09098551509661235
2021-09-27,46.37078094482422,46.3940795726235,-0.023298627799277938
2021-09-28,45.10048675537109,46.2543201843586,-1.153833428987511
2021-09-29,44.95903778076172,44.988799842198645,-0.0297620614369265
2021-09-30,44.54112243652344,44.957450401982285,-0.41632796545884787
2021-10-01,44.76339721679688,44.50070239502504,0.262694821771845
2021-10-04,43.71629333496094,44.95165882265872,-1.2353654876977842
2021-10-05,44.586124420166016,43.6720845280592,0.914039892106814
2021-10-06,44.89473724365234,44.703645805450435,0.19109143820190155
2021-10-07,45.36685943603516,44.85338254690677,0.5134768891283912
2021-10-08,45.2685775756836,45.54641901056124,-0.2778414348776366
2021-10-11,45.22173690795898,45.14398585963378,0.0777510483251973
2021-10-12,44.573272705078125,45.185813586361974,-0.6125408812838486
2021-10-13,44.548458099365234,44.47362636862471,0.07483173074052729
2021-10-14,45.70486831665039,44.5668831390386,1.1379851776117889
2021-10-15,46.22382354736328,45.76073662908322,0.4630869182800623
2021-10-18,46.23392868041992,46.326991013731295,-0.09306233331137292
2021-10-19,46.879638671875,46.2515340860678,0.6281045858072005
2021-10-20,46.787784576416016,46.762716488501965,0.025068087914050352
2021-10-21,47.22499084472656,46.70490984297425,0.5200810017523096
2021-10-22,47.340728759765625,47.258015981619266,0.0827127781463588
2021-10-25,47.95245361328125,47.25174439468871,0.700709218592543
2021-10-26,49.03628921508789,48.0028331110754,1.0334561040124939
2021-10-27,48.047969818115234,49.027738556574946,-0.9797687384597111
2021-10-28,48.64133834838867,47.97933075422644,0.6620075941622332
2021-10-29,48.83420944213867,48.61672536676123,0.21748407537744185
2021-11-01,48.501712799072266,48.67239565813669,-0.17068285906442782
2021-11-02,49.33021545410156,48.62811309211893,0.7021023619826323
2021-11-03,49.817012786865234,49.29841568221765,0.5185971046475828
2021-11-04,50.391090393066406,49.8012856350599,0.5898047580065082
2021-11-05,51.3371467590332,50.475112750383566,0.862034008649637
2021-11-08,51.33990097045898,51.27425697632826,0.06564399413071698
2021-11-09,51.23427581787109,51.27251002710622,-0.0382342092351351
2021-11-10,50.40485763549805,51.16562372008318,-0.7607660845851356
2021-11-11,51.01382827758789,50.23300600526247,0.7808222723254232
2021-11-12,51.73210144042969,51.05220026910407,0.6799011713256178
2021-11-15,51.96632385253906,51.763490856282154,0.20283299625690887
2021-11-16,52.24187088012695,52.09487197479017,0.14699890533677973
2021-11-17,52.3217887878418,52.181901357819704,0.13988743002209247
2021-11-18,52.79664611816406,52.22814571395518,0.5685004042088835
2021-11-19,52.23728561401367,52.792805585645056,-0.5555199716313837
2021-11-22,50.81911087036133,52.166626399632506,-1.3475155292711776
2021-11-23,50.98811721801758,50.748523187167514,0.23959403085006414
2021-11-24,51.31969451904297,50.937573159603204,0.3821213594397648
2021-11-26,50.204627990722656,51.38832722408465,-1.1836992333619918
2021-11-29,51.83497619628906,50.34096796917189,1.4940082271171704
2021-11-30,50.85584259033203,51.91381778096451,-1.057975190632476
2021-12-01,50.95505142211914,50.723369060787405,0.23168236133173536
2021-12-02,50.74287414550781,51.15115046728895,-0.4082763217811376
2021-12-03,51.26366424560547,50.49041900483487,0.7732452407705992
2021-12-06,51.89376831054688,51.42917964666383,0.464588663883049
2021-12-07,54.22861099243164,51.90366305758141,2.324947934850229
2021-12-08,54.059600830078125,54.38072914794255,-0.32112831786442797
2021-12-09,53.58748245239258,53.96460740644462,-0.37712495405204294
2021-12-10,58.02019119262695,53.5171062888947,4.503084903732251
2021-12-13,57.099857330322266,57.93140648725808,-0.8315491569358144
2021-12-14,56.47986602783203,57.0197612867993,-0.5398952589672703
2021-12-15,58.77154159545898,56.59634466775118,2.1751969277077947
2021-12-16,57.00983047485352,58.272483682575114,-1.2626532077215913
2021-12-17,58.32146453857422,57.00996528803424,1.3114992505399812
2021-12-20,59.246395111083984,58.53183036441822,0.714564746665765
2021-12-21,59.737247467041016,58.93591725082424,0.8013302162167761
2021-12-22,60.56549072265625,60.016715350594616,0.548775372061634
2021-12-23,61.45289993286133,60.43828317544526,1.0146167574160714
2021-12-27,62.32921600341797,61.37104613605427,0.9581698673637007
2021-12-28,61.84114456176758,62.311429297127034,-0.47028473535945636
2021-12-29,62.174835205078125,61.70734366853348,0.46749153654464237
2021-12-30,61.47877502441406,62.09002287004972,-0.6112478456356598
2021-12-31,61.5092887878418,61.31051753982129,0.19877124802050616
2022-01-03,61.31608963012695,61.591006302445074,-0.27491667231812045
2022-01-04,62.01862335205078,61.24828730306179,0.7703360489889945
2022-01-05,59.43775177001953,62.15330821818986,-2.7155564481703323
2022-01-06,58.88589096069336,59.288947987335675,-0.40305702664231546
2022-01-07,57.23310470581055,58.92332525066181,-1.6902205448512646
2022-01-10,57.41889953613281,57.01380475315563,0.40509478297718005
2022-01-11,57.50116729736328,57.79186107159831,-0.29069377423503084
2022-01-12,57.49654769897461,57.55175352578569,-0.05520582681108266
2022-01-13,55.203155517578125,57.72567767143503,-2.5225221538569045
2022-01-14,55.12735366821289,55.0601202352688,0.0672334329440929
2022-01-18,53.409854888916016,55.13673878297128,-1.7268838940552627
2022-01-19,52.132362365722656,53.28405233307282,-1.1516899673501655
2022-01-20,50.63023376464844,52.39856217265145,-1.7683284080030148
2022-01-21,49.29081344604492,50.547915752902554,-1.2571023068576324
2022-01-24,50.06266784667969,49.45231693566975,0.6103509110099381
2022-01-25,49.37493515014648,50.267678613729316,-0.8927434635828391
2022-01-26,51.49916458129883,49.51510788229794,1.984056699000888
2022-01-27,50.130149841308594,51.81366600623928,-1.683516164930687
2022-01-28,51.77461624145508,49.9187457095985,1.8558705318565814
2022-01-31,54.15768432617188,52.004532787702864,2.153151538469018
2022-02-01,54.78995513916016,53.948785092466316,0.841170046693847
2022-02-02,55.77996826171875,55.01262260662412,0.7673456550946298
2022-02-03,53.69271469116211,55.638166216034556,-1.9454515248724462
2022-02-04,54.55331039428711,53.25682037181263,1.2964900224744795
2022-02-07,54.31945037841797,54.55000288394295,-0.23055250552498308
2022-02-08,55.48324203491211,54.12722366773425,1.3560183671778603
2022-02-09,56.51115417480469,55.84731486799166,0.6638393068130242
2022-02-10,54.66424560546875,56.42974427101507,-1.7654986655463176
2022-02-11,53.005897521972656,54.60893223987775,-1.6030347179050963
2022-02-14,53.48287582397461,52.79696495457874,0.6859108693958689
2022-02-15,55.71895980834961,53.353431039811234,2.3655287685383755
2022-02-16,55.20501327514648,56.0559923400586,-0.8509790649121243
2022-02-17,53.521705627441406,55.39015080145406,-1.8684451740126562
2022-02-18,53.61321258544922,53.411641554257486,0.20157103119173314
2022-02-22,53.379356384277344,53.32019645770587,0.05915992657147484
2022-02-23,52.24513244628906,53.408846780006186,-1.1637143337171238
2022-02-24,53.614139556884766,52.42171818266412,1.1924213742206433
2022-02-25,54.35456466674805,53.68087048510495,0.6736941816430999
2022-02-28,54.301883697509766,54.391464929807285,-0.08958123229751891
2022-03-01,52.70085525512695,54.46986772060073,-1.7690124654737787
2022-03-02,54.14844131469727,52.442578069399914,1.7058632452973583
2022-03-03,53.4847297668457,54.13810353529896,-0.6533737684532568
2022-03-04,55.092227935791016,53.41529944064168,1.6769284951493333
2022-03-07,52.75447082519531,55.426886627596346,-2.6724158024010336
2022-03-08,53.2397689819336,52.4059262379189,0.8338427440147029
2022-03-09,55.187442779541016,53.40810477087575,1.7793380086652633
2022-03-10,54.32868957519531,55.023337019674265,-0.694647444478953
2022-03-11,53.41539764404297,54.5925714212693,-1.1771737772263293
2022-03-14,52.48640060424805,53.3430277929972,-0.856627188749151
2022-03-15,54.79365158081055,52.16607200513113,2.6275795756794196
2022-03-16,56.12106704711914,55.026112050618394,1.0949549965007463
2022-03-17,55.70971298217773,56.275100332300745,-0.565387350123018
2022-03-18,56.42519378662109,55.84019665446018,0.5849971321609075
2022-03-21,55.95801544189453,56.171720304740916,-0.21370486284638446
2022-03-22,56.89329528808594,55.73679236031596,1.1565029277699779
2022-03-23,55.7802619934082,57.01527718680251,-1.2350151933943039
2022-03-24,58.29761505126953,55.60635752362296,2.6912575276465702
2022-03-25,58.524696350097656,58.51992132521928,0.00477502487837711
2022-03-28,58.89788055419922,58.36227594653571,0.5356046076635081
2022-03-29,59.69729232788086,59.109688819951046,0.5876035079298134
2022-03-30,58.73130416870117,59.39251879455056,-0.6612146258493894
2022-03-31,58.600074768066406,58.64761019584601,-0.047535427779607176
2022-04-01,58.34880447387695,58.565696962816375,-0.21689248893942192
2022-04-04,59.08121109008789,58.211227974083016,0.8699831160048745
2022-04-05,57.15200424194336,59.252475807568075,-2.1004715656247157
2022-04-06,56.02408599853516,57.05793253817019,-1.0338465396350287
2022-04-07,56.121803283691406,56.033110512943495,0.08869277074791171
2022-04-08,54.62813568115234,56.00622398907692,-1.3780883079245854
2022-04-11,54.03346633911133,54.79599939680623,-0.7625330576949025
2022-04-12,54.44852828979492,54.17536763189109,0.27316065790382993
2022-04-13,55.14371109008789,54.4381476666015,0.7055634234863888
2022-04-14,53.40435028076172,55.370675694961186,-1.966325414199467
2022-04-18,54.58161163330078,53.395317098319026,1.186294534981755
2022-04-19,55.616477966308594,54.61592050953557,1.0005574567730235
2022-04-20,55.62576675415039,55.53294410252964,0.09282265162075021
2022-04-21,55.16138458251953,55.87377028620998,-0.7123857036904511
2022-04-22,54.62348556518555,54.99263622946682,-0.3691506642812712
2022-04-25,54.71002960205078,54.458516534983815,0.2515130670669663
2022-04-26,52.121952056884766,54.71129935916442,-2.5893473022796556
2022-04-27,52.07260894775391,52.041686956357864,0.03092199139604901
2022-04-28,53.8780517578125,52.17329462588017,1.7047571319323325
2022-04-29,51.59333801269531,53.91720178769088,-2.3238637749955657
2022-05-02,53.63700866699219,51.81031125042394,1.8266974165682441
2022-05-03,54.085575103759766,53.804436659172204,0.28113844458756176
2022-05-04,56.17857360839844,53.8006302479799,2.3779433604185343
2022-05-05,53.97575759887695,56.63032221482425,-2.6545646159472938
2022-05-06,53.98599624633789,53.56557961972869,0.4204166266092031
2022-05-09,52.38718032836914,53.9834584983071,-1.5962781699379605
2022-05-10,54.10604476928711,51.979814334552636,2.126230434734474
2022-05-11,52.777103424072266,54.51532062946276,-1.738217205390491
2022-05-12,53.19217300415039,52.66164637677457,0.5305266273758207
2022-05-13,54.7435417175293,53.476379165477844,1.2671625520514525
2022-05-16,54.22517013549805,54.561138155456014,-0.3359680199579671
2022-05-17,56.596435546875,54.371147339066596,2.225288207808404
2022-05-18,53.09910583496094,56.69376590678034,-3.594660071819405
2022-05-19,50.83208465576172,52.670364816068314,-1.8382801603065957
2022-05-20,50.55103302001953,50.862937644841836,-0.3119046248223043
2022-05-23,48.98477935791016,50.17671749582582,-1.1919381379156562
2022-05-24,48.78376770019531,49.349511729393285,-0.5657440291979725
2022-05-25,49.475223541259766,49.09711450610045,0.37810903515931216
2022-05-26,51.246219635009766,49.52578470562654,1.7204349293832237
2022-05-27,54.28194427490234,51.54252435308321,2.7394199218191275
2022-05-31,53.98879623413086,54.45942580151715,-0.4706295673862897
2022-06-01,53.38294982910156,53.87536244671539,-0.49241261761383015
2022-06-02,53.67330932617188,53.1618438718627,0.5114654543091817
2022-06-03,52.42440414428711,53.27277388039697,-0.8483697361098592
2022-06-06,52.22990417480469,52.38671780007765,-0.15681362527296017
2022-06-07,53.324317932128906,52.3213735991128,1.002944333016103
2022-06-08,52.61424255371094,53.32245347866376,-0.708210924952823
2022-06-09,51.76365280151367,52.734048061580836,-0.9703952600671641
2022-06-10,50.372352600097656,51.77215434168031,-1.3998017415826567
2022-06-13,48.17140579223633,50.14712629747499,-1.9757205052386624
2022-06-14,48.40871047973633,48.15569136761692,0.25301911211941075
2022-06-15,49.01735305786133,48.538453543588055,0.47889951427327304
2022-06-16,46.26919174194336,49.20092271993815,-2.931730977994789
2022-06-17,46.40600204467773,46.42658958708327,-0.020587542405543502
2022-06-21,47.27115249633789,46.420214936615054,0.850937559722837
2022-06-22,46.55144500732422,47.18511657205703,-0.6336715647328077
2022-06-23,46.59648132324219,46.88479790304127,-0.2883165797990799
2022-06-24,47.770355224609375,46.60217342626999,1.1681817983393827
2022-06-27,47.45319366455078,47.69984497837244,-0.2466513138216584
2022-06-28,46.771949768066406,47.52377300220127,-0.7518232341348607
2022-06-29,46.01752471923828,46.75340198367654,-0.7358772644382583
2022-06-30,45.58588790893555,45.81912133740305,-0.23323342846749995
2022-07-01,44.838016510009766,45.60387632929616,-0.7658598192863977
2022-07-05,44.69351577758789,44.88495194237849,-0.191436164790602
2022-07-06,45.28561401367188,44.79057775577352,0.4950362578983629
2022-07-07,46.78040313720703,45.36474131830627,1.4156618189007588
2022-07-08,46.794471740722656,46.951917410226415,-0.15744566950375827
2022-07-11,45.30907440185547,46.80882425873066,-1.4997498568751908
2022-07-12,45.16926193237305,45.175417435236334,-0.006155502863286699
2022-07-13,45.20303726196289,44.97279833402853,0.23023892793435863
2022-07-14,45.4760971069336,45.17962153947231,0.2964755674612931
2022-07-15,46.397560119628906,45.69171872608098,0.705841393547928
2022-07-18,46.07851409912109,46.462178471732166,-0.38366437261107933
2022-07-19,47.76190948486328,46.05195221183279,1.70995727303049
2022-07-20,48.02182769775391,47.83045194022917,0.1913757575247459
2022-07-21,48.57640075683594,47.88521445644991,0.691186300386029
2022-07-22,48.09220886230469,48.67424474260672,-0.5820358803020298
2022-07-25,48.1475715637207,47.8340902003474,0.313481363373306
2022-07-26,47.95802307128906,48.129169874546065,-0.1711468032570025
2022-07-27,49.52506637573242,47.86331270916211,1.6617536665703128
2022-07-28,50.07119369506836,49.67583376023579,0.3953599348325696
2022-07-29,50.24666213989258,50.07186910588796,0.17479303400461532
2022-08-01,50.33017349243164,50.302029812789364,0.02814367964227671
2022-08-02,49.84598922729492,50.126333261948,-0.28034403465307633
2022-08-03,51.3032341003418,49.74784536241156,1.5553887379302367
2022-08-04,51.87186813354492,51.36128552917497,0.5105826043699508
2022-08-05,51.744258880615234,51.86611716846092,-0.12185828784568287
2022-08-08,51.189697265625,51.82233510465368,-0.632637839028682
2022-08-09,49.99517822265625,50.97150082900297,-0.9763226063467201
2022-08-10,51.64761352539063,49.858932233967685,1.7886812914229466
2022-08-11,51.1803092956543,51.754464718923245,-0.5741554232689481
2022-08-12,52.38139724731445,51.19460661280895,1.1867906345055061
2022-08-15,52.44990158081055,52.64040762272795,-0.19050604191740206
2022-08-16,51.76396560668945,52.20562232295179,-0.4416567162623366
2022-08-17,50.53847885131836,51.811890950933986,-1.2734120996156264
2022-08-18,52.40204620361328,50.31838294499187,2.0836632586214137
2022-08-19,51.46181488037109,52.49103660630832,-1.0292217259372336
2022-08-22,49.615142822265625,51.46685612726792,-1.851713305002292
2022-08-23,49.7118034362793,49.72898364695659,-0.017180210677295804
2022-08-24,49.8112678527832,49.464913379946836,0.3463544728363672
2022-08-25,51.62133026123047,49.913854741303595,1.7074755199268736
2022-08-26,48.874794006347656,51.969535166727084,-3.094741160379428
2022-08-29,48.24797439575195,48.7012550293182,-0.45328063356624426
2022-08-30,47.51699447631836,48.261527815788966,-0.7445333394706068
2022-08-31,46.83388900756836,47.19132092450866,-0.35743191694029974
2022-09-01,46.16765594482422,47.17338841246114,-1.0057324676369177
2022-09-02,46.93804168701172,46.21444319535234,0.7235984916593807
2022-09-06,46.748497009277344,47.07425352692525,-0.32575651764790337
2022-09-07,47.398773193359375,46.81316240068837,0.5856107926710052
2022-09-08,48.03684997558594,47.538932049997605,0.49791792558833237
2022-09-09,49.0192985534668,47.953893085657306,1.0654054678094909
2022-09-12,49.64423370361328,49.100251054071826,0.543982649541455
2022-09-13,47.25990676879883,49.58730993647939,-2.327403167680565
2022-09-14,47.92612838745117,47.05820625268508,0.8679221347660899
2022-09-15,46.93053817749024,47.86173219015329,-0.9311940126630489
2022-09-16,47.15198516845703,46.746135896235366,0.40584927222166556
2022-09-19,47.09004974365234,47.51299120136226,-0.42294145770992486
2022-09-20,46.26618194580078,46.97630534996643,-0.7101234041656497
2022-09-21,45.6208610534668,46.36465237132021,-0.7437913178534146
2022-09-22,45.19223403930664,45.564804688336245,-0.3725706490296048
2022-09-23,44.34725570678711,45.17174947408824,-0.8244937673011279
2022-09-26,43.73979568481445,44.41054297850999,-0.6707472936955341
2022-09-27,43.97540283203125,43.798952365480396,0.17645046655085395
2022-09-28,44.08988571166992,44.03900003803635,0.05088567363357299
2022-09-29,42.59202575683594,44.1993022437691,-1.6072764869331593
2022-09-30,42.01294708251953,42.60053835729795,-0.5875912747784184
2022-10-03,43.22126770019531,41.968576452285376,1.2526912479099366
2022-10-04,45.40512466430664,43.24947791717083,2.155646747135812
2022-10-05,45.87255859375,45.70157407293644,0.17098452081356186
2022-10-06,45.37106704711914,45.97299040872571,-0.6019233616065662
2022-10-07,43.57136917114258,45.21032785181649,-1.638958680673909
2022-10-10,41.41588973999024,43.191083323105836,-1.7751935831155947
2022-10-11,40.75921249389648,41.250907122059814,-0.4916946281633372
2022-10-12,40.74121475219727,40.78732784924772,-0.046113097050444196
2022-10-13,41.44143295288086,40.95880728614119,0.482625666739672
2022-10-14,40.41288757324219,41.76325021820562,-1.3503626449634325
2022-10-17,41.19541549682617,40.44196794406646,0.7534475527597095
2022-10-18,41.14431381225586,41.26120500230408,-0.11689119004822146
2022-10-19,41.18878555297852,41.01986699454026,0.1689185584382642
2022-10-20,40.71568298339844,41.34603951195159,-0.6303565285531505
2022-10-21,42.55418014526367,40.58226946319857,1.9719106820651007
2022-10-24,43.196659088134766,42.6623712027791,0.534287885355667
2022-10-25,43.53256988525391,43.196181377651506,0.33638850760240757
2022-10-26,43.63759994506836,43.63871238138106,-0.001112436312702414
2022-10-27,43.09068298339844,43.397443333256234,-0.30676034985779665
2022-10-28,44.74656677246094,42.978483951199664,1.7680828212612738
2022-10-31,44.483516693115234,44.79390083878312,-0.3103841456678822
2022-11-01,44.27346420288086,44.42849870279703,-0.15503449991616947
2022-11-02,43.15029525756836,44.36815303633856,-1.2178577787702025
2022-11-03,42.023345947265625,42.86234985731109,-0.8390039100454629
2022-11-04,44.02743911743164,42.00966216832441,2.0177769491072297
2022-11-07,44.96608352661133,44.15365808959128,0.8124254370200461
2022-11-08,45.61802673339844,45.12877172252988,0.48925501086855405
2022-11-09,44.42201232910156,45.82999034649662,-1.4079780173950596
2022-11-10,47.93247604370117,44.093161884098265,3.839314159602907
2022-11-11,49.02251815795898,48.009234710529846,1.0132834474291315
2022-11-14,48.56169891357422,48.931709294718075,-0.37001038114385665
2022-11-15,49.621463775634766,48.748912832732216,0.8725509429025493
2022-11-16,48.42071914672852,49.217050608223,-0.796331461494475
2022-11-17,48.4566764831543,48.18955159857967,0.2671248845746277
2022-11-18,48.74527359008789,48.552458822665194,0.19281476742269632
2022-11-21,48.96100997924805,48.594197130884496,0.3668128483635513
2022-11-22,50.1541862487793,49.134719194929374,1.0194670538499224
2022-11-23,50.49387741088867,50.21359713475709,0.28028027613158457
2022-11-25,50.14094543457031,50.46256895217616,-0.3216235176058504
2022-11-28,49.412357330322266,50.109207615904225,-0.6968502855819594
2022-11-29,49.33476257324219,49.22004469960938,0.11471787363280583
2022-11-30,52.13935089111328,49.286020200377074,2.8533306907362075
2022-12-01,52.11285781860352,52.32198578799606,-0.20912796939254008
2022-12-02,51.1713752746582,52.180124716491584,-1.0087494418333804
2022-12-05,50.21001434326172,51.18021692071293,-0.9702025774512109
2022-12-06,49.75394058227539,49.784396986477546,-0.03045640420215534
2022-12-07,49.06130599975586,49.7286064265141,-0.6673004267582385
2022-12-08,50.251651763916016,49.143689845364605,1.1079619185514105
2022-12-09,51.54228591918945,50.445369215854996,1.0969167033344576
2022-12-12,52.66923522949219,51.64753687594417,1.0216983535480182
2022-12-13,54.03273010253906,52.82879273118963,1.2039373713494328
2022-12-14,54.35444259643555,53.94918707270133,0.405255523734219
2022-12-15,52.798866271972656,54.197822497413775,-1.3989562254411183
2022-12-16,52.60110855102539,52.58255968224988,0.018548868775511096
2022-12-19,52.44081497192383,52.42556518852024,0.015249783403589845
2022-12-20,51.905555725097656,52.36450844428566,-0.4589527191880052
2022-12-21,53.54758834838867,52.090034075464295,1.4575542729243764
2022-12-22,52.77093124389648,53.66300778767596,-0.8920765437794813
2022-12-23,52.70796203613281,52.72609094254491,-0.018128906412094636
2022-12-27,52.81386947631836,52.813976134892535,-0.00010665857417535562
2022-12-28,51.988563537597656,52.58142094658505,-0.5928574089873919
2022-12-29,53.22127532958984,52.050324345467644,1.170950984122193
2022-12-30,53.34721374511719,53.30450207646327,0.04271166865391507
2023-01-03,52.808143615722656,53.31216635697608,-0.5040227412534222
2023-01-04,53.45312881469727,52.912796759429476,0.5403320552677968
2023-01-05,52.955074310302734,53.325050941324704,-0.3699766310219701
2023-01-06,56.14276123046875,52.89601492122497,3.2467463092437825
2023-01-09,55.04172134399414,56.398249138118956,-1.3565277941248155
2023-01-10,54.854713439941406,54.853355343305346,0.0013580966360606794
2023-01-11,55.16098785400391,54.978418669081655,0.18256918492225793
2023-01-12,55.5235481262207,54.72242549415024,0.8011226320704665
2023-01-13,55.2430305480957,55.68726319258257,-0.44423264448686695
2023-01-17,55.26593017578125,55.255383728260995,0.010546447520255242
2023-01-18,54.79365921020508,55.23408240385473,-0.4404231936496501
2023-01-19,53.73744583129883,54.71442113581121,-0.9769753045123792
2023-01-20,54.45875930786133,53.726700384056855,0.7320589238044732
2023-01-23,55.49396514892578,54.49652389173137,0.99744125719441
2023-01-24,55.81836700439453,55.58719358004677,0.23117342434775878
2023-01-25,55.88038635253906,55.981219967205,-0.10083361466593743
2023-01-26,57.1111946105957,55.79821150536893,1.3129831052267704
2023-01-27,56.387020111083984,57.03747064014386,-0.6504505290598743
2023-01-30,55.4767951965332,56.29266050729992,-0.8158653107667178
2023-01-31,55.81646347045898,55.44937161114415,0.3670918593148258
2023-02-01,57.50904846191406,55.66265431812227,1.846394143791791
2023-02-02,57.79719161987305,57.67752765410688,0.11966396576616489
2023-02-03,57.01959609985352,57.92466342083042,-0.9050673209768973
2023-02-06,57.37070846557617,56.95767763076244,0.41303083481373193
2023-02-07,58.62536239624024,57.16945722636975,1.4559051698704906
2023-02-08,57.40982437133789,58.634084951441984,-1.2242605801040938
2023-02-09,57.19038391113281,57.44600407378249,-0.25562016264967724
2023-02-10,56.6026496887207,57.1647353450338,-0.5620856563130943
2023-02-13,57.35353469848633,56.38185121606568,0.9716834824206515
2023-02-14,57.467063903808594,57.562210569417786,-0.09514666560919238
2023-02-15,57.98038482666016,57.485235277639276,0.49514954902088704
2023-02-16,57.29819107055664,58.09906429646708,-0.8008732259104363
2023-02-17,56.82590866088867,57.1559770476759,-0.33006838678722517
2023-02-21,55.48538589477539,56.801712283559226,-1.3163263887838355
2023-02-22,54.973026275634766,55.3390487571136,-0.3660224814788364
2023-02-23,55.70101165771485,55.046791938408916,0.6542197193059351
2023-02-24,55.12377548217773,55.78686272366005,-0.663087241482323
2023-02-27,55.85843276977539,55.261713601838416,0.5967191679369748
2023-02-28,56.70187377929688,55.985287693949736,0.7165860853471457
2023-03-01,56.633182525634766,56.628027444135775,0.00515508149899091
2023-03-02,57.11787033081055,56.71210869264724,0.40576163816330535
2023-03-03,60.372337341308594,57.05681786613864,3.315519475169957
2023-03-06,60.38760757446289,60.41880355744363,-0.031195982980740666
2023-03-07,59.64625549316406,60.37086257906649,-0.7246070859024272
2023-03-08,60.32463836669922,59.5952365769342,0.7294017897650207
2023-03-09,59.39532470703125,59.92075494202998,-0.5254302349987299
2023-03-10,58.6616096496582,59.325384921068476,-0.6637752714102731
2023-03-13,58.818092346191406,58.746763767185676,0.07132857900572986
2023-03-14,60.34371566772461,58.72539296379793,1.6183227039266797
2023-03-15,59.73117446899414,60.536644644064516,-0.8054701750703757
2023-03-16,60.72917556762695,59.78643052836469,0.9427450392622632
2023-03-17,60.20155334472656,60.791423954114,-0.5898706093874395
2023-03-20,61.417091369628906,59.94356063807724,1.4735307315516692
2023-03-21,61.19029998779297,61.586613265455235,-0.39631327766226576
2023-03-22,60.63004684448242,61.01949483519072,-0.38944799070829816
2023-03-23,61.42861557006836,60.696200377771085,0.7324151922972746
2023-03-24,61.13456344604492,61.30521528990565,-0.17065184386072474
2023-03-27,60.23796463012695,61.132554964248136,-0.8945903341211832
2023-03-28,60.032318115234375,60.28494224476564,-0.252624129531263
2023-03-29,60.10919570922852,59.916657234077896,0.19253847515062716
2023-03-30,60.90201187133789,60.14087893052947,0.7611329408084231
2023-03-31,61.650611877441406,61.0620985102892,0.5885133671522027
2023-04-03,61.73998260498047,61.71043522260832,0.02954738237215082
2023-04-04,60.96543502807617,61.73919256591667,-0.7737575378404955
2023-04-05,60.44650268554688,60.82781208682077,-0.3813094012738887
2023-04-06,59.83436584472656,60.32653616734925,-0.492170322622691
2023-04-10,60.29082107543945,59.7830302579778,0.5077908174616539
2023-04-11,59.73153305053711,60.41889435216221,-0.6873613016251028
2023-04-12,59.2635383605957,59.75874393099193,-0.49520557039623014
2023-04-13,59.98811721801758,59.33703003483609,0.6510871831814882
2023-04-14,59.53645324707031,59.958678347325865,-0.4222251002555524
2023-04-17,60.28794479370117,59.57430431600891,0.7136404776922589
2023-04-18,60.76458358764648,60.40816591540792,0.3564176722385568
2023-04-19,60.97407531738281,60.67409574331097,0.29997957407184117
2023-04-20,60.83184814453125,61.054398099453024,-0.22254995492177443
2023-04-21,60.8203239440918,60.72686944250312,0.09345450158867408
2023-04-24,60.97792053222656,60.759237363627065,0.21868316859949744
2023-04-25,59.7747802734375,60.95505489847089,-1.180274625033391
2023-04-26,59.21453094482422,59.730052471395524,-0.5155215265713053
2023-04-27,59.42786407470703,59.20264668759364,0.22521738711338912
2023-04-28,60.20530319213867,59.40326133361596,0.8020418585227134
2023-05-01,61.30561447143555,60.39934843704122,0.9062660343943278
2023-05-02,58.84455108642578,61.4348504579897,-2.5902993715639155
2023-05-03,58.927188873291016,58.68871470457629,0.23847416871472404
2023-05-04,58.63505935668945,58.86945267576677,-0.23439331907731997
2023-05-05,60.55316925048828,58.42680441147931,2.1263648390089713
2023-05-08,60.4513053894043,60.995403375617585,-0.5440979862132878
2023-05-09,59.437477111816406,60.40914234166766,-0.9716652298512543
2023-05-10,60.18319320678711,59.45810082579552,0.7250923809915903
2023-05-11,60.31772994995117,59.967455574459784,0.35027437549138796
2023-05-12,60.65214920043945,60.31378983431486,0.3383593661245925
2023-05-15,61.483394622802734,60.81980266966608,0.6635919531366525
2023-05-16,61.6410026550293,61.42264404944218,0.21835860558712028
2023-05-17,63.18144607543945,61.627301511828385,1.554144563611068
2023-05-18,65.14473724365234,63.22750663617642,1.917230607475922
2023-05-19,65.562744140625,65.118326894282,0.4444172463429936
2023-05-22,65.18988037109375,65.56726878533331,-0.3773884142395616
2023-05-23,65.97117614746094,64.98702232820422,0.9841538192567185
2023-05-24,65.30137634277344,65.75282896010711,-0.4514526173336719
2023-05-25,70.03608703613281,65.1945692730738,4.8415177630590165
2023-05-26,78.10160064697266,70.35306910645396,7.748531540518698
2023-05-30,77.19923400878906,78.35029174040473,-1.1510577316156656
2023-05-31,77.64321899414062,77.23649340540953,0.4067255887310921
2023-06-01,75.91249084472656,77.15954528220115,-1.2470544374745884
2023-06-02,78.03144836425781,74.69440198024596,3.337046384011856
2023-06-05,77.09929656982422,78.29137949235927,-1.1920829225350502
2023-06-06,75.91728210449219,76.93829363667616,-1.0210115321839766
2023-06-07,76.17003631591797,76.1391949747124,0.030841341205572803
2023-06-08,77.2818832397461,75.88911529306814,1.3927679466779495
2023-06-09,77.32225036621094,77.44524349326166,-0.12299312705071941
2023-06-12,82.19824981689453,77.47903628461734,4.719213532277195
2023-06-13,81.79077911376953,82.4344292672147,-0.6436501534451651
2023-06-14,85.15998077392578,81.56499511814773,3.5949856557780464
2023-06-15,84.89571380615234,85.41473394555663,-0.5190201394042901
2023-06-16,83.4234848022461,84.16877460616065,-0.7452898039145595
2023-06-20,83.41580963134766,83.4621086389261,-0.04629900757844041
2023-06-21,81.89227294921875,82.96379853086236,-1.0715255816436127
2023-06-22,81.38699340820312,81.82515691397161,-0.43816350576848606
2023-06-23,79.4277572631836,81.57941873698287,-2.1516614737992796
2023-06-26,79.37752532958984,79.30728719993554,0.07023812965429954
2023-06-27,81.9637680053711,79.59700290423892,2.3667651011321738
2023-06-28,81.91931915283203,82.13522878186726,-0.21590962903522382
2023-06-29,83.33271789550781,82.15760416575131,1.1751137297565037
2023-06-30,83.80224609375,83.4564633135409,0.345782780209106
2023-07-03,84.67271423339844,83.45517349246657,1.2175407409318666
2023-07-05,83.26412963867188,84.74244307533615,-1.4783134366642798
2023-07-06,81.92512512207031,82.99527600496852,-1.0701508828982043
2023-07-07,81.8043441772461,81.82082904099417,-0.016484863748075895
2023-07-10,84.79732513427734,81.66940405185663,3.1279210824207127
2023-07-11,85.21468353271484,85.12511769634986,0.08956583636498294
2023-07-12,85.97789764404297,85.3861136736153,0.5917839704276702
2023-07-13,86.01750946044922,86.07942596663007,-0.061916506180850206
2023-07-14,85.84554290771484,85.60693555319344,0.23860735452140602
2023-07-17,87.94873809814453,85.79154831929695,2.157189778847581
2023-07-18,87.28019714355469,87.95540976562016,-0.6752126220654731
2023-07-19,87.0811767578125,87.21457168201698,-0.13339492420448096
2023-07-20,85.82235717773438,87.13672100940005,-1.3143638316656734
2023-07-21,86.63484954833984,85.45902656416399,1.175822984175852
2023-07-24,87.10243225097656,86.779107564418,0.32332468655856417
2023-07-25,88.68684387207031,87.12431540150882,1.5625284705614888
2023-07-26,86.28126525878906,88.95051043601062,-2.669245177221555
2023-07-27,86.32376098632812,86.0355823365108,0.28817864981732555
2023-07-28,86.92853546142578,86.31399548272843,0.6145399786973513
2023-07-31,86.8183822631836,86.70160873161335,0.11677353157024584
2023-08-01,88.88102722167969,87.13749078944038,1.7435364322393099
2023-08-02,86.2049331665039,88.9933997604121,-2.788466593908197
2023-08-03,85.49774932861328,85.95899953003972,-0.4612502014264379
2023-08-04,85.17605590820312,85.5393938391308,-0.3633379309276705
2023-08-07,86.66478729248047,84.8389285459167,1.8258587465637675
2023-08-08,85.3219223022461,87.10147489556284,-1.779552593316751
2023-08-09,82.18885803222656,85.32809569842249,-3.1392376661959247
2023-08-10,81.43241119384766,82.10987043081633,-0.6774592369686729
2023-08-11,80.1629409790039,81.19995135230258,-1.0370103732986706
2023-08-14,82.51444244384766,80.23764604074981,2.2767964030978476
2023-08-15,81.39569091796875,83.06806085716478,-1.672369939196031
2023-08-16,80.4749984741211,81.39517891596155,-0.9201804418404578
2023-08-17,79.9059829711914,80.65294845220251,-0.7469654810111024
2023-08-18,79.78424072265625,79.54456733643622,0.23967338622003354
2023-08-21,83.58100128173828,79.92248484656028,3.658516435178001
2023-08-22,82.6777114868164,83.89625019413283,-1.2185387073164264
2023-08-23,84.68621826171875,82.66616108842882,2.0200571732899277
2023-08-24,82.5492172241211,84.88006105780414,-2.3308438336830477
2023-08-25,82.29415893554688,81.87989981703173,0.4142591185151474
2023-08-28,83.18877410888672,82.46154961597284,0.7272244929138765
2023-08-29,85.97595977783203,82.92626607304892,3.0496937047831096
2023-08-30,86.20299530029297,86.40031311834447,-0.19731781805150206
2023-08-31,89.16022491455078,86.23470540230956,2.925519512241223
2023-09-01,84.29398345947266,89.23458443478425,-4.940600975311597
2023-09-05,84.26017761230469,83.63051186959392,0.6296657427107704
2023-09-06,84.26983642578125,84.32888207889329,-0.05904565311203669
2023-09-07,82.79750061035156,83.78320875312467,-0.985708142773106
2023-09-08,82.84773254394531,83.38931113245151,-0.5415785885061979
2023-09-11,83.00135803222656,82.87100131455334,0.130356717673223
2023-09-12,81.58891296386719,82.98293377041419,-1.3940208065470046
2023-09-13,82.40139770507812,81.71721527512948,0.684182429948649
2023-09-14,84.20896911621094,82.45439406578586,1.7545750504250748
2023-09-15,82.2806396484375,84.24930807220844,-1.9686684237709358
2023-09-18,82.11833190917969,82.36884279388983,-0.25051088471013827
2023-09-19,82.04106140136719,82.04911972909105,-0.008058327723858838
2023-09-20,80.67823028564453,81.75825148034636,-1.0800211947018283
2023-09-21,78.52084350585938,80.87072448551558,-2.3498809796562057
2023-09-22,80.53349304199219,78.44467488595394,2.0888181560382435
2023-09-25,81.0007095336914,80.64901209868825,0.3516974350031603
2023-09-26,79.28140258789062,81.15463820579986,-1.8732356179092307
2023-09-27,79.34163665771484,79.51725413606623,-0.1756174783513842
2023-09-28,80.81713104248047,79.0944370015464,1.7226940409340727
2023-09-29,80.67919921875,80.8001413302847,-0.12094211153470269
2023-10-02,81.10369110107422,80.89346312365758,0.21022797741663624
2023-10-03,79.14930725097656,81.14348345011511,-1.9941761991385505
2023-10-04,80.0215835571289,78.83830366556437,1.1832798915645384
2023-10-05,80.02645111083984,80.11388966025612,-0.0874385494162766
2023-10-06,82.10515594482422,79.92641627207239,2.1787396727518313
2023-10-09,83.1367416381836,82.49603146977576,0.6407101684078356
2023-10-10,83.38251495361328,83.0480392989235,0.3344756546897827
2023-10-11,84.95124053955078,83.41810071438866,1.5331398251621238
2023-10-12,87.9663314819336,84.76141783348692,3.204913648446677
2023-10-13,85.7885513305664,87.96808889141116,-2.17953756084475
2023-10-16,87.67204284667969,85.6355022828141,2.036540563865586
2023-10-17,85.90705108642578,87.62777054928921,-1.7207194628634284
2023-10-18,86.16252136230469,85.34457700243821,0.8179443598664733
2023-10-19,84.29751586914062,86.5254635008148,-2.2279476316741693
2023-10-20,82.91817474365234,83.9097928843362,-0.9916181406838547
2023-10-23,83.7525863647461,83.11357529842523,0.6390110663208617
2023-10-24,85.58748626708984,83.74453472680331,1.8429515402865349
2023-10-25,82.52964782714844,85.90700078660163,-3.377352959453191
2023-10-26,80.30717468261719,82.55480353597393,-2.247628853356744
2023-10-27,81.43492889404297,80.14074289230993,1.2941860017330384
2023-10-30,81.71564483642578,81.21422292497947,0.5014219114463145
2023-10-31,81.72731018066406,82.1013131543683,-0.3740029737042363
2023-11-01,82.85116577148438,82.04913412364793,0.8020316478364435
2023-11-02,84.63457489013672,82.75899073228508,1.875584157851634
2023-11-03,85.73999786376953,84.67655854913521,1.0634393146343228
2023-11-06,85.56028747558594,85.79522472216051,-0.2349372465745745
2023-11-07,87.21063232421875,85.4143020707918,1.7963302534269445
2023-11-08,88.50349426269531,87.07143982890334,1.4320544337919756
2023-11-09,88.52779388427734,88.39783515561253,0.1299587286648176
2023-11-10,93.00963592529295,88.56731596354898,4.442319961743976
2023-11-13,91.98097229003906,93.03647826597704,-1.055505975937976
2023-11-14,94.5094223022461,91.70207605266923,2.8073462495768666
2023-11-15,94.74642944335938,94.72291380750876,0.023515635850614558
2023-11-16,93.2068328857422,94.09836520009733,-0.8915323143551319
2023-11-17,94.9727554321289,93.30793973077895,1.6648157013499514
2023-11-20,96.7192611694336,94.73733898999681,1.9819221794367792
2023-11-21,95.30982208251952,96.7325874710195,-1.4227653884999825
2023-11-22,94.4161605834961,95.45894427052559,-1.0427836870294982
2023-11-24,95.08348846435548,94.17137830918146,0.9121101551740196
2023-11-27,92.302490234375,94.86419987027286,-2.5617096358978557
2023-11-28,91.92463684082033,92.32993128957662,-0.40529444875629395
2023-11-29,91.3884506225586,92.06893540057337,-0.6804847780147725
2023-11-30,89.92168426513672,91.22668134972139,-1.3049970845846701
2023-12-01,90.3364715576172,90.22733359852191,0.10913795909529256
2023-12-04,89.750732421875,90.41677896375485,-0.6660465418798509
2023-12-05,88.6968002319336,89.7651580663618,-1.0683578344282125
2023-12-06,87.77595520019531,88.8569615818706,-1.0810063816752944
2023-12-07,89.58464050292969,87.6727929696801,1.9118475332495848
2023-12-08,91.72550201416016,89.7512952681442,1.9742067460159518
2023-12-11,99.97623443603516,91.94654998998884,8.029684446046318
2023-12-12,104.15696716308594,100.53768872281167,3.6192784402742717
2023-12-13,105.84809112548828,104.07195911714373,1.7761320083445469
2023-12-14,107.47998046875,105.73392774344654,1.746052725303457
2023-12-15,109.7384033203125,106.48202402474791,3.256379295564585
2023-12-18,111.41496276855467,109.2914942723849,2.123468496169778
2023-12-19,111.2032241821289,111.27232320470459,-0.0690990225756849
2023-12-20,108.35379791259766,110.98751344328795,-2.6337155306902957
2023-12-21,110.00392150878906,107.92584936943862,2.0780721393504393
2023-12-22,109.48577880859376,109.88621839295112,-0.4004395843573576
2023-12-26,110.45281219482422,109.42278443074893,1.0300277640752853
2023-12-27,109.89463806152344,110.92764778902882,-1.0330097275053873
2023-12-28,109.52771759033205,109.61985538641653,-0.09213779608448647
2023-12-29,108.9266128540039,109.6020232520879,-0.6754103980839972
2024-01-02,105.91424560546876,108.757188740913,-2.84294313544423
2024-01-03,103.2990264892578,105.83512424027396,-2.5360977510161575
2024-01-04,102.36515045166016,103.23628101951319,-0.8711305678530294
2024-01-05,102.3915023803711,102.37733756900059,0.014164811370505959
2024-01-08,104.8866958618164,102.77339391272598,2.1133019490904275
2024-01-09,105.6322250366211,105.35968087173255,0.2725441648885436
2024-01-10,105.44486236572266,105.7728020437751,-0.32793967805244506
2024-01-11,107.33894348144533,105.46505327724273,1.8738902042025956
2024-01-12,108.09033203125,107.1086492639615,0.981682767288504
2024-01-16,108.8007354736328,108.00330770799422,0.7974277656385738
2024-01-17,107.69901275634766,108.88677687983117,-1.1877641234835181
2024-01-18,111.62574768066406,107.38642347240861,4.239324208255454
2024-01-19,118.19207763671876,111.74978610095836,6.442291535760404
2024-01-22,119.099609375,118.37428322043503,0.7253261545649679
2024-01-23,119.66654205322266,119.29277077592964,0.3737712772930166
2024-01-24,122.35594177246094,119.25583154153652,3.1001102309244146
2024-01-25,120.02664184570312,121.60191932493974,-1.5752774792366182
2024-01-26,117.57535552978516,119.76160592925054,-2.1862503994653792
2024-01-29,118.83319091796876,117.4402071193529,1.3929837986158589
2024-01-30,117.89543914794922,118.51638454383992,-0.6209453958907005
2024-01-31,115.14749908447266,118.11258310384044,-2.9650840193677794
2024-02-01,117.10012817382812,115.37296680127373,1.7271613725543915
2024-02-02,119.47431182861328,117.04247615201628,2.4318356765970037
2024-02-05,121.30496215820312,119.65950981721274,1.6454523409903885
2024-02-06,119.30940246582033,121.7845186614856,-2.4751161956652794
2024-02-07,122.66722106933594,118.95738076727275,3.709840302063185
2024-02-08,124.39443969726562,122.56700456017577,1.82743513708985
2024-02-09,125.24144744873048,124.16299487738988,1.0784525713406055
2024-02-12,123.44202423095705,125.59696208436758,-2.15493785341053
2024-02-13,122.13929748535156,122.90686025417995,-0.7675627688283839
2024-02-14,123.17074584960938,121.86784244519463,1.3029034044147494
2024-02-15,123.4488525390625,123.09187661268912,0.35697592637338005
2024-02-16,121.5372085571289,123.67778285574192,-2.140574298613018
2024-02-20,119.68997955322266,121.63131607310852,-1.9413365198858656
2024-02-21,119.7778091430664,119.47765158958786,0.30015755347854167
2024-02-22,127.33555603027344,119.73219613453008,7.603359895743353
2024-02-23,126.50318908691406,127.95847547231449,-1.4552863854004272
2024-02-26,127.74834442138672,126.63398057559468,1.1143638457920417
2024-02-27,126.48950958251952,127.93567655547437,-1.446166972954856
2024-02-28,125.82500457763672,125.35821525991285,0.46678931772386534
2024-02-29,126.90522003173828,125.9392451304004,0.9659749013378871
2024-03-01,136.5347137451172,126.7762874823389,9.758426262778286
2024-03-04,136.83621215820312,137.18434689844827,-0.34813474024514335
2024-03-05,131.02908325195312,136.85745849235897,-5.8283752404058475
2024-03-06,131.73654174804688,130.73663156374022,0.9999101843066569
2024-03-07,137.29971313476562,130.51729892123606,6.782414213529563
2024-03-08,127.70832061767578,137.4424052847034,-9.734084667027616
2024-03-11,126.1860580444336,127.96098529544147,-1.774927251007881
2024-03-12,126.06505584716795,126.20584281430412,-0.14078696713616523
2024-03-13,122.74625396728516,125.1508222548263,-2.4045682875411387
2024-03-14,123.17562866210938,123.8683676551162,-0.6927389930068273
2024-03-15,120.56334686279295,123.44084268195418,-2.8774958191612257
2024-03-18,120.7331314086914,120.3846240238611,0.34850738483031307
2024-03-19,120.80828094482422,121.23336098286522,-0.4250800380410027
2024-03-20,125.04571533203124,120.70782783890313,4.3378874931281075
2024-03-21,132.10157775878906,125.62649296701106,6.475084791778002
2024-03-22,132.63763427734375,132.39972501390505,0.237909263438695
2024-03-25,132.4524383544922,132.64968516394157,-0.197246809449382
2024-03-26,130.483642578125,131.9721786521196,-1.4885360739945952
2024-03-27,129.2332000732422,129.42271007257892,-0.1895099993367353
2024-03-28,129.8878173828125,129.11280383376513,0.7750135490473724
2024-04-01,132.3230743408203,129.92789176199483,2.3951825788254837
2024-04-02,131.1960906982422,132.69206742892516,-1.495976730682969
2024-04-03,133.59213256835938,131.29419081548795,2.2979417528714237
2024-04-04,129.11264038085938,133.67909971989695,-4.5664593390375785
2024-04-05,131.26173400878906,128.50108525409163,2.760648754697428
2024-04-08,130.93540954589844,131.61621477936987,-0.6808052334714318
2024-04-09,130.7374267578125,130.49142219902888,0.24600455878362482
2024-04-10,129.58987426757812,131.38213561568875,-1.7922613481106282
2024-04-11,135.4786376953125,129.23169327437765,6.246944420934852
2024-04-12,131.71646118164062,135.8378999651847,-4.121438783544079
2024-04-15,128.4452667236328,131.4660581570655,-3.0207914334326915
2024-04-16,130.2454833984375,128.57196191075465,1.673521487682848
2024-04-17,125.69544982910156,129.50204218959033,-3.8065923604887644
2024-04-18,123.37877655029295,125.90272557731956,-2.523949027026603
2024-04-19,118.0594253540039,123.78723325261451,-5.727807898610607
2024-04-22,119.99488830566406,117.48534647126836,2.509541834395705
2024-04-23,122.41837310791016,120.73931528700166,1.679057820908497
2024-04-24,123.1661148071289,122.75300642736454,0.4131083797643669
2024-04-25,126.8508529663086,123.94212049297523,2.908732473333359
2024-04-26,131.71646118164062,126.8082151360969,4.90824604554372
2024-04-29,131.18235778808594,131.60844007979654,-0.42608229171059975
2024-04-30,127.42414093017578,131.06085937496323,-3.636718444787448
2024-05-01,121.79805755615234,126.80961950906631,-5.011561952913965
2024-05-02,121.37765502929688,120.86917266216766,0.5084823671292185
2024-05-03,125.2524871826172,121.42726315030816,3.8252240323090376
2024-05-06,128.4080352783203,125.8807687155844,2.5272665627359174
2024-05-07,127.70244598388672,129.29618296823753,-1.5937369843508122
2024-05-08,129.88388061523438,127.7541899714833,2.1296906437510756
2024-05-09,127.95335388183594,129.52458720484148,-1.5712333230055435
2024-05-10,130.6120147705078,127.38430215661289,3.227712613894923
2024-05-13,131.0736083984375,130.90397477693352,0.16963362150397643
2024-05-14,135.24049377441406,130.73693781908364,4.503555955330427
2024-05-15,140.74208068847656,135.7612020885092,4.980878599967355
2024-05-16,138.38623046875,140.6247556316331,-2.238525162883093
2024-05-17,136.7359161376953,138.21077826351444,-1.4748621258191292
2024-05-20,138.57240295410156,136.19464110944236,2.3777618446592044
2024-05-21,137.11907958984375,137.89002210841727,-0.7709425185735199
2024-05-22,136.43702697753906,137.32024684811313,-0.8832198705740666
2024-05-23,136.53993225097656,136.67472062533105,-0.13478837435448554
2024-05-24,137.9657745361328,136.27599962406336,1.6897749120694527
2024-05-28,138.41757202148438,138.22698760835854,0.1905844131258334
2024-05-29,136.28317260742188,138.5210990049081,-2.237926397486234
2024-05-30,133.6774139404297,136.17723564592708,-2.4998217054973964
2024-05-31,130.19552612304688,133.37683976756745,-3.1813136445205714
2024-06-03,129.54383850097656,129.94539949175555,-0.40156099077898944
2024-06-04,130.41799926757812,129.79750196567792,0.6204973019002011
2024-06-05,138.48028564453125,130.77049395720462,7.709791687326629
2024-06-06,137.3219451904297,139.35662635546217,-2.034681165032481
2024-06-07,137.8482208251953,137.27917965958255,0.5690411656127594
2024-06-10,141.16348266601562,137.90211626720603,3.2613663988095993
2024-06-11,143.17832946777344,140.2023376900515,2.97599177772193
2024-06-12,146.55728149414062,143.41506927233664,3.1422122218039874
2024-06-13,164.5380096435547,146.6936742113865,17.84433543216818
2024-06-14,170.0308074951172,165.01187699978368,5.018930495333507
2024-06-17,179.22598266601562,169.90132817510144,9.324654490914185
2024-06-18,176.6437225341797,179.4786841088538,-2.834961574674111
2024-06-20,169.98377990722656,174.03098079300207,-4.04720088577551
2024-06-21,162.5427703857422,169.0644603325623,-6.521689946820118
2024-06-24,156.5291748046875,160.92185401433576,-4.392679209648264
2024-06-25,155.406494140625,156.5414787679576,-1.1349846273326136
2024-06-26,156.508544921875,156.2044671410283,0.3040777808467112
2024-06-27,155.98358154296875,157.5003267051458,-1.5167451621770454
2024-06-28,157.83868408203125,156.75230993630592,1.0863741457253298
2024-07-01,161.30606079101562,158.11318787924614,3.1928729117694843
2024-07-02,162.94583129882812,161.3056649300327,1.640166368795434
2024-07-03,169.99855041503906,163.09656338171038,6.90198703332868
2024-07-05,167.4513702392578,170.14937633548467,-2.6980060962268624
2024-07-08,171.63442993164062,166.79408367440305,4.84034625723757
2024-07-09,170.40065002441406,171.77085762312885,-1.370207598714785
2024-07-10,171.5194091796875,169.2798654834438,2.239543696243686
2024-07-11,167.71090698242188,172.01046440160246,-4.299557419180587
2024-07-12,167.19183349609375,166.90590191784122,0.28593157825253
2024-07-15,168.52195739746094,167.39414037217605,1.1278170252848838
2024-07-16,166.51644897460938,168.37932452222788,-1.8628755476185006
2024-07-17,153.3429718017578,166.9129324205821,-13.569960618824297
2024-07-18,157.8062286376953,152.77498162839447,5.0312470093008415
2024-07-19,154.6898193359375,157.96332334286103,-3.273504006923531
2024-07-22,158.3370819091797,154.5363912593272,3.8006906498524984
2024-07-23,161.0012664794922,160.44468234382956,0.5565841356626322
2024-07-24,148.78143310546875,160.43479227742094,-11.65335917195219
2024-07-25,146.736572265625,148.60817324278673,-1.8716009771617337
2024-07-26,149.0665283203125,146.30523371474743,2.7612946055650696
2024-07-29,147.6803741455078,148.63967664173646,-0.9593024962286449
2024-07-30,141.0936279296875,149.22885741197967,-8.135229482292175
2024-07-31,157.96351623535156,141.08686766927053,16.87664856608103
2024-08-01,144.53445434570312,158.56589092651512,-14.031436580811999
2024-08-02,141.3885498046875,143.73724280062913,-2.348692995941633
2024-08-05,139.677978515625,142.55631317519897,-2.878334659573966
2024-08-06,141.48687744140625,137.0808811048978,4.405996336508451
2024-08-07,133.9661865234375,143.39241005338192,-9.426223529944423
2024-08-08,143.2760772705078,133.9606220890548,9.315455181453018
2024-08-09,145.7534942626953,144.10505062160726,1.6484436410880505
2024-08-12,146.10740661621094,145.4078149881584,0.6995916280525307
2024-08-13,153.51992797851562,147.28778605375595,6.232141924759674
2024-08-14,155.02406311035156,152.66217563123416,2.3618874791173994
2024-08-15,163.3213653564453,154.68761990533636,8.63374545110895
2024-08-16,162.91830444335938,163.81021923898837,-0.8919147956289919
2024-08-19,164.8747100830078,161.81430802327725,3.0604020597305635
2024-08-20,163.14443969726562,164.91195747663684,-1.767517779371218
2024-08-21,162.97727966308594,161.88654453533547,1.090735127750463
2024-08-22,159.595458984375,163.07522782669943,-3.4797688423244324
2024-08-23,163.5474853515625,159.1241931036297,4.423292247932807
2024-08-26,156.92144775390625,164.02385832239855,-7.102410568492303
2024-08-27,158.66151428222656,156.5019553693789,2.1595589128476718
2024-08-28,155.5057830810547,159.35372647150942,-3.8479433904547307
2024-08-29,154.2769012451172,154.6698804348108,-0.39297918969361945
2024-08-30,160.0673370361328,155.18683899417354,4.880498041959271
2024-09-03,150.2069091796875,160.08910794402198,-9.882198764334476
2024-09-04,151.514404296875,150.04651467920615,1.4678896176688454
2024-09-05,150.23643493652344,151.9537362852505,-1.7173013487270623
2024-09-06,134.68386840820312,149.19601660828903,-14.512148200085903
2024-09-09,138.43927001953125,135.26819092314364,3.171079096387615
2024-09-10,145.704345703125,138.60051010486114,7.103835598263856
2024-09-11,155.59426879882812,145.95723495445864,9.637033844369483
2024-09-12,161.77792358398438,158.2289583947695,3.5489651892148686
2024-09-13,164.85501098632812,161.59690351152307,3.2581074748050582
2024-09-16,161.24703979492188,164.1141646343328,-2.867124839410934
2024-09-17,159.72325134277344,159.7705201242704,-0.04726878149696745
2024-09-18,158.93678283691406,158.88445488751535,0.0523279493987161
2024-09-19,165.1309051513672,158.42940354585295,6.701501605514238
2024-09-20,168.76058959960938,165.93106497774403,2.829524621865346
2024-09-23,170.575439453125,169.07842253688722,1.4970169162377829
2024-09-24,172.44947814941406,170.84170970366023,1.607768445753834
2024-09-25,173.1201629638672,171.73623088385577,1.3839320800114194
2024-09-26,175.65501403808594,172.66611442915672,2.9888996089292164
2024-09-27,170.328857421875,175.56100720265593,-5.232149780780929
2024-09-30,170.14146423339844,169.77897990017078,0.3624843332276555
2024-10-01,165.1802215576172,170.1391475297294,-4.958925972112212
2024-10-02,168.32662963867188,164.48788413639514,3.838745502276737
2024-10-03,169.539794921875,169.2721254428665,0.2676694790085037
2024-10-04,174.224853515625,169.51194098188458,4.712912533740422
2024-10-07,172.68618774414062,175.18900533315448,-2.5028175890138584
2024-10-08,178.2589111328125,172.14370441793574,6.115206714876763
2024-10-09,183.4075469970703,178.4757353818194,4.931811615250922
2024-10-10,183.15110778808597,182.94495461660787,0.20615317147809264
2024-10-11,178.99868774414062,183.38665010040089,-4.38796235626026
2024-10-14,179.81732177734375,178.105961916533,1.7113598608107452
2024-10-15,173.57386779785156,179.19258527603304,-5.61871747818148
2024-10-16,174.40240478515625,173.2073961895727,1.1950085955835448
2024-10-17,179.04798889160156,175.09695669453598,3.9510321970655866
2024-10-18,177.430419921875,179.06345458697015,-1.6330346650951526
2024-10-21,177.529052734375,178.16841941752008,-0.6393666831450844
2024-10-22,176.92738342285156,177.5150849990305,-0.5877015761789437
2024-10-23,171.13766479492188,176.22968703274793,-5.092022237826058
2024-10-24,169.00718688964844,171.067893843441,-2.060706953792561
2024-10-25,170.63462829589844,168.93549284569818,1.6991354502002594
2024-10-28,169.6680145263672,170.7282277679179,-1.0602132415507128
2024-10-29,176.789306640625,170.36062884239334,6.428677798231661
2024-10-30,174.224853515625,177.4888981518707,-3.2640446362457
2024-10-31,167.44879150390625,173.7754066792822,-6.326615175375963
2024-11-01,166.61041259765625,167.37650861954842,-0.7660960218921673
2024-11-04,166.24546813964844,165.61844696633293,0.6270211733155122
2024-11-05,171.52230834960938,166.47518069598382,5.047127653625552
2024-11-06,177.09507751464844,172.7172066052619,4.37787090938653
2024-11-07,181.29681396484372,177.43636117474043,3.8604527901032952
2024-11-08,181.12913513183597,181.59271255683066,-0.46357742499469623
2024-11-11,176.4638214111328,180.44274658013768,-3.9789251690048673
2024-11-12,173.8105926513672,175.52776769253774,-1.7171750411705489
2024-11-13,171.2067108154297,173.14297479001016,-1.93626397458047
2024-11-14,168.05044555664062,171.04561205987423,-2.9951665032336052
2024-11-15,162.586181640625,168.51184465554184,-5.925663014916836
2024-11-18,163.4048309326172,162.65813140838432,0.7466995242328665
2024-11-19,163.08921813964844,163.81144341422103,-0.7222252745725939
2024-11-20,161.01792907714844,163.406830053665,-2.3889009765165667
2024-11-21,161.698486328125,161.67857580758192,0.01991052054307829
2024-11-22,161.98451232910156,161.63831009197483,0.34620223712673237
2024-11-25,162.56646728515625,162.00089511083783,0.5655721743184188
2024-11-26,162.48756408691406,162.88957829172818,-0.4020142048141224
2024-11-27,157.4868621826172,162.38843218819096,-4.901570005573774
2024-11-29,159.86395263671875,157.19879110322606,2.665161533492693
2024-12-02,164.23333740234375,159.95977022008609,4.273567182257665
2024-12-03,165.8509063720703,164.3618602526262,1.4890461194441116
2024-12-04,168.22796630859375,166.6146177970286,1.6133485115651638
2024-12-05,168.1392059326172,168.0798644811638,0.05934145145337766
2024-12-06,177.07534790039062,167.53540929037442,9.539938610016208
2024-12-09,176.49339294433594,177.35693883155977,-0.863545887223836
2024-12-10,169.46087646484375,176.03879093621026,-6.577914471366512
2024-12-11,180.69512939453125,169.26351726397385,11.431612130557397
2024-12-12,178.18988037109375,180.1155112645361,-1.92563089344236
2024-12-13,221.7263641357422,177.90184226012576,43.824521875616426
2024-12-16,246.5818328857422,225.16450802849084,21.417324857251344
2024-12-17,236.9453887939453,245.81600522368106,-8.870616429735747
2024-12-18,220.56251525878903,237.24744234447016,-16.684927085681124
2024-12-19,215.33497619628903,214.24705238370922,1.0879238125798167
2024-12-20,217.77117919921875,211.66369136971952,6.1074878294992345
2024-12-23,229.7871856689453,219.0053932188237,10.7817924501216
2024-12-24,237.03631591796875,232.54863354411162,4.487682373857126
2024-12-26,242.6536865234375,238.04184879660167,4.61183772683583
2024-12-27,239.08349609375,242.73218293380842,-3.648686840058417
2024-12-30,232.98155212402344,237.30711062938153,-4.325558505358089
2024-12-31,229.2827911376953,231.80082553954747,-2.5180344018521623
2025-01-02,229.42124938964844,228.32519631027256,1.0960530793758778
2025-01-03,229.9849853515625,229.85732818997792,0.12765716158457963
2025-01-06,233.80239868164065,230.7897820913911,3.0126165902495643
2025-01-07,226.11810302734372,234.5049403239266,-8.386837296582883
2025-01-08,226.78070068359372,225.66889504287963,1.1118056407140955
2025-01-10,221.8358459472656,226.88391570420347,-5.048069756937878
2025-01-13,222.80503845214844,220.9196522158631,1.885386236285342
2025-01-14,222.22157287597656,223.97572485618804,-1.754151980211475
2025-01-15,225.48516845703125,222.00745566321027,3.4777127938209844
2025-01-16,226.87960815429688,226.3564488327362,0.5231593215606836
2025-01-17,234.82102966308597,226.77384078464829,8.04718887843768
2025-01-21,237.6593780517578,235.3523457265767,2.307032325181126
2025-01-22,238.2527618408203,237.29569815525733,0.9570636855629857
2025-01-23,237.6297149658203,238.19357229266757,-0.5638573268472555
2025-01-24,242.0009765625,236.5468105557558,5.454166006744202
2025-01-27,199.9005126953125,241.85412627428386,-41.95361357897136
2025-01-28,205.0727996826172,197.57846611495978,7.4943335676574065
2025-01-29,204.07395935058597,205.952851642439,-1.8788922918530204
2025-01-30,213.28128051757807,202.6644879421627,10.61679257541536
2025-01-31,218.8293914794922,219.6419528573406,-0.8125613778484251
2025-02-03,215.32843017578125,218.29039430318232,-2.9619641274010746
2025-02-04,219.97659301757807,215.37777166940117,4.598821348176898
2025-02-05,229.44102478027344,219.08225650650647,10.35876827376697
2025-02-06,228.80810546875,229.06087587071704,-0.2527704019670409
2025-02-07,222.38967895507807,229.23194743730798,-6.842268482229912
2025-02-10,232.44749450683597,221.58246072748318,10.865033779352785
2025-02-11,232.44749450683597,231.72680320253264,0.7206913043033296
2025-02-12,233.7430725097656,232.31926349023243,1.4238090195331665
2025-02-13,233.1991271972656,234.8599216683555,-1.6607944710899005
2025-02-14,230.46957397460935,231.77460931430335,-1.305035339694001
2025-02-18,226.00930786132807,230.35547442751215,-4.346166566184081
2025-02-19,226.2071075439453,225.62030125674113,0.5868062872041833
2025-02-20,224.23904418945312,226.29470062376367,-2.0556564343105492
2025-02-21,216.24819946289065,224.43573171385685,-8.1875322509662
2025-02-24,205.63650512695312,216.4713650599106,-10.834859932957471
2025-02-25,200.3059844970703,205.1123534208372,-4.8063689237668825
2025-02-26,210.59127807617188,200.28127377399954,10.31000430217233
2025-02-27,195.61827087402344,212.10354567578062,-16.485274801757186
2025-02-28,197.2302703857422,196.10080930162943,1.1294610841127621
2025-03-03,185.3032989501953,198.3790501255205,-13.075751175325195
2025-03-04,185.4120941162109,183.00448921579672,2.407604900414185
2025-03-05,189.4668731689453,187.63094537596632,1.8359277929789926
2025-03-06,177.47068786621094,189.2557554265747,-11.785067560363757
2025-03-07,192.8096160888672,178.44605051534236,14.363565573524824
2025-03-10,182.4155120849609,193.7867627868038,-11.371250701842882
2025-03-11,187.9933013916016,180.95425752851474,7.039043863086846
2025-03-12,192.087646484375,190.29871082600528,1.7889356583697236
2025-03-13,189.2493133544922,189.95856251764482,-0.7092491631526343
2025-03-14,193.3831787109375,190.57951874951095,2.803659961426547
2025-03-17,192.35467529296875,192.92967311579142,-0.5749978228226666
2025-03-18,186.5889587402344,191.64681846226372,-5.05785972202932
2025-03-19,193.4128875732422,186.76001940282012,6.652868170422067
2025-03-20,189.008544921875,193.24353148978636,-4.234986567911363
2025-03-21,190.11956787109372,188.7520045178776,1.367563353216127
2025-03-24,189.7128448486328,191.1307120378477,-1.4178671892148884
2025-03-25,186.7468719482422,188.66854549755215,-1.9216735493099577
2025-03-26,177.82913208007812,187.22130036133646,-9.392168281258336
2025-03-27,170.60763549804688,177.23918912923685,-6.631553631189973
2025-03-28,167.76071166992188,170.3357246092445,-2.575012939322619
2025-03-31,166.08428955078125,167.94998746589238,-1.8656979151111273
2025-04-01,167.16554260253906,167.1334152630383,0.032127339500760854
2025-04-02,170.70684814453125,168.18478034427557,2.522067800255684
2025-04-03,152.7721405029297,171.2421947745672,-18.47005427163751
2025-04-04,145.11419677734375,152.05245011312488,-6.938253335781127
2025-04-07,152.901123046875,144.82063567444132,8.08048737243368
2025-04-08,154.77590942382812,152.60195042267222,2.1739590011559073
2025-04-09,183.661865234375,157.12668548443202,26.535179749942984
2025-04-10,170.9151611328125,186.32170690637884,-15.406545773566336
2025-04-11,180.47769165039065,168.90408630450804,11.573605345882612
2025-04-14,176.92645263671875,181.33423978867617,-4.407787151957422
2025-04-15,177.51168823242188,172.4569029790585,5.054785253363377
2025-04-16,173.2065887451172,179.49146833467213,-6.284879589554947
2025-04-17,169.6156768798828,171.60362085058526,-1.987943970702446
2025-04-21,164.87411499023438,169.97367677730173,-5.099561787067358
2025-04-22,168.21702575683594,164.51478761700824,3.702238139827699
2025-04-23,175.48809814453125,168.97332397233328,6.514774172197974
2025-04-24,186.63775634765625,176.24369154975514,10.394064797901109
2025-04-25,190.7643280029297,187.8449536789924,2.9193743239372907
2025-04-28,190.9230499267578,190.5198678967746,0.4031820299832134
2025-04-29,189.63348388671875,190.07318872378912,-0.4397048370703658
2025-04-30,190.9230499267578,188.10121073316049,2.8218391935973273
2025-05-01,195.74398803710935,190.4392883740439,5.304699663065435
2025-05-02,202.0032501220703,195.93678713008137,6.066462991988942
2025-05-05,199.1067352294922,202.47460809488402,-3.3678728653918313
2025-05-06,198.48179626464844,198.79218344559177,-0.31038718094333717
2025-05-07,203.16384887695312,197.9222381303469,5.241610746606227
2025-05-08,206.1000518798828,202.50483540558338,3.595216474299434
2025-05-09,206.52659606933597,206.58957014454606,-0.0629740752100929
2025-05-12,219.79905700683597,206.6809629058524,13.11809410098357
2025-05-13,230.55194091796875,219.8880752353763,10.663865682592444
2025-05-14,230.25436401367188,230.57011586281132,-0.31575184913944554
2025-05-15,230.77017211914065,230.28555381140401,0.48461830773663905
2025-05-16,226.77256774902344,229.15502752341862,-2.382459774395187
2025-05-19,228.7763519287109,225.0768780060589,3.699473922652004
2025-05-20,229.81788635253903,228.97279810812412,0.8450882444149102
2025-05-21,227.8835601806641,229.71283922077524,-1.829279040111146
2025-05-22,228.6771240234375,228.35485126715847,0.32227275627903396
2025-05-23,226.88168334960935,228.48104917568836,-1.5993658260790085
2025-05-27,233.75596618652344,226.60467173350486,7.151294453018579
2025-05-28,237.50558471679688,234.41082835032446,3.09475636647241
2025-05-29,240.0251922607422,237.48700699274298,2.5381852679992107
2025-05-30,240.1243896484375,240.47671716128184,-0.35232751284434016
2025-06-02,246.7110137939453,239.22003666808052,7.490977125864788
2025-06-03,254.7855987548828,246.57809326210514,8.20750549277767
2025-06-04,258.9815673828125,254.78870706351074,4.192860319301758
2025-06-05,257.8408508300781,259.20824472862,-1.3673938985418772
2025-06-06,244.9453125,256.9657186629744,-12.020406162974382
2025-06-09,242.31661987304688,243.24902735692243,-0.9324074838755507
2025-06-10,242.66380310058597,241.72349979141617,0.9403033091697921
2025-06-11,250.8772430419922,242.6521232564186,8.225119785573582
2025-06-12,254.0118560791016,253.02799461608578,0.9838614630158133
2025-06-13,246.7010955810547,254.4530106356256,-7.751915054570901
2025-06-16,250.07376098632807,246.37732829360547,3.6964326927225954
2025-06-17,247.36569213867188,249.25072085918723,-1.8850287205153506
2025-06-18,249.24050903320312,246.6363615489566,2.604147484246539
2025-06-20,248.5644073486328,250.4278617505983,-1.8634544019654982
2025-06-23,252.3228454589844,248.00051148726695,4.322333971717455
2025-06-24,262.26580810546875,252.9284389327301,9.337369172738647
2025-06-25,263.14080810546875,262.47196501814074,0.668843087328014
2025-06-26,268.6293640136719,263.23461575700435,5.394748256667526
2025-06-27,267.81402587890625,268.5535735219522,-0.7395476430459667
2025-06-30,274.0780639648437,266.36063614127016,7.71742782357353
2025-07-01,263.23028564453125,274.38280490391276,-11.152519259381506
2025-07-02,268.36083984375,261.8323987252903,6.528441118459682
2025-07-03,273.6107482910156,268.9600924970419,4.650655793973726
2025-07-07,272.616455078125,272.7861093919255,-0.16965431380049267
2025-07-08,270.25,274.08473912962216,-3.8347391296221645
2025-07-09,276.31524658203125,269.520287471942,6.7949591100892235
2025-07-10,273.8294982910156,275.91712016941534,-2.087621878399716
2025-07-11,272.8153076171875,273.7325264018922,-0.9172187847046871
2025-07-14,274.0283508300781,273.2157551686718,0.8125956614063057
2025-07-15,279.337890625,273.2271579878101,6.110732637189926
2025-07-16,279.2086181640625,279.9248951741768,-0.716277010114311
2025-07-17,284.8164978027344,279.3043266877764,5.512171114957994
2025-07-18,281.7242126464844,285.0303834753778,-3.306170828893414
2025-07-21,286.5664367675781,280.77156884969924,5.794867917878889
2025-07-22,277.0013122558594,286.9619907053714,-9.960678449512045
2025-07-23,282.0722351074219,275.6309251295866,6.44130997783526
2025-07-24,287.0635986328125,282.94384799109883,4.119750641713665
2025-07-25,288.52520751953125,286.44297415647185,2.0822333630594017
2025-07-28,292.6216735839844,289.946339229754,2.6753343542303583
2025-07-29,295.7239685058594,292.20452298863677,3.519445517222607
2025-07-30,300.894287109375,295.17903680591104,5.715250303463961
2025-07-31,292.025146484375,300.99631338194155,-8.971166897566548
2025-08-01,286.9940185546875,290.9982158427393,-4.004197288051785
2025-08-04,296.022216796875,286.4883870500335,9.53382974684149
2025-08-05,291.259521484375,295.68621029539185,-4.426688811016845
2025-08-06,299.94970703125,292.05052171824485,7.899185313005148
2025-08-07,302.0278015136719,301.2934622934263,0.7343392202456016
2025-08-08,303.2308654785156,300.72179461137694,2.509070867138689
2025-08-11,302.1669616699219,304.07019293694964,-1.9032312670277634
2025-08-12,311.0460510253906,300.93905818720464,10.106992838185988
2025-08-13,307.3273620605469,311.2523377107136,-3.9249756501667434
2025-08-14,309.4552001953125,306.855839945519,2.5993602497935058
2025-08-15,304.59307861328125,309.8996901555558,-5.306611542274538
2025-08-18,304.0163879394531,303.03575795110225,0.98062998835087
2025-08-19,293.2282409667969,304.5853899111549,-11.357148944358016
2025-08-20,289.50958251953125,292.3016225244026,-2.792040004871353
2025-08-21,287.9485168457031,290.09159771978597,-2.143080874082841
2025-08-22,292.32342529296875,287.8072054088861,4.516219884082659
2025-08-25,292.5521240234375,293.9878930700002,-1.4357690465627115
2025-08-26,296.310546875,293.00196326224284,3.308583612757161
2025-08-27,298.53778076171875,296.79038824704355,1.747392514675198
2025-08-28,306.889892578125,298.0153075225485,8.874585055576517
2025-08-29,295.6941223144531,307.3301514624093,-11.636029147956151
2025-09-02,296.5392761230469,294.5441683070224,1.995107816024472
2025-09-03,300.66558837890625,296.53666732860347,4.128921050302779
2025-09-04,304.3544311523437,299.5360575455099,4.818373606833802
2025-09-05,332.9802551269531,306.05410626944575,26.92614885750737
2025-09-08,343.6788635253906,334.37742665619845,9.301436869192173
2025-09-09,334.7501220703125,343.4196332447919,-8.669511174479396
2025-09-10,367.4624938964844,334.1416794810384,33.320814415445966
2025-09-11,357.5791931152344,365.4987047586268,-7.919511643392411
2025-09-12,357.8177795410156,355.09526653357096,2.722513007444661
2025-09-15,362.01373291015625,359.7085943624197,2.305138547736533
2025-09-16,357.947021484375,357.5680987151876,0.37892276918739753
2025-09-17,344.1959533691406,359.0533077608386,-14.857354391697982
2025-09-18,343.380615234375,343.5638088039387,-0.18319356956368438
2025-09-19,342.9729309082031,342.8420067990557,0.13092410914742914
2025-09-22,337.4351806640625,343.2904830375962,-5.855302373533675
2025-09-23,337.5845642089844,339.02880780927205,-1.4442436002876775
2025-09-24,337.9530639648437,337.7572223813233,0.19584158352040504
2025-09-25,334.7559509277344,337.93436460538106,-3.178413677646688
2025-09-26,333.19219970703125,335.34980592441974,-2.1576062173884907
2025-09-29,326.5887145996094,333.13115293780686,-6.542438338197485
2025-09-30,328.5906677246094,326.1592504991761,2.431417225433279
2025-10-01,332.0567932128906,329.17896511789695,2.8778280949936743
2025-10-02,336.8276062011719,332.3199047101619,4.507701491009982
2025-10-03,337.016845703125,337.9785916063024,-0.961745903177416
2025-10-06,334.1483459472656,336.75785428211753,-2.6095083348519097
2025-10-07,335.0646667480469,333.6006363206628,1.4640304273841025
2025-10-08,344.11834716796875,334.4905191466435,9.627828021325229
2025-10-09,343.6402282714844,344.5041550982815,-0.8639268267971261
2025-10-10,323.331787109375,343.9274408284134,-20.59565371903841
2025-10-13,355.2735595703125,322.30873070901436,32.964828861298145
2025-10-14,342.7538146972656,355.89624399409405,-13.142429296828425
2025-10-15,349.92498779296875,341.4880954884186,8.436892304550156
2025-10-16,352.7337341308594,353.7548790465282,-1.021144915668799
2025-10-17,347.9329833984375,348.20350813311745,-0.2705247346799524
2025-10-20,347.8433532714844,349.4939659055875,-1.6506126341031404
2025-10-21,341.2897033691406,346.9515733437395,-5.661869974598858
2025-10-22,338.9391174316406,340.4848480111618,-1.5457305795211482
2025-10-23,342.9131774902344,339.5461433101392,3.3670341800951746
2025-10-24,352.7138366699219,343.04772818536026,9.666108484561619
2025-10-27,360.6021423339844,354.0408236137228,6.561318720261568
2025-10-28,371.4784851074219,361.2948781694887,10.183606937933178
2025-10-29,384.43646240234375,371.5745296393239,12.861932763019865
2025-10-30,374.9645080566406,383.7755994824086,-8.811091425767984
2025-10-31,368.15185546875,373.4307684414338,-5.278912972683827
2025-11-03,361.1001281738281,366.62156652826513,-5.521438354437009
2025-11-04,350.5325622558594,358.86912986226935,-8.336567606409972
2025-11-05,357.54443359375,351.2489218462302,6.295511747519811
2025-11-06,354.16796875,358.84072562813196,-4.672756878131963
2025-11-07,348.0325927734375,354.71056801606,-6.6779752426224945
2025-11-10,356.9568176269531,349.32002180424854,7.636795822704585
2025-11-11,350.552490234375,356.465687290884,-5.913197056508977
2025-11-12,353.7994689941406,350.48617485687856,3.313294137262062
2025-11-13,338.6203918457031,355.02869538037845,-16.408303534675326
2025-11-14,341.0904541015625,336.46512014795206,4.625333953610436
2025-11-17,341.2796936035156,342.31630890225074,-1.0366152987351143
2025-11-18,339.1383361816406,340.5638279543939,-1.4254917727532757
2025-11-19,353.0026550292969,341.15263340763477,11.850021621662108
2025-11-20,345.4330444335937,353.4082872189445,-7.975242785350815
2025-11-21,338.8395080566406,344.82954640894775,-5.990038352307124
2025-11-24,376.448486328125,339.1043578707362,37.34412845738882
2025-11-25,383.490234375,376.4380353776262,7.052198997373807
2025-11-26,395.9801025390625,384.38088762677063,11.59921491229187
2025-11-28,401.3485107421875,398.0845014209818,3.2640093212057195
2025-12-01,384.5360107421875,396.4406167975526,-11.904606055365093
2025-12-02,380.0440979003906,382.84660573063934,-2.8025078302487145
2025-12-03,379.0879211425781,378.3650342216981,0.7228869208800006
2025-12-04,379.5062561035156,378.06886530358673,1.4373907999288917
2025-12-05,388.6794128417969,381.77416550083063,6.905247340966241
2025-12-08,399.4959716796875,389.75201265169454,9.743959027992958
2025-12-09,404.6652221679688,400.0964345303957,4.568787637573109
2025-12-10,411.3185119628906,404.91205225102703,6.40645971186359
2025-12-11,404.7449035644531,410.5272114469591,-5.782307882505961
2025-12-12,358.4906005859375,402.93183840841607,-44.44123782247857
2025-12-15,338.4510803222656,355.56331396883337,-17.112233646567745
2025-12-16,339.93511962890625,336.88620462863054,3.048915000275713
2025-12-17,324.7162170410156,340.36101694916437,-15.644799908148741
2025-12-18,328.560791015625,329.9345829819833,-1.373791966358283
2025-12-19,338.99884033203125,331.7030245203284,7.295815811702823
2025-12-22,340.7352600097656,339.04124052333754,1.6940194864280897
2025-12-23,348.5887756347656,342.86861916507684,5.7201564696887885
2025-12-24,349.48687744140625,348.62274507132565,0.864132370080597
2025-12-26,351.39288330078125,348.0431659147109,3.349717386070324
2025-12-29,348.6586303710937,351.37418718157426,-2.715556810480564
2025-12-30,349.1176452636719,347.4318839129625,1.685761350709356
2025-12-31,345.3755187988281,349.07920235201885,-3.7036835531907286
2026-01-02,346.8923034667969,344.86903185728767,2.0232716095092087
2026-01-05,342.7011413574219,347.394699856543,-4.6935584991211385
2026-01-06,343.0503845214844,342.34206874161356,0.7083157798708157
2026-01-07,342.78094482421875,343.65321700554733,-0.872272181328583
2026-01-08,331.7840270996094,342.48493972457925,-10.700912624969874
2026-01-09,344.24786376953125,331.79856100148555,12.449302768045698
2026-01-12,351.47271728515625,344.9600990910875,6.51261819406875
2026-01-13,353.86767578125,351.5669924471169,2.3006833341331117
2026-01-14,339.17852783203125,355.63306626553396,-16.454538433502705
2026-01-15,342.30194091796875,336.7983411677685,5.503599750200237
2026-01-16,350.9737548828125,341.66899448569205,9.304760397120447
2026-01-20,331.9037780761719,350.81596237068317,-18.91218429451129
2026-01-21,328.1116943359375,332.89246379275215,-4.780769456814653
2026-01-22,324.8086242675781,327.83558773426256,-3.0269634666844354
2026-01-23,319.3800354003906,323.1687152000042,-3.7886797996135897
2026-01-26,324.16998291015625,321.6919661445308,2.478016765625455
2026-01-27,332.0933837890625,324.94299799643437,7.1503857926281285
2026-01-28,332.5424194335937,332.8162141971967,-0.27379476360300714
2026-01-29,330.0376892089844,333.3062578729003,-3.2685686639159144
2026-01-30,330.6064758300781,329.3766025362728,1.2298732938053263
2026-02-02,330.4168701171875,329.5814208282358,0.8354492889516791
2026-02-03,319.659423828125,330.2974804805228,-10.638056652397779
2026-02-04,307.4051513671875,319.457386309201,-12.052234942013513
2026-02-05,309.8600158691406,306.8042542444247,3.055761624715899
2026-02-06,332.2231140136719,309.96618008567765,22.256933927994226
2026-02-09,343.22003173828125,334.63069277063283,8.589338967648416
2026-02-10,339.72735595703125,345.2745359175878,-5.547179960556548
2026-02-11,342.0425109863281,339.46287118859277,2.5796397977353536
2026-02-12,330.4767761230469,339.30971406095085,-8.832937937903978
2026-02-13,324.48931884765625,328.2825225884552,-3.7932037407989583
2026-02-17,331.8439025878906,324.82200965373147,7.021892934159155
2026-02-18,332.8118591308594,331.7789194624908,1.0329396683685559
2026-02-19,333.29083251953125,334.27273147737577,-0.9818989578445212
2026-02-20,331.9536437988281,334.25065826927903,-2.297014470450904
2026-02-23,329.64849853515625,330.88444561892186,-1.235947083765609
2026-02-24,324.8086242675781,329.418311232073,-4.60968696449487
2026-02-25,331.6143798828125,324.4943867803685,7.1199931024440275
2026-02-26,321.0265808105469,332.1647967042484,-11.1382158937015
2026-02-27,318.8810729980469,320.6404884351855,-1.759415437138614
2026-03-02,318.1526184082031,319.6623997367991,-1.5097813285959774
2026-03-03,313.1830444335937,317.0262213342852,-3.8431769006915033
2026-03-04,316.86529541015625,314.3526701060877,2.5126253040685356
2026-03-05,332.0733947753906,317.392502092784,14.680892682606611
2026-03-06,329.7882080078125,332.8396749192031,-3.051466911390605
2026-03-09,345.0262451171875,330.2502770433611,14.775968073826391
2026-03-10,341.86285400390625,345.58819147776313,-3.7253374738568823
2026-03-11,340.85498046875,339.40642959230155,1.4485508764484507
2026-03-12,335.2667236328125,341.4046565662852,-6.137932933472712
2026-03-13,321.4856262207031,332.84078825543327,-11.355162034730142
2026-03-16,324.2398681640625,321.2492141815804,2.9906539824821152
2026-03-17,320.63739013671875,324.5765562081012,-3.939166071382431
2026-03-18,315.2686462402344,320.95946161836764,-5.690815378133266
2026-03-19,319.17047119140625,316.96902295686124,2.201448234545012
2026-03-20,309.8600158691406,318.99206765282867,-9.132051783688041
2026-03-23,322.510009765625,309.7409314854941,12.769078280130884
2026-03-24,318.2900085449219,324.06909480446234,-5.779086259540463
2026-03-25,318.8099975585937,317.24361236142414,1.5663851971695522
2026-03-26,309.4200134277344,320.37273594562595,-10.952722517891573
2026-03-27,300.67999267578125,307.11859835169383,-6.438605675912584
2026-03-30,293.4100036621094,300.91658828430474,-7.506584622195362
2026-03-31,309.510009765625,292.89930410029626,16.610705665328737
2026-04-01,313.489990234375,311.5681478702152,1.9218423641597724
2026-04-02,314.54998779296875,314.60312743233396,-0.05313963936521304
2026-04-06,314.42999267578125,315.8294297298908,-1.399437054109569
2026-04-07,333.9700012207031,312.26583484878046,21.704166371922668
2026-04-08,350.6300048828125,334.45514249787175,16.174862384940752
2026-04-09,354.9100036621094,351.1357465518763,3.7742571102330658
2026-04-10,371.5499877929688,355.29443835825606,16.255549434712748
2026-04-13,379.75,369.95859326500954,9.79140673499046
2026-04-14,380.7799987792969,377.77749482708157,3.0025039522153065
2026-04-15,396.7200012207031,380.4339836394487,16.28601758125444
2026-04-16,398.4700012207031,395.3849950502124,3.085006170490715
2026-04-17,406.5400085449219,397.27920591561707,9.260802629304806
2026-04-20,399.6300048828125,407.0635312096871,-7.433526326874585
2026-04-21,402.1700134277344,397.0231183866135,5.146895041120899
2026-04-22,422.6499938964844,402.2700239217694,20.37996997471498
2026-04-23,419.9400024414063,422.46034885212475,-2.520346410718446
2026-04-24,422.760009765625,420.57093766414994,2.1890721014750625
2026-04-27,418.2000122070313,422.9274131375188,-4.727400930487477
2026-04-28,399.8299865722656,415.07326104171625,-15.243274469450625
2026-04-29,405.4500122070313,399.34598784851846,6.104024358512845
2026-04-30,417.4299926757813,405.4757387059,11.954253969881279
2026-05-01,421.2799987792969,418.31144379177493,2.968554987521941
2026-05-04,416.5,423.9690119213614,-7.469011921361414
2026-05-05,427.3599853515625,415.63778081490995,11.722204536652555
2026-05-06,425.4400024414063,426.392165890805,-0.9521634493987108
2026-05-07,412.55999755859375,424.61472399113967,-12.05472643254592
2026-05-08,430.0,412.7506503659233,17.24934963407668
2026-05-11,428.4299926757813,429.51844521054466,-1.0884525347633485
2026-05-12,419.2999877929688,428.21012502579623,-8.910137232827424
2026-05-13,416.7900085449219,420.904185675502,-4.114177130580117
2026-05-14,439.7900085449219,414.33506240877034,25.454946136151534
2026-05-15,425.1900024414063,441.07338427169003,-15.883381830283724
2026-05-18,420.7099914550781,425.39827667212137,-4.688285217043244
2026-05-19,411.0700073242188,421.3629688638124,-10.292961539593591
2026-05-20,417.760009765625,407.21408142166064,10.545928343964363
2026-05-21,414.5700073242188,420.1427579341612,-5.572750609942375
2026-05-22,414.1400146484375,414.7877304814921,-0.6477158330545763
2026-05-26,422.010009765625,415.58842808510514,6.421581680519864
2026-05-27,421.8599853515625,421.45011164873813,0.4098737028243704
2026-05-28,426.5799865722656,422.19872372348095,4.381262848784672
2026-05-29,446.7699890136719,427.0165218636916,19.75346714998028
2026-06-01,459.9700012207031,446.6819065633463,13.28809465735685
2026-06-02,481.5700073242188,460.53624847304303,21.033758851175776
2026-06-03,479.2300109863281,482.23541063387535,-3.0053996475472218
2026-06-04,418.9100036621094,476.3209503765428,-57.41094671443341
2026-06-05,385.7300109863281,414.3529506917838,-28.62293970545568
2026-06-08,396.6000061035156,381.6514625251286,14.948543578387046
2026-06-09,392.1600036621094,396.83797816071564,-4.677974498606261
2026-06-10,372.1000061035156,399.55055727134004,-27.450551167824415
2026-06-11,385.5700073242188,375.84899427044223,9.721013053776574
2026-06-12,382.0700073242188,384.91657717854315,-2.8465698543243434
