Date,Actual,Predicted,Residual
2019-01-04,31.891889572143555,28.536035539012154,3.3558540331314006
2019-01-07,33.15976333618164,31.806678565450383,1.3530847707312574
2019-01-08,32.90618896484375,32.03754572347157,0.8686432413721832
2019-01-09,34.564178466796875,34.6779326670427,-0.11375420024582183
2019-01-10,35.022560119628906,35.177065896216,-0.15450577658709364
2019-01-11,35.12008285522461,34.399307975329755,0.7207748798948543
2019-01-14,33.813201904296875,37.01489118449407,-3.2016892801971935
2019-01-15,33.15000534057617,33.488216000480726,-0.33821065990455423
2019-01-16,32.750144958496094,32.94321433168376,-0.1930693731876687
2019-01-17,33.0427360534668,33.47424073121687,-0.43150467775006973
2019-01-18,34.876258850097656,32.74505925578293,2.1311995943147295
2019-01-22,33.032981872558594,35.07846804455511,-2.045486171996515
2019-01-23,33.39383316040039,33.30123433793222,0.09259882246816886
2019-01-24,35.68575668334961,33.684334265351254,2.0014224179983557
2019-01-25,37.997188568115234,35.48991350289271,2.5072750652225224
2019-01-28,37.138938903808594,38.89059173051729,-1.7516528267086997
2019-01-29,36.46599197387695,37.37966280006788,-0.9136708261909234
2019-01-30,37.29498672485352,36.53108775667734,0.7638989681761856
2019-01-31,37.27547454833984,37.71116283926832,-0.43568829092848205
2019-02-01,38.621368408203125,37.42336992873126,1.1979984794718632
2019-02-04,38.49458694458008,39.13716674396986,-0.6425797993897788
2019-02-05,38.39705657958984,38.57478767305554,-0.17773109346570237
2019-02-06,40.493919372558594,38.84748610397427,1.6464332685843246
2019-02-07,38.40681457519531,40.94358595759692,-2.5367713824016107
2019-02-08,37.62657928466797,38.13313255404981,-0.5065532693818398
2019-02-11,37.62657928466797,38.47822154057467,-0.8516422559067038
2019-02-12,39.40160369873047,37.25144897837124,2.1501547203592253
2019-02-13,40.64997100830078,39.80605804630373,0.8439129619970487
2019-02-14,41.18638229370117,41.34752132043255,-0.1611390267313766
2019-02-15,40.95231246948242,41.15949788300629,-0.20718541352386666
2019-02-19,40.92304992675781,41.30025083116467,-0.3772009044068554
2019-02-20,41.1668701171875,41.41185533720365,-0.2449852200161473
2019-02-21,40.5036735534668,41.100697213062766,-0.597023659595969
2019-02-22,41.517974853515625,40.82119645947816,0.6967783940374659
2019-02-25,41.69352340698242,42.08322535109742,-0.3897019441149965
2019-02-26,41.89833068847656,41.45891436535957,0.4394163231169941
2019-02-27,40.298866271972656,42.55586202319219,-2.2569957512195344
2019-02-28,39.86973571777344,40.319739361654584,-0.45000364388114633
2019-03-01,40.552433013916016,39.88684843437395,0.6655845795420632
2019-03-04,40.045291900634766,40.933098102260224,-0.8878062016254589
2019-03-05,39.001739501953125,40.08537908692663,-1.083639584973504
2019-03-06,36.992637634277344,39.127131914158,-2.1344942798806557
2019-03-07,36.895118713378906,36.96004280483729,-0.06492409145838707
2019-03-08,37.69485092163086,37.01602761251367,0.6788233091171918
2019-03-11,38.065460205078125,37.71238486317015,0.3530753419079744
2019-03-12,38.28001022338867,38.29419393061081,-0.014183707222137798
2019-03-13,37.870399475097656,38.45755853979793,-0.5871590647002733
2019-03-14,37.460784912109375,37.79534411379634,-0.3345592016869645
2019-03-15,38.56285095214844,37.66884005885056,0.8940108932978745
2019-03-18,38.63111877441406,38.75031390377289,-0.11919512935882892
2019-03-19,39.372337341308594,38.517208313234235,0.8551290280743586
2019-03-20,39.138275146484375,39.88516510880742,-0.7468899623230456
2019-03-21,42.90288162231445,38.99123046888174,3.9116511534327145
2019-03-22,40.591453552246094,43.498223401339324,-2.90676984909323
2019-03-25,39.547889709472656,40.239050335055055,-0.6911606255823983
2019-03-26,39.323577880859375,40.23733082940227,-0.9137529485428928
2019-03-27,38.26051330566406,38.86406523126345,-0.6035519255993904
2019-03-28,38.367794036865234,38.28606660460649,0.08172743225874513
2019-03-29,40.30862045288086,38.99917488138389,1.3094455714969726
2019-04-01,41.20587539672852,39.954332668233796,1.2515427284947265
2019-04-02,41.39119338989258,41.492967743807036,-0.10177435391445755
2019-04-03,42.81510925292969,42.0219595417701,0.793149711159586
2019-04-04,41.830074310302734,42.53464227375753,-0.7045679634547923
2019-04-05,42.24943923950195,41.93004291466868,0.31939632483327074
2019-04-08,41.83982849121094,43.031308319453174,-1.1914798282422367
2019-04-09,40.6889877319336,41.13818462821598,-0.44919689628238046
2019-04-10,41.12785339355469,41.11540529919104,0.012448094363648465
2019-04-11,41.235137939453125,41.602704389100666,-0.3675664496475406
2019-04-12,40.9718017578125,40.5750046622096,0.3967970956028992
2019-04-15,40.786502838134766,41.65229615087572,-0.865793312740955
2019-04-16,41.70327377319336,40.92740731101525,0.775866462178108
2019-04-17,42.08364868164063,41.35305643627893,0.7305922453616986
2019-04-18,42.32745361328125,42.68538219062206,-0.3579285773408074
2019-04-22,42.32745361328125,42.47691169578715,-0.14945808250590176
2019-04-23,41.713035583496094,42.04567756963213,-0.33264198613603924
2019-04-24,41.96660614013672,42.19843219704149,-0.23182605690477232
2019-04-25,41.69352340698242,42.04445284664742,-0.3509294396649949
2019-04-26,41.05958557128906,41.41261258022926,-0.35302700894019523
2019-04-29,41.06935119628906,41.57638071181299,-0.5070295155239251
2019-04-30,41.02057647705078,41.0015262311647,0.019050245886077732
2019-05-01,40.86452865600586,40.8420210818798,0.022507574126059637
2019-05-02,41.50822830200195,41.36683815064484,0.14139015135711475
2019-05-03,42.25919342041016,41.43944862466537,0.8197447957447963
2019-05-06,41.08884811401367,42.232392882938804,-1.143544768925132
2019-05-07,39.26506042480469,41.418099603815584,-2.1530391790108965
2019-05-08,38.76766204833984,39.08466537966585,-0.31700333132601344
2019-05-09,38.29952239990234,38.65896040171387,-0.35943800181153307
2019-05-10,37.97767639160156,38.451430490906745,-0.4737540993051823
2019-05-13,36.45623779296875,37.95652437818378,-1.5002865852150293
2019-05-14,37.55830764770508,36.22542258651669,1.3328850611883851
2019-05-15,37.460784912109375,37.960975369712436,-0.5001904576030611
2019-05-16,36.38796615600586,37.080569205558064,-0.6926030495522042
2019-05-17,35.168853759765625,36.564201723528804,-1.3953479637631787
2019-05-20,33.76445007324219,35.16934188802961,-1.404891814787419
2019-05-21,34.75923538208008,33.31539322630509,1.4438421557749876
2019-05-22,33.87171936035156,35.138516441589324,-1.2667970812377618
2019-05-23,32.98421859741211,33.52130939413592,-0.5370907967238097
2019-05-24,33.15976333618164,33.00904563387914,0.1507177023025008
2019-05-28,32.12595748901367,33.20384399861208,-1.0778865095984074
2019-05-29,32.46730422973633,31.72895071988543,0.7383535098508993
2019-05-30,32.49656295776367,32.780976691669416,-0.284413733905744
2019-05-31,31.804107666015625,32.21574890004668,-0.4116412340310518
2019-06-03,31.882137298583984,31.680330660983728,0.20180663760025652
2019-06-04,33.637664794921875,32.09794368624401,1.5397211086778668
2019-06-05,32.51606750488281,33.45414178912016,-0.9380742842373451
2019-06-06,32.64286422729492,32.30915019708894,0.3337140302059822
2019-06-07,33.15000534057617,33.13676859619521,0.01323674438096134
2019-06-10,34.0765380859375,32.55635575325022,1.520182332687277
2019-06-11,33.979007720947266,34.320567572158986,-0.34155985121171994
2019-06-12,32.14546585083008,34.19142589965127,-2.0459600488211933
2019-06-13,32.55508804321289,31.55754931209393,0.9975387311189614
2019-06-14,31.852882385253903,32.910855925619686,-1.0579735403657828
2019-06-17,31.628564834594727,31.542185322824142,0.08637951177058412
2019-06-18,33.442588806152344,31.58120023369977,1.8613885724525723
2019-06-19,33.10124588012695,33.70290634078106,-0.6016604606541094
2019-06-20,33.30605697631836,32.70311006966582,0.6029469066525408
2019-06-21,32.42829132080078,33.675887808888845,-1.247596488088064
2019-06-24,32.36977767944336,32.116450789891466,0.253326889551893
2019-06-25,31.87238121032715,32.318459823630974,-0.4460786133038255
2019-06-26,36.124637603759766,31.906606201876954,4.218031401882811
2019-06-27,37.129173278808594,36.478315737729524,0.6508575410790698
2019-06-28,37.63633728027344,36.73548356444894,0.9008537158244962
2019-07-01,39.1187629699707,38.41654496025505,0.7022180097156507
2019-07-02,38.621368408203125,38.9249531928916,-0.30358478468847494
2019-07-03,38.61161422729492,38.304306561847,0.3073076654479223
2019-07-05,38.44581604003906,39.43750521108468,-0.9916891710456142
2019-07-08,39.41135787963867,37.867028323713214,1.544329555925458
2019-07-09,40.328125,39.57480358776808,0.7533214122319194
2019-07-10,41.83982849121094,40.870241586638876,0.9695869045720613
2019-07-11,42.40547943115234,41.59692288620513,0.8085565449472085
2019-07-12,43.41003036499024,42.59463476446998,0.8153956005202616
2019-07-15,43.30274963378906,43.966799254654475,-0.6640496208654127
2019-07-16,41.9958610534668,42.8806414865772,-0.8847804331104001
2019-07-17,42.29821014404297,42.25761805990912,0.040592084133848516
2019-07-18,43.56607437133789,42.651140221804894,0.9149341495329963
2019-07-19,44.39507293701172,43.19896552867991,1.1961074083318053
2019-07-22,46.0237922668457,44.91890562349485,1.1048866433508522
2019-07-23,45.78973388671875,46.42248343512006,-0.632749548401307
2019-07-24,46.80403518676758,45.34304170012216,1.460993486645421
2019-07-25,46.58946990966797,47.625960592273,-1.0364906826050344
2019-07-26,46.31638717651367,46.408987869552554,-0.0926006930388823
2019-07-29,45.66294479370117,46.3199979669133,-0.6570531732121268
2019-07-30,46.28712463378906,46.08169413789963,0.20543049588943063
2019-07-31,43.78063583374024,46.240664139165524,-2.4600283054252827
2019-08-01,42.52251815795898,43.484423246800255,-0.9619050888412772
2019-08-02,42.990665435791016,43.13824144589573,-0.14757601010471433
2019-08-05,40.903541564941406,42.54350398066693,-1.6399624157255204
2019-08-06,41.56673049926758,40.738177720040945,0.8285527792266336
2019-08-07,40.71823120117188,42.44364324099618,-1.725412039824299
2019-08-08,41.57648849487305,39.713335451034716,1.8631530438383308
2019-08-09,40.493919372558594,42.259686154192984,-1.7657667816343903
2019-08-12,41.08884811401367,40.52168288295794,0.567165231055732
2019-08-13,43.07843017578125,40.802976927006284,2.2754532487749657
2019-08-14,41.00107192993164,43.54686657091856,-2.5457946409869194
2019-08-15,41.19612503051758,40.79409134315615,0.4020336873614312
2019-08-16,42.47374725341797,41.43912541812006,1.0346218352979122
2019-08-19,43.89767074584961,42.365463165778856,1.5322075800707537
2019-08-20,43.1369514465332,44.18756750444163,-1.050616057908428
2019-08-21,43.07843017578125,43.19855345510506,-0.12012327932381339
2019-08-22,43.67335510253906,43.1327266278865,0.5406284746525643
2019-08-23,41.89833068847656,43.708222885266736,-1.809892196790173
2019-08-26,42.35672378540039,41.83967851224534,0.5170452731550483
2019-08-27,41.39119338989258,42.6875578636829,-1.2963644737903195
2019-08-28,42.08364868164063,40.90413996059008,1.1795087210505528
2019-08-29,43.56607437133789,42.6239827652676,0.9420916060702922
2019-08-30,44.15124130249024,43.563952182118015,0.5872891203722261
2019-09-03,43.878177642822266,44.0405902459917,-0.16241260316943595
2019-09-04,45.653202056884766,44.34968904227377,1.3035130146109921
2019-09-05,47.81833267211914,45.698886173566486,2.119446498552655
2019-09-06,47.75981903076172,47.80738099001546,-0.04756195925374129
2019-09-09,47.91585922241211,48.272460622258976,-0.35660139984686623
2019-09-10,48.16944122314453,47.98409272377222,0.18534849937231002
2019-09-11,49.23250198364258,47.99545827610374,1.237043707538838
2019-09-12,49.19348907470703,49.85079417450009,-0.6573050997930565
2019-09-13,49.25200271606445,49.07978070597619,0.17222201008826232
2019-09-16,48.91064834594727,49.369132046618574,-0.4584837006713016
2019-09-17,49.58359146118164,49.20195669889785,0.3816347622837881
2019-09-18,49.23250198364258,49.62603149318618,-0.39352950954360466
2019-09-19,48.588809967041016,49.22980349762109,-0.6409935305800758
2019-09-20,47.94511795043945,48.94654644895697,-1.0014284985175195
2019-09-23,48.37424087524414,47.78481779087291,0.5894230843712336
2019-09-24,47.31118392944336,48.530424892499546,-1.219240963056187
2019-09-25,48.24745559692383,47.403990417608014,0.8434651793158139
2019-09-26,47.39896011352539,48.469435415391274,-1.0704753018658835
2019-09-27,42.14215087890625,47.136185561354566,-4.994034682448316
2019-09-30,41.791053771972656,42.08148378901887,-0.2904300170462122
2019-10-01,41.254638671875,42.060860095267465,-0.8062214233924649
2019-10-02,40.94255065917969,40.36859323651557,0.5739574226641153
2019-10-03,42.385986328125,41.69896555050962,0.6870207776153805
2019-10-04,43.44904708862305,42.425644157636455,1.0234029309865917
2019-10-07,43.06867218017578,42.88981551894639,0.17885666122938915
2019-10-08,41.58625411987305,43.85783780300283,-2.2715836831297835
2019-10-09,41.8203125,41.259652626314264,0.5606598736857364
2019-10-10,42.210426330566406,41.51486710277357,0.6955592277928346
2019-10-11,43.98545455932617,42.71039053216166,1.275064027164511
2019-10-14,43.75138092041016,44.00326774436862,-0.25188682395845774
2019-10-15,45.31184387207031,43.41298108521152,1.8988627868587926
2019-10-16,44.04396057128906,46.154338061344,-2.110377490054937
2019-10-17,44.37556076049805,43.3778155062415,0.9977452542565501
2019-10-18,42.39572525024414,44.74826544269698,-2.3525401924528424
2019-10-21,44.10247802734375,42.28343324097112,1.8190447863726291
2019-10-22,43.55632781982422,44.24216386866485,-0.6858360488406348
2019-10-23,43.55632781982422,43.271127404039824,0.28520041578439503
2019-10-24,45.93602752685547,44.092588089456235,1.8434394373992333
2019-10-25,46.84303665161133,45.85025412956722,0.9927825220441093
2019-10-28,47.486724853515625,46.733279428114884,0.7534454254007414
2019-10-29,46.92106628417969,48.23958310990509,-1.3185168257254034
2019-10-30,46.69675064086914,46.4479108101197,0.24883983074943927
2019-10-31,46.37491226196289,46.82902715064955,-0.45411488868666083
2019-11-01,47.18439102172852,46.722676270132126,0.4617147515963964
2019-11-04,48.36448287963867,46.96295779126793,1.4015250883707395
2019-11-05,47.47697448730469,48.59386339090838,-1.1168889036036944
2019-11-06,46.501686096191406,47.66635798989552,-1.1646718937041172
2019-11-07,47.20389938354492,46.36525437946036,0.8386450040845617
2019-11-08,46.0237922668457,47.32785518639034,-1.3040629195446343
2019-11-11,45.11677169799805,45.96571529534925,-0.8489435973512016
2019-11-12,45.74097442626953,45.25076437069995,0.49021005556958386
2019-11-13,45.15579605102539,45.68334365264929,-0.5275476016239011
2019-11-14,45.643436431884766,45.076863518831416,0.5665729130533492
2019-11-15,46.53094482421875,46.04266046490432,0.48828435931442726
2019-11-18,46.63822937011719,46.30428798610202,0.33394138401516926
2019-11-19,45.42888259887695,46.773256806928714,-1.3443742080517609
2019-11-20,44.44383239746094,45.60939116769099,-1.1655587702300494
2019-11-21,44.42432403564453,44.165796776201766,0.258527259442765
2019-11-22,44.736419677734375,44.50624971323476,0.23016996449961624
2019-11-25,46.34563827514648,44.89081752442751,1.4548207507189659
2019-11-26,45.56540298461914,46.37696649603696,-0.8115635114178161
2019-11-27,46.9698371887207,45.47179307861091,1.4980441101097952
2019-11-29,46.33588790893555,47.51720423774711,-1.1813163288115618
2019-12-02,45.24357223510742,45.78046289925755,-0.5368906641501283
2019-12-03,44.11224365234375,45.596381097638286,-1.484137445294536
2019-12-04,45.15579605102539,44.09173069958424,1.064065351441151
2019-12-05,45.4678840637207,44.939477619456895,0.5284064442638083
2019-12-06,46.745513916015625,45.696348947681834,1.0491649683337911
2019-12-09,45.30208969116211,47.0667861148028,-1.764696423640693
2019-12-10,46.28712463378906,44.75431764974574,1.5328069840433258
2019-12-11,48.04264450073242,46.97638649443626,1.0662580062961595
2019-12-12,49.71038818359375,47.870334409760936,1.840053773832814
2019-12-13,49.9347038269043,49.8054467708404,0.12925705606389926
2019-12-16,51.63170623779297,50.427894130345656,1.2038121074473125
2019-12-17,51.690223693847656,51.6467259121977,0.04349778164995399
2019-12-18,51.72922897338867,51.55835399132911,0.17087498205955853
2019-12-19,53.18240737915039,52.392485804222666,0.7899215749277246
2019-12-20,53.699310302734375,53.039427057743545,0.6598832449908301
2019-12-23,54.03091049194336,53.697980186020395,0.33293030592296446
2019-12-24,54.050411224365234,54.745219065366875,-0.6948078410016407
2019-12-26,53.748077392578125,53.71836674480553,0.029710647772596133
2019-12-27,52.694766998291016,53.88593630284883,-1.1911693045578176
2019-12-30,51.89502716064453,53.08782355200176,-1.192796391357227
2019-12-31,52.45094299316406,51.577943169517525,0.8729998236465377
2020-01-02,54.02116012573242,52.690749559440164,1.330410566292258
2020-01-03,53.18240737915039,54.41835275930128,-1.2359453801508877
2020-01-06,52.24612808227539,52.88176052261426,-0.6356324403388669
2020-01-07,56.829986572265625,52.651230076072586,4.178756496193039
2020-01-08,56.0985221862793,57.31727492179979,-1.2187527355204963
2020-01-09,55.89371109008789,55.437333029275344,0.45637806081254695
2020-01-10,55.2695198059082,57.18377420389025,-1.9142543979820488
2020-01-13,56.030250549316406,54.62547756117557,1.4047729881408344
2020-01-14,56.0985221862793,56.09332873132882,0.005193454950479293
2020-01-15,54.78187942504883,56.89563518293206,-2.113755757883233
2020-01-16,56.25457000732422,54.242242859664266,2.0123271476599527
2020-01-17,56.23506164550781,56.67073754943727,-0.4356759039294573
2020-01-21,57.51268005371094,56.45296996051279,1.0597100931981487
2020-01-22,57.70773696899414,57.662391058602836,0.045345910391304756
2020-01-23,57.73699951171875,57.76255405974704,-0.025554548028289048
2020-01-24,56.33257675170898,58.1495245395004,-1.8169477877914204
2020-01-27,54.04066467285156,56.12409993201036,-2.0834352591587972
2020-01-28,55.074462890625,54.06088248751608,1.013580403108918
2020-01-29,53.93337631225586,55.47869672796878,-1.5453204157129221
2020-01-30,53.670047760009766,53.39365448175852,0.2763932782512484
2020-01-31,51.77798843383789,54.320762405227875,-2.542773971389984
2020-02-03,52.45094299316406,51.42330619885778,1.0276367943062823
2020-02-04,54.12843322753906,52.54347914114042,1.584954086398639
2020-02-05,55.36705017089844,54.458657812253925,0.9083923586445124
2020-02-06,57.22985076904297,55.416038073077885,1.8138126959650833
2020-02-07,55.47433090209961,57.570721316649944,-2.096390414550335
2020-02-10,55.9132194519043,55.343467395877155,0.5697520560271414
2020-02-11,55.83518600463867,56.35093773578499,-0.5157517311463167
2020-02-12,57.805267333984375,55.52194954063262,2.283317793351756
2020-02-13,57.86378860473633,58.37334876695079,-0.5095601622144628
2020-02-14,57.05430221557617,57.84674357422608,-0.7924413586499099
2020-02-18,56.32283782958984,57.12153637620054,-0.7986985466107015
2020-02-19,58.50748062133789,56.50488859334739,2.0025920279905023
2020-02-20,57.54194259643555,58.70842465709577,-1.166482060660222
2020-02-21,55.58162689208984,57.33446611358241,-1.7528392214925717
2020-02-24,53.65054702758789,56.05827225208576,-2.4077252244978666
2020-02-25,50.81245803833008,53.2391563863361,-2.4266983480060205
2020-02-26,51.075782775878906,50.5289445803841,0.5468381954948072
2020-02-27,49.330020904541016,51.659225403431414,-2.329204498890398
2020-02-28,51.2610969543457,48.50586744689914,2.7552295074465647
2020-03-02,53.24092864990234,51.96737717038897,1.2735514795133653
2020-03-03,50.51987075805664,53.21881115763228,-2.6989403995756405
2020-03-04,53.92362976074219,50.04650021908333,3.87712954165886
2020-03-05,52.392425537109375,55.11675625514109,-2.724330718031716
2020-03-06,50.19803237915039,51.1090450750535,-0.9110126959031106
2020-03-09,44.83395385742188,50.93767720390656,-6.103723346484678
2020-03-10,46.67724990844727,44.362720418530216,2.3145294899170565
2020-03-11,42.63955307006836,46.42926349309673,-3.7897104230283674
2020-03-12,37.85089492797852,42.093912549626246,-4.243017621647724
2020-03-13,41.92760467529297,38.25622755012807,3.671377125164902
2020-03-16,33.6181526184082,41.48959569908034,-7.871443080672137
2020-03-17,36.45623779296875,31.975458035789117,4.480779757179633
2020-03-18,33.83271026611328,39.01395493159137,-5.18124466547809
2020-03-19,35.39317321777344,30.57070198077088,4.822471237002556
2020-03-20,35.217613220214844,36.85446270875771,-1.6368494885428646
2020-03-23,37.30473327636719,35.4748421995786,1.8298910767885843
2020-03-24,42.20068359375,35.77105225598633,6.4296313377636665
2020-03-25,41.44969940185547,43.63388217788649,-2.1841827760310224
2020-03-26,43.68310546875,41.10852904988907,2.5745764188609286
2020-03-27,42.40547943115234,43.4138611253632,-1.0083816942108612
2020-03-30,43.41978073120117,42.47298178233257,0.9467989488686044
2020-03-31,41.02057647705078,43.81039523946035,-2.789818762409567
2020-04-01,38.90419387817383,39.90750330753542,-1.0033094293615932
2020-04-02,40.07455062866211,39.47569202461803,0.5988586040440822
2020-04-03,40.20134353637695,39.92146370336356,0.27987983301339625
2020-04-06,45.224063873291016,39.37636443683098,5.847699436460033
2020-04-07,45.38985824584961,46.67974923557027,-1.2898909897206607
2020-04-08,47.09661483764648,44.389922439060115,2.7066923985863625
2020-04-09,44.98999786376953,47.67370180932283,-2.6837039455532974
2020-04-13,45.02899932861328,44.899424337098026,0.12957499151525553
2020-04-14,46.44317626953125,44.8221370074014,1.6210392621298482
2020-04-15,45.2825927734375,46.52114095634191,-1.2385481829044096
2020-04-16,44.40482711791992,45.25277572149612,-0.8479486035761994
2020-04-17,44.57062530517578,44.4010454714672,0.16957983370858187
2020-04-20,42.32745361328125,44.36593871109731,-2.038485097816057
2020-04-21,40.38664245605469,42.12804964308766,-1.7414071870329693
2020-04-22,42.82484817504883,40.45868008983881,2.3661680852100204
2020-04-23,42.68832015991211,42.68092331729639,0.007396842615719379
2020-04-24,43.06867218017578,42.371716318439375,0.6969558617364058
2020-04-27,44.16100311279297,43.75112465804408,0.40987845474889184
2020-04-28,44.19026184082031,43.61299197921761,0.5772698616027014
2020-04-29,48.59856033325195,44.14404984131685,4.454510491935103
2020-04-30,46.706504821777344,49.626792309420566,-2.920287487643222
2020-05-01,43.94643783569336,45.43870230506984,-1.4922644693764795
2020-05-04,43.36126327514648,44.71947902251312,-1.3582157473666427
2020-05-05,44.28779602050781,43.18254281209588,1.1052532084119306
2020-05-06,44.94123458862305,43.51370483323415,1.4275297553888961
2020-05-07,45.438621520996094,45.85820555689917,-0.41958403590307825
2020-05-08,47.05759811401367,45.225349883506254,1.8322482305074175
2020-05-11,47.00884246826172,46.70216079313965,0.30668167512207134
2020-05-12,44.56086349487305,47.61461452904603,-3.0537510341729828
2020-05-13,42.45424270629883,44.173507526582114,-1.7192648202832856
2020-05-14,44.59988784790039,42.06328669444429,2.536601153456104
2020-05-15,43.31250381469727,45.160623871467195,-1.8481200567699219
2020-05-18,44.78518295288086,42.58544477124657,2.199738181634288
2020-05-19,44.00495529174805,45.450136447744214,-1.445181155996167
2020-05-20,45.48739242553711,43.54371621541458,1.9436762101225327
2020-05-21,44.10247802734375,45.71651496051448,-1.6140369331707305
2020-05-22,43.82939529418945,43.91925574514401,-0.08986045095455353
2020-05-26,44.66815185546875,43.948423886123436,0.719727969345314
2020-05-27,48.22794723510742,44.50034927093858,3.7275979641688437
2020-05-28,45.32159423828125,48.61545226174726,-3.293858023466008
2020-05-29,46.72600936889648,44.86449369296842,1.8615156759280538
2020-06-01,45.19480514526367,47.485112147923296,-2.290307002659624
2020-06-02,45.66294479370117,44.18398232070104,1.4789624730001307
2020-06-03,47.71105194091797,46.37372988323366,1.337322057684311
2020-06-04,49.9542121887207,47.78250880945051,2.171703379270191
2020-06-05,52.392425537109375,49.6369624341201,2.7554631029892747
2020-06-08,52.37292098999024,53.28607775423477,-0.9131567642445262
2020-06-09,51.83650970458984,52.13363725961414,-0.29712755502430355
2020-06-10,51.173316955566406,51.78306763086952,-0.6097506753031112
2020-06-11,47.32093811035156,51.542759160439104,-4.2218210500875415
2020-06-12,47.486724853515625,46.6918495062307,0.7948753472849219
2020-06-15,48.02314376831055,47.88611845343311,0.13702531487743386
2020-06-16,49.7591438293457,47.75423215054531,2.00491167880039
2020-06-17,49.70063400268555,50.03243260757415,-0.33179860488860413
2020-06-18,49.23250198364258,49.78068344242525,-0.5481814587826719
2020-06-19,49.57384490966797,49.19632481992515,0.37752008974281637
2020-06-22,49.88593292236328,49.65326762621564,0.23266529614764409
2020-06-23,48.60832214355469,49.919885140033294,-1.3115629964786066
2020-06-24,47.09661483764648,48.53519998207584,-1.4385851444293607
2020-06-25,47.974369049072266,47.10824996762076,0.8661190814515081
2020-06-26,47.29167556762695,47.993301817712364,-0.7016262500854111
2020-06-29,47.935359954833984,47.05379331170093,0.8815666431330555
2020-06-30,50.246803283691406,48.40642898444792,1.8403742992434857
2020-07-01,48.47177505493164,50.12519413513479,-1.6534190802031503
2020-07-02,48.59856033325195,48.19844927476555,0.40011105848640227
2020-07-06,49.66162490844727,49.37400805267817,0.2876168557691017
2020-07-07,47.87684631347656,48.98571344629991,-1.1088671328233488
2020-07-08,48.48152542114258,47.88756708267442,0.5939583384681555
2020-07-09,48.744850158691406,49.29995388443693,-0.5551037257455249
2020-07-10,49.44706726074219,47.70064728295374,1.7464199777884488
2020-07-13,48.23770523071289,50.11419918520495,-1.8764939544920622
2020-07-14,48.48152542114258,48.38113354400255,0.10039187714002651
2020-07-15,49.26175308227539,47.94224610334801,1.3195069789273788
2020-07-16,48.86188507080078,49.685521711217994,-0.8236366404172131
2020-07-17,48.24745559692383,48.94962607811862,-0.7021704811947913
2020-07-20,49.9444580078125,47.89278232448154,2.051675683330963
2020-07-21,50.246803283691406,50.42145158270495,-0.1746482990135405
2020-07-22,50.37358856201172,50.08350134403332,0.290087217978396
2020-07-23,51.33910751342773,50.49161084788946,0.8474966655382659
2020-07-24,48.78386688232422,51.581358808336624,-2.7974919260124054
2020-07-27,50.315059661865234,48.3054040421628,2.0096556197024356
2020-07-28,48.85213470458984,51.002932462210204,-2.150797757620367
2020-07-29,49.14472198486328,48.11916261802259,1.0255593668406888
2020-07-30,49.48607635498047,49.69448205886913,-0.20840570388865842
2020-07-31,48.8228759765625,49.40327318880902,-0.5803972122465169
2020-08-03,49.14472198486328,48.514267677365275,0.630454307498006
2020-08-04,50.03223419189453,49.67430104253486,0.357933149359674
2020-08-05,49.78841018676758,49.796801155628124,-0.008390968860545911
2020-08-06,47.49648284912109,49.6984822929106,-2.2019994437895107
2020-08-07,47.54524993896485,47.73774397727486,-0.19249403831000933
2020-08-10,47.935359954833984,47.36060675773949,0.5747531970944948
2020-08-11,46.579715728759766,47.6870299352646,-1.1073142065048316
2020-08-12,47.28192138671875,46.90678497164481,0.37513641507393913
2020-08-13,44.99974060058594,47.246236348229964,-2.246495747644026
2020-08-14,44.47309112548828,44.314463701331505,0.15862742415677644
2020-08-17,44.10247802734375,45.227878872755916,-1.125400845412166
2020-08-18,43.30274963378906,43.428532857218194,-0.1257832234291314
2020-08-19,42.961402893066406,43.145903843281985,-0.184500950215579
2020-08-20,41.92760467529297,43.47209237455612,-1.5444876992631507
2020-08-21,41.60574722290039,41.145543859446335,0.4602033634540561
2020-08-24,42.67856979370117,41.7492558237789,0.9293139699222692
2020-08-25,43.98545455932617,42.965905811190936,1.0195487481352359
2020-08-26,43.848915100097656,43.48412960643428,0.3647854936633763
2020-08-27,43.51731491088867,44.11730726606632,-0.5999923551776476
2020-08-28,44.56086349487305,43.6417313529003,0.9191321419727458
2020-08-31,44.38531494140625,44.145982152117384,0.23933278928886637
2020-09-01,44.629127502441406,44.55481960677538,0.07430789566602414
2020-09-02,46.647979736328125,44.86642441016363,1.7815553261644936
2020-09-03,45.18506240844727,46.33641539749289,-1.1513529890456198
2020-09-04,45.33134841918945,45.1504012871125,0.1809471320769518
2020-09-08,43.91717529296875,45.85536658674046,-1.938191293771709
2020-09-09,44.03422164916992,42.956832964046434,1.0773886851234877
2020-09-10,43.76112747192383,44.586432151895835,-0.8253046799720067
2020-09-11,44.950984954833984,43.665669878325346,1.2853150765086383
2020-09-14,47.81833267211914,44.643732158712325,3.1746005134068156
2020-09-15,47.837833404541016,48.40783436310531,-0.5700009585642931
2020-09-16,48.96916961669922,47.62256455428263,1.346605062416586
2020-09-17,49.72013854980469,49.20144023651093,0.5186983132937542
2020-09-18,49.48607635498047,49.759178319701526,-0.2731019647210573
2020-09-21,47.935359954833984,49.47352871431194,-1.538168759477955
2020-09-22,48.47177505493164,47.929908507927095,0.5418665470045454
2020-09-23,48.61806106567383,48.57710906536704,0.04095200030678825
2020-09-24,48.24745559692383,48.39303667862679,-0.14558108170296435
2020-09-25,47.92561721801758,48.51779917058984,-0.5921819525722611
2020-09-28,48.49127960205078,47.858263255533245,0.633016346517536
2020-09-29,49.45680618286133,48.39363254332761,1.0631736395337157
2020-09-30,45.79948425292969,49.74031662913355,-3.940832376203865
2020-10-01,46.73575973510742,45.341955208155845,1.3938045269515769
2020-10-02,45.39961624145508,47.21126691807822,-1.8116506766231453
2020-10-05,46.42367172241211,44.63959834051127,1.7840733819008392
2020-10-06,46.15058898925781,47.088225798626425,-0.9376368093686125
2020-10-07,47.213645935058594,45.82704565489609,1.3866002801625044
2020-10-08,48.66682815551758,47.24037039640427,1.4264577591133047
2020-10-09,48.65708541870117,49.00639374478746,-0.3493083260862875
2020-10-12,49.427547454833984,48.45595197672469,0.9715954781092933
2020-10-13,50.56863784790039,49.66517167137081,0.9034661765295837
2020-10-14,50.35408020019531,50.66749556672529,-0.3134153665299806
2020-10-15,50.65641021728516,50.24301249087372,0.41339772641144634
2020-10-16,50.33456802368164,50.98372459799689,-0.6491565743152492
2020-10-19,51.32936477661133,50.13339678944931,1.195967987162021
2020-10-20,52.20711898803711,51.547286875671446,0.6598321123656632
2020-10-21,51.992557525634766,52.337441723020575,-0.34488419738580944
2020-10-22,53.03611373901367,51.95427790112562,1.0818358378880504
2020-10-23,51.54391860961914,53.35506896487972,-1.8111503552605797
2020-10-26,50.85146713256836,51.237011299711874,-0.38554416714351447
2020-10-27,50.67592239379883,51.153105539438556,-0.47718314563972797
2020-10-28,48.76435852050781,50.53113057709749,-1.76677205658968
2020-10-29,49.23250198364258,48.522837079503375,0.7096649041392027
2020-10-30,49.0959587097168,49.726614018742985,-0.6306553090261886
2020-11-02,48.48152542114258,48.57718057638626,-0.09565515524368351
2020-11-03,49.81767272949219,48.69911119530259,1.1185615341895954
2020-11-04,50.67592239379883,50.18153018855949,0.49439220523933614
2020-11-05,53.23117446899414,50.18419073720416,3.046983731789979
2020-11-06,53.796836853027344,53.99939063596069,-0.20255378293334303
2020-11-09,54.57707214355469,53.70690528355887,0.8701668599958197
2020-11-10,54.04066467285156,54.63496920593738,-0.5943045330858183
2020-11-11,54.96718597412109,54.268274886204104,0.6989110879169829
2020-11-12,54.859901428222656,55.11286140625337,-0.25295997803071657
2020-11-13,56.49838638305664,54.67021713030364,1.8281692527529998
2020-11-16,60.33126449584961,57.141522668313755,3.1897418275358547
2020-11-17,60.45805740356445,60.480249698847544,-0.022192295283090857
2020-11-18,59.23894500732422,60.37368689385219,-1.1347418865279693
2020-11-19,60.30200958251953,59.97802735058359,0.32398223193594333
2020-11-20,59.882625579833984,60.081411545889424,-0.1987859660554392
2020-11-23,62.59394073486328,59.72456585215903,2.86937488270425
2020-11-24,62.36961364746094,63.82309973929573,-1.4534860918347903
2020-11-25,61.86246490478516,61.569128395876504,0.29333650890865925
2020-11-27,62.642696380615234,62.47412443988047,0.16857194073476478
2020-11-30,62.506141662597656,63.16109933274091,-0.6549576701432542
2020-12-01,65.4222640991211,61.85563022360326,3.5666338755178373
2020-12-02,67.402099609375,66.58486149380616,0.8172381155688413
2020-12-03,68.17257690429688,67.44111975482582,0.7314571494710549
2020-12-04,71.52754974365234,68.2256427145082,3.3019070291441466
2020-12-07,70.81560516357422,72.6637638822753,-1.848158718701086
2020-12-08,71.38127899169922,70.29775857275158,1.0835204189476428
2020-12-09,69.64527130126953,72.21595614915745,-2.570684847887918
2020-12-10,69.51847076416016,69.62537816653995,-0.10690740237978957
2020-12-11,68.78700256347656,69.63712189661688,-0.850119333140313
2020-12-14,69.77204132080078,69.05200419275266,0.7200371280481193
2020-12-15,71.34225463867188,70.16935945142531,1.1728951872465672
2020-12-16,71.18622589111328,71.42600728253882,-0.239781391425538
2020-12-17,70.47423553466797,71.57652567325428,-1.1022901385863122
2020-12-18,69.69400787353516,70.7973582733481,-1.103350399812939
2020-12-21,69.70376586914062,69.57195205320625,0.1318138159343789
2020-12-22,68.6992416381836,70.12147738498884,-1.4222357468052422
2020-12-23,68.2213363647461,68.7847931495004,-0.5634567847543082
2020-12-24,68.83578491210938,68.32863193035824,0.5071529817511333
2020-12-28,68.9137954711914,69.14257292525507,-0.22877745406366046
2020-12-29,68.47489929199219,69.01513767532059,-0.5402383833284006
2020-12-30,70.14266204833984,68.69817978689365,1.444482261446197
2020-12-31,73.32207489013672,70.5370809990755,2.7849938910612195
2021-01-04,72.22000885009766,73.56279690534714,-1.3427880552494855
2021-01-05,75.3506851196289,72.37588321376542,2.9748019058634867
2021-01-06,75.20438385009766,76.35585039718376,-1.1514665470861019
2021-01-07,77.15496826171875,74.50597847861955,2.6489897830991964
2021-01-08,75.50672912597656,78.4253892628427,-2.918660136866137
2021-01-11,76.7258529663086,75.26837490646841,1.4574780598401844
2021-01-12,77.4963150024414,77.05491567432206,0.44139932811934557
2021-01-13,77.93519592285156,77.94098964163629,-0.0057937187847301175
2021-01-14,79.29085540771484,78.1968899413685,1.0939654663463472
2021-01-15,78.72518157958984,79.64167631798426,-0.9164947383944195
2021-01-19,83.38704681396484,78.92948368369126,4.457563130273584
2021-01-20,81.43646240234375,84.35425809766816,-2.917795695324415
2021-01-21,82.90917205810547,80.82305046457833,2.086121593527139
2021-01-22,80.24662780761719,84.41620356481029,-4.169575757193101
2021-01-25,79.2713394165039,79.44949212280733,-0.17815270630342184
2021-01-26,77.54507446289062,79.82755413427307,-2.282479671382447
2021-01-27,73.23433685302734,77.85632577454875,-4.621988921521407
2021-01-28,76.45277404785156,72.61208266681811,3.8406913810334515
2021-01-29,76.33570861816406,77.57611403131231,-1.2404054131482525
2021-02-01,78.44233703613281,75.71623868947862,2.7260983466541973
2021-02-02,79.60293579101562,79.46691867682503,0.1360171141905937
2021-02-03,77.15496826171875,79.72861883583006,-2.573650574111312
2021-02-04,79.24208068847656,76.86390700555863,2.3781736829179323
2021-02-05,79.09577941894531,80.43370244562117,-1.3379230266758526
2021-02-08,81.93388366699219,78.3889609831254,3.544922683866787
2021-02-09,81.26094055175781,82.96436021623008,-1.7034196644722641
2021-02-10,80.31488037109375,81.35134723862315,-1.0364668675293984
2021-02-11,84.34283447265625,80.35369515858993,3.989139314066321
2021-02-12,85.83501434326172,85.22822527349751,0.6067890697642042
2021-02-16,85.57170104980469,85.6876650376261,-0.11596398782141648
2021-02-17,83.9234619140625,86.32178272218884,-2.3983208081263427
2021-02-18,86.3519515991211,84.04612909942338,2.3058224996977117
2021-02-19,88.71212005615234,86.60944619082784,2.1026738653245047
2021-02-22,84.14778137207031,89.21301259487052,-5.065231222800207
2021-02-23,86.0495834350586,84.13820189799141,1.9113815370671858
2021-02-24,90.2335433959961,86.92010777976684,3.313435616229256
2021-02-25,85.94230651855469,89.94518148192488,-4.002874963370189
2021-02-26,89.26803588867188,86.26689414191169,3.001141746760183
2021-03-01,92.41822052001952,90.86323132658272,1.5549891934367963
2021-03-02,88.8388900756836,91.02850336370715,-2.1896132880235513
2021-03-03,86.9078369140625,90.04057638716947,-3.132739473106966
2021-03-04,82.24595642089844,87.8414684669541,-5.59551204605566
2021-03-05,86.73228454589844,80.04334994679948,6.688934599098957
2021-03-08,82.94818115234375,89.26123229932804,-6.313051146984293
2021-03-09,87.0931396484375,81.82590790089894,5.26723174753856
2021-03-10,83.29927825927734,87.88782781937024,-4.5885495600929005
2021-03-11,87.10289764404297,83.0989251419678,4.003972502075172
2021-03-12,85.60093688964844,88.3026128289498,-2.701675939301367
2021-03-15,86.65426635742188,84.4283326144215,2.2259337430003683
2021-03-16,89.17052459716797,88.23539640717259,0.9351281899953818
2021-03-17,92.41822052001952,89.15354963374344,3.264670886276079
2021-03-18,87.60028839111328,92.34781039919025,-4.74752200807697
2021-03-19,88.27325439453125,88.29079808824102,-0.017543693709768604
2021-03-22,89.02420806884766,88.80739250364589,0.21681556520177026
2021-03-23,83.28950500488281,87.99109642264546,-4.701591417762643
2021-03-24,80.9488296508789,84.20577121254394,-3.2569415616650303
2021-03-25,82.01188659667969,81.25501282651699,0.7568737701626986
2021-03-26,85.81551361083984,80.73217730601647,5.083336304823376
2021-03-29,84.45010375976562,87.55149431977979,-3.101390560014167
2021-03-30,84.4013671875,84.20407707519199,0.19729011230801063
2021-03-31,86.03007507324219,84.17163064197996,1.8584444312622281
2021-04-01,90.12629699707033,86.92397867253557,3.202318324534758
2021-04-05,91.43317413330078,90.36849871210904,1.0646754211917369
2021-04-06,91.17958068847656,91.39476882676625,-0.2151881382896903
2021-04-07,91.63796997070312,92.19580562461783,-0.557835653914708
2021-04-08,92.9351043701172,91.46410772122593,1.4709966488912727
2021-04-09,92.94486236572266,93.0807369152892,-0.13587454956653744
2021-04-12,93.2276840209961,93.7541265799392,-0.5264425589431028
2021-04-13,89.87271118164062,93.19035713680601,-3.317645955165389
2021-04-14,88.42928314208984,89.60208848435022,-1.172805342260375
2021-04-15,88.03916931152344,89.31198610698144,-1.2728167954579988
2021-04-16,88.41954040527344,87.44525239700047,0.9742880082729641
2021-04-19,86.22515106201172,88.76678462440421,-2.541633562392491
2021-04-20,85.31812286376953,86.62514373259272,-1.3070208688231872
2021-04-21,87.2784423828125,85.03895834673423,2.2394840360782666
2021-04-22,82.61656188964844,87.58941916285735,-4.972857273208916
2021-04-23,83.9039535522461,82.38878207509903,1.5151714771470637
2021-04-26,85.66921997070312,84.64748046050977,1.0217395101933562
2021-04-27,87.24920654296875,84.95556860479734,2.2936379381714147
2021-04-28,83.9039535522461,88.16766546338637,-4.263711911140277
2021-04-29,85.88379669189453,83.781318145701,2.102478546193538
2021-04-30,83.94296264648438,85.99690362595513,-2.0539409794707524
2021-05-03,82.91889953613281,83.63024542988202,-0.7113458937492112
2021-05-04,82.32398223876953,83.69937568639526,-1.3753934476257257
2021-05-05,83.04570007324219,81.68989656661644,1.3558035066257474
2021-05-06,82.70435333251953,83.29916705507321,-0.5948137225536811
2021-05-07,83.85520935058594,83.1236222589636,0.7315870916223446
2021-05-10,78.85198211669922,83.66964568115317,-4.817663564453952
2021-05-11,78.68617248535156,78.36333781621826,0.32283466913330017
2021-05-12,74.90206909179688,79.67278389800009,-4.770714806203216
2021-05-13,75.28240203857422,73.29418471387916,1.9882173246950572
2021-05-14,77.73038482666016,76.26920876359296,1.4611760630671995
2021-05-17,78.40333557128906,77.76625182741581,0.637083743873248
2021-05-18,76.9306411743164,77.72071382862198,-0.7900726543055754
2021-05-19,77.95469665527344,77.81415646228247,0.14054019299096865
2021-05-20,79.12505340576172,77.78330329930482,1.3417501064568995
2021-05-21,78.72518157958984,78.52854076732427,0.19664081226557073
2021-05-24,80.851318359375,79.69274117476319,1.158577184611815
2021-05-25,79.22257995605469,80.76691641034321,-1.5443364542885263
2021-05-26,80.20760345458984,78.37210100994683,1.8355024446430122
2021-05-27,81.85586547851562,81.68897775993248,0.16688771858314055
2021-05-28,82.06068420410156,81.05015288598628,1.0105313181152837
2021-06-01,82.0704116821289,82.0082170602507,0.06219462187820568
2021-06-02,82.25570678710938,83.18863007883908,-0.9329232917297077
2021-06-03,80.00282287597656,81.32613845720898,-1.3233155812324213
2021-06-04,81.69004821777344,79.99983164356225,1.6902165742111919
2021-06-07,81.96312713623047,82.83603617127262,-0.8729090350421558
2021-06-08,78.53988647460938,80.63651520182023,-2.096628727210856
2021-06-09,76.71610260009766,79.03992192166832,-2.3238193215706673
2021-06-10,77.32076263427734,77.21534380205416,0.10541883222317949
2021-06-11,77.37925720214844,76.0112060982038,1.3680511039446372
2021-06-14,78.50086975097656,78.17855380448303,0.3223159464935321
2021-06-15,80.14910125732422,78.98158494415654,1.1675163131676811
2021-06-16,78.50086975097656,79.15719178627624,-0.6563220352996808
2021-06-17,78.64715576171875,79.19171655943586,-0.5445607977171107
2021-06-18,75.04834747314453,79.02562042587951,-3.977272952734978
2021-06-21,75.1653823852539,73.48407228898563,1.6813100962682768
2021-06-22,75.74079895019531,76.54351573138547,-0.8027167811901563
2021-06-23,77.06717681884766,75.11670851674613,1.9504683021015268
2021-06-24,78.58865356445312,76.7143816989155,1.8742718655376223
2021-06-25,80.00282287597656,79.68396501355399,0.3188578624225755
2021-06-28,81.3194580078125,79.46861171912498,1.8508462886875208
2021-06-29,80.88056945800781,81.34778169063578,-0.46721223262797196
2021-06-30,82.8799057006836,81.53792181052204,1.3419838901615577
2021-07-01,78.13025665283203,82.6561670543197,-4.525910401487664
2021-07-02,78.34484100341797,77.39685073459253,0.9479902688254356
2021-07-06,79.07628631591797,79.70268196609572,-0.6263956501777557
2021-07-07,76.2869644165039,77.72725652519091,-1.4402921086870037
2021-07-08,75.20438385009766,76.43293379681262,-1.2285499467149634
2021-07-09,76.79411315917969,76.14643001660703,0.6476831425726601
2021-07-12,77.5938491821289,75.40682694964123,2.187022232487678
2021-07-13,76.51126861572266,78.21724990700339,-1.705981291280736
2021-07-14,76.55029296875,77.10499241395557,-0.5546994452055714
2021-07-15,75.01908874511719,75.44249973000983,-0.42341098489264084
2021-07-16,73.15629577636719,75.3448342964138,-2.188538520046606
2021-07-19,72.73690032958984,73.50230886379823,-0.7654085342083903
2021-07-20,73.52689361572266,71.71656384067957,1.810329775043087
2021-07-21,75.28240203857422,74.02532721419655,1.2570748243776677
2021-07-22,73.66343688964844,75.62116222634616,-1.9577253366977203
2021-07-23,74.06329345703125,72.69867125249804,1.3646222045332053
2021-07-26,74.41441345214844,74.93833246211639,-0.5239190099679547
2021-07-27,72.38581085205078,73.97755042044808,-1.5917395683973012
2021-07-28,73.6829605102539,71.859831813313,1.8231286969409126
2021-07-29,75.17513275146484,74.6354669909056,0.5396657605592452
2021-07-30,75.66276550292969,74.35674756177846,1.3060179411512252
2021-08-02,75.7212905883789,75.88074712114967,-0.15945653277076133
2021-08-03,78.86174011230469,76.28664230928447,2.5750978030202134
2021-08-04,79.95405578613281,78.40352646707356,1.550529319059251
2021-08-05,79.47613525390625,80.10188894895076,-0.6257536950445086
2021-08-06,79.97354125976562,80.14394399467162,-0.17040273490599134
2021-08-09,78.227783203125,79.37490054562029,-1.1471173424952923
2021-08-10,74.0340576171875,78.14338571879462,-4.109328101607119
2021-08-11,73.17579650878906,74.3242184788179,-1.148421970028835
2021-08-12,68.51390838623047,72.57030865819637,-4.056400271965899
2021-08-13,69.16736602783203,67.78083028897532,1.3865357388567077
2021-08-16,69.17711639404297,70.24523798221324,-1.0681215881702713
2021-08-17,69.03083038330078,67.76386865023358,1.2669617330672054
2021-08-18,68.87478637695312,69.47436124138669,-0.5995748644335634
2021-08-19,68.54317474365234,69.26643178697257,-0.7232570433202312
2021-08-20,68.49442291259766,67.40360398491937,1.090818927678285
2021-08-23,69.96707916259766,69.05061031146514,0.916468851132521
2021-08-24,70.20117950439453,70.15714083676288,0.04403866763165354
2021-08-25,72.21026611328125,69.28352159223098,2.926744521050267
2021-08-26,70.97164154052734,73.19184867998065,-2.220207139453308
2021-08-27,72.17124938964844,70.38934311949578,1.7819062701526605
2021-08-30,71.35200500488281,72.16532671909505,-0.8133217142122362
2021-08-31,71.87865447998047,71.4054122208412,0.4732422591392691
2021-09-01,71.89815521240234,71.8996769185025,-0.0015217061001493448
2021-09-02,72.1614990234375,71.5427665789203,0.6187324445172067
2021-09-03,71.98595428466797,72.48435665254894,-0.4984023678809706
2021-09-07,71.8201675415039,71.77287954105027,0.04728800045363357
2021-09-08,70.48399353027344,71.65040505552166,-1.166411525248222
2021-09-09,71.06916809082031,70.5300078915712,0.5391601992491104
2021-09-10,71.68360900878906,71.03720034441929,0.6464086643697726
2021-09-13,72.5125961303711,71.39946213661307,1.1131339937580265
2021-09-14,71.6738510131836,72.87315033014583,-1.1992993169622395
2021-09-15,71.99569702148438,71.37836272007252,0.6173343014118586
2021-09-16,72.78567504882812,72.00702705346295,0.7786479953651764
2021-09-17,72.46383666992188,72.85858687488351,-0.39475020496163893
2021-09-20,70.58153533935547,72.29113423987518,-1.7095989005197083
2021-09-21,70.35721588134766,70.4905117337641,-0.13329585241643827
2021-09-22,72.1419906616211,70.37849510309739,1.7634955585237009
2021-09-23,72.21026611328125,71.98263790904126,0.2276282042399913
2021-09-24,72.22000885009766,72.23167719033067,-0.011668340233015329
2021-09-27,73.32207489013672,72.44730818782422,0.874766702312499
2021-09-28,71.29347229003906,73.05237098412545,-1.7588986940863833
2021-09-29,69.86957550048828,71.09315828844585,-1.223582787957568
2021-09-30,69.32263946533203,70.19076090504119,-0.8681214397091566
2021-10-01,69.3324203491211,68.65100232853581,0.6814180205852836
2021-10-04,68.9710693359375,69.43637537861619,-0.4653060426786908
2021-10-05,68.8538589477539,69.13483804442923,-0.28097909667532406
2021-10-06,68.30693054199219,68.37506345987264,-0.06813291788044751
2021-10-07,68.8929214477539,68.35443626477665,0.5384851829772543
2021-10-08,68.48274993896484,69.07519887033233,-0.5924489313674854
2021-10-11,67.60374450683594,67.91524776007307,-0.31150325323713446
2021-10-12,65.16212463378906,67.82351392908528,-2.6613892952962175
2021-10-13,64.8300552368164,64.84182795059687,-0.011772713780459299
2021-10-14,66.21690368652344,64.54375940603116,1.6731442804922807
2021-10-15,66.0997085571289,66.30355931362031,-0.2038507564914056
2021-10-18,65.68951416015625,65.91817585955005,-0.22866169939379688
2021-10-19,65.99227142333984,65.64409649169602,0.3481749316438254
2021-10-20,66.67591094970703,65.88696259743648,0.7889483522705518
2021-10-21,67.03730010986328,66.5580851647212,0.4792149451420755
2021-10-22,65.93368530273438,67.06272646757114,-1.1290411648367638
2021-10-25,67.15448760986328,65.7168954034298,1.4375922064334787
2021-10-26,67.3302993774414,67.26610090838987,0.06419846905153292
2021-10-27,66.64662170410156,67.01944863809138,-0.37282693398981337
2021-10-28,67.9553451538086,66.75814506353092,1.1972000902776756
2021-10-29,67.4865493774414,68.0062756578949,-0.5197262804534972
2021-11-01,69.04917907714844,66.98969100425361,2.0594880728948226
2021-11-02,69.10778045654297,69.68216035928087,-0.5743799027379026
2021-11-03,69.58633422851562,68.60899328893612,0.9773409395795056
2021-11-04,70.55323791503906,69.70132127837584,0.8519166366632192
2021-11-05,71.21734619140625,70.81040133685464,0.406944854551611
2021-11-08,72.8190689086914,70.88683459026258,1.9322343184288258
2021-11-09,73.82500457763672,73.17548117296819,0.6495234046685283
2021-11-10,71.6958999633789,73.8859975256232,-2.19009756224429
2021-11-11,72.80929565429688,71.32302538170762,1.4862702725892518
2021-11-12,75.49507141113281,73.37762821339057,2.117443197742247
2021-11-15,74.98719787597656,75.20882504630026,-0.22162717032369983
2021-11-16,75.01653289794922,75.00383973679624,0.012693161152981247
2021-11-17,73.69802856445312,75.65725880600925,-1.9592302415561278
2021-11-18,75.22161865234375,72.84517869088485,2.3764399614588996
2021-11-19,81.0912857055664,75.83448643876409,5.256799266802318
2021-11-22,81.90191650390625,81.70272337581844,0.19919312808781342
2021-11-23,83.41571044921875,81.25902719288648,2.156683256332272
2021-11-24,84.1970443725586,84.78692643312174,-0.5898820605631414
2021-11-26,81.47217559814453,83.74833809428301,-2.2761624961384825
2021-11-29,84.12867736816406,81.10045074943488,3.028226618729178
2021-11-30,82.03864288330078,85.62901995293947,-3.5903770696386914
2021-12-01,83.16177368164062,80.55326111600075,2.60851256563987
2021-12-02,80.94478607177734,84.34214438338523,-3.3973583116078885
2021-12-03,79.71420288085938,80.74232505715815,-1.0281221762987798
2021-12-06,80.5248031616211,79.29951775165321,1.2252854099678814
2021-12-07,83.8259048461914,81.16967606802888,2.6562287781625287
2021-12-08,84.011474609375,83.97931760515422,0.03215700422077816
2021-12-09,82.94690704345703,83.76137547922245,-0.8144684357654199
2021-12-10,83.54267883300781,83.74160194759004,-0.19892311458222878
2021-12-13,82.38046264648438,83.29277423475428,-0.9123115882699011
2021-12-14,81.34520721435547,82.06189704794411,-0.7166898335886458
2021-12-15,83.65989685058594,82.19989556331423,1.4600012872717087
2021-12-16,80.75922393798828,83.38841879531229,-2.629194857324009
2021-12-17,81.06198120117188,80.20808666138205,0.8538945397898203
2021-12-20,80.11463928222656,82.49283790445858,-2.37819862223202
2021-12-21,88.56266784667969,78.78074531457354,9.781922532106151
2021-12-22,88.2305908203125,89.99077733987052,-1.7601865195580189
2021-12-23,92.21533203125,88.04724198976491,4.168090041485087
2021-12-27,92.22510528564452,93.21138925890342,-0.9862839732589066
2021-12-28,90.76988983154295,91.70388305305242,-0.9339932215094677
2021-12-29,93.92446899414062,91.48804793578454,2.436421058356089
2021-12-30,91.69772338867188,94.46697582002318,-2.7692524313513047
2021-12-31,91.07199096679688,90.73318635651883,0.3388046102780464
2022-01-03,93.6139907836914,92.61953333066539,0.9944574530260155
2022-01-04,94.1908187866211,93.29047960318263,0.9003391834384615
2022-01-05,92.29410552978516,93.86189699971598,-1.5677914699308246
2022-01-06,93.51622009277344,93.68725616752663,-0.17103607475318938
2022-01-07,92.34297943115234,93.08261942462761,-0.7396399934752651
2022-01-10,91.79549407958984,91.85348712175247,-0.05799304216262158
2022-01-11,92.09857940673828,93.39624275812591,-1.2976633513876266
2022-01-12,92.98827362060548,91.21357138381224,1.774702236793246
2022-01-13,93.48687744140624,93.15971903398277,0.32715840742346813
2022-01-14,95.18807220458984,94.702538751267,0.48553345332284437
2022-01-18,90.7982406616211,94.60627708023746,-3.8080364186163678
2022-01-19,87.99226379394531,90.56476321547342,-2.572499421528107
2022-01-20,83.17223358154297,89.16724629749564,-5.995012715952669
2022-01-21,80.1022720336914,81.40906931920884,-1.3067972855174332
2022-01-24,81.09952545166016,80.61459097960913,0.48493447205102314
2022-01-25,78.91928100585938,81.67208123916066,-2.7528002333012864
2022-01-26,80.14138793945312,77.38516095208473,2.756226987368393
2022-01-27,76.96388244628906,81.60519094310528,-4.641308496816222
2022-01-28,77.50162506103516,76.07155457235957,1.4300704886755824
2022-01-31,80.43470001220703,77.4219701697341,3.012729842472936
2022-02-01,79.63298797607422,81.08307578180302,-1.4500878057287991
2022-02-02,82.62471008300781,79.04151873510942,3.583191347898392
2022-02-03,80.14138793945312,83.39788765671967,-3.25649971726655
2022-02-04,79.3592300415039,79.47349145228725,-0.1142614107833424
2022-02-07,79.06592559814453,79.79465404518663,-0.7287284470421014
2022-02-08,82.2434310913086,78.77849451278384,3.464936578524757
2022-02-09,86.1541976928711,82.468174997333,3.6860226955380995
2022-02-10,88.98949432373047,86.6037034631804,2.385790860550074
2022-02-11,87.75762939453125,89.21871102483816,-1.4610816303069072
2022-02-14,87.8553695678711,87.74548196645766,0.10988760141343334
2022-02-15,93.8584213256836,88.3094310107142,5.548990314969387
2022-02-16,93.91706085205078,94.14767214437678,-0.23061129232600308
2022-02-17,91.63904571533205,93.70672662803973,-2.0676809127076865
2022-02-18,88.77439880371094,92.64851678803171,-3.874117984320776
2022-02-22,88.54954528808594,87.94635077547254,0.6031945126133991
2022-02-23,85.36227416992188,88.65086373238013,-3.288589562458256
2022-02-24,86.84835815429688,85.60372857262944,1.2446295816674393
2022-02-25,88.09001159667969,86.91840443911873,1.1716071575609561
2022-02-28,86.87767791748047,87.75257971900788,-0.8749018015274146
2022-03-01,84.33570098876953,87.54705282459564,-3.2113518358261075
2022-03-02,91.2186508178711,84.00341151122741,7.2152393066436815
2022-03-03,87.1905288696289,91.75021994844606,-4.559691078817153
2022-03-04,80.08272552490234,86.44975673656734,-6.367031211664994
2022-03-07,74.01126098632812,80.8532538930001,-6.841992906671976
2022-03-08,75.4386978149414,72.60263895013276,2.836058864808649
2022-03-09,77.6678466796875,75.46246864082799,2.2053780388595072
2022-03-10,74.03083801269531,78.18318281905736,-4.152344806362052
2022-03-11,71.19550323486328,73.16569665841168,-1.9701934235483947
2022-03-14,67.851806640625,71.39976606514568,-3.547959424520684
2022-03-15,71.47904205322266,67.18490012753674,4.294141925685921
2022-03-16,77.89269256591797,71.67609014552299,6.2166024203949775
2022-03-17,78.72374725341797,78.14397158746706,0.5797756659509048
2022-03-18,77.63850402832031,78.67179290038973,-1.03328887206942
2022-03-21,76.60213470458984,78.00712656186396,-1.404991857274112
2022-03-22,77.35497283935547,76.04853970908633,1.3064331302691414
2022-03-23,73.9623794555664,77.44600666747117,-3.4836272119047607
2022-03-24,76.46527862548828,73.72667264135752,2.738605984130757
2022-03-25,76.35772705078125,76.82999663615428,-0.4722695853730272
2022-03-28,78.07846069335938,75.52716626465454,2.5512944287048356
2022-03-29,80.21961975097656,79.06747564057316,1.1521441104033983
2022-03-30,77.39408111572266,79.92443815992272,-2.530357044200059
2022-03-31,76.15239715576172,76.75586895698113,-0.6034718012194134
2022-04-01,74.48055267333984,77.1252821556487,-2.644729482308861
2022-04-04,75.93730926513672,73.28745117626491,2.6498580888718095
2022-04-05,72.94559478759766,76.25399479479061,-3.308400007192958
2022-04-06,72.13410186767578,72.9205620057909,-0.7864601381151175
2022-04-07,71.645263671875,71.7967663393883,-0.15150266751329866
2022-04-08,70.6270751953125,71.28503080659618,-0.6579556112836826
2022-04-11,70.51937103271484,70.83929619825702,-0.3199251655421733
2022-04-12,70.45082092285156,70.20265017360597,0.24817074924558824
2022-04-13,70.86203002929688,70.13656075914253,0.725469270154349
2022-04-14,68.65922546386719,71.1698864700023,-2.510661006135109
2022-04-18,69.65782165527344,68.02021524544931,1.63760640982413
2022-04-19,71.2046890258789,69.87136297570417,1.3333260501747333
2022-04-20,71.66482543945312,71.02637770945125,0.6384477300018716
2022-04-21,69.43265533447266,71.56754458094858,-2.1348892464759217
2022-04-22,67.95430755615234,69.3348539265936,-1.3805463704412517
2022-04-25,68.64944458007812,67.69755367945181,0.9518909006263101
2022-04-26,65.67320251464844,68.41517032668486,-2.741967812036421
2022-04-27,65.07598876953125,65.28777048015883,-0.21178171062757656
2022-04-28,68.70816040039062,65.29429967784114,3.4138607225494866
2022-04-29,66.75990295410156,68.31701798083884,-1.5571150267372786
2022-05-02,69.11934661865234,66.34573880173302,2.7736078169193235
2022-05-03,69.76551055908203,70.2131502563043,-0.4476396972222716
2022-05-04,72.07601928710938,68.34653345072742,3.7294858363819543
2022-05-05,69.79488372802734,72.94071090200477,-3.1458271739774233
2022-05-06,68.87459564208984,69.62025987131818,-0.7456642292283391
2022-05-09,66.5053482055664,68.26404040851658,-1.7586922029501721
2022-05-10,67.46480560302734,66.4173937622002,1.047411840827138
2022-05-11,65.5556869506836,67.74588505564651,-2.190198104962917
2022-05-12,66.28997039794922,64.45820592553389,1.8317644724153297
2022-05-13,70.41168212890625,67.06038462433024,3.35129750457601
2022-05-16,68.99209594726562,70.29511082662407,-1.303014879358443
2022-05-17,72.91798400878906,68.1355780045585,4.782406004230566
2022-05-18,69.55992126464844,74.58924909274232,-5.029327828093884
2022-05-19,67.94453430175781,67.70006286058887,0.24447144116894037
2022-05-20,67.45501708984375,68.66105664685644,-1.2060395570126872
2022-05-23,68.13055419921875,67.43326949679933,0.6972847024194238
2022-05-24,65.22284698486328,67.16822291636186,-1.9453759314985746
2022-05-25,66.44662475585938,65.59802993792282,0.8485948179365579
2022-05-26,69.11934661865234,66.72887445985997,2.3904721587923774
2022-05-27,71.7823257446289,68.0385926676108,3.7437330770181063
2022-05-31,72.2914047241211,72.89660424678233,-0.6051995226612377
2022-06-01,72.00750732421875,72.19635304294997,-0.18884571873121558
2022-06-02,73.78932189941406,71.29730565727256,2.492016242141503
2022-06-03,68.47319793701172,74.7192496550373,-6.2460517180255835
2022-06-06,68.9725112915039,67.38672473417213,1.5857865573317724
2022-06-07,69.27600860595703,69.4544784587675,-0.17846985281046557
2022-06-08,67.16132354736328,68.77379529471769,-1.6124717473544052
2022-06-09,64.63540649414062,66.99428450473745,-2.3588780105968254
2022-06-10,61.30671691894531,64.71563561552809,-3.4089186965827736
2022-06-13,57.60599136352539,60.385803181267775,-2.7798118177423845
2022-06-14,57.46892547607422,57.379874318725896,0.08905115734832236
2022-06-15,57.88011932373047,57.50861590858554,0.3715034151449288
2022-06-16,53.85631942749024,57.017465446253055,-3.161146018762814
2022-06-17,54.58080673217773,53.71452436860142,0.8662823635763104
2022-06-21,55.6087646484375,54.88322480000026,0.7255398484372435
2022-06-22,55.15841293334961,54.2628218793203,0.8955910540293104
2022-06-23,55.04094696044922,55.74830181817465,-0.7073548577254343
2022-06-24,57.21437454223633,54.962710424349275,2.251664117887053
2022-06-27,57.5472526550293,56.2777177554033,1.2695348996259952
2022-06-28,56.64655303955078,58.01255087671486,-1.3659978371640804
2022-06-29,54.84513473510742,56.54419284030124,-1.6990581051938207
2022-06-30,54.12065124511719,53.786114286611834,0.33453695850535325
2022-07-01,52.524845123291016,54.515981471801695,-1.991136348510679
2022-07-05,55.54024124145508,51.95602723724122,3.5842140042138553
2022-07-06,56.16682434082031,55.37451124121356,0.7923130996067513
2022-07-07,57.61578750610352,56.048245224722784,1.5675422813807387
2022-07-08,58.013065338134766,57.86362925670505,0.14943608142971243
2022-07-11,56.70841217041016,57.38329602978711,-0.6748838593769477
2022-07-12,58.05230712890625,56.717007732506126,1.3352993964001243
2022-07-13,57.738407135009766,58.24330519563827,-0.5048980606285056
2022-07-14,58.21906280517578,56.83861235269149,1.3804504524842898
2022-07-15,60.35752868652344,58.792691446543046,1.5648372399803918
2022-07-18,59.29810333251953,60.21991619707346,-0.9218128645539281
2022-07-19,61.21094512939453,58.520219164838956,2.6907259645555754
2022-07-20,62.09379577636719,62.245109952105054,-0.1513141757378662
2022-07-21,62.42732238769531,61.233125541252,1.1941968464433117
2022-07-22,60.122100830078125,62.477230731926745,-2.3551299018486205
2022-07-25,59.00382995605469,60.3588609264524,-1.3550309703977135
2022-07-26,58.52315139770508,58.31745151129927,0.20569988640581016
2022-07-27,60.71067428588867,58.3466714515125,2.3640028343761728
2022-07-28,60.88724136352539,61.23313530867093,-0.3458939451455407
2022-07-29,60.68124008178711,60.1123770113206,0.5688630704665059
2022-08-01,61.34828186035156,61.02497116728692,0.32331069306464144
2022-08-02,61.27961730957031,61.40023342177478,-0.12061611220446622
2022-08-03,63.02568817138672,60.62487124486607,2.4008169265206476
2022-08-04,63.61425018310547,63.68990210965667,-0.07565192655120256
2022-08-05,61.269805908203125,63.2812883183522,-2.0114824101490782
2022-08-08,60.279052734375,60.850978644808386,-0.5719259104333858
2022-08-09,58.02287673950195,60.725607800068765,-2.702731060566812
2022-08-10,60.23000717163086,57.08594371301031,3.1440634586205505
2022-08-11,61.13247299194336,60.67094250874763,0.4615304831957303
2022-08-12,63.80062484741211,60.962788443455544,2.8378364039565653
2022-08-15,63.46711730957031,63.950562027775085,-0.48344471820477253
2022-08-16,62.64313125610352,63.298992422969626,-0.655861166866103
2022-08-17,60.44581604003906,62.78696515828324,-2.341149118244175
2022-08-18,61.7798957824707,59.94548907499246,1.8344067074782444
2022-08-19,59.35696029663086,62.021597233607906,-2.664636936977047
2022-08-22,57.19887924194336,58.77183631684426,-1.5729570749008985
2022-08-23,56.75746154785156,57.33316692672857,-0.5757053788770108
2022-08-24,57.19887924194336,56.3918225237323,0.807056718211058
2022-08-25,60.0338134765625,56.919942211669905,3.1138712648925946
2022-08-26,56.531837463378906,60.550850946950995,-4.019013483572088
2022-08-29,55.92365646362305,55.598890314094,0.32476614952904725
2022-08-30,55.22719192504883,56.43648416769776,-1.2092922426489352
2022-08-31,55.45280838012695,54.51957359466162,0.9332347854653307
2022-09-01,56.21794891357422,55.38017550651533,0.83777340705889
2022-09-02,55.25660705566406,56.48044218501978,-1.2238351293557201
2022-09-06,54.17757415771485,54.59083608933243,-0.4132619316175763
2022-09-07,53.95194625854492,54.2497238834187,-0.2977776248737811
2022-09-08,54.33452224731445,53.861035057091506,0.47348719022294716
2022-09-09,56.3454704284668,53.85772339307702,2.4877470353897735
2022-09-12,56.83594131469727,56.70814892761558,0.1277923870816906
2022-09-13,52.5982551574707,56.58492477933122,-3.986669621860514
2022-09-14,52.09797286987305,52.02252203003473,0.07545083983831802
2022-09-15,51.68597030639648,52.49573172559683,-0.8097614192003562
2022-09-16,51.842918395996094,50.69605361270537,1.1468647832907237
2022-09-19,51.107215881347656,52.10294697088391,-0.9957310895362568
2022-09-20,49.83198928833008,51.05204118534326,-1.2200518970131853
2022-09-21,49.14532470703125,49.069368097816515,0.07595660921473524
2022-09-22,48.71371841430664,49.3099437901984,-0.5962253758917626
2022-09-23,49.14532470703125,48.440203007471624,0.7051216995596263
2022-09-26,47.948577880859375,48.713104762573366,-0.7645268817139907
2022-09-27,49.61618041992188,47.9106254265327,1.7055549933891854
2022-09-28,50.02817535400391,49.697454180052226,0.3307211739516873
2022-09-29,49.05704498291016,49.317668651608095,-0.2606236686979315
2022-09-30,49.14532470703125,49.37288308823322,-0.22755838120197325
2022-10-03,50.73445129394531,48.93494691119243,1.799504382752886
2022-10-04,52.9317741394043,50.22697732467141,2.7047968147328874
2022-10-05,53.68709945678711,53.44786388755166,0.2392355692354471
2022-10-06,53.579193115234375,53.45659130590153,0.12260180933284204
2022-10-07,52.01128768920898,53.29380834064221,-1.2825206514332308
2022-10-10,50.50728225708008,52.08678196281173,-1.5794997057316493
2022-10-11,52.79770278930664,50.14046909470229,2.6572336946043507
2022-10-12,51.85400772094727,52.78094260126262,-0.9269348803153505
2022-10-13,53.928165435791016,51.55178230558129,2.3763831302097245
2022-10-14,51.824520111083984,54.45274187883551,-2.6282217677515263
2022-10-17,52.59127426147461,50.82129585936457,1.7699784021100413
2022-10-18,51.65740585327149,53.26306041027727,-1.6056545570057779
2022-10-19,52.12924957275391,51.05677731854782,1.0724722542060903
2022-10-20,52.787872314453125,52.0559559904474,0.7319163240057236
2022-10-21,55.09796524047852,52.97445581842603,2.123509422052493
2022-10-24,55.28472900390625,54.982284264708994,0.3024447391972558
2022-10-25,54.921016693115234,55.09838382675666,-0.1773671336414253
2022-10-26,54.50815582275391,55.260920801346145,-0.7527649785922321
2022-10-27,51.323184967041016,54.04575396666924,-2.7225689996282227
2022-10-28,53.1220932006836,50.9303413154466,2.1917518852370037
2022-10-31,53.18108367919922,53.79905310274236,-0.6179694235431441
2022-11-01,53.928165435791016,52.11506406949897,1.8131013662920452
2022-11-02,52.542118072509766,54.59313575407131,-2.0510176815615466
2022-11-03,52.57161712646485,52.31812088943843,0.2534962370264182
2022-11-04,55.206092834472656,52.09739768994712,3.1086951445255337
2022-11-07,55.59929656982422,55.72808500038485,-0.1287884305606326
2022-11-08,56.51349639892578,55.3101453560816,1.203351042844183
2022-11-09,55.019317626953125,56.64991737466577,-1.630599747712644
2022-11-10,59.246280670166016,54.836109212235606,4.41017145793041
2022-11-11,61.45805740356445,59.75798959345113,1.7000678101133246
2022-11-14,60.73062896728516,61.03369321408273,-0.30306424679756816
2022-11-15,62.028202056884766,61.276845240822716,0.7513568160620494
2022-11-16,57.870059967041016,62.213938959092594,-4.343878992051579
2022-11-17,57.74226760864258,56.726540672520095,1.0157269361224834
2022-11-18,57.58497619628906,58.98421883458698,-1.3992426382979204
2022-11-21,56.1890983581543,56.61345146882947,-0.42435311067517034
2022-11-22,57.62430191040039,56.020517789914095,1.6037841204862957
2022-11-23,57.92903518676758,58.65987958142267,-0.7308443946550938
2022-11-25,57.41787338256836,56.74766126074005,0.6702121218283068
2022-11-28,54.80305862426758,57.89294785296254,-3.0898892286949646
2022-11-29,54.18375396728516,54.96676280327565,-0.7830088359904863
2022-11-30,56.67078399658203,53.35300183318917,3.317782163392863
2022-12-01,54.5474739074707,57.18928138040607,-2.641807472935369
2022-12-02,53.75123596191406,54.305797657495496,-0.5545616955814339
2022-12-05,53.1220932006836,53.66406296079344,-0.5419697601098363
2022-12-06,52.768211364746094,52.85528346144417,-0.0870720966980727
2022-12-07,52.90583801269531,52.823030959157265,0.08280705353804763
2022-12-08,54.26239776611328,52.79233521339779,1.4700625527154898
2022-12-09,53.9379997253418,54.22405075610991,-0.2860510307681139
2022-12-12,54.40984725952149,53.871419318266874,0.5384279412546178
2022-12-13,54.30171203613281,54.558841459590724,-0.25712942345791134
2022-12-14,53.66275405883789,53.9588368754966,-0.2960828166587106
2022-12-15,51.15606689453125,53.74402662201903,-2.587959727487778
2022-12-16,51.18556213378906,50.896003569239184,0.2895585645498784
2022-12-19,50.84149932861328,51.08798865757689,-0.2464893289636052
2022-12-20,49.81916046142578,50.55532161334404,-0.7361611519182603
2022-12-21,50.32051086425781,49.86899045018803,0.45152041406978327
2022-12-22,48.59039688110352,50.21635413878968,-1.62595725768616
2022-12-23,49.34732055664063,48.05094114768389,1.2963794089567386
2022-12-27,49.17038345336914,49.84659251464484,-0.6762090612756992
2022-12-28,48.2856674194336,48.51605138953989,-0.23038397010628842
2022-12-29,49.7896842956543,48.270974167362965,1.5187101282913318
2022-12-30,49.24286651611328,50.14487311144336,-0.9020065953300787
2023-01-03,49.62710952758789,48.39864197354394,1.2284675540439522
2023-01-04,53.40062713623047,50.17233196886052,3.22829516736995
2023-01-05,53.903099060058594,53.55292711561161,0.3501719444469842
2023-01-06,55.93272399902344,53.19397529952134,2.7387486995020964
2023-01-09,55.528770446777344,57.1167057844799,-1.5879353377025538
2023-01-10,56.36623001098633,54.75310611351987,1.6131238974664583
2023-01-11,57.20368576049805,56.49066088287546,0.7130248776225869
2023-01-12,56.42535018920898,57.70149850131288,-1.2761483121038992
2023-01-13,56.0903549194336,55.825625294513245,0.26472962492035634
2023-01-17,56.01153945922852,56.35791377829627,-0.34637431906774907
2023-01-18,55.676551818847656,56.09603506107075,-0.4194832422230945
2023-01-19,55.528770446777344,55.269969985866894,0.25880046091045017
2023-01-20,57.59779739379883,55.83174526891886,1.7660521248799697
2023-01-23,60.908241271972656,57.75839274587743,3.1498485260952265
2023-01-24,60.35650253295898,60.82423702241721,-0.4677344894582305
2023-01-25,60.63237380981445,60.61520449302509,0.01716931678936362
2023-01-26,61.873783111572266,60.98219742964884,0.8915856819234236
2023-01-27,62.928009033203125,61.435886304188266,1.4921227290148593
2023-01-30,60.79986190795898,63.435544601870056,-2.635682693911079
2023-01-31,59.4106559753418,60.76169510964188,-1.3510391343000805
2023-02-01,61.67673110961914,59.16394356573462,2.512787543884521
2023-02-02,62.23833084106445,62.04845125348187,0.18987958758258117
2023-02-03,61.489532470703125,62.11674663535184,-0.6272141646487128
2023-02-06,59.09537506103516,61.7110209406351,-2.6156458795999384
2023-02-07,61.21366882324219,58.90713014088145,2.3065386823607383
2023-02-08,59.36139297485352,61.467831596392784,-2.1064386215392616
2023-02-09,59.29242706298828,58.8781293696733,0.41429769331497823
2023-02-10,58.93774032592773,59.99721335261106,-1.0594730266833352
2023-02-13,59.233306884765625,58.35652706103228,0.8767798237333437
2023-02-14,61.15455627441406,59.380705043910076,1.7738512305039862
2023-02-15,60.92794418334961,61.71164895057808,-0.7837047672284712
2023-02-16,59.16434860229492,60.337754997219115,-1.1734063949241929
2023-02-17,58.13968276977539,59.49757284247636,-1.3578900727009682
2023-02-21,56.7504768371582,58.20317915190435,-1.4527023147461477
2023-02-22,56.139625549316406,56.07625874718257,0.06336680213383517
2023-02-23,57.883522033691406,56.62891273119149,1.2546093024999152
2023-02-24,57.321922302246094,57.915904842138126,-0.593982539892032
2023-02-27,57.04605865478516,56.73908833679661,0.3069703179885508
2023-02-28,56.96723937988281,57.83268975454043,-0.8654503746576196
2023-03-01,56.49431991577149,56.495751702372814,-0.0014317866013229263
2023-03-02,55.59774017333984,56.23522104630795,-0.6374808729681121
2023-03-03,55.94257354736328,56.13441971754499,-0.19184617018171224
2023-03-06,55.99183654785156,55.508936979152246,0.4828995686993167
2023-03-07,54.74056625366211,55.83163973819815,-1.0910734845360395
2023-03-08,56.05095291137695,55.14066482307976,0.9102880882971931
2023-03-09,54.77996826171875,55.81474197349087,-1.034773711772118
2023-03-10,54.1198616027832,54.32109405263748,-0.2012324498542739
2023-03-13,53.10504913330078,54.841538170823156,-1.7364890375223752
2023-03-14,53.4695930480957,52.31442910254947,1.155163945546235
2023-03-15,53.3316535949707,53.53523886032027,-0.20358526534956667
2023-03-16,55.73566818237305,53.64296913504422,2.0926990473288285
2023-03-17,55.8243522644043,55.521741362674426,0.3026109017298708
2023-03-20,56.78989410400391,55.67321896970266,1.1166751343012535
2023-03-21,57.76528930664063,57.486665107064745,0.27862419957588713
2023-03-22,57.31206512451172,57.1939402572127,0.1181248672990165
2023-03-23,60.4353141784668,57.41305351628922,3.0222606621775796
2023-03-24,60.25797271728516,61.26747707045658,-1.0095043531714154
2023-03-27,58.90817642211914,59.26949525358617,-0.36131883146703103
2023-03-28,58.40569686889648,59.631025152800625,-1.2253282839041475
2023-03-29,62.602874755859375,58.42800358395219,4.174871171907185
2023-03-30,62.15950775146485,62.31620709876873,-0.1566993473038778
2023-03-31,59.45006942749024,62.491277690029676,-3.0412082625394348
2023-04-03,58.730838775634766,59.771255122519825,-1.0404163468850598
2023-04-04,56.42535018920898,58.023830216183065,-1.5984800269740873
2023-04-05,56.17902755737305,56.39865279738676,-0.21962524001371264
2023-04-06,57.81291961669922,56.73535421616836,1.0775654005308581
2023-04-10,62.46283721923828,57.09303966635666,5.3697975528816215
2023-04-11,62.75900650024414,63.255858710502324,-0.49685221025818294
2023-04-12,61.16954040527344,62.87400329924223,-1.7044628939687954
2023-04-13,62.19627380371094,60.95326076165873,1.2430130420522048
2023-04-14,61.830997467041016,62.563710101305375,-0.7327126342643595
2023-04-17,61.742149353027344,61.55039584417196,0.19175350885538478
2023-04-18,61.13992691040039,62.042111877334996,-0.9021849669346054
2023-04-19,59.876258850097656,61.08111597737928,-1.2048571272816204
2023-04-20,60.675926208496094,59.68589751321847,0.9900286952776227
2023-04-21,60.35013198852539,61.03936657291557,-0.6892345843901779
2023-04-24,58.75079727172852,60.036329571283154,-1.2855322995546317
2023-04-25,57.39827346801758,58.8240204488159,-1.4257469807983227
2023-04-26,60.24153518676758,57.439638790306034,2.8018963964615438
2023-04-27,61.110313415527344,60.2519969882658,0.858316427261542
2023-04-28,63.53892517089844,61.05517240571252,2.483752765185919
2023-05-01,61.55456161499024,64.33204764279738,-2.777486027807136
2023-05-02,61.110313415527344,60.767979492101325,0.3423339234260183
2023-05-03,60.132938385009766,61.68983696945485,-1.5568985844450864
2023-05-04,59.73804473876953,59.908056235929514,-0.1700114971599831
2023-05-05,60.4488525390625,59.52100750043405,0.9278450386284476
2023-05-08,60.093448638916016,60.8915205826471,-0.798071943731081
2023-05-09,60.152679443359375,59.80807009806186,0.3446093452975134
2023-05-10,59.22467803955078,60.25655921192882,-1.0318811723780357
2023-05-11,60.82400894165039,59.26744532932125,1.5565636123291426
2023-05-12,60.14281463623047,60.92889336892282,-0.7860787326923528
2023-05-15,63.81536102294922,59.87066028951686,3.944700733432356
2023-05-16,62.91696548461914,64.70919840619025,-1.792232921571113
2023-05-17,64.0917739868164,62.12848427138403,1.9632897154323743
2023-05-18,66.70796966552734,64.96266348946308,1.7453061760642612
2023-05-19,67.3003158569336,66.74557862583069,0.5547372311029051
2023-05-22,65.38506317138672,67.02685285958961,-1.6417896882028913
2023-05-23,65.1678695678711,66.06019257651998,-0.8923230086488871
2023-05-24,65.68123626708984,64.97393024488144,0.7073060222083996
2023-05-25,68.7219467163086,65.37150331398257,3.3504434023260217
2023-05-26,72.98683166503906,69.80056205365017,3.1862696113888944
2023-05-30,70.77542114257812,72.94430066716743,-2.1688795245893004
2023-05-31,67.32994842529297,70.49595548177845,-3.1660070564854834
2023-06-01,68.20857238769531,68.24659934250488,-0.03802695480956686
2023-06-02,68.28755950927734,67.5776021623829,0.7099573468944413
2023-06-05,66.90542602539062,68.12281626576821,-1.2173902403775827
2023-06-06,66.67835235595703,67.95554983895062,-1.2771974829935857
2023-06-07,66.20447540283203,65.9541431278603,0.2503322749717256
2023-06-08,64.4866943359375,66.12242988019847,-1.6357355442609673
2023-06-09,64.59526824951172,65.23962838534055,-0.6443601358288333
2023-06-12,66.58950805664062,64.00972982781775,2.5797782288228746
2023-06-13,67.004150390625,66.7470178721934,0.2571325184316038
2023-06-14,68.23821258544922,67.6263372184164,0.6118753670328232
2023-06-15,67.94203186035156,68.06458089630388,-0.12254903595231781
2023-06-16,66.79682922363281,67.8598653799164,-1.0630361562835873
2023-06-20,66.04652404785156,67.34575512065622,-1.299231072804659
2023-06-21,64.96055603027344,65.64479104855529,-0.6842350182818535
2023-06-22,65.40481567382812,64.88420003387859,0.5206156399495399
2023-06-23,64.44718933105469,65.97430445858485,-1.5271151275301662
2023-06-26,64.6150131225586,63.840104182745584,0.7749089398130096
2023-06-27,65.93791961669922,65.0172431807011,0.9206764359981179
2023-06-28,66.21434783935547,66.16954476885292,0.044803070502553055
2023-06-29,63.50931167602539,65.85847532127622,-2.349163645250826
2023-06-30,62.304874420166016,63.746719477763826,-1.44184505759781
2023-07-03,63.08479309082031,62.367067866490075,0.7177252243302377
2023-07-05,61.26827621459961,62.620081764869546,-1.3518055502699369
2023-07-06,60.4488525390625,61.46535531456795,-1.016502775505451
2023-07-07,59.98892974853516,60.68315645304377,-0.6942267045086083
2023-07-10,61.79897689819336,59.25747079850781,2.5415060996855487
2023-07-11,62.90677261352539,62.461115567815966,0.44565704570942444
2023-07-12,63.09469985961914,62.879875023427175,0.21482483619196557
2023-07-13,63.82662963867188,62.85623064177335,0.9703989968985312
2023-07-14,63.38153839111328,64.35010760907815,-0.9685692179648697
2023-07-17,64.44977569580078,63.06807386249112,1.3817018333096627
2023-07-18,64.232177734375,64.62836504510422,-0.39618731072921776
2023-07-19,64.25193786621094,64.31276407666103,-0.06082621045008807
2023-07-20,63.9848861694336,64.26968354613307,-0.2847973766994656
2023-07-21,64.9344253540039,63.925435447451996,1.0089899065519106
2023-07-24,64.76628112792969,65.19225241514683,-0.42597128721713773
2023-07-25,64.96409606933594,64.60146800214045,0.36262806719548735
2023-07-26,66.64556121826172,65.18901233068453,1.4565488875771848
2023-07-27,70.29535675048828,66.81151063402389,3.4838461164643917
2023-07-28,70.4239273071289,70.51352277903726,-0.08959547190835337
2023-07-31,70.61185455322266,70.53605984228346,0.0757947109391921
2023-08-01,69.98873138427734,71.08095501293637,-1.0922236286590277
2023-08-02,67.42695617675781,69.61010052481362,-2.183144348055805
2023-08-03,68.42594146728516,67.4988263194364,0.9271151478487525
2023-08-04,69.14798736572266,68.93940924065211,0.20857812507054518
2023-08-07,68.62376403808594,68.52811810156751,0.09564593651842301
2023-08-08,66.9126205444336,69.20762510673416,-2.295004562300562
2023-08-09,65.97298431396484,66.94188828159682,-0.9689039676319737
2023-08-10,64.72672271728516,65.46572329384193,-0.7390005765567764
2023-08-11,63.66837310791016,65.0468707977641,-1.378497689853937
2023-08-14,67.53575897216797,63.653120526129086,3.8826384460388823
2023-08-15,64.617919921875,67.60836339198434,-2.9904434701093408
2023-08-16,63.52001190185547,64.2433272174749,-0.7233153156194305
2023-08-17,62.86721420288086,64.35607686285996,-1.4888626599791053
2023-08-18,62.89687728881836,61.83134095686581,1.0655363319525506
2023-08-21,63.26284408569336,63.22949939417987,0.0333446915134914
2023-08-22,62.718841552734375,63.75467415731891,-1.0358326045845345
2023-08-23,64.47944641113281,61.87642660810605,2.6030198030267613
2023-08-24,62.99578094482422,65.19502476664772,-2.199243821823501
2023-08-25,63.02545928955078,62.744192928354956,0.2812663611958257
2023-08-28,64.5981216430664,62.948969407662176,1.6491522354042303
2023-08-29,65.95320129394531,64.84727754111407,1.105923752831245
2023-08-30,67.34782409667969,65.97216809640474,1.3756560002749438
2023-08-31,69.17767333984375,67.55157818346714,1.626095156376607
2023-09-01,69.62275695800781,69.42905940064087,0.19369755736694572
2023-09-05,69.52385711669922,69.59041415243239,-0.06655703573316885
2023-09-06,69.64253997802734,69.78476062530058,-0.14222064727323414
2023-09-07,69.10842895507812,69.67684350947314,-0.5684145543950194
2023-09-08,69.41504669189453,69.02021605415429,0.39483063774024174
2023-09-11,69.26669311523438,69.76038527384848,-0.49369215861410964
2023-09-12,69.54364013671875,69.1132079100007,0.4304322267180538
2023-09-13,70.0777587890625,69.71578337993304,0.3619754091294567
2023-09-14,71.00749969482422,70.28037346187894,0.727126232945281
2023-09-15,69.1183090209961,71.02133105533838,-1.9030220343422855
2023-09-18,69.73155212402344,69.05105430829023,0.6804978157332044
2023-09-19,69.93926239013672,70.19875626583669,-0.25949387569997384
2023-09-20,68.92049407958984,69.48143489631482,-0.5609408167249796
2023-09-21,67.159912109375,69.23765411303215,-2.07774200365715
2023-09-22,68.12921905517578,67.23139692913156,0.8978221260442183
2023-09-25,67.83248138427734,67.90406168096781,-0.07158029669047039
2023-09-26,67.19947052001953,67.91017216363427,-0.7107016436147404
2023-09-27,67.46650695800781,67.52977717472149,-0.06327021671367561
2023-09-28,64.48931884765625,67.13913112744304,-2.6498122797867865
2023-09-29,67.2884750366211,64.27821539365296,3.010259642968137
2023-10-02,67.21923828125,68.1885786576718,-0.9693403764217976
2023-10-03,67.09066772460938,66.11519553901826,0.9754721855911157
2023-10-04,67.36763000488281,67.9988128062242,-0.6311828013413816
2023-10-05,68.29736328125,67.40035377658141,0.8970095046685884
2023-10-06,69.31288146972656,67.68990495452421,1.6229765152023532
2023-10-09,68.83732604980469,70.20275017667724,-1.3654241268725542
2023-10-10,68.43111419677734,68.62686586308375,-0.19575166630640695
2023-10-11,69.5605697631836,68.13465611825744,1.4259136449261547
2023-10-12,69.1048355102539,70.24855236534006,-1.1437168550861543
2023-10-13,68.56980895996094,68.69771173969913,-0.12790277973819286
2023-10-16,68.44102478027344,68.67890399699876,-0.2378792167253181
2023-10-17,68.36177062988281,68.72610656874784,-0.36433593886502535
2023-10-18,68.5004653930664,68.03607379570767,0.46439159735874114
2023-10-19,66.90535736083984,68.74066609509644,-1.8353087342566
2023-10-20,66.59822082519531,66.8727266921259,-0.274505866930582
2023-10-23,66.2613754272461,66.50915684079823,-0.2477814135521328
2023-10-24,67.44036865234375,66.20456041666074,1.2358082356830096
2023-10-25,65.8848876953125,67.7403230764905,-1.8554353811779976
2023-10-26,63.93310546875,65.46967714178699,-1.5365716730369883
2023-10-27,65.04275512695312,64.11333701379594,0.9294181131571833
2023-10-30,65.45886993408203,65.08763112521095,0.37123880887108385
2023-10-31,66.25146484375,65.0627732806919,1.1886915630581
2023-11-01,68.75807189941406,66.89009664764177,1.8679752517722932
2023-11-02,69.7884521484375,68.73719262388603,1.0512595245514689
2023-11-03,71.90866088867188,69.56740685588994,2.341254032781933
2023-11-06,72.24551391601562,72.84534371201943,-0.599829796003803
2023-11-07,72.1266098022461,71.77436243854581,0.3522473637002861
2023-11-08,71.6114273071289,72.33042371762988,-0.7189964105009778
2023-11-09,72.88949584960938,71.99993206909315,0.8895637805162266
2023-11-10,74.6629409790039,72.6653756947759,1.9975652842280027
2023-11-13,74.08830261230469,74.95643332803438,-0.8681307157296914
2023-11-14,76.45619201660156,74.3834076662328,2.0727843503687637
2023-11-15,76.4264907836914,76.67120168416143,-0.2447109004700252
2023-11-16,75.96083068847656,76.20511577015343,-0.24428508167686402
2023-11-17,76.84258270263672,76.66970180105129,0.17288090158542957
2023-11-20,77.89277648925781,76.7022613390122,1.1905151502456164
2023-11-21,76.00045776367188,77.88875528387992,-1.8882975202080416
2023-11-22,76.38683319091797,76.45372498195293,-0.06689179103496201
2023-11-24,76.15898132324219,76.45246065975803,-0.2934793365158441
2023-11-27,76.79306030273438,75.78639625229594,1.006664050438431
2023-11-28,75.4159164428711,77.64257514413377,-2.2266587012626786
2023-11-29,75.98063659667969,74.99826376494973,0.9823728317299611
2023-11-30,75.4159164428711,76.18738197120139,-0.771465528330296
2023-12-01,75.22766876220703,75.62438430335693,-0.39671554114990215
2023-12-04,73.60283660888672,75.2203103974126,-1.617473788525885
2023-12-05,73.00839233398438,73.46840459871808,-0.46001226473370593
2023-12-06,72.45356750488281,73.33435517254996,-0.8807876676671498
2023-12-07,72.96875,72.16744384636921,0.8013061536307902
2023-12-08,74.26665496826172,73.19044668576024,1.076208282501483
2023-12-11,77.07047271728516,74.5327091779495,2.537763539335657
2023-12-12,77.43702697753906,77.19211343434729,0.24491354319177105
2023-12-13,79.05195617675781,77.56869359509116,1.4832625816666507
2023-12-14,81.42975616455078,79.65876193736717,1.770994227183607
2023-12-15,80.65699005126953,81.31106828539316,-0.6540782341236309
2023-12-18,80.80558776855469,80.8437694194966,-0.038181650941908174
2023-12-19,81.4099349975586,81.46521155295515,-0.05527655539655996
2023-12-20,77.96214294433594,80.93704815739851,-2.97490521306257
2023-12-21,84.68933868408203,78.03766546540102,6.651673218681012
2023-12-22,85.68999481201172,86.20258412205378,-0.5125893100420598
2023-12-26,86.25471496582031,84.15890455371428,2.095810412106033
2023-12-27,85.8584213256836,88.17165738187732,-2.3132360561937304
2023-12-28,85.20450592041016,85.69387775370548,-0.48937183329532274
2023-12-29,84.66383361816406,84.37392386133511,0.2899097568289477
2024-01-02,81.6875991821289,86.15708047988629,-4.469481297757383
2024-01-03,81.60823822021484,80.96509354462239,0.6431446755924526
2024-01-04,82.0546646118164,81.52197418181639,0.5326904300000166
2024-01-05,82.7887954711914,82.85990893542345,-0.07111346423204168
2024-01-08,84.27693176269531,82.54588981036574,1.7310419523295764
2024-01-09,82.66976165771484,84.4996634055614,-1.829901747846563
2024-01-10,81.72730255126953,83.02386220944334,-1.2965596581738055
2024-01-11,82.72929382324219,81.69221340942839,1.037080413813797
2024-01-12,81.73721313476562,82.75332800171259,-1.016114866946964
2024-01-16,83.93961334228516,81.95288345812835,1.9867298841568015
2024-01-17,82.62015533447266,84.45925616404313,-1.8391008295704694
2024-01-18,84.14796447753906,82.0167304576667,2.131234019872366
2024-01-19,86.81664276123047,85.23261398698504,1.584028774245425
2024-01-22,88.53292846679688,86.68112537956206,1.8518030872348135
2024-01-23,86.83649444580078,88.6678915025052,-1.831397056704418
2024-01-24,87.38211822509766,87.50467457805374,-0.12255635295608158
2024-01-25,88.49324798583984,87.35023011703741,1.1430178688024313
2024-01-26,87.35236358642578,88.3826648106625,-1.030301224236723
2024-01-29,88.3642807006836,88.03965890963345,0.32462179105014854
2024-01-30,85.47734832763672,88.5102503797581,-3.0329020521213863
2024-01-31,85.07059478759766,84.81152643058593,0.2590683570117278
2024-02-01,84.93170166015625,86.25276899885746,-1.3210673387012122
2024-02-02,85.79480743408203,84.26764479923995,1.5271626348420853
2024-02-05,86.29084777832031,86.00787348046899,0.2829742978513252
2024-02-06,83.92970275878906,87.0834140442941,-3.1537112855050395
2024-02-07,84.49519348144531,83.20137210159758,1.2938213798477278
2024-02-08,84.20746612548828,85.0973662503592,-0.8899001248709197
2024-02-09,84.8821029663086,84.20916989890408,0.6729330674045144
2024-02-12,85.02098083496094,84.91337590352185,0.10760493143908434
2024-02-13,80.88401794433594,85.30954126316252,-4.425523318826578
2024-02-14,81.18164825439453,80.5651649433863,0.6164833110082242
2024-02-15,80.98322296142578,81.59086788349336,-0.6076449220675784
2024-02-16,78.8700942993164,80.48908968318652,-1.6189953838701143
2024-02-20,80.07051086425781,79.14013336894163,0.9303774953161792
2024-02-21,80.84434509277344,80.44663520862818,0.3977098841452573
2024-02-22,85.22933197021484,80.18423218649895,5.045099783715898
2024-02-23,85.31859588623047,86.45255628535924,-1.1339603991287674
2024-02-26,88.7511978149414,84.93910777038298,3.812090044558431
2024-02-27,91.12226104736328,89.38337633792679,1.7388847094364905
2024-02-28,88.99921417236328,91.38747739098667,-2.3882632186233934
2024-02-29,89.89208221435547,88.92019049525267,0.9718917191027998
2024-03-01,94.39611053466795,90.59818636092226,3.797924173745699
2024-03-04,95.01117706298828,94.3927770349271,0.6184000280611883
2024-03-05,93.72149658203124,95.23537291501785,-1.5138763329866123
2024-03-06,94.8028564453125,94.5661860153983,0.23667042991419862
2024-03-07,98.19576263427734,94.48256785635965,3.7131947779176926
2024-03-08,96.84654235839844,98.67110391436675,-1.824561555968316
2024-03-11,93.7611846923828,97.35131497803536,-3.590130285652563
2024-03-12,96.64812469482422,93.63405746891495,3.0140672259092725
2024-03-13,93.4139633178711,97.08657801144464,-3.67261469357355
2024-03-14,90.70558166503906,92.9981054368933,-2.292523771854235
2024-03-15,92.51116180419922,91.51111962447595,1.0000421797232661
2024-03-18,93.0369644165039,92.23184196003889,0.8051224564650141
2024-03-19,93.25521850585938,92.9158822038485,0.33933630201087794
2024-03-20,95.4874038696289,94.42325754061818,1.0641463290107254
2024-03-21,108.9796371459961,95.13661146251096,13.843025683485138
2024-03-22,109.33679962158205,110.40979324263344,-1.0729936210513955
2024-03-25,116.20197296142578,109.31133949485442,6.890633466571359
2024-03-26,117.85873413085938,118.51564354112587,-0.6569094102664934
2024-03-27,118.30516815185548,116.65332969687003,1.6518384549854517
2024-03-28,117.06881713867188,119.94445943202992,-2.875642293358041
2024-04-01,123.4341812133789,117.69348544894639,5.740695764432516
2024-04-02,121.89498901367188,123.4758747732139,-1.5808857595420278
2024-04-03,127.11833953857422,122.45301124912824,4.665328289445981
2024-04-04,123.22564697265624,129.38628654458404,-6.160639571927803
2024-04-05,122.71920776367188,121.18674119857369,1.53246656509819
2024-04-08,122.09358215332033,125.17044492969295,-3.0768627763726215
2024-04-09,121.77581787109376,122.02026565164417,-0.24444778055040217
2024-04-10,121.34880828857422,121.18220430556681,0.16660398300740553
2024-04-11,126.62181854248048,123.29556373452623,3.326254807954257
2024-04-12,121.66658782958984,126.94186524802653,-5.275277418436687
2024-04-15,120.52460479736328,120.52420695842372,0.0003978389395626891
2024-04-16,120.92180633544922,123.40715730338904,-2.485350967939823
2024-04-17,115.51970672607422,119.41758633533449,-3.897879609260272
2024-04-18,111.15035247802734,115.29156761002066,-4.14121513199332
2024-04-19,106.02628326416016,113.3611557984791,-7.334872534318947
2024-04-22,108.35992431640624,103.5390128795233,4.8209114368829376
2024-04-23,111.6766586303711,109.64819980814403,2.0284588222270656
2024-04-24,111.00138854980467,112.8593607944469,-1.8579722446422267
2024-04-25,110.80279541015624,109.71726026162897,1.0855351485272706
2024-04-26,114.04007720947266,112.30105750186738,1.73901970760528
2024-04-29,113.56342315673828,114.51615770136867,-0.9527345446303883
2024-04-30,112.17317199707033,112.55414779235038,-0.380975795280051
2024-05-01,108.93588256835938,113.95518707104428,-5.0193045026849035
2024-05-02,111.54756927490234,108.23374026847034,3.3138290064320017
2024-05-03,113.90104675292967,111.61192379796773,2.2891229549619396
2024-05-06,119.29322814941406,114.9925244190127,4.300703730401366
2024-05-07,118.37964630126952,119.81938689995323,-1.4397405986837128
2024-05-08,118.48887634277344,117.95770414257078,0.5311722002026613
2024-05-09,116.98939514160156,120.12485981556222,-3.135464673960655
2024-05-10,120.39550018310548,116.19262385783246,4.202876325273024
2024-05-13,122.14323425292967,121.17929655348867,0.9639376994410043
2024-05-14,123.9406280517578,122.925062077667,1.015565974090805
2024-05-15,126.91974639892578,124.11986971358296,2.7998766853428236
2024-05-16,126.99917602539062,127.62274456028668,-0.6235685348960516
2024-05-17,124.41729736328124,127.47098607012254,-3.0536887068412994
2024-05-20,128.1014404296875,124.58005569228071,3.521384737406791
2024-05-21,126.61189270019533,129.01259775541695,-2.4007050552216214
2024-05-22,125.40039825439452,126.17102246242331,-0.7706242080287922
2024-05-23,125.39046478271484,126.63122206673307,-1.2407572840182297
2024-05-24,128.58804321289062,125.28514569423379,3.3028975186568346
2024-05-28,131.74588012695312,128.94310556353236,2.802774563420769
2024-05-29,130.66346740722656,132.92159386237816,-2.258126455151597
2024-05-30,125.41032409667967,130.60625856315676,-5.195934466477084
2024-05-31,124.12931060791016,125.47180583278826,-1.3424952248781068
2024-06-03,127.2772216796875,124.86876572796209,2.408455951725415
2024-06-04,125.75788116455078,127.09497352044666,-1.3370923558958765
2024-06-05,132.7786407470703,126.06982216238242,6.70881858468789
2024-06-06,129.16400146484375,134.74859838400633,-5.584596919162578
2024-06-07,130.0279083251953,127.26094178204576,2.7669665431495503
2024-06-10,133.88092041015625,132.51221148310253,1.3687089270537172
2024-06-11,134.129150390625,133.74704010193355,0.38211028869145025
2024-06-12,139.76959228515625,133.53111525692015,6.238477028236105
2024-06-13,142.14295959472656,142.7831747119308,-0.6402151172042352
2024-06-14,140.37533569335938,140.97443614675302,-0.5991004533936461
2024-06-17,146.80026245117188,141.02091680945827,5.779345641713604
2024-06-18,152.38111877441406,149.41186788016418,2.969250894249882
2024-06-20,143.18563842773438,150.91721084470996,-7.731572416975581
2024-06-21,138.56802368164062,144.0898345559592,-5.521810874318561
2024-06-24,138.04173278808594,140.5121457328237,-2.470412944737774
2024-06-25,140.13702392578125,135.22791601446008,4.909107911321172
2024-06-26,141.36837768554688,142.51120726106927,-1.1428295755223985
2024-06-27,131.3089599609375,142.5709116055553,-11.261951644617795
2024-06-28,130.6138153076172,128.4570221631187,2.1567931444984936
2024-07-01,130.60391235351562,133.72048069040525,-3.116568336889628
2024-07-02,131.66644287109375,129.28964046601772,2.3768024050760346
2024-07-03,135.86697387695312,131.46837860792704,4.398595269026089
2024-07-05,130.683349609375,138.4653603607246,-7.782010751349588
2024-07-08,129.89320373535156,128.59282751597826,1.3003762193733053
2024-07-09,130.34043884277344,131.21404930895818,-0.8736104661847435
2024-07-10,135.5584259033203,130.79502638390875,4.763399519411564
2024-07-11,129.43597412109375,135.27064167343303,-5.834667552339283
2024-07-12,132.7357635498047,129.6048452686574,3.1309182811472738
2024-07-15,130.07208251953125,134.60077859189752,-4.528696072366273
2024-07-16,126.71269989013672,127.55395001470092,-0.8412501245641977
2024-07-17,118.77141571044922,128.72757545164694,-9.956159741197723
2024-07-18,116.73389434814452,118.10779973228657,-1.3739053841420485
2024-07-19,113.56336212158205,115.52983078393972,-1.96646866235767
2024-07-22,114.57713317871094,114.31684173334145,0.26029144536948934
2024-07-23,113.5534210205078,114.8736326548318,-1.3202116343239965
2024-07-24,109.60763549804688,112.16316692971448,-2.555531431667603
2024-07-25,106.7948760986328,110.63808518189728,-3.843209083264483
2024-07-26,108.74293518066406,106.36332811935968,2.379607061304384
2024-07-29,107.19244384765624,107.88650981122898,-0.69406596357274
2024-07-30,101.93470001220705,107.83224011363961,-5.897540101432568
2024-07-31,109.1504364013672,101.51220542614797,7.63823097521923
2024-08-01,100.8910903930664,109.2829082698003,-8.391817876733896
2024-08-02,92.13480377197266,99.34177198194469,-7.2069682099720325
2024-08-05,89.86870574951172,93.41452266706193,-3.545816917550212
2024-08-06,88.45736694335938,87.77405676329793,0.6833101800614401
2024-08-07,86.27079010009766,87.70901970790139,-1.4382296078037342
2024-08-08,91.5086441040039,87.58266976614928,3.925974337854626
2024-08-09,92.51248931884766,90.22672065523489,2.285768663612771
2024-08-12,94.06299591064452,91.77895680702977,2.284039103614745
2024-08-13,96.84590911865234,96.067647167837,0.7782619508153488
2024-08-14,99.7978057861328,95.00193242121813,4.795873364914669
2024-08-15,106.29792785644533,100.0065031500667,6.291424706378621
2024-08-16,107.33157348632812,108.21698025174456,-0.8854067654164339
2024-08-19,107.96768188476562,105.29944301024288,2.6682388745227428
2024-08-20,107.33157348632812,109.22688211666228,-1.8953086303341564
2024-08-21,107.66950225830078,107.58591107372538,0.08359118457539694
2024-08-22,103.62432861328124,106.36575464896818,-2.741426035686942
2024-08-23,102.22291564941406,104.18608528853909,-1.9631696391250273
2024-08-26,98.30693817138672,102.47193160333143,-4.164993431944708
2024-08-27,97.26335144042967,96.37043989648849,0.8929115439411817
2024-08-28,94.28164672851562,98.5355129269044,-4.253866198388778
2024-08-29,94.9873046875,93.32460415321083,1.662700534289172
2024-08-30,95.6532211303711,94.41884275178823,1.2343783785828606
2024-09-03,88.03992462158203,96.22594321572412,-8.186018594142084
2024-09-04,88.74559020996094,86.71262193075476,2.032968279206173
2024-09-05,88.84498596191406,89.14955217437954,-0.304566212465474
2024-09-06,85.85334014892578,87.8229419057773,-1.9696017568515174
2024-09-09,85.7440185546875,85.75926897771734,-0.015250423029840476
2024-09-10,86.32047271728516,85.88356519534747,0.4369075219376839
2024-09-11,90.09730529785156,85.10668086201706,4.990624435834505
2024-09-12,86.67826843261719,90.90450868603148,-4.226240253414289
2024-09-13,90.66383361816406,85.83318865196843,4.830644966195635
2024-09-16,86.64846801757812,91.06194213797471,-4.413474120396586
2024-09-17,88.18901824951172,85.34033700904581,2.8486812404659076
2024-09-18,86.81742858886719,89.29794476764208,-2.4805161787748915
2024-09-19,88.70584869384766,85.30703775623843,3.398810937609227
2024-09-20,90.34578704833984,89.15397692109967,1.1918101272401742
2024-09-23,92.99951171875,90.4420162084316,2.557495510318404
2024-09-24,93.42688751220705,92.47501077405579,0.9518767381512561
2024-09-25,95.18608856201172,93.61389236125088,1.5721962007608425
2024-09-26,109.21006774902344,95.48898862278483,13.721079126238607
2024-09-27,106.84457397460938,109.86566347886584,-3.021089504256466
2024-09-30,103.0776824951172,105.80131679188966,-2.7236342967724596
2024-10-01,99.69841766357422,105.08321881264362,-5.384801149069403
2024-10-02,99.2412109375,97.55433902746657,1.6868719100334317
2024-10-03,101.19920349121094,99.25902052940124,1.9401829618096968
2024-10-04,101.62657928466795,102.65491273245134,-1.0283334477833819
2024-10-07,102.3977279663086,99.95315993836346,2.444568027945138
2024-10-08,102.0295639038086,103.16652603073855,-1.1369621269299586
2024-10-09,101.19374084472656,102.52665215853594,-1.332911313809376
2024-10-10,105.16388702392578,99.94206558362306,5.221821440302719
2024-10-11,106.38775634765624,106.34612197395943,0.04163437369680878
2024-10-14,107.80068969726562,106.20160987736631,1.5990798198993161
2024-10-15,103.80070495605467,107.72853805449137,-3.927833098436693
2024-10-16,108.69622039794922,103.80146060239541,4.89475979555381
2024-10-17,111.49222564697266,109.50684482388344,1.9853808230892156
2024-10-18,110.5967025756836,110.49985320040186,0.0968493752817352
2024-10-21,108.5370101928711,111.79032257751732,-3.2533123846462217
2024-10-22,107.28327941894533,108.39508386019565,-1.111804441250328
2024-10-23,104.5270767211914,106.33574695427545,-1.8086702330840438
2024-10-24,106.31810760498048,105.25297583668288,1.0651317682976043
2024-10-25,107.37284088134766,106.4686835355976,0.9041573457500505
2024-10-28,105.8603973388672,106.42441313843682,-0.5640157995696171
2024-10-29,107.64149475097656,106.94140412361656,0.700090627359998
2024-10-30,103.56190490722656,107.65668731662538,-4.094782409398817
2024-10-31,99.15394592285156,102.07408589548744,-2.92013997263588
2024-11-01,99.23355102539062,100.52842031163178,-1.294869286241152
2024-11-04,101.22360229492188,98.35899103410348,2.8646112608183927
2024-11-05,104.96487426757812,100.52526147597128,4.439612791606848
2024-11-06,111.2733154296875,106.77107158070197,4.502243848985529
2024-11-07,112.84545135498048,110.81908500845495,2.026366346525535
2024-11-08,111.34297943115234,112.55773624202438,-1.2147568108720321
2024-11-11,108.10914611816406,112.89309617038623,-4.783950052222167
2024-11-12,103.58180236816406,106.73226413568568,-3.1504617675216195
2024-11-13,99.42261505126952,103.22999981050789,-3.8073847592383743
2024-11-14,98.68628692626952,100.1709733230483,-1.484686396778784
2024-11-15,95.86042785644533,97.46180668006062,-1.601378823615292
2024-11-18,97.02460479736328,95.55730851339554,1.467296283967741
2024-11-19,97.24352264404295,98.1922376422863,-0.9487149982433465
2024-11-20,97.8803253173828,95.62287971451177,2.25744560287103
2024-11-21,102.24848175048828,98.5989253013876,3.649556449100686
2024-11-22,102.12907409667967,103.06916909113701,-0.9400949944573398
2024-11-25,103.9599151611328,100.56284754089977,3.397067620233031
2024-11-26,101.2932586669922,105.58630831652567,-4.293049649533472
2024-11-27,97.71116638183594,100.47162140380259,-2.7604550219666493
2024-11-29,97.46241760253906,96.99831632632697,0.46410127621209085
2024-12-02,98.05943298339844,98.33689601505473,-0.27746303165629627
2024-12-03,99.34300231933594,97.15412366323521,2.1888786561007265
2024-12-04,102.686279296875,99.49265943951004,3.193619857364965
2024-12-05,100.36788177490234,103.53053931782013,-3.162657542917785
2024-12-06,100.66637420654295,99.14297572423331,1.523398482309645
2024-12-09,102.30815887451172,101.5918777808562,0.7162810936555246
2024-12-10,97.61166381835938,102.06974935092865,-4.458085532569271
2024-12-11,101.5519561767578,96.58037371497292,4.971582461784877
2024-12-12,97.75096893310548,103.3176670487324,-5.56669811562692
2024-12-13,101.9897689819336,95.57543028562583,6.414338696307766
2024-12-16,107.7210922241211,103.68964067298195,4.031451551139142
2024-12-17,108.05940246582033,107.68764379390812,0.3717586719122039
2024-12-18,103.38280487060548,107.36944026692751,-3.986635396322029
2024-12-19,86.65647888183594,104.43997216752805,-17.783493285692117
2024-12-20,89.67139434814453,84.33515237558207,5.336241972562462
2024-12-23,89.27337646484375,90.62898048808103,-1.3556040232372766
2024-12-24,88.8355712890625,87.59128622614533,1.2442850629171716
2024-12-26,89.37288665771484,89.90261865607248,-0.529731998357633
2024-12-27,88.18880462646484,89.03645055787689,-0.8476459314120461
2024-12-30,84.99562072753906,86.95399557614324,-1.9583748486041799
2024-12-31,83.84986114501953,85.78556792066705,-1.9357067756475175
2025-01-02,87.00818634033203,83.15679369864712,3.8513926416849102
2025-01-03,89.538818359375,86.35434336854092,3.184474990834076
2025-01-06,98.89421081542967,90.3773320030114,8.51687881241827
2025-01-07,101.5344467163086,99.46317089835897,2.0712758179496262
2025-01-08,99.04366302490234,100.50121836147913,-1.4575553365767888
2025-01-10,98.97391510009766,100.48349385529244,-1.5095787551947808
2025-01-13,94.70968627929688,98.42927883421041,-3.7195925549135325
2025-01-14,97.001220703125,93.18227240359352,3.8189482995314847
2025-01-15,102.80973815917967,99.19307272812665,3.616665431053022
2025-01-16,102.2219009399414,101.65840224587596,0.5634986940654443
2025-01-17,105.36029815673828,101.85355767582291,3.5067404809153686
2025-01-21,108.97691345214844,107.79103745584948,1.185875996298961
2025-01-22,108.82746887207033,107.0309478906472,1.7965209814231287
2025-01-23,104.45365142822266,109.47605770334519,-5.022406275122535
2025-01-24,102.80973815917967,105.62413313745981,-2.8143949782801343
2025-01-27,90.77424621582033,100.95401325663181,-10.179767040811484
2025-01-28,87.9247817993164,89.99926417692521,-2.0744823776088026
2025-01-29,88.6819839477539,89.67703331462026,-0.995049366866354
2025-01-30,92.1591339111328,85.59845985900614,6.560674052126657
2025-01-31,90.90377044677734,93.69058589290537,-2.7868154461280312
2025-02-03,89.588623046875,91.46269535002898,-1.87407230315398
2025-02-04,90.3259048461914,87.60616141524655,2.7197434309448596
2025-02-05,93.25506591796876,91.41390048878121,1.841165429187555
2025-02-06,94.19161224365234,93.5502863215004,0.6413259221519496
2025-02-07,91.9598617553711,92.83863745754381,-0.8787757021727174
2025-02-10,95.57648468017578,93.00318854215863,2.573296138017156
2025-02-11,93.73330688476562,95.78767764024586,-2.0543707554802353
2025-02-12,91.3421401977539,91.89769691446531,-0.5555567167114077
2025-02-13,95.30747985839844,93.1375401189135,2.1699397394849314
2025-02-14,99.15325164794922,94.78668681849112,4.366564829458099
2025-02-18,106.39646911621094,98.10171838102913,8.294750735181807
2025-02-19,103.97541809082033,109.18090358047621,-5.205485489655885
2025-02-20,102.79976654052734,102.17778028098745,0.6219862595398951
2025-02-21,98.47576141357422,103.27421615898085,-4.79845474540663
2025-02-24,95.05841064453124,98.73460662444978,-3.676195979918546
2025-02-25,92.87647247314452,93.94354895834019,-1.0670764851956704
2025-02-26,97.34992980957033,92.94942681799475,4.4005029915755784
2025-02-27,91.48162841796876,98.11631902154409,-6.634690603575322
2025-02-28,93.2849578857422,89.57650069541356,3.7084571903286445
2025-03-03,90.20635223388672,95.22954735375369,-5.023195119866969
2025-03-04,90.8639144897461,88.32345911365832,2.5404553760877775
2025-03-05,93.99234008789062,91.32532563381683,2.6670144540737937
2025-03-06,88.94102478027344,94.65834137744004,-5.717316597166601
2025-03-07,92.61742401123048,87.18088427313576,5.436539738094723
2025-03-10,86.75909423828125,94.38243023483454,-7.623335996553294
2025-03-11,88.72184753417969,84.74147499401374,3.980372540165945
2025-03-12,95.28754425048828,89.77098165837037,5.516562592117907
2025-03-13,94.53034973144533,95.35368290457875,-0.8233331731334204
2025-03-14,100.4185791015625,93.6075061452048,6.811072956357705
2025-03-17,102.73001861572266,102.60423743575033,0.1257811799723214
2025-03-18,101.34514617919922,101.20227691636121,0.14286926283800483
2025-03-19,101.68389129638672,101.85595019628917,-0.17205889990245282
2025-03-20,102.62042999267578,102.77999914552413,-0.1595691528483485
2025-03-21,94.37094116210938,101.03581195491833,-6.664870792808955
2025-03-24,96.582763671875,94.44334604422343,2.139417627651568
2025-03-25,93.83292388916016,98.16737371407834,-4.334449824918181
2025-03-26,91.79048919677734,90.62224526936527,1.1682439274120782
2025-03-27,90.82406616210938,93.93029977551353,-3.1062336134041573
2025-03-28,88.11408996582031,90.52972053575328,-2.415630569932972
2025-03-31,86.68251037597656,85.84320543038393,0.8393049455926302
2025-04-01,88.4981689453125,88.74888985155945,-0.2507209062469542
2025-04-02,88.388427734375,87.67107002396895,0.7173577104060485
2025-04-03,74.1624755859375,86.97013577199965,-12.80766018606215
2025-04-04,64.56546020507812,74.71112854284459,-10.145668337766466
2025-04-07,68.20674133300781,63.425575346386196,4.781165986621616
2025-04-08,65.38349914550781,66.46700990300435,-1.0835107574965406
2025-04-09,77.6840591430664,65.77043513217411,11.913624010892292
2025-04-10,69.88272857666016,79.5045008215449,-9.621772244884738
2025-04-11,69.3839340209961,65.40627849363551,3.9776555273605823
2025-04-14,70.85041046142578,73.27559992507976,-2.425189463653979
2025-04-15,70.870361328125,68.45055696775164,2.4198043603733623
2025-04-16,69.1644515991211,69.27142134879972,-0.10696974967862616
2025-04-17,68.63571166992188,71.95278078612729,-3.317069116205417
2025-04-21,66.58062744140625,65.99330376147805,0.587323679928204
2025-04-22,70.04234313964844,65.61808435611208,4.424258783536359
2025-04-23,72.75584411621094,72.62597273799025,0.12987137822068462
2025-04-24,77.23512268066406,69.90023674481726,7.334885935846799
2025-04-25,79.5895004272461,78.20396274802928,1.3855376792168101
2025-04-28,78.37240600585938,80.82601392377406,-2.453607917914681
2025-04-29,76.6964111328125,76.08333369156476,0.6130774412477393
2025-04-30,76.76624298095703,77.60235405512734,-0.8361110741703044
2025-05-01,77.58428192138672,76.99726680929858,0.5870151120881388
2025-05-02,80.5272445678711,75.8886238175633,4.638620750307794
2025-05-05,80.22795867919922,81.92818936288741,-1.70023068368819
2025-05-06,80.31775665283203,79.76375501310696,0.5540016397250724
2025-05-07,82.42272186279297,79.5631973216383,2.85952454115467
2025-05-08,84.94667053222656,83.33630600002321,1.6103645322033486
2025-05-09,85.65498352050781,84.54208533681475,1.112898183693062
2025-05-12,92.06961822509766,85.3739895596144,6.695628665483255
2025-05-13,96.69854736328124,93.47172050753336,3.2268268557478734
2025-05-14,95.0923843383789,95.93574347973052,-0.8433591413516126
2025-05-15,95.2220687866211,95.48855657892533,-0.2664877923042326
2025-05-16,97.76598358154295,96.119156476446,1.6468271050969605
2025-05-19,98.41443634033205,96.65052179711995,1.7639145432120955
2025-05-20,97.8657455444336,99.18764981583556,-1.3219042714019622
2025-05-21,95.6111297607422,98.51485008409848,-2.903720323356282
2025-05-22,94.6035614013672,94.32918992825302,0.2743714731141864
2025-05-23,93.14704895019533,95.44433205911112,-2.297283108915792
2025-05-27,96.1498565673828,93.0567943955754,3.0930621718074036
2025-05-28,95.95032501220705,95.86707971595307,0.08324529625397759
2025-05-29,96.56884765625,96.27062086832703,0.29822678792297097
2025-05-30,94.23442840576172,97.11325498672393,-2.878826580962212
2025-06-02,97.94554901123048,93.23526149874192,4.710287512488563
2025-06-03,102.00582885742188,99.18187478632164,2.823954071100232
2025-06-04,103.00344848632812,101.85357304511116,1.1498754412169632
2025-06-05,106.03618621826172,103.06325058871887,2.972935629542846
2025-06-06,108.30077362060548,107.27961655727518,1.0211570633303069
2025-06-09,110.68505859375,107.72656179736059,2.9584967963894115
2025-06-10,113.86743927001952,111.45605296321256,2.4113863068069605
2025-06-11,115.75292205810548,114.77495970645249,0.977962351652991
2025-06-12,115.90257263183594,115.36994146712541,0.5326311647105229
2025-06-13,115.3239517211914,116.76782418802048,-1.4438724668290774
2025-06-16,119.55382537841795,115.7236569732379,3.8301684051800606
2025-06-17,120.05262756347656,119.69710046481289,0.3555270986636714
2025-06-18,121.5290985107422,120.4652960609295,1.0638024498126981
2025-06-20,123.30485534667967,122.65784560584824,0.6470097408314359
2025-06-23,121.78848266601562,122.94779314009102,-1.1593104740753972
2025-06-24,127.60456085205078,122.30049416710249,5.304066684948296
2025-06-25,126.94613647460938,129.2344562983051,-2.28831982369573
2025-06-26,125.6991195678711,125.62188319277666,0.07723637509442938
2025-06-27,124.46208953857422,127.55155414891833,-3.089464610344109
2025-06-30,122.95569610595705,124.43430737854389,-1.4786112725868463
2025-07-01,120.601318359375,122.20658440874821,-1.6052660493732134
2025-07-02,121.44929504394533,122.04422987612293,-0.5949348321776
2025-07-03,121.99797821044922,121.3941439031523,0.6038343072969212
2025-07-07,119.74625396728516,121.51025869470391,-1.764004727418751
2025-07-08,124.23973083496094,121.11364315432235,3.126087680638591
2025-07-09,122.0628890991211,124.58006940546879,-2.517180306347697
2025-07-10,122.93162536621094,120.91288990778472,2.018735458426221
2025-07-11,124.34957122802734,125.47514291950903,-1.1255716914816816
2025-07-14,118.43814849853516,123.29224543185629,-4.854096933321131
2025-07-15,119.93597412109376,117.84166384958058,2.09431027151318
2025-07-16,116.26129913330078,122.57928797888432,-6.3179888455835425
2025-07-17,113.0959014892578,113.51302656827937,-0.4171250790215737
2025-07-18,114.22425842285156,114.38748993769299,-0.16323151484142784
2025-07-21,113.06594848632812,115.31162017972567,-2.24567169339754
2025-07-22,109.06175994873048,110.84175082105354,-1.7799908723230544
2025-07-23,109.67086791992188,110.7242434895604,-1.0533755696385185
2025-07-24,111.56812286376952,110.03132539440534,1.5367974693641742
2025-07-25,111.09880065917967,109.79551144949889,1.3032892096807842
2025-07-28,111.08880615234376,113.11016281530078,-2.021356662957018
2025-07-29,111.79778289794922,111.02044722132915,0.7773356766200692
2025-07-30,114.5737533569336,110.49408177794693,4.079671578986662
2025-07-31,108.98186492919922,116.68186439774811,-7.699999468548896
2025-08-01,104.72803497314452,107.74414387533525,-3.0161089021907372
2025-08-04,107.61384582519533,104.47225381812382,3.141592007071509
2025-08-05,108.90198516845705,108.6475173333011,0.25446783515594973
2025-08-06,108.62239074707033,107.86929277392125,0.7530979731490817
2025-08-07,111.7079086303711,109.44622914486447,2.261679485506619
2025-08-08,118.71773529052734,112.36279265949496,6.354942631032387
2025-08-11,123.5407485961914,118.31238735270627,5.228361243485139
2025-08-12,127.56490325927734,124.81145659350784,2.753446665769502
2025-08-13,124.0899429321289,128.50760373700484,-4.417660804875936
2025-08-14,125.10846710205078,122.9749480362014,2.1335190658493843
2025-08-15,120.6948699951172,126.87696285585493,-6.1820928607377255
2025-08-18,123.3709945678711,119.5730903181735,3.797904249697595
2025-08-19,121.87316131591795,124.25405578251905,-2.3808944666010916
2025-08-20,117.04017639160156,121.81410779533245,-4.773931403730884
2025-08-21,115.62223815917967,116.92608495118452,-1.3038467920048475
2025-08-22,117.5094985961914,115.9295581740407,1.5799404221507132
2025-08-25,116.2513198852539,117.33107368936561,-1.0797538041117036
2025-08-26,116.33120727539062,116.37568606914915,-0.04447879375852892
2025-08-27,117.5793914794922,117.03341907024645,0.5459724092457492
2025-08-28,121.82323455810548,117.06798199175347,4.755252566352013
2025-08-29,118.83757019042967,122.69074752314471,-3.8531773327150347
2025-09-02,118.30834197998048,118.7039078970891,-0.39556591710861255
2025-09-03,118.54798126220705,118.69579870018367,-0.14781743797662728
2025-09-04,124.03003692626952,118.28773529559804,5.742301630671477
2025-09-05,131.1796417236328,125.01828731137718,6.161354412255633
2025-09-08,131.26953125,131.71599219691143,-0.44646094691142935
2025-09-09,135.04405212402344,131.35508869559362,3.6889634284298154
2025-09-10,139.79714965820312,136.6177052303103,3.1794444278928324
2025-09-11,150.3518524169922,139.4465775850611,10.90527483193108
2025-09-12,157.002197265625,152.1573221619838,4.844875103641186
2025-09-15,157.54141235351562,158.05114057045526,-0.5097282169396351
2025-09-16,158.5898895263672,157.9299841287914,0.659905397575784
2025-09-17,159.75820922851562,159.88621280107898,-0.12800357256335815
2025-09-18,168.64529418945312,159.98891903933014,8.656375150122983
2025-09-19,162.4942169189453,170.2532021035222,-7.758985184576886
2025-09-22,164.3814697265625,162.09009120537243,2.291378521190069
2025-09-23,166.1688995361328,166.77608094785452,-0.6071814117217116
2025-09-24,161.47569274902344,165.16840652224596,-3.692713773222522
2025-09-25,156.602783203125,162.3534928406339,-5.750709637508891
2025-09-26,157.0421142578125,158.0415766926415,-0.9994624348290131
2025-09-29,163.6625213623047,155.8740673487477,7.788454013556986
2025-09-30,167.07757568359375,165.45316520190235,1.624410481691399
2025-10-01,181.8860626220703,168.3606147848204,13.525447837249914
2025-10-02,183.48374938964844,183.2742322744336,0.20951711521485095
2025-10-03,187.67530822753903,183.6136360845713,4.061672142967723
2025-10-06,190.802734375,191.08651787224895,-0.28378349724894747
2025-10-07,185.53707885742188,189.89011320152608,-4.353034344104202
2025-10-08,196.3781280517578,186.23266040974462,10.145467642013188
2025-10-09,192.17160034179688,200.45173963830297,-8.280139296506093
2025-10-10,181.450439453125,188.7511051158131,-7.30066566268809
2025-10-13,192.6112365722656,184.6520265474481,7.959210024817509
2025-10-14,186.9059295654297,194.95091926877564,-8.044989703345948
2025-10-15,191.78192138671875,182.2527059320586,9.529215454660147
2025-10-16,202.3632049560547,199.28199417925953,3.08121077679516
2025-10-17,202.2133331298828,200.93610124825378,1.2772318816290351
2025-10-20,206.59971618652344,200.7861372259913,5.813578960532141
2025-10-21,202.12338256835935,213.83664194952038,-11.713259381161038
2025-10-22,198.3065490722656,197.82744918433147,0.47909988793412595
2025-10-23,206.53976440429688,199.7177982519581,6.821966152338774
2025-10-24,218.83963012695312,211.53742763348475,7.302202493468371
2025-10-27,219.91873168945312,215.95758519823303,3.9611464912200915
2025-10-28,221.7272491455078,223.00242126334845,-1.2751721178406399
2025-10-29,226.443359375,225.70591729942615,0.7374420755738527
2025-10-30,223.8255157470703,223.29551707917219,0.529998667898127
2025-10-31,223.5857086181641,227.0937867705277,-3.508078152363595
2025-11-03,234.5067138671875,226.6203272588037,7.886386608383788
2025-11-04,217.85043334960935,232.4998647539312,-14.64943140432186
2025-11-05,237.30441284179688,219.0443019882869,18.260110853509985
2025-11-06,238.13372802734372,244.38040614114232,-6.246678113798595
2025-11-07,237.7240447998047,230.6762436416895,7.047801158115192
2025-11-10,253.0913848876953,245.95027974381875,7.141105143876558
2025-11-11,240.9114227294922,255.55313233752372,-14.641709608031533
2025-11-12,244.69830322265625,233.79670209840998,10.90160112424627
2025-11-13,236.75485229492188,256.2592902556914,-19.504437960769508
2025-11-14,246.6267242431641,231.39292185520765,15.233802387956445
2025-11-17,241.750732421875,247.74446655851435,-5.993734136639347
2025-11-18,228.3118133544922,246.916860881259,-18.60504752676681
2025-11-19,225.7339324951172,225.25899249602384,0.47493999909335116
2025-11-20,201.20416259765625,226.54561371523965,-25.341451117583404
2025-11-21,207.19921875,201.41525282526106,5.783965924738936
2025-11-24,223.74557495117188,208.92989007460113,14.815684876570742
2025-11-25,224.3450927734375,222.23445295160286,2.1106398218346385
2025-11-26,230.0703582763672,227.9433740111814,2.126984265185797
2025-11-28,236.2852478027344,232.50409957856763,3.7811482241667704
2025-12-01,240.261962890625,233.68541745866318,6.576545431961819
2025-12-02,239.2927703857422,244.89970869097394,-5.6069383052317505
2025-12-03,233.9671630859375,240.03833479174676,-6.071171705809263
2025-12-04,226.4633331298828,231.9864893945037,-5.523156264620894
2025-12-05,237.02462768554688,229.69402913402305,7.330598551523821
2025-12-08,246.71664428710935,238.22181027623714,8.49483401087221
2025-12-09,252.2121124267578,245.4250022810234,6.7871101457344025
2025-12-10,263.4927978515625,257.47697031787055,6.015827533691947
2025-12-11,258.24713134765625,264.3206678714052,-6.073536523748942
2025-12-12,240.94140625,256.28408983511326,-15.342683585113264
2025-12-15,237.30441284179688,245.22449209218792,-7.920079250391041
2025-12-16,232.31851196289065,236.09577054787908,-3.777258584988431
2025-12-17,225.3342742919922,229.90574463644825,-4.57147034445606
2025-12-18,248.3453063964844,230.31422617407446,18.03108022240994
2025-12-19,265.70098876953125,249.01481517277057,16.686173596760682
2025-12-22,276.3622131347656,264.2401401365247,12.122072998240924
2025-12-23,276.0424499511719,284.60297961197176,-8.560529660799887
2025-12-24,286.44390869140625,273.80982646382284,12.634082227583406
2025-12-26,284.55548095703125,287.7608827846494,-3.205401827618175
2025-12-29,294.24639892578125,288.530099431535,5.716299494246243
2025-12-30,292.5071105957031,295.2429372715798,-2.7358266758766945
2025-12-31,285.2901611328125,291.5481985779474,-6.258037445134903
2026-01-02,315.2875671386719,290.11292386078173,25.17464327789014
2026-01-05,312.0189208984375,317.72181275060166,-5.702891852164157
2026-01-06,343.2857666015625,308.52100161990865,34.764764981653855
2026-01-07,339.40740966796875,356.94970242027966,-17.542292752310914
2026-01-08,326.8826599121094,331.7518043672094,-4.869144455100013
2026-01-09,344.9450988769531,331.8199213423188,13.125177534634304
2026-01-12,345.7247619628906,352.32661235627035,-6.601850393379721
2026-01-13,337.9880065917969,337.72319540749714,0.26481118429973094
2026-01-14,333.21002197265625,347.47977032746627,-14.26974835481002
2026-01-15,336.4886474609375,334.4947219875105,1.993925473426998
2026-01-16,362.5976867675781,331.5689738141383,31.028712953439822
2026-01-20,364.84674072265625,374.08422591039516,-9.237485187738912
2026-01-21,388.9465942382813,363.04112474082694,25.905469497454362
2026-01-22,397.41302490234375,392.8748180960053,4.538206806338451
2026-01-23,399.482177734375,401.9129692991728,-2.4307915647978007
2026-01-26,388.9266052246094,401.5425447354129,-12.615939510803514
2026-01-27,410.0677185058594,389.4061695745919,20.661548931267475
2026-01-28,435.0972290039063,416.98144369756625,18.115785306340058
2026-01-29,435.6070251464844,435.5908240545863,0.01620109189809682
2026-01-30,414.7057800292969,439.8064914580604,-25.100711428763532
2026-02-02,437.61614990234375,418.2996573946219,19.316492507721875
2026-02-03,419.2638854980469,439.8495671384104,-20.585681640363532
2026-02-04,379.2406921386719,416.78983411122374,-37.549141972551865
2026-02-05,382.729248046875,386.27058163010355,-3.5413335832285497
2026-02-06,394.5242614746094,381.0699293067413,13.454332167868074
2026-02-09,383.3389587402344,392.4146692993735,-9.075710559139111
2026-02-10,373.09326171875,392.5235895135384,-19.43032779478841
2026-02-11,410.1676940917969,370.83983315805915,39.327860933737725
2026-02-12,413.7961730957031,412.23650872018527,1.5596643755178548
2026-02-13,411.4871520996094,418.42847927233134,-6.941327172721969
2026-02-17,399.6121215820313,415.55347200115887,-15.94135041912756
2026-02-18,420.7732543945313,395.97750976623394,24.79574462829737
2026-02-19,417.17474365234375,428.9837570584567,-11.809013406112967
2026-02-20,427.9902038574219,415.60831940360384,12.381884453818031
2026-02-23,420.7932434082031,432.84527194338614,-12.052028535183013
2026-02-24,417.83447265625,421.52336726418423,-3.6888946079342304
2026-02-25,428.8198547363281,420.24826080617174,8.571593930156382
2026-02-26,415.385498046875,431.58299632723606,-16.19749828036106
2026-02-27,412.1968383789063,414.71448131422454,-2.5176429353182357
2026-03-02,412.4967346191406,417.4161820238199,-4.919447404679261
2026-03-03,379.52056884765625,411.07205010429925,-31.551481256643
2026-03-04,400.6016845703125,378.20391908249945,22.397765487813047
2026-03-05,396.8832702636719,410.0476373065368,-13.16436704286491
2026-03-06,370.1445007324219,387.7471538431156,-17.602653110693723
2026-03-09,389.1565246582031,376.74454343547217,12.411981222730958
2026-03-10,402.9407043457031,394.8435382145196,8.097166131183542
2026-03-11,418.5141906738281,393.3204194745115,25.193771199316643
2026-03-12,405.1797790527344,432.75783859447466,-27.578059541740288
2026-03-13,425.9510803222656,402.86328329475486,23.08779702751076
2026-03-16,441.6144714355469,425.07345216428786,16.541019271259017
2026-03-17,461.4961242675781,449.16195377737534,12.33417049020278
2026-03-18,461.5361328125,464.729890056716,-3.1937572442159876
2026-03-19,444.08343505859375,459.3615060760328,-15.27807101743906
2026-03-20,422.722412109375,450.3997395456729,-27.6773274362979
2026-03-23,404.1802062988281,421.1178182830071,-16.937611984179
2026-03-24,395.3639221191406,401.4580525647112,-6.094130445570556
2026-03-25,381.9295654296875,400.53113085887253,-18.60156542918503
2026-03-26,355.31072998046875,378.9682468093786,-23.657516828909877
2026-03-27,357.07000732421875,353.55397365712764,3.516033667091108
2026-03-30,321.79998779296875,362.39608491716535,-40.5960971241966
2026-03-31,337.8399963378906,312.57603282023405,25.263963517656578
2026-04-01,367.8500061035156,346.6537772058325,21.196228897683113
2026-04-02,366.239990234375,365.868488578494,0.3715016558809907
2026-04-06,377.760009765625,365.103353101114,12.65665666451099
2026-04-07,377.5799865722656,387.45742369165833,-9.87743711939271
2026-04-08,406.7300109863281,369.9062585843031,36.823752402025036
2026-04-09,421.510009765625,413.9124479590107,7.597561806614294
2026-04-10,420.5899963378906,424.85717420326847,-4.267177865377846
2026-04-13,426.55999755859375,418.4241283152769,8.135869243316847
2026-04-14,465.6600036621094,432.0704696380408,33.5895340240686
2026-04-15,456.2300109863281,469.69093887913147,-13.46092789280334
2026-04-16,457.2300109863281,452.061245241355,5.168765744973143
2026-04-17,455.0700073242188,468.5413376257555,-13.471330301536682
2026-04-20,448.4200134277344,449.6644372692232,-1.2444238414888105
2026-04-21,449.3800048828125,449.35433990167706,0.025664981135435028
2026-04-22,487.4800109863281,457.5834139356207,29.89659705070744
2026-04-23,481.7200012207031,485.9734106229688,-4.2534094022656745
2026-04-24,496.7200012207031,481.42704973766644,15.292951483036688
2026-04-27,524.5599975585938,510.5510891059872,14.008908452606534
2026-04-28,504.2900085449219,517.7360185893137,-13.446010044391869
2026-04-29,518.4600219726562,506.51808818554343,11.941933787112816
2026-04-30,517.1599731445312,533.3287285291019,-16.16875538457066
2026-05-01,542.2100219726562,502.9294930248395,39.28052894781678
2026-05-04,576.4500122070312,556.3884779480035,20.06153425902778
2026-05-05,640.2000122070312,583.7927749830343,56.40723722399696
2026-05-06,666.5900268554688,638.6732830723004,27.916743783168386
2026-05-07,646.6300048828125,678.707980039927,-32.07797515711445
2026-05-08,746.8099975585938,651.8476691557654,94.96232840282835
2026-05-11,795.3300170898438,755.4664239460328,39.86359314381093
2026-05-12,766.5800170898438,797.1967738577705,-30.616756767926745
2026-05-13,803.6300048828125,782.7074942756614,20.92251060715114
2026-05-14,776.010009765625,808.7162412702028,-32.70623150457777
2026-05-15,724.6599731445312,765.4559746083418,-40.79600146381051
2026-05-18,681.5399780273438,746.7832090605392,-65.24323103319546
2026-05-19,698.739990234375,671.8020539473964,26.937936286978584
2026-05-20,731.989990234375,698.1276452923229,33.86234494205212
2026-05-21,762.0999755859375,751.125010488408,10.974965097529548
2026-05-22,751.0,760.3542221754974,-9.354222175497398
2026-05-26,895.8800048828125,752.2673054450954,143.61269943771708
2026-05-27,928.4099731445312,928.0601222356521,0.34985090887914794
2026-05-28,923.52001953125,910.6651376372495,12.854881894000528
2026-05-29,971.0,951.817507187221,19.182492812778946
2026-06-01,1035.5,981.5086483976199,53.991351602380064
2026-06-02,1064.0999755859375,1026.1972746162428,37.902700969694706
2026-06-03,1079.5699462890625,1095.8468602644896,-16.276913975427078
2026-06-04,996.0,1085.555812695521,-89.5558126955209
2026-06-05,864.010009765625,979.7454487769833,-115.73543901135827
2026-06-08,949.280029296875,885.1757882870597,64.10424100981527
2026-06-09,935.8900146484376,956.160338769566,-20.270324121128397
2026-06-10,891.8800048828125,910.6392001831467,-18.759195300334227
2026-06-11,995.8699951171876,938.3015524477274,57.56844266946018
2026-06-12,981.6099853515624,991.5107698490027,-9.900784497440327
