Date,Actual,Predicted,Residual
2019-01-03,3.169262409210205,3.373050468037256,-0.2037880588270511
2019-01-04,3.372309684753418,3.184204357101709,0.18810532765170906
2019-01-07,3.550841808319092,3.3450271243683307,0.20581468395076108
2019-01-08,3.46244215965271,3.5643776000044443,-0.1019354403517343
2019-01-09,3.5305371284484863,3.487272714210238,0.04326441423824834
2019-01-10,3.5961556434631348,3.488058111793911,0.10809753166922365
2019-01-11,3.685298204421997,3.5818176456186954,0.10348055880330165
2019-01-14,3.725164890289306,3.6912618643715547,0.03390302591775152
2019-01-15,3.711050271987915,3.718045670890988,-0.006995398903073102
2019-01-16,3.685545444488525,3.6964545787679906,-0.010909134279465604
2019-01-17,3.75685977935791,3.674112294871763,0.0827474844861471
2019-01-18,3.885868787765503,3.747778327238197,0.1380904605273061
2019-01-22,3.683813571929932,3.8835848154348995,-0.19977124350496744
2019-01-23,3.696688890457153,3.7025395266502965,-0.005850636193143632
2019-01-24,3.9084019660949703,3.6644036565303595,0.24399830956461077
2019-01-25,3.965602397918701,3.894317591868951,0.07128480604974996
2019-01-28,3.4173758029937744,3.9962830018591324,-0.578907198865358
2019-01-29,3.258652687072754,3.4450055728797517,-0.18635288580699783
2019-01-30,3.4020233154296875,3.202636995233257,0.19938632019643032
2019-01-31,3.5595085620880127,3.4135704330959773,0.1459381289920354
2019-02-01,3.583775043487549,3.6289186401613875,-0.045143596673838715
2019-02-04,3.693964719772339,3.598228271629215,0.09573644814312399
2019-02-05,3.713031768798828,3.6549788982235416,0.05805287057528652
2019-02-06,3.788555145263672,3.7067280080814142,0.08182713718225765
2019-02-07,3.650384426116944,3.7833970047647894,-0.13301257864784555
2019-02-08,3.668955802917481,3.652890595319451,0.016065207598030096
2019-02-11,3.626365184783936,3.6465801245325045,-0.020214939748568472
2019-02-12,3.743240118026733,3.632301596695307,0.11093852133142601
2019-02-13,3.785583734512329,3.744228480065509,0.04135525444682031
2019-02-14,3.82643985748291,3.7909504108554395,0.03548944662747067
2019-02-15,3.8960208892822266,3.8199787313148468,0.07604215796737979
2019-02-19,3.878687620162964,3.8802806542077124,-0.0015930340447485314
2019-02-20,3.92598295211792,3.8779606618928413,0.048022290225078645
2019-02-21,3.857144832611084,3.9133750833450645,-0.05623025073398047
2019-02-22,3.94183087348938,3.8581389238165555,0.08369194967282434
2019-02-25,3.929450273513794,3.9281352038853243,0.0013150696284696117
2019-02-26,3.890078544616699,3.935712333406989,-0.045633788790289564
2019-02-27,3.848231315612793,3.8917364204302545,-0.043505104817461504
2019-02-28,3.8236916065216064,3.840574985857208,-0.016883379335601578
2019-03-01,3.877976417541504,3.8251846741384203,0.05279174340308357
2019-03-04,3.88615608215332,3.880399204337069,0.005756877816250672
2019-03-05,3.879711389541626,3.894734211929743,-0.015022822388116808
2019-03-06,3.768911838531494,3.878518261131226,-0.10960642259973197
2019-03-07,3.69975471496582,3.770535422458965,-0.07078070749314502
2019-03-08,3.733962059020996,3.6974433935027218,0.03651866551827432
2019-03-11,3.994227170944214,3.73612834773611,0.25809882320810384
2019-03-12,4.028435230255127,3.9937073753088144,0.034727854946312586
2019-03-13,4.179638385772705,4.048151176247115,0.13148720952558968
2019-03-14,4.103787422180176,4.149343878693159,-0.045556456512983345
2019-03-15,4.209134578704834,4.091381370173292,0.11775320853154181
2019-03-18,4.18781852722168,4.184062918907832,0.0037556083138472474
2019-03-19,4.3553786277771,4.188274328553075,0.16710429922402437
2019-03-20,4.322908401489258,4.338497137296312,-0.015588735807054555
2019-03-21,4.559380054473877,4.3256655507028965,0.23371450377098046
2019-03-22,4.399748802185059,4.528166503983819,-0.12841770179876022
2019-03-25,4.307540416717529,4.41260492028564,-0.10506450356811037
2019-03-26,4.3841328620910645,4.288576209340905,0.09555665275015901
2019-03-27,4.3749613761901855,4.35937129891619,0.01559007727399564
2019-03-28,4.393552780151367,4.400319353068901,-0.006766572917533686
2019-03-29,4.45081090927124,4.396823240889766,0.05398766838147395
2019-04-01,4.518232822418213,4.436915955815146,0.0813168666030668
2019-04-02,4.536078453063965,4.515579496189184,0.020498956874781094
2019-04-03,4.675384521484375,4.536912723203254,0.13847179828112122
2019-04-04,4.666460990905762,4.655940483320192,0.01052050758556966
2019-04-05,4.733138561248779,4.667132266397807,0.06600629485097187
2019-04-08,4.753960132598877,4.716535148254488,0.03742498434438879
2019-04-09,4.691247463226318,4.743217677490951,-0.05197021426463255
2019-04-10,4.761643886566162,4.691562608206538,0.0700812783596243
2019-04-11,4.747761249542236,4.7441605137521305,0.00360073579010578
2019-04-12,4.7098388671875,4.753455108282741,-0.04361624109524076
2019-04-15,4.57821798324585,4.712219958389516,-0.13400197514366674
2019-04-16,4.66522216796875,4.57814313028064,0.08707903768810965
2019-04-17,4.642415523529053,4.652355641334745,-0.009940117805692594
2019-04-18,4.617877006530762,4.663842449117037,-0.045965442586274996
2019-04-22,4.671666145324707,4.6252561322820185,0.04641001304268855
2019-04-23,4.726197719573975,4.658191071250509,0.06800664832346559
2019-04-24,4.738592624664307,4.729248127641329,0.009344497022977905
2019-04-25,4.632998466491699,4.743262763586078,-0.11026429709437835
2019-04-26,4.41437292098999,4.632109326922889,-0.21773640593289834
2019-04-29,4.445108890533447,4.4150979642171615,0.03001092631628577
2019-04-30,4.486505031585693,4.43491349838386,0.05159153320183307
2019-05-01,4.473368167877197,4.511794725154961,-0.038426557277763784
2019-05-02,4.54079008102417,4.4965114751824204,0.044278605841749474
2019-05-03,4.536327362060547,4.5281561623873845,0.008171199673162377
2019-05-06,4.457999229431152,4.537507188662349,-0.07950795923119625
2019-05-07,4.290933609008789,4.464111697796656,-0.1731780887878669
2019-05-08,4.311010360717773,4.292907522854173,0.018102837863600563
2019-05-09,4.2185540199279785,4.302601733598911,-0.08404771367093211
2019-05-10,4.184594631195068,4.2464133012497145,-0.06181867005464614
2019-05-13,3.927551031112671,4.196526064738528,-0.26897503362585695
2019-05-14,4.016536235809326,3.947162664825523,0.06937357098380303
2019-05-15,3.9555606842041016,4.004136388963448,-0.04857570475934647
2019-05-16,3.970679998397827,3.990646215811016,-0.019966217413188936
2019-05-17,3.8799586296081534,3.9865600815664766,-0.10660145195832316
2019-05-20,3.761475324630737,3.8838357680475144,-0.12236044341677754
2019-05-21,3.8435211181640634,3.768177190136569,0.07534392802749457
2019-05-22,3.772630453109741,3.8393527613700584,-0.06672230826031722
2019-05-23,3.651667833328247,3.801811841367245,-0.15014400803899797
2019-05-24,3.597879409790039,3.6621985787714,-0.06431916898136114
2019-05-28,3.5527665615081787,3.590139489822095,-0.037372928313916365
2019-05-29,3.478652000427246,3.5683544283933726,-0.08970242796612649
2019-05-30,3.452100276947021,3.5004532218175863,-0.048352944870565295
2019-05-31,3.361522674560547,3.457526969607675,-0.09600429504712826
2019-06-03,3.3198330402374268,3.3751237305347352,-0.05529069029730849
2019-06-04,3.5486316680908203,3.328370799030361,0.22026086906045927
2019-06-05,3.5059492588043213,3.5407224342232717,-0.03477317541895042
2019-06-06,3.5679891109466557,3.537258925790251,0.030730185156404577
2019-06-07,3.610671758651733,3.550755748311046,0.05991601034068683
2019-06-10,3.683381319046021,3.5921783160483334,0.09120300299768758
2019-06-11,3.740953207015991,3.681904269266764,0.05904893774922737
2019-06-12,3.628042459487915,3.736034227681877,-0.10799176819396195
2019-06-13,3.6791622638702393,3.6276233697853577,0.05153889408488155
2019-06-14,3.589329719543457,3.6549971807142403,-0.06566746117078326
2019-06-17,3.599008083343506,3.601107214108943,-0.002099130765436996
2019-06-18,3.7938101291656494,3.59972307103816,0.1940870581274896
2019-06-19,3.799766778945923,3.780544692031098,0.019222086914824743
2019-06-20,3.82408595085144,3.8184944325790324,0.0055915182724075585
2019-06-21,3.7660164833068848,3.8100044951595815,-0.04398801185269674
2019-06-24,3.78835129737854,3.7510973882573695,0.03725390912117055
2019-06-25,3.759068727493286,3.780370937562336,-0.021302210069050087
2019-06-26,3.952133655548096,3.7662798461770435,0.18585380937105267
2019-06-27,4.050652027130127,3.9382859664421344,0.1123660606879926
2019-06-28,4.075467586517334,4.054692357677486,0.020775228839847948
2019-07-01,4.123610019683838,4.069444738770971,0.05416528091286654
2019-07-02,4.025836944580078,4.096220578623917,-0.0703836340438393
2019-07-03,4.038740158081055,4.023354933347769,0.015385224733285519
2019-07-05,3.9762043952941895,4.026423910368307,-0.050219515074117815
2019-07-08,3.901261806488037,3.9817072239293227,-0.08044541744128564
2019-07-09,3.9037442207336426,3.9082327132780854,-0.004488492544442835
2019-07-10,3.9719862937927246,3.900788114710059,0.07119817908266546
2019-07-11,4.126339912414551,3.9773159233677635,0.14902398904678726
2019-07-12,4.159343242645264,4.128339932843046,0.03100330980221777
2019-07-15,4.150907039642334,4.162830795280767,-0.011923755638433065
2019-07-16,4.1461920738220215,4.136080242442687,0.010111831379334468
2019-07-17,4.211457252502441,4.129156119448306,0.082301133054135
2019-07-18,4.223120212554932,4.204585449707814,0.018534762847117747
2019-07-19,4.179941654205322,4.228068827859984,-0.04812717365466135
2019-07-22,4.251409530639648,4.177355565523981,0.07405396511566753
2019-07-23,4.359109401702881,4.233989596874903,0.12511980482797824
2019-07-24,4.433557033538818,4.357811344634804,0.07574568890401423
2019-07-25,4.302529335021973,4.435702933428608,-0.13317359840663556
2019-07-26,4.34446907043457,4.301216643488096,0.043252426946474465
2019-07-29,4.338264465332031,4.314776471829745,0.02348799350228603
2019-07-30,4.353899955749512,4.343629667697366,0.010270288052145915
2019-07-31,4.186890602111816,4.3631076311141515,-0.17621702900233505
2019-08-01,4.092591285705566,4.1945312360389675,-0.10193995033340109
2019-08-02,4.000028133392334,4.084082428895092,-0.08405429550275834
2019-08-05,3.74194598197937,4.011511286171373,-0.2695653041920032
2019-08-06,3.7806589603424072,3.7783403329901324,0.002318627352274838
2019-08-07,3.8188748359680176,3.7762886680614978,0.04258616790651981
2019-08-08,3.927318572998047,3.844569639260744,0.08274893373730308
2019-08-09,3.826070785522461,3.9479014649896165,-0.12183067946715553
2019-08-12,3.758324861526489,3.8372205299883206,-0.07889566846183182
2019-08-13,3.87247633934021,3.744787264553344,0.12768907478686575
2019-08-14,3.72407865524292,3.860004328773036,-0.13592567353011598
2019-08-15,3.691818952560425,3.759911371932522,-0.06809241937209709
2019-08-16,3.9595792293548575,3.6835490167443066,0.27603021261055094
2019-08-19,4.238009452819824,3.934551221215764,0.3034582316040604
2019-08-20,4.165796756744385,4.253873057183921,-0.0880763004395364
2019-08-21,4.249176502227783,4.178467539728385,0.07070896249939818
2019-08-22,4.2553815841674805,4.189742507794123,0.06563907637335742
2019-08-23,4.031048774719238,4.236339617101531,-0.20529084238229256
2019-08-26,4.105742931365967,4.0525493598532165,0.05319357151275028
2019-08-27,4.015166759490967,4.075613529678154,-0.06044677018718758
2019-08-28,4.004733085632324,4.033776334648387,-0.02904324901606259
2019-08-29,4.148309230804443,4.016104674776498,0.13220455602794523
2019-08-30,4.160978317260742,4.136911836767986,0.02406648049275617
2019-09-03,4.0780110359191895,4.176500385164782,-0.09848934924559227
2019-09-04,4.192026615142822,4.078895738639009,0.11313087650381348
2019-09-05,4.464773654937744,4.163357650959999,0.30141600397774493
2019-09-06,4.437696933746338,4.45729602189334,-0.019599088147002064
2019-09-09,4.4836506843566895,4.460828150827166,0.022822533529523348
2019-09-10,4.550223350524902,4.447003324996822,0.1032200255280804
2019-09-11,4.578789234161377,4.519799727875601,0.05898950628577637
2019-09-12,4.577298641204834,4.582064965773588,-0.004766324568754143
2019-09-13,4.519422054290772,4.5718371195039005,-0.05241506521312811
2019-09-16,4.476447105407715,4.5091446272492295,-0.03269752184151464
2019-09-17,4.4978108406066895,4.470161820878983,0.027649019727706836
2019-09-18,4.470734119415283,4.497996705263579,-0.02726258584829555
2019-09-19,4.395220756530762,4.4818399269799105,-0.0866191704491488
2019-09-20,4.28964900970459,4.400055067406683,-0.11040605770209311
2019-09-23,4.343055248260498,4.290885315906245,0.05216993235425349
2019-09-24,4.285674571990967,4.340471086763498,-0.05479651477253089
2019-09-25,4.427265644073486,4.309629421289347,0.11763622278413965
2019-09-26,4.405158042907715,4.420434774648275,-0.015276731740559768
2019-09-27,4.266548156738281,4.414606239227582,-0.14805808248930052
2019-09-30,4.323928356170654,4.271468926735773,0.052459429434881244
2019-10-01,4.322189807891846,4.300309384139842,0.021880423752003608
2019-10-02,4.29834508895874,4.33745786375018,-0.03911277479144015
2019-10-03,4.503772258758545,4.311516218641791,0.1922560401167539
2019-10-04,4.520167350769043,4.4809596358148225,0.039207714954220485
2019-10-07,4.578789234161377,4.5326140271266375,0.04617520703473943
2019-10-08,4.402423858642578,4.566662318744412,-0.16423846010183407
2019-10-09,4.488868713378906,4.3975988719573635,0.09126984142154271
2019-10-10,4.546497821807861,4.463319316479433,0.08317850532842819
2019-10-11,4.62002420425415,4.556162144134901,0.06386206011924944
2019-10-14,4.633439540863037,4.628724943691761,0.004714597171275869
2019-10-15,4.877864837646484,4.623264654753942,0.25460018289254194
2019-10-16,4.824212074279785,4.847846325855475,-0.023634251575689547
2019-10-17,4.826197147369385,4.838568152703392,-0.012371005334006924
2019-10-18,4.731803894042969,4.804899761346106,-0.07309586730313722
2019-10-21,4.868922233581543,4.715729117163834,0.15319311641770916
2019-10-22,4.858987808227539,4.855734141801805,0.003253666425734103
2019-10-23,4.846069812774658,4.876793824986814,-0.030724012212155927
2019-10-24,4.890036582946777,4.842813361964326,0.047223220982451686
2019-10-25,5.080809116363525,4.870810225612443,0.20999889075108236
2019-10-28,5.136699676513672,5.0714856652603855,0.06521401125328641
2019-10-29,5.0405683517456055,5.146394359382965,-0.10582600763735961
2019-10-30,5.042555809020996,5.032205581988265,0.01035022703273114
2019-10-31,4.993371486663818,5.0106208044364875,-0.017249317772669137
2019-11-01,5.032371520996094,4.997989771145064,0.03438174985102993
2019-11-04,5.228857517242432,5.0370899072971955,0.19176760994523612
2019-11-05,5.206748962402344,5.21820960587474,-0.011460643472395837
2019-11-06,5.157566070556641,5.220389131844896,-0.06282306128825521
2019-11-07,5.175201892852783,5.143096951188049,0.0321049416647341
2019-11-08,5.161291599273682,5.152492556436962,0.008799042836719728
2019-11-11,5.171227931976318,5.168959139543978,0.0022687924323401276
2019-11-12,5.206748962402344,5.174666797983948,0.032082164418396175
2019-11-13,5.1809163093566895,5.201142471344325,-0.020226161987635827
2019-11-14,5.211221694946289,5.183752645694907,0.027469049251382494
2019-11-15,5.072114944458008,5.205069082252153,-0.13295413779414478
2019-11-18,5.273071765899658,5.082356540006199,0.19071522589345946
2019-11-19,5.16650915145874,5.249408445032537,-0.08289929357379666
2019-11-20,5.245748043060303,5.194410637446717,0.051337405613585574
2019-11-21,5.220908164978027,5.232634420721316,-0.011726255743288228
2019-11-22,5.2385454177856445,5.2153749610813485,0.023170456704296072
2019-11-25,5.494895935058594,5.23923747504422,0.25565846001437365
2019-11-26,5.390317916870117,5.474879517531356,-0.08456160066123886
2019-11-27,5.425119876861572,5.414222230122946,0.010897646738626143
2019-11-29,5.387832164764404,5.3960197878467016,-0.008187623082297257
2019-12-02,5.20164155960083,5.373552697573119,-0.1719111379722893
2019-12-03,5.1621174812316895,5.219772067904225,-0.05765458667253576
2019-12-04,5.205867767333984,5.153330357800555,0.05253740953342945
2019-12-05,5.18896484375,5.2121632112108625,-0.023198367460862457
2019-12-06,5.274229526519775,5.213995447437405,0.06023407908237033
2019-12-09,5.274229526519775,5.26915303932103,0.005076487198745205
2019-12-10,5.3192243576049805,5.275515216762548,0.0437091408424326
2019-12-11,5.402747631072998,5.313776549699364,0.08897108137363396
2019-12-12,5.570044994354248,5.393970721461952,0.17607427289229616
2019-12-13,5.568057060241699,5.560167455337477,0.007889604904222303
2019-12-16,5.596892833709717,5.569559350251868,0.027333483457848473
2019-12-17,5.674947261810303,5.573908041411875,0.10103922039842761
2019-12-18,5.705275535583496,5.653784373193028,0.05149116239046769
2019-12-19,5.853183269500732,5.70617013879491,0.14701313070582245
2019-12-20,5.950380802154541,5.836173815325859,0.11420698682868213
2019-12-23,5.936707496643066,5.940154181276672,-0.0034466846336052015
2019-12-24,5.931736469268799,5.929242767064182,0.0024937022046165325
2019-12-26,5.945904731750488,5.909489320312388,0.03641541143810034
2019-12-27,5.888233661651611,5.933805253068488,-0.045571591416877055
2019-12-30,5.7751288414001465,5.894237691980588,-0.1191088505804414
2019-12-31,5.849206447601318,5.777169790112716,0.072036657488602
2020-01-02,5.963803291320801,5.83578736401955,0.12801592730125044
2020-01-03,5.86834716796875,5.973332761593176,-0.10498559362442617
2020-01-06,5.892958164215088,5.889891730263065,0.0030664339520232176
2020-01-07,5.96429967880249,5.868700254559405,0.0955994242430851
2020-01-08,5.975487232208252,5.954825004550451,0.02066222765780079
2020-01-09,6.041114330291748,5.989933835664362,0.05118049462738572
2020-01-10,6.07343053817749,6.031200695209144,0.04222984296834653
2020-01-13,6.263845920562744,6.064206058304041,0.199639862258703
2020-01-14,6.147011280059815,6.246928034246336,-0.09991675418652068
2020-01-15,6.104503154754639,6.160918473753502,-0.056415318998863206
2020-01-16,6.188027381896973,6.081804581527851,0.1062228003691219
2020-01-17,6.196728706359863,6.1667978142073485,0.029930892152514765
2020-01-21,6.163417816162109,6.215532713964004,-0.0521148978018946
2020-01-22,6.217360973358154,6.165872062605185,0.05148891075296902
2020-01-23,6.285722255706787,6.198267072332386,0.08745518337440128
2020-01-24,6.226558208465576,6.284767375787768,-0.05820916732219139
2020-01-27,5.971012592315674,6.237584678690107,-0.26657208637443297
2020-01-28,6.164163112640381,5.9743075124388785,0.18985560020150238
2020-01-29,6.103756427764893,6.128132073101263,-0.024375645336370155
2020-01-30,6.11046838760376,6.14543198432368,-0.03496359671992
2020-01-31,5.87729549407959,6.119492477210635,-0.24219698313104487
2020-02-03,5.974244117736816,5.877284467731789,0.0969596500050276
2020-02-04,6.143282413482666,5.954522913602564,0.18875949988010188
2020-02-05,6.233518600463867,6.159082187295688,0.07443641316817917
2020-02-06,6.320276260375977,6.255547122028315,0.06472913834766114
2020-02-07,6.254150867462158,6.297808145405077,-0.04365727794291896
2020-02-10,6.537041187286377,6.239653731937304,0.29738745534907274
2020-02-11,6.659343719482422,6.501141104900526,0.15820261458189577
2020-02-12,6.774935722351074,6.667648664345753,0.1072870580053209
2020-02-13,6.731186866760254,6.759296527917103,-0.028109661156848986
2020-02-14,7.203746795654297,6.702626188813197,0.5011206068411003
2020-02-18,7.372286796569824,7.14385771342136,0.22842908314846433
2020-02-19,7.822970867156982,7.385569254351036,0.4374016128059468
2020-02-20,7.6738200187683105,7.771638262608994,-0.09781824384068383
2020-02-21,7.3101396560668945,7.651047811656107,-0.3409081555892124
2020-02-24,6.793332099914551,7.272834540606187,-0.47950244069163617
2020-02-25,6.514170169830322,6.771968531504671,-0.25779836167434844
2020-02-26,6.653378009796143,6.532767680321927,0.12061032947421602
2020-02-27,6.283014297485352,6.693444323207975,-0.4104300257226239
2020-02-28,6.717551708221436,6.383115288313186,0.33443641990825057
2020-03-02,6.875746250152588,6.67679183129888,0.1989544188537078
2020-03-03,6.613582134246826,6.907853449652433,-0.2942713154056067
2020-03-04,7.076725006103516,6.658531508725889,0.4181934973776267
2020-03-05,6.797643661499023,6.980661799466278,-0.1830181379672542
2020-03-06,6.617312908172607,6.847021387356307,-0.2297084791836994
2020-03-09,6.104921817779541,6.6130100148961075,-0.5080881971165665
2020-03-10,6.493939399719238,6.102102754131254,0.3918366455879845
2020-03-11,6.130540370941162,6.4630023896077695,-0.3324620186666074
2020-03-12,5.380359649658203,6.242839406786109,-0.8624797571279057
2020-03-13,5.990501880645752,5.430791956326437,0.5597099243193151
2020-03-16,4.885128974914551,5.879639093254567,-0.994510118340016
2020-03-17,5.404237270355225,5.093573399891724,0.3106638704635003
2020-03-18,5.044816017150879,5.340662117400688,-0.2958461002498094
2020-03-19,5.297282695770264,5.117960398770316,0.17932229699994728
2020-03-20,5.117695331573486,5.325258122953522,-0.20756279138003553
2020-03-23,5.290316581726074,5.141718483125896,0.14859809860017847
2020-03-24,6.197947025299072,5.276291293218849,0.9216557320802234
2020-03-25,6.109398365020752,6.144055851581017,-0.03465748656026513
2020-03-26,6.398426532745361,6.18569379025447,0.2127327424908909
2020-03-27,6.286247730255127,6.295287912932846,-0.009040182677718889
2020-03-30,6.606118202209473,6.224739988514643,0.3813782136948296
2020-03-31,6.556621074676514,6.564660258644233,-0.00803918396771941
2020-04-01,6.0459699630737305,6.567232626059515,-0.5212626629857846
2020-04-02,6.354400157928467,6.053171822158026,0.30122833577044084
2020-04-03,6.066864013671875,6.262231729149488,-0.19536771547761322
2020-04-06,6.676012992858887,6.144491628319541,0.531521364539346
2020-04-07,6.44295072555542,6.645769260985246,-0.20281853542982642
2020-04-08,6.6399455070495605,6.485314563518831,0.15463094353072915
2020-04-09,6.540453910827637,6.589353498932595,-0.04889958810495809
2020-04-13,6.712080955505371,6.524808843238254,0.18727211226711749
2020-04-14,7.062795162200928,6.7007389089654295,0.3620562532354983
2020-04-15,6.985435962677002,7.041137220038253,-0.05570125736125142
2020-04-16,7.330183982849121,7.005403708194123,0.3247802746549979
2020-04-17,7.270984649658203,7.258212163160832,0.012772486497371283
2020-04-20,7.139902114868164,7.266618467502871,-0.12671635263470726
2020-04-21,6.703622341156006,7.129136950060006,-0.42551460890399984
2020-04-22,7.117514610290527,6.6952181528479064,0.4222964574426209
2020-04-23,7.064286231994629,7.06526202702992,-0.0009757950352913269
2020-04-24,7.203079700469971,7.139788692729951,0.06329100774001972
2020-04-27,7.389381408691406,7.202418387958506,0.18696302073290028
2020-04-28,7.247105121612549,7.3439561268234765,-0.09685100521092771
2020-04-29,7.423707008361816,7.262761911209464,0.16094509715235272
2020-04-30,7.269989967346191,7.384958062736586,-0.11496809539039443
2020-05-01,7.033692359924316,7.2812301753394175,-0.24753781541510111
2020-05-04,7.245363235473633,7.03864719356995,0.20671604190368242
2020-05-05,7.306304454803467,7.207580045206804,0.09872440959666307
2020-05-06,7.407041072845459,7.343928001446507,0.06311307139895206
2020-05-07,7.583145141601562,7.415117008556579,0.16802813304498265
2020-05-08,7.7729291915893555,7.5500201756231915,0.22290901596616397
2020-05-11,8.024648666381836,7.755808527865839,0.26884013851599686
2020-05-12,7.762979507446289,8.003132488000798,-0.24015298055450884
2020-05-13,7.740593433380127,7.767489729931855,-0.026896296551727872
2020-05-14,7.989826679229736,7.684327010709855,0.3054996685198814
2020-05-15,8.447744369506836,7.961602600953847,0.4861417685529892
2020-05-18,8.70592975616455,8.458646156524606,0.24728359963994428
2020-05-19,8.760899543762207,8.702235354847348,0.05866418891485914
2020-05-20,8.924568176269531,8.709902178779522,0.21466599749000892
2020-05-21,8.730802536010742,8.85172863044586,-0.12092609443511826
2020-05-22,8.980530738830566,8.728892502785655,0.2516382360449114
2020-05-26,8.67359447479248,8.931804733065203,-0.25821025827272237
2020-05-27,8.482069969177246,8.701116332177197,-0.21904636299995062
2020-05-28,8.444014549255371,8.469488518799965,-0.0254739695445938
2020-05-29,8.830543518066406,8.428159620626854,0.4023838974395524
2020-06-01,8.76164722442627,8.83988113201132,-0.07823390758504978
2020-06-02,8.780549049377441,8.817756107735867,-0.03720705835842608
2020-06-03,8.725080490112305,8.748026488608296,-0.02294599849599166
2020-06-04,8.72607707977295,8.695027056337208,0.031050023435740925
2020-06-05,8.878870964050293,8.73194977642341,0.14692118762688366
2020-06-08,8.764399528503418,8.87576260560245,-0.11136307709903193
2020-06-09,9.004286766052246,8.782612594252736,0.22167417179950988
2020-06-10,9.32355785369873,8.966129055979414,0.3574287977193169
2020-06-11,8.755690574645996,9.310333193475786,-0.5546426188297904
2020-06-12,8.891311645507812,8.813492390127077,0.07781925538073509
2020-06-15,9.13144874572754,8.797743041145553,0.33370570458198756
2020-06-16,9.026684761047363,9.12589822505675,-0.09921346400938624
2020-06-17,9.193413734436035,9.100420354486692,0.09299337994934298
2020-06-18,9.175496101379396,9.146501238268543,0.028994863110852975
2020-06-19,9.218544960021973,9.158922695977983,0.059622264043989404
2020-06-22,9.482821464538574,9.217772895537038,0.26504856900153584
2020-06-23,9.40642547607422,9.457964470381137,-0.05153899430691666
2020-06-24,9.192915916442873,9.422249305274793,-0.22933338883192
2020-06-25,9.446240425109863,9.17936904211861,0.266871382991253
2020-06-26,9.112786293029783,9.391440216683147,-0.27865392365336383
2020-06-29,9.157580375671388,9.174637991703236,-0.01705761603184719
2020-06-30,9.45395565032959,9.137423418872485,0.31653223145710463
2020-07-01,9.486053466796877,9.428869458793658,0.05718400800321888
2020-07-02,9.567927360534668,9.53080711654382,0.03712024399084868
2020-07-06,9.79387664794922,9.546053550488624,0.2478230974605964
2020-07-07,9.826231956481934,9.746869312019756,0.07936264446217756
2020-07-08,10.168893814086914,9.83081150991929,0.3380823041676244
2020-07-09,10.460543632507324,10.127950512292,0.33259312021532494
2020-07-10,10.43092918395996,10.433781766339726,-0.0028525823797664884
2020-07-13,10.005900382995604,10.421927286700114,-0.4160269037045108
2020-07-14,10.329151153564451,9.97955329579704,0.3495978577674119
2020-07-15,10.18009090423584,10.245095035596085,-0.06500413136024541
2020-07-16,10.088019371032717,10.243265584667762,-0.15524621363504565
2020-07-17,10.154460906982422,10.103085400221902,0.05137550676051994
2020-07-20,10.462284088134766,10.114062060402272,0.34822202773249344
2020-07-21,10.28087329864502,10.459205932371374,-0.17833263372635422
2020-07-22,10.390616416931152,10.32851251917991,0.0621038977512427
2020-07-23,10.083041191101074,10.341275722882687,-0.2582345317816124
2020-07-24,10.14749240875244,10.089563047112408,0.057929361640031374
2020-07-27,10.373445510864258,10.135167424382153,0.23827808648210436
2020-07-28,10.168395042419434,10.375664840282264,-0.20726979786283017
2020-07-29,10.417244911193848,10.218519792061434,0.19872511913241375
2020-07-30,10.565058708190918,10.364166587412974,0.20089212077794372
2020-07-31,10.565803527832031,10.560844868585022,0.004958659247009223
2020-08-03,10.959479331970217,10.582596237482436,0.37688309448778057
2020-08-04,11.175980567932127,10.899927930568508,0.2760526373636196
2020-08-05,11.23470401763916,11.166022578011546,0.06868143962761408
2020-08-06,11.283231735229492,11.219927282524974,0.0633044527045179
2020-08-07,11.147860527038574,11.229144151803128,-0.08128362476455386
2020-08-10,11.113518714904783,11.128765333069701,-0.015246618164917791
2020-08-11,10.799970626831056,11.097680078573491,-0.2977094517424348
2020-08-12,11.387500762939451,10.820866592542739,0.5666341703967124
2020-08-13,11.39023494720459,11.333783993846348,0.05645095335824202
2020-08-14,11.510677337646484,11.452431075303792,0.058246262342692035
2020-08-17,12.28011417388916,11.492061916598042,0.7880522572911186
2020-08-18,12.20421314239502,12.17452218319249,0.0296909592025294
2020-08-19,12.082526206970217,12.250235626438528,-0.16770941946831108
2020-08-20,12.085016250610352,12.029507611996403,0.055508638613948946
2020-08-21,12.625015258789062,11.99769441344491,0.627320845344153
2020-08-24,12.661596298217772,12.595137765048767,0.06645853316900485
2020-08-25,12.691206932067873,12.713030453334815,-0.02182352126694198
2020-08-26,12.71410083770752,12.643406353092416,0.07069448461510319
2020-08-27,12.570019721984863,12.647505704910635,-0.07748598292577213
2020-08-28,13.087125778198242,12.576609885318195,0.5105158928800471
2020-08-31,13.312830924987791,13.041549330794178,0.27128159419361353
2020-09-01,13.761384963989258,13.330837010993507,0.43054795299575055
2020-09-02,14.284618377685549,13.717243351900537,0.5673750257850116
2020-09-03,12.959362030029297,14.20991927078416,-1.2505572407548637
2020-09-04,12.568055152893066,13.032102535549678,-0.46404738265661116
2020-09-08,11.861615180969238,12.427310022614995,-0.5656948416457563
2020-09-09,12.66015625,11.916735922147858,0.7434203278521423
2020-09-10,12.258647918701172,12.711650975061058,-0.45300305635988636
2020-09-11,12.112031936645508,12.430207534750691,-0.31817559810518325
2020-09-14,12.816727638244627,12.092357885808267,0.7243697524363597
2020-09-15,12.934965133666992,12.712786947454143,0.22217818621284913
2020-09-16,12.460521697998049,13.036746426827577,-0.5762247288295281
2020-09-17,12.409743309020996,12.488453311160145,-0.07871000213914847
2020-09-18,12.136673927307127,12.292481730240038,-0.15580780293291063
2020-09-21,12.463260650634766,12.167935470116014,0.295325180518752
2020-09-22,12.583239555358888,12.487377931792793,0.09586162356609584
2020-09-23,12.071456909179688,12.617164527585448,-0.5457076184057605
2020-09-24,12.29473876953125,12.10757521703266,0.18716355249859085
2020-09-25,12.818222045898438,12.208215551619864,0.6100064942785739
2020-09-28,12.97877597808838,12.823175121821972,0.15560085626640863
2020-09-29,13.168703079223633,13.0452430680943,0.12346001112933358
2020-09-30,13.472140312194824,13.106978984842323,0.3651613273525012
2020-10-01,13.55577564239502,13.389758654454482,0.16601698794053732
2020-10-02,13.005908966064451,13.547400940355583,-0.5414919742911319
2020-10-05,13.583657264709473,13.01699066420908,0.5666666005003922
2020-10-06,13.677253723144531,13.458879263543334,0.21837445960119695
2020-10-07,13.903769493103027,13.731319181376065,0.172450311726962
2020-10-08,13.779059410095217,13.910161949330096,-0.13110253923487925
2020-10-09,13.703388214111328,13.734341818948463,-0.030953604837135273
2020-10-12,14.164640426635742,13.663367360302141,0.5012730663336011
2020-10-13,14.186796188354492,14.122049005571384,0.06474718278310831
2020-10-14,14.034453392028809,14.232741505483041,-0.19828811345423247
2020-10-15,13.909743309020996,14.016523085893787,-0.10677977687279139
2020-10-16,13.751925468444824,13.853978233675834,-0.1020527652310097
2020-10-19,13.439533233642578,13.761315062324245,-0.32178182868166694
2020-10-20,13.586644172668455,13.480625958089657,0.10601821457879801
2020-10-21,13.46641445159912,13.572929945263901,-0.10651549366478186
2020-10-22,13.30336856842041,13.51596146234347,-0.21259289392305902
2020-10-23,13.53163242340088,13.330413509457754,0.2012189139431264
2020-10-26,13.084567070007324,13.500924117993135,-0.4163570479858105
2020-10-27,13.338967323303224,13.154875244203339,0.18409207909988545
2020-10-28,12.572537422180176,13.298160675009386,-0.7256232528292106
2020-10-29,12.967823028564451,12.652730681377937,0.31509234718651413
2020-10-30,12.479936599731444,12.914224752739923,-0.4342881530084792
2020-11-02,12.526487350463867,12.574857196884745,-0.048369846420877494
2020-11-03,12.963343620300291,12.536688851099239,0.4266547692010523
2020-11-04,13.73475170135498,12.936186767929643,0.7985649334253377
2020-11-05,14.098925590515137,13.750963920633216,0.34796166988192034
2020-11-06,14.499191284179688,14.10327401099457,0.39591727318511793
2020-11-09,13.571953773498535,14.396450810178548,-0.8244970366800128
2020-11-10,12.71491813659668,13.562380626134045,-0.8474624895373655
2020-11-11,13.360126495361328,12.65326229829239,0.7068641970689384
2020-11-12,13.39870834350586,13.278277492887229,0.12043085061863046
2020-11-13,13.23964500427246,13.580507958936858,-0.34086295466439864
2020-11-16,13.45695686340332,13.290992971619197,0.16596389178412352
2020-11-17,13.36435604095459,13.349071738308623,0.015284302645966363
2020-11-18,13.370827674865724,13.391723492311497,-0.020895817445772735
2020-11-19,13.382279396057127,13.390117583947735,-0.007838187890607529
2020-11-20,13.03129768371582,13.365620345485869,-0.33432266177004877
2020-11-23,13.083322525024414,13.05477406916035,0.028548455864063627
2020-11-24,12.901860237121582,13.05928224755393,-0.1574220104323487
2020-11-25,13.17766571044922,12.942119892395693,0.23554581805352726
2020-11-27,13.204049110412598,13.176357120926808,0.027691989485790103
2020-11-30,13.343695640563965,13.229208207117797,0.1144874334461683
2020-12-01,13.332246780395508,13.332794492078474,-0.0005477116829659678
2020-12-02,13.486076354980469,13.317923352673963,0.16815300230650543
2020-12-03,13.342159271240234,13.462669910979544,-0.12051063973930987
2020-12-04,13.503759384155272,13.353066981523401,0.15069240263187034
2020-12-07,13.552063941955566,13.471059637843567,0.08100430411199966
2020-12-08,13.296346664428713,13.552142340401245,-0.25579567597253217
2020-12-09,12.878780364990234,13.319093747563306,-0.4403133825730716
2020-12-10,12.920116424560549,12.871809608391544,0.04830681616900456
2020-12-11,12.960947036743164,12.897540218291525,0.06340681845163942
2020-12-14,13.25526237487793,13.016952778462572,0.2383095964153572
2020-12-15,13.306802749633787,13.277605217855156,0.029197531778631713
2020-12-16,13.18927764892578,13.312954665207242,-0.12367701628146222
2020-12-17,13.287630081176758,13.175907727930191,0.11172235324656654
2020-12-18,13.218658447265623,13.247554753606963,-0.02889630634133944
2020-12-21,13.278666496276855,13.23606659264142,0.042599903635435865
2020-12-22,13.224881172180176,13.275529934838255,-0.050648762658079605
2020-12-23,12.956965446472168,13.224116970520097,-0.26715152404792875
2020-12-24,12.94152545928955,12.971399958516555,-0.029874499227004137
2020-12-28,12.848151206970217,12.92437417114208,-0.0762229641718637
2020-12-29,12.891230583190918,12.876822155924364,0.014408427266554114
2020-12-30,13.092917442321776,12.910298738118762,0.18261870420301385
2020-12-31,13.002532958984377,13.08960974278889,-0.08707678380451256
2021-01-04,13.060796737670898,13.027591907518932,0.03320483015196629
2021-01-05,13.350875854492188,13.03644124668576,0.31443460780642773
2021-01-06,12.563800811767578,13.321892031793736,-0.7580912200261576
2021-01-07,13.290369033813477,12.645616076897934,0.6447529569155428
2021-01-08,13.223392486572266,13.16149515860396,0.06189732796830505
2021-01-11,13.566755294799805,13.298372548488516,0.2683827463112891
2021-01-12,13.43055534362793,13.567649176221234,-0.13709383259330465
2021-01-13,13.477364540100098,13.398778987288757,0.07858555281134016
2021-01-14,13.14719581604004,13.435234526600471,-0.2880387105604303
2021-01-15,12.807818412780762,13.160762176575902,-0.3529437637951407
2021-01-19,12.972901344299316,12.817592183843534,0.1553091604557828
2021-01-20,13.312030792236328,12.951866218169071,0.360164574067257
2021-01-21,13.811766624450684,13.350729702650094,0.46103692180058964
2021-01-22,13.657387733459473,13.823954617445443,-0.1665668839859702
2021-01-25,13.598374366760254,13.661039610967505,-0.06266524420725084
2021-01-26,13.381253242492676,13.522926396605968,-0.14167315411329184
2021-01-27,12.86583423614502,13.359600565398987,-0.49376632925396713
2021-01-28,12.998547554016112,12.91000104485486,0.08854650916125095
2021-01-29,12.937542915344238,12.972762170666071,-0.035219255321832676
2021-02-01,13.183799743652344,12.997741545196032,0.18605819845631189
2021-02-02,13.502264976501465,13.204137351135468,0.29812762536599635
2021-02-03,13.476119995117188,13.48974854514665,-0.013628550029462616
2021-02-04,13.609332084655762,13.487325884482889,0.12200620017287278
2021-02-05,13.536377906799316,13.559972777854941,-0.023594871055625077
2021-02-08,14.380719184875488,13.522030841808132,0.8586883430673566
2021-02-09,14.20592212677002,14.309608697629386,-0.10368657085936661
2021-02-10,14.70490837097168,14.26730108651776,0.43760728445391983
2021-02-11,15.189454078674316,14.600736294407072,0.588717784267244
2021-02-12,14.901121139526367,15.112877192304424,-0.21175605277805687
2021-02-16,15.268634796142578,14.933830246425241,0.33480454971733664
2021-02-17,14.846092224121094,15.144851818551981,-0.2987595944308872
2021-02-18,14.769404411315918,14.857079088040216,-0.08767467672429774
2021-02-19,14.866509437561035,14.745911128503582,0.12059830905745272
2021-02-22,14.298050880432127,14.845824091799052,-0.5477732113669251
2021-02-23,14.085164070129396,14.378741256235552,-0.29357718610615535
2021-02-24,14.440725326538086,14.064105217685002,0.37662010885308383
2021-02-25,13.254015922546388,14.425090923503733,-1.1710750009573445
2021-02-26,13.659379959106444,13.435627450393063,0.22375250871338004
2021-03-01,13.786121368408203,13.553818943612088,0.2323024247961154
2021-03-02,13.352367401123049,13.84528026699965,-0.4929128658766011
2021-03-03,12.75328540802002,13.488956089796343,-0.7356706817763232
2021-03-04,12.320534706115724,12.731660799409202,-0.41112609329347727
2021-03-05,12.411415100097656,12.314433243507937,0.09698185658971958
2021-03-08,11.546655654907228,12.47536941724313,-0.9287137623359012
2021-03-09,12.474234580993652,11.716253163240431,0.7579814177532214
2021-03-10,12.4224271774292,12.380731845695344,0.04169533173385531
2021-03-11,12.945745468139648,12.53952884267731,0.4062166254623385
2021-03-12,12.808751106262209,12.94135507330241,-0.1326039670402004
2021-03-15,13.142770767211914,12.778445456704803,0.3643253105071107
2021-03-16,13.24240016937256,13.071595984560746,0.17080418481181425
2021-03-17,13.29221534729004,13.231902855725952,0.06031249156408869
2021-03-18,12.675742149353027,13.283328539785757,-0.6075863904327292
2021-03-19,12.798539161682127,12.678058820639414,0.12048034104271288
2021-03-22,13.13778591156006,12.725889906624614,0.4118960049354463
2021-03-23,13.022709846496582,13.159900809340208,-0.13719096284362564
2021-03-24,12.596531867980955,13.106124692975692,-0.509592824994737
2021-03-25,12.489180564880373,12.579753002911586,-0.09057243803121295
2021-03-26,12.79206085205078,12.433186419900112,0.3588744321506674
2021-03-29,12.900662422180176,12.812028913112092,0.08863350906808343
2021-03-30,12.82444190979004,12.97222031513604,-0.14777840534599918
2021-03-31,13.299192428588867,12.821081404225938,0.4781110243629296
2021-04-01,13.760985374450684,13.216138547930058,0.5448468265206259
2021-04-05,13.936092376708984,13.761162213800555,0.17493016290842966
2021-04-06,13.810554504394531,13.9387958438587,-0.12824133946416794
2021-04-07,14.091519355773926,13.747852182369932,0.34366717340399333
2021-04-08,14.26438045501709,13.996419206852485,0.267961248164605
2021-04-09,14.347075462341309,14.26531540529759,0.08176005704371825
2021-04-12,15.153100967407228,14.345017102498252,0.8080838649089763
2021-04-13,15.621872901916504,15.050621117229044,0.5712517846874601
2021-04-14,15.220854759216309,15.61059609774939,-0.38974133853308146
2021-04-15,16.077939987182617,15.219585269428645,0.8583547177539721
2021-04-16,15.854016304016112,15.873004068128953,-0.018987764112841532
2021-04-19,15.305291175842283,15.898962680524408,-0.5936715046821242
2021-04-20,15.115489959716797,15.312523815233133,-0.19703385551633623
2021-04-21,15.304047584533691,15.012639047626442,0.2914085369072499
2021-04-22,14.795671463012695,15.317319604469825,-0.5216481414571295
2021-04-23,15.209145545959473,14.92134476709502,0.28780077886445277
2021-04-26,15.421113967895508,15.144818122593339,0.2762958453021689
2021-04-27,15.325217247009276,15.438164200289437,-0.11294695328016147
2021-04-28,15.220603942871094,15.376324855467631,-0.15572091259653753
2021-04-29,15.268425941467283,15.176539177782399,0.0918867636848848
2021-04-30,14.95433235168457,15.235286031631981,-0.2809536799474106
2021-05-03,14.782221794128418,15.003114757969998,-0.22089296384157997
2021-05-04,14.298504829406738,14.783716199490385,-0.4852113700836469
2021-05-05,14.405362129211426,14.330891422510282,0.07447070670114364
2021-05-06,14.46962070465088,14.406487163665183,0.06313354098569768
2021-05-07,14.7578125,14.528046686372926,0.2297658136270737
2021-05-10,14.21331787109375,14.782601518777202,-0.5692836476834522
2021-05-11,14.253670692443848,14.259079268867161,-0.005408576423313605
2021-05-12,13.70793342590332,14.188823891099133,-0.480890465195813
2021-05-13,13.61502456665039,13.766431221616779,-0.1514066549663884
2021-05-14,14.190651893615724,13.640710939716884,0.5499409538988402
2021-05-17,14.11343765258789,14.178843281439923,-0.06540562885203194
2021-05-18,13.964238166809082,14.2121910701437,-0.2479529033346175
2021-05-19,14.014053344726562,13.946997123537443,0.06705622118911947
2021-05-20,14.558796882629396,13.948306877656803,0.6104900049725934
2021-05-21,14.936652183532717,14.545573368964556,0.39107881456816074
2021-05-24,15.554622650146484,14.969899442350904,0.5847232077955802
2021-05-25,15.590240478515623,15.48781366734823,0.10242681116739405
2021-05-26,15.64229679107666,15.541680321424685,0.10061646965197468
2021-05-27,15.43107795715332,15.562498438044278,-0.1314204808909576
2021-05-28,16.184797286987305,15.388677308195561,0.7961199787917437
2021-06-01,16.20471954345703,16.101797389587468,0.10292215386956372
2021-06-02,16.716588973999023,16.257203420691074,0.45938555330794983
2021-06-03,16.907377243041992,16.640316860451104,0.2670603825908877
2021-06-04,17.513647079467773,16.844434867301853,0.6692122121659203
2021-06-07,17.554241180419922,17.440528521847494,0.11371265857242818
2021-06-08,17.392837524414062,17.534006647800712,-0.1411691233866499
2021-06-09,17.29841423034668,17.3352079556538,-0.03679372530712044
2021-06-10,17.36493492126465,17.223347425636373,0.14158749562827566
2021-06-11,17.763805389404297,17.35337500731999,0.41043038208430715
2021-06-14,17.95664405822754,17.76023415395492,0.1964099042726204
2021-06-15,17.727184295654297,17.96478701577998,-0.2376027201256825
2021-06-16,17.748857498168945,17.71376629141127,0.03509120675767363
2021-06-17,18.592937469482425,17.67771008678906,0.9152273826933666
2021-06-18,18.57450485229492,18.5320730924592,0.04243175983571845
2021-06-21,18.36372947692871,18.65641030545312,-0.2926808285244107
2021-06-22,18.821645736694336,18.312529491845265,0.5091162448490714
2021-06-23,18.99155616760254,18.68087192159459,0.3106842460079484
2021-06-24,19.13929557800293,19.026063295746212,0.11323228225671755
2021-06-25,18.96540260314941,19.1394588346887,-0.17405623153928929
2021-06-28,19.91611671447754,18.91716199533754,0.9989547191399986
2021-06-29,19.95771789550781,19.796427221024256,0.16129067448355272
2021-06-30,19.933549880981445,20.023147468426828,-0.08959758744538249
2021-07-01,20.14233016967773,19.88828772567111,0.2540424440066218
2021-07-02,20.416383743286133,20.017861841489527,0.39852190179660596
2021-07-06,20.627153396606445,20.399641808151934,0.22751158845451158
2021-07-07,20.301528930664062,20.62797572645193,-0.3264467957878665
2021-07-08,19.83414649963379,20.287817048680644,-0.4536705490468549
2021-07-09,19.98114013671875,19.78979796606105,0.19134217065769832
2021-07-12,20.441791534423828,19.94020392767892,0.5015876067449092
2021-07-13,20.180194854736328,20.484362712561296,-0.304167857824968
2021-07-14,19.77310562133789,20.26301723470272,-0.48991161336482847
2021-07-15,18.900876998901367,19.729473249937925,-0.8285962510365579
2021-07-16,18.0984001159668,18.904039636746003,-0.8056395207792022
2021-07-19,18.715017318725582,18.160098956582967,0.5549183621426153
2021-07-20,18.54784393310547,18.72464953404663,-0.1768056009411616
2021-07-21,19.343101501464844,18.736702031888097,0.606399469576747
2021-07-22,19.52646255493164,19.313753443926597,0.21270911100504364
2021-07-23,19.49058151245117,19.521196475341476,-0.03061496289030785
2021-07-26,19.22749328613281,19.476024033166517,-0.24853074703370837
2021-07-27,19.14179229736328,19.173239113231045,-0.031446815867763434
2021-07-28,19.435779571533203,19.109691892169458,0.32608767936374505
2021-07-29,19.594223022460938,19.432554854848004,0.1616681676129339
2021-07-30,19.431791305541992,19.630759853881028,-0.19896854833903532
2021-08-02,19.68192481994629,19.43482766755107,0.24709715239522012
2021-08-03,19.7466983795166,19.608644314278454,0.13805406523814767
2021-08-04,20.204116821289062,19.75651742925114,0.44759939203792243
2021-08-05,20.56586456298828,20.18035162866992,0.38551293431835987
2021-08-06,20.295795440673828,20.53880017846449,-0.24300473779066323
2021-08-09,20.22504234313965,20.293976113363694,-0.06893377022404579
2021-08-10,19.867280960083008,20.142761018202727,-0.27548005811971876
2021-08-11,19.6310977935791,19.867277569994553,-0.23617977641545096
2021-08-12,19.836389541625977,19.654351389943386,0.1820381516825904
2021-08-13,20.118417739868164,19.83388341965664,0.2845343202115238
2021-08-16,19.881235122680664,20.15415724497961,-0.2729221222989473
2021-08-17,19.39093017578125,19.927713497060083,-0.5367833212788327
2021-08-18,18.9743709564209,19.370804372903326,-0.39643341648242725
2021-08-19,19.729759216308597,18.959902999656567,0.7698562166520304
2021-08-20,20.74424934387207,19.712158483861348,1.0320908600107224
2021-08-23,21.88231468200684,20.80531858453048,1.0769960974763606
2021-08-24,21.71788024902344,21.85534654929807,-0.13746630027462814
2021-08-25,22.13643264770508,21.6580081150214,0.47842453268368246
2021-08-26,21.99193000793457,21.917577343694735,0.07435266423983578
2021-08-27,22.557973861694336,21.938467734704343,0.6195061269899931
2021-08-30,22.609792709350582,22.493770938325305,0.11602177102527733
2021-08-31,22.311777114868164,22.59926195229026,-0.2874848374220953
2021-09-01,22.367589950561523,22.28543596069319,0.08215398986833478
2021-09-02,22.322734832763672,22.27753130038216,0.045203532381510314
2021-09-03,22.768274307250977,22.338031867044172,0.43024244020680413
2021-09-07,22.58786964416504,22.75965548774832,-0.17178584358327953
2021-09-08,22.26592445373535,22.62080998531148,-0.3548855315761301
2021-09-09,22.104454040527344,22.24075587445174,-0.13630183392439577
2021-09-10,22.404470443725582,22.06414413512007,0.34032630860551194
2021-09-13,22.07953643798828,22.41325535886278,-0.3337189208744995
2021-09-14,22.16924095153809,22.169824266848224,-0.0005833153101342248
2021-09-15,22.26791763305664,22.129986749379913,0.13793088367672723
2021-09-16,22.16924095153809,22.254640947415908,-0.08539999587781821
2021-09-17,21.828357696533203,22.214564813501752,-0.38620711696854926
2021-09-20,21.04393196105957,21.838731115893143,-0.7947991548335729
2021-09-21,21.17650032043457,21.066802249828854,0.10969807060571668
2021-09-22,21.86922836303711,21.148421999066027,0.7208063639710822
2021-09-23,22.4084529876709,21.922322239978048,0.4861307476928509
2021-09-24,22.008766174316406,22.487389937870653,-0.4786237635542463
2021-09-27,21.58914566040039,22.01201186739502,-0.4228662069946303
2021-09-28,20.631288528442383,21.48299984401552,-0.8517113155731373
2021-09-29,20.44988441467285,20.656074175712803,-0.20618976103995124
2021-09-30,20.648231506347656,20.477276865023274,0.1709546413243821
2021-10-01,20.674144744873047,20.72494153933934,-0.050796794466293704
2021-10-04,19.667449951171875,20.780814688414893,-1.1133647372430175
2021-10-05,20.38409996032715,19.747333071759616,0.6367668885675322
2021-10-06,20.63228988647461,20.24652676427399,0.38576312220061837
2021-10-07,21.00605583190918,20.743522587286172,0.26253324462300753
2021-10-08,20.762849807739254,21.06268864695775,-0.29983883921849497
2021-10-11,20.62730026245117,20.717412132036376,-0.09011186958520767
2021-10-12,20.60338020324707,20.55744023379513,0.04593996945193979
2021-10-13,20.87050437927246,20.59421023239238,0.2762941468800797
2021-10-14,21.674861907958984,20.88750540620958,0.7873565017494037
2021-10-15,21.790483474731445,21.643412552172098,0.1470709225593474
2021-10-18,22.14930534362793,21.81187842983182,0.33742691379611145
2021-10-19,22.217084884643555,22.050028878282497,0.167056006361058
2021-10-20,22.03070068359375,22.149613558846163,-0.11891287525241268
2021-10-21,22.61776733398437,22.011974227831896,0.6057931061524755
2021-10-22,22.651657104492188,22.523458867198045,0.12819823729414281
2021-10-25,23.09021759033203,22.68164220858328,0.40857538174875074
2021-10-26,24.636144638061523,23.033288237246488,1.6028564008150354
2021-10-27,24.371017456054688,24.489256569567868,-0.11823911351318017
2021-10-28,24.85941505432129,24.453311179506954,0.40610387481433463
2021-10-29,25.483362197875977,24.660136063140083,0.8232261347358936
2021-11-01,25.742511749267575,25.324027568548285,0.4184841807192896
2021-11-02,26.314638137817383,25.751371446304347,0.5632666915130358
2021-11-03,26.510988235473636,26.205025839340966,0.30596239613267073
2021-11-04,29.70351219177246,26.425683113813502,3.277829077958959
2021-11-05,29.65467834472656,29.41229364202233,0.24238470270422852
2021-11-08,30.703235626220703,29.803983821046874,0.8992518051738294
2021-11-09,30.55671119689941,30.37246134810635,0.18424984879306194
2021-11-10,29.36263465881348,30.304257430986997,-0.9416227721735169
2021-11-11,30.29058837890625,29.35105294228308,0.9395354366231707
2021-11-12,30.29058837890625,30.062019656856172,0.2285687220500776
2021-11-15,29.926776885986328,30.401099874615337,-0.4743229886290088
2021-11-16,30.10419273376465,29.985418899468776,0.1187738342958724
2021-11-17,29.165281295776367,29.961080514480603,-0.7957992187042358
2021-11-18,31.571382522583008,29.247854575230182,2.323527947352826
2021-11-19,32.877098083496094,31.380237497073995,1.4968605864220983
2021-11-22,31.851465225219727,32.99302135565772,-1.1415561304379906
2021-11-23,31.64215469360352,31.928613780455795,-0.2864590868522754
2021-11-24,32.56712341308594,31.25841785704343,1.3087055560425078
2021-11-26,31.399946212768555,32.412439883072025,-1.0124936703034706
2021-11-29,33.266822814941406,31.68973562726627,1.5770871876751364
2021-11-30,32.569114685058594,33.002793542319154,-0.4336788572605599
2021-12-01,31.33600616455078,32.68072412798851,-1.3447179634377306
2021-12-02,32.02481842041016,31.36402635789246,0.6607920625177037
2021-12-03,30.59634017944336,31.776028351784557,-1.1796881723411978
2021-12-06,29.942407608032227,30.87211025231046,-0.9297026442782332
2021-12-07,32.32487869262695,29.987495023679003,2.3373836689479504
2021-12-08,31.72577476501465,32.12607084252374,-0.4002960775090898
2021-12-09,30.39398002624512,32.101283040603285,-1.707303014358164
2021-12-10,30.102903366088867,30.383131284552082,-0.2802279184632148
2021-12-13,28.07231712341309,29.825429852581156,-1.7531127291680662
2021-12-14,28.247758865356445,28.34559456142359,-0.09783569606714337
2021-12-15,30.36307716369629,28.297533066799346,2.065544096896943
2021-12-16,28.29759979248047,30.371670239471968,-2.074070446991499
2021-12-17,27.71345329284668,28.75665632468135,-1.043203031834672
2021-12-20,27.631710052490234,27.48181405300828,0.14989599948195576
2021-12-21,28.98344039916992,27.527711162199097,1.4557292369708215
2021-12-22,29.30741310119629,29.154145410826743,0.15326769036954602
2021-12-23,29.546653747558597,29.482256693534964,0.06439705402363316
2021-12-27,30.84754753112793,29.42565160643341,1.421895924694521
2021-12-28,30.226511001586918,30.61218377524065,-0.38567277365373087
2021-12-29,29.906517028808597,30.339455281441367,-0.43293825263276986
2021-12-30,29.492828369140625,29.791533388661634,-0.2987050195210088
2021-12-31,29.318374633789062,29.388626768999053,-0.07025213520999074
2022-01-03,30.02614402770996,29.369243910169494,0.6569001175404665
2022-01-04,29.19776153564453,30.035651978522417,-0.8378904428778853
2022-01-05,27.51706886291504,29.336903597153494,-1.819834734238455
2022-01-06,28.08926010131836,27.539440094655863,0.5498200066624968
2022-01-07,27.16119384765625,27.925716146748034,-0.7645222990917837
2022-01-10,27.31371116638184,27.47203381929404,-0.15832265291220082
2022-01-11,27.72939682006836,27.384590533537168,0.34480628653119183
2022-01-12,27.91082763671875,27.70551129324775,0.2053163434710008
2022-01-13,26.49131202697754,28.0006516666146,-1.5093396396370622
2022-01-14,26.857154846191406,26.600186462219266,0.25696838397213995
2022-01-18,25.82142639160156,26.682259345797974,-0.8608329541964146
2022-01-19,24.98805809020996,26.002205120856093,-1.0141470306461322
2022-01-20,24.07394790649414,25.10860994511934,-1.0346620386252
2022-01-21,23.300392150878903,24.118553629206243,-0.8181614783273403
2022-01-24,23.298397064208984,23.4377448785655,-0.13934781435651544
2022-01-25,22.25369644165039,23.418379794967354,-1.1646833533169634
2022-01-26,22.700284957885746,22.480889196600884,0.21939576128486138
2022-01-27,21.874895095825195,22.681887544243484,-0.8069924484182884
2022-01-28,22.76807403564453,22.052060404667454,0.716013630977077
2022-01-31,24.40888786315918,22.7425875356588,1.6663003275003803
2022-02-01,24.56041145324707,24.387299118319596,0.1731123349274739
2022-02-02,25.162506103515625,24.684082355249085,0.47842374826653966
2022-02-03,23.872583389282227,24.947578222040796,-1.0749948327585699
2022-02-04,24.242416381835938,23.824860641508224,0.4175557403277139
2022-02-07,24.650127410888672,24.08138013817179,0.5687472727168803
2022-02-08,25.028928756713867,24.683126027989356,0.3458027287245109
2022-02-09,26.620899200439453,25.106935024106782,1.5139641763326708
2022-02-10,25.74267196655273,26.457491188741976,-0.7148192221892451
2022-02-11,23.873580932617188,25.827316272069794,-1.9537353394526065
2022-02-14,24.19057846069336,23.81070465434039,0.3798738063529683
2022-02-15,26.41156578063965,23.944822949250376,2.466742831389272
2022-02-16,26.427509307861328,26.48032911092451,-0.05281980306318346
2022-02-17,24.429821014404297,26.752304241499694,-2.322483227095397
2022-02-18,23.56754875183105,24.36359753389654,-0.7960487820654905
2022-02-22,23.316341400146484,23.243071239254153,0.0732701608923314
2022-02-23,22.316499710083008,23.440289292985888,-1.1237895829028801
2022-02-24,23.6732120513916,22.666994287656838,1.0062177637347638
2022-02-25,24.080923080444336,23.58327415208825,0.4976489283560852
2022-02-28,24.30820846557617,24.201226642659,0.10698182291716662
2022-03-01,23.40306663513184,24.35590632083165,-0.9528396856998107
2022-03-02,24.14784240722656,23.35157048957929,0.7962719176472675
2022-03-03,23.643348693847656,23.96975623513873,-0.3264075412910721
2022-03-04,22.8676700592041,23.79041478339899,-0.9227447241948887
2022-03-07,21.28838348388672,22.929813079781706,-1.6414295958949872
2022-03-08,21.449899673461918,21.293635601672868,0.15626407178904955
2022-03-09,22.945432662963867,21.419845483211343,1.5255871797525238
2022-03-10,22.59049415588379,23.058238791712935,-0.4677446358291455
2022-03-11,22.03415870666504,22.866252463446045,-0.8320937567810063
2022-03-14,21.26645278930664,21.925337254787745,-0.6588844654811048
2022-03-15,22.9045524597168,21.156039691240643,1.7485127684761572
2022-03-16,24.42301750183105,22.838505981625158,1.5845115202058935
2022-03-17,24.692211151123047,24.562870246332086,0.12934090479096128
2022-03-18,26.374191284179688,24.718829657837798,1.6553616263418895
2022-03-21,26.65435218811035,25.988816412254227,0.6655357758561244
2022-03-22,26.444976806640625,26.57970798898596,-0.13473118234533388
2022-03-23,25.55763053894043,26.361667354424547,-0.8040368154841175
2022-03-24,28.066131591796875,25.408023013652553,2.658108578144322
2022-03-25,27.6094970703125,27.771095271518575,-0.1615982012060755
2022-03-28,28.13492584228516,27.890427794300425,0.2444980479847345
2022-03-29,28.57062721252441,27.96673812971482,0.6038890828095909
2022-03-30,27.607501983642575,28.326362036078272,-0.7188600524356978
2022-03-31,27.20470428466797,27.697579561758285,-0.49287527709031664
2022-04-01,26.632413864135746,27.118260460696824,-0.4858465965610783
2022-04-04,27.278488159179688,26.634727813991528,0.6437603451881593
2022-04-05,25.853742599487305,27.298764805154644,-1.445022205667339
2022-04-06,24.334285736083984,26.084685311497907,-1.7503995754139225
2022-04-07,24.13587760925293,24.344623507250155,-0.20874589799722543
2022-04-08,23.050121307373047,24.080200620653827,-1.0300793132807797
2022-04-11,21.85169982910156,23.371856267319107,-1.5201564382175476
2022-04-12,21.43993186950684,22.053490143657914,-0.6135582741510746
2022-04-13,22.1368465423584,21.47158860391603,0.6652579384423696
2022-04-14,21.194664001464844,22.2542583560511,-1.059594354586256
2022-04-18,21.718101501464844,21.49951678469321,0.21858471677163394
2022-04-19,22.13186264038086,21.62627353498401,0.5055891053968509
2022-04-20,21.41799736022949,22.137274624046725,-0.7192772638172364
2022-04-21,20.122865676879883,21.581325984464563,-1.45846030758468
2022-04-22,19.45685577392578,20.114951865695474,-0.6580960917696927
2022-04-25,19.84270668029785,19.409385990945488,0.4333206893523638
2022-04-26,18.73202514648437,19.941349731075945,-1.2093245845915739
2022-04-27,18.36013412475586,19.028665428887923,-0.6685313041320633
2022-04-28,19.723064422607425,18.34248497061295,1.3805794519944747
2022-04-29,18.491743087768555,19.63348410977659,-1.1417410220080342
2022-05-02,19.474802017211918,18.8319485657656,0.6428534514463173
2022-05-03,19.543598175048828,19.295345319985387,0.2482528550634413
2022-05-04,20.273414611816406,19.54235058881913,0.7310640229972769
2022-05-05,18.78785896301269,20.288717992611545,-1.5008590295988533
2022-05-06,18.619361877441406,18.87226234407846,-0.2529004666370547
2022-05-09,16.89949607849121,18.448344104690264,-1.5488480261990532
2022-05-10,17.542577743530273,17.04528315735986,0.4972945861704119
2022-05-11,16.5804500579834,17.544866407880455,-0.964416349897057
2022-05-12,16.12681007385254,16.82926207126526,-0.7024519974127195
2022-05-13,17.653247833251953,16.202188631634126,1.4510592016178272
2022-05-16,17.212562561035156,17.531325637015378,-0.3187630759802218
2022-05-17,18.12284469604492,17.480781130688698,0.6420635653562208
2022-05-18,16.88753890991211,18.00105387038506,-1.1135149604729513
2022-05-19,17.072980880737305,16.9120135950113,0.16096728572600583
2022-05-20,16.644264221191406,16.957397345888886,-0.31313312469747956
2022-05-23,16.84765625,16.70986437990536,0.13779187009464167
2022-05-24,16.105871200561523,16.899482591102764,-0.7936113905412405
2022-05-25,16.924428939819336,16.182895300149468,0.7415336396698677
2022-05-26,17.79781723022461,16.830212194778852,0.9676050354457573
2022-05-27,18.754955291748047,17.83377628865263,0.9211790030954177
2022-05-31,18.61636734008789,18.771226887190604,-0.15485954710271344
2022-06-01,18.265417098999023,18.553879716113943,-0.28846261711492005
2022-06-02,19.533626556396484,18.11763386031394,1.4159926960825437
2022-06-03,18.664230346679688,19.343773043789678,-0.6795426971099907
2022-06-06,18.73003387451172,18.85226946519916,-0.12223559068744194
2022-06-07,18.869611740112305,18.602753633172235,0.26685810694007017
2022-06-08,18.59637451171875,18.771618351898734,-0.1752438401799843
2022-06-09,17.998035430908203,18.697263132714664,-0.6992277018064605
2022-06-10,16.927005767822266,18.024535253870518,-1.097529486048252
2022-06-13,15.603679656982422,16.944294661339914,-1.3406150043574918
2022-06-14,15.792157173156738,15.688914942818972,0.10324223033776647
2022-06-15,16.481246948242188,15.834162955159167,0.6470839930830206
2022-06-16,15.557808876037598,16.644136509281466,-1.0863276332438687
2022-06-17,15.836036682128906,15.791152895155198,0.044883786973707984
2022-06-21,16.520137786865234,15.693459063953357,0.8266787229118773
2022-06-22,16.31471061706543,16.493734903858424,-0.17902428679299476
2022-06-23,16.180082321166992,16.479165679088613,-0.2990833579216208
2022-06-24,17.078582763671875,16.119252476051486,0.9593302876203893
2022-06-27,16.822296142578125,16.930527733847985,-0.1082315912698597
2022-06-28,15.937751770019531,16.939310914946343,-1.0015591449268122
2022-06-29,15.49897289276123,15.951561283318334,-0.45258839055710354
2022-06-30,15.117032051086426,15.382644086523538,-0.26561203543711187
2022-07-01,14.482792854309082,15.191051444504627,-0.7082585901955447
2022-07-05,14.92257022857666,14.636683162106713,0.28588706646994666
2022-07-06,15.08811092376709,14.910867192541941,0.1772437312251487
2022-07-07,15.814094543457031,15.175353524170296,0.6387410192867353
2022-07-08,15.794151306152344,15.821018950164445,-0.02686764401210162
2022-07-11,15.110050201416016,15.80388026365907,-0.6938300622430535
2022-07-12,15.040243148803713,15.091617465816613,-0.051374317012900406
2022-07-13,15.122015953063965,14.939510205839467,0.1825057472244982
2022-07-14,15.329442024230955,15.162244572448472,0.16719745178248324
2022-07-15,15.718361854553224,15.395515595273329,0.3228462592798955
2022-07-18,16.05642318725586,15.697788435036424,0.3586347522194355
2022-07-19,16.944955825805664,16.025486182064196,0.9194696437414684
2022-07-20,17.75769805908203,16.865900642992838,0.8917974160891937
2022-07-21,18.000028610229492,17.705228858465208,0.29479975176428397
2022-07-22,17.271047592163086,17.94066827933979,-0.6696206871767032
2022-07-25,16.976865768432617,17.189732199685004,-0.2128664312523867
2022-07-26,16.487226486206055,16.84197179888713,-0.3547453126810751
2022-07-27,17.740745544433594,16.523813008110757,1.2169325363228367
2022-07-28,17.9342098236084,17.703579691669567,0.23063013193883108
2022-07-29,18.112712860107425,18.053338908733455,0.05937395137397061
2022-08-01,18.38994407653809,18.060560328015523,0.3293837485225666
2022-08-02,18.474706649780277,18.24654177958758,0.22816487019269616
2022-08-03,18.840694427490234,18.45779718313404,0.38289724435619377
2022-08-04,19.16180419921875,18.799092351596645,0.36271184762210495
2022-08-05,18.936426162719727,19.117353532614935,-0.1809273698952083
2022-08-08,17.743738174438477,18.925758476867294,-1.1820203024288176
2022-08-09,17.038698196411133,17.752475515408445,-0.7137773189973124
2022-08-10,18.046897888183597,16.985506384939267,1.0613915032443302
2022-08-11,17.892322540283203,18.028132212667522,-0.13580967238431896
2022-08-12,18.657201766967773,18.138930890008005,0.5182708769597681
2022-08-15,18.97930908203125,18.589236137764075,0.39007294426717465
2022-08-16,18.82673072814941,18.90757449386082,-0.0808437657114105
2022-08-17,18.28423500061035,18.83207025097345,-0.5478352503631001
2022-08-18,18.72102165222168,18.24129342637302,0.4797282258486604
2022-08-19,17.799589157104492,18.619205360251616,-0.8196162031471239
2022-08-22,16.986841201782227,17.943044042377338,-0.9562028405951111
2022-08-23,17.133432388305664,17.004848505144064,0.12858388316159974
2022-08-24,17.174318313598633,17.0769929841782,0.09732532942043193
2022-08-25,17.863407135009766,17.32359225799223,0.539814877017534
2022-08-26,16.214984893798828,17.905528582524948,-1.6905436887261196
2022-08-29,15.757253646850586,16.35562834424741,-0.5983746973968245
2022-08-30,15.425175666809082,15.625115099544816,-0.199939432735734
2022-08-31,15.05221176147461,15.481529848846625,-0.4293180873720157
2022-09-01,13.89841365814209,15.262702301587026,-1.3642886434449366
2022-09-02,13.609216690063477,14.031842752822406,-0.4226260627589298
2022-09-06,13.42772102355957,13.590671445962458,-0.16295042240288815
2022-09-07,13.680095672607422,13.553209805969228,0.1268858666381938
2022-09-08,13.95541286468506,13.81149313750302,0.14391972718204116
2022-09-09,14.351430892944336,14.004182290210608,0.34724860273372826
2022-09-12,14.469139099121094,14.341536852671775,0.12760224644931917
2022-09-13,13.098535537719728,14.463077926695684,-1.3645423889759556
2022-09-14,13.095542907714844,13.164873784302413,-0.06933087658756953
2022-09-15,12.897035598754885,12.960310481371506,-0.0632748826166214
2022-09-16,13.16537094116211,12.992703070252505,0.17266787090960456
2022-09-19,13.348917007446287,13.273027948083323,0.07588905936296442
2022-09-20,13.143425941467283,13.367188151309053,-0.22376220984176953
2022-09-21,13.228216171264648,13.156799700968014,0.07141647029663467
2022-09-22,12.529945373535156,13.185736713611321,-0.6557913400761652
2022-09-23,12.485054969787598,12.59272049681573,-0.10766552702813215
2022-09-26,12.19776725769043,12.458641556190234,-0.2608742984998038
2022-09-27,12.382312774658203,12.253790459953018,0.12852231470518483
2022-09-28,12.704512596130373,12.41981204357265,0.2847005525577231
2022-09-29,12.189790725708008,12.723623330791273,-0.5338326050832656
2022-09-30,12.108990669250488,12.26117433438172,-0.15218366513123094
2022-10-03,12.48106861114502,12.047129107021368,0.4339395041236518
2022-10-04,13.13444709777832,12.456287190969286,0.678159906809034
2022-10-05,13.176342964172363,13.176599029374577,-0.00025606520221366225
2022-10-06,13.097538948059082,13.205097429434522,-0.10755848137544
2022-10-07,12.04614543914795,13.013918245537168,-0.9677728063892186
2022-10-10,11.641148567199709,12.047830874523395,-0.4066823073236865
2022-10-11,11.55735683441162,11.607725875329752,-0.05036904091813277
2022-10-12,11.47156810760498,11.616732671319268,-0.1451645637142871
2022-10-13,11.93043041229248,11.594657252883705,0.3357731594087756
2022-10-14,11.199244499206545,11.935427071972251,-0.7361825727657063
2022-10-17,11.858612060546877,11.29189792983809,0.5667141307087871
2022-10-18,11.93741512298584,11.750769851116653,0.1866452718691871
2022-10-19,12.02120590209961,11.994242748346789,0.026963153752820546
2022-10-20,12.163853645324709,12.052595964593243,0.11125768073146602
2022-10-21,12.435179710388184,12.093778067035107,0.3414016433530769
2022-10-24,12.56785011291504,12.40066438282679,0.1671857300882511
2022-10-25,13.228216171264648,12.56984160394327,0.6583745673213777
2022-10-26,12.86411952972412,13.15711916219444,-0.29299963247032146
2022-10-27,13.143425941467283,12.890128289446205,0.2532976520210788
2022-10-28,13.799798011779783,13.037607369475083,0.7621906423047005
2022-10-31,13.463630676269531,13.729802436985878,-0.26617176071634674
2022-11-01,13.509517669677734,13.543918524400466,-0.034400854722731466
2022-11-02,13.186319351196287,13.410404853119093,-0.22408550192280607
2022-11-03,13.38782024383545,13.154141195775694,0.2336790480597557
2022-11-04,14.121001243591309,13.380774114856932,0.7402271287343769
2022-11-07,14.265643119812012,14.106168753971083,0.15947436584092856
2022-11-08,14.565899848937988,14.309630052256,0.25626979668198757
2022-11-09,13.741943359375,14.48072138019424,-0.7387780208192396
2022-11-10,15.711060523986816,13.735993546733434,1.9750669772533822
2022-11-11,16.286638259887695,15.482694839718146,0.8039434201695492
2022-11-14,16.25471305847168,16.40978856906194,-0.1550755105902617
2022-11-15,16.624797821044922,16.233577481420056,0.3912203396248657
2022-11-16,15.870665550231934,16.350036555761232,-0.47937100552929834
2022-11-17,15.638242721557615,15.875359378759159,-0.2371166572015433
2022-11-18,15.370903968811035,15.60276387083118,-0.23185990202014573
2022-11-21,15.279131889343262,15.37360433452559,-0.094472445182328
2022-11-22,15.998348236083984,15.329377660479585,0.6689705756043995
2022-11-23,16.478164672851562,15.982876943655617,0.49528772919594566
2022-11-25,16.22977638244629,16.519596781010918,-0.28982039856462904
2022-11-28,15.787871360778809,16.242183580891474,-0.4543122201126657
2022-11-29,15.600337028503418,15.701571569568129,-0.10123454106471108
2022-11-30,16.885480880737305,15.55387653228615,1.3316043484511546
2022-12-01,17.09701156616211,16.84456884084285,0.25244272531925915
2022-12-02,16.838581085205078,17.224101493445744,-0.3855204082406658
2022-12-05,16.57317543029785,16.788465527181373,-0.2152900968835212
2022-12-06,15.951557159423828,16.42418304696664,-0.47262588754281154
2022-12-07,16.08426284790039,15.977676292731823,0.10658655516856719
2022-12-08,17.130937576293945,16.092713082865828,1.0382244934281175
2022-12-09,16.963308334350586,17.12099496904897,-0.15768663469838273
2022-12-12,17.496124267578125,17.08330531663186,0.41281895094626364
2022-12-13,18.03193473815918,17.364272519889486,0.6676622182696939
2022-12-14,17.634817123413086,17.936519705583382,-0.30170258217029655
2022-12-15,16.914413452148438,17.686350897702674,-0.7719374455542365
2022-12-16,16.534259796142578,16.858588746932433,-0.32432895078985524
2022-12-19,16.21796226501465,16.46629939732094,-0.24833713230629328
2022-12-20,16.04933738708496,16.298951519952478,-0.2496141328675172
2022-12-21,16.46441650390625,16.141790834411506,0.32262566949474447
2022-12-22,15.304994583129885,16.471098547230305,-1.1661039641004205
2022-12-23,15.172286987304688,15.452710968644213,-0.28042398133952595
2022-12-27,14.089693069458008,15.103301837148955,-1.0136087676909469
2022-12-28,14.004884719848633,14.204764121427381,-0.19987940157874817
2022-12-29,14.570624351501465,14.068777396233775,0.5018469552676894
2022-12-30,14.581600189208984,14.624609149864467,-0.04300896065548265
2023-01-03,14.283262252807615,14.725552804875221,-0.4422905520676057
2023-01-04,14.716300010681152,14.289473891320972,0.42682611936018056
2023-01-05,14.23337459564209,14.613227658324437,-0.3798530626823471
2023-01-06,14.826056480407717,14.330125955058655,0.49593052534906157
2023-01-09,15.59335231781006,14.768069866397056,0.8252824514130044
2023-01-10,15.873727798461914,15.563667058414547,0.3100607400473674
2023-01-11,15.965523719787598,15.906200096783117,0.05932362300448091
2023-01-12,16.47439193725586,15.875762992834055,0.5986289444218045
2023-01-13,16.861534118652344,16.339798001044826,0.5217361176075173
2023-01-17,17.66275405883789,16.836544352261416,0.8262097065764742
2023-01-18,17.338476181030273,17.589962881274595,-0.25148670024432107
2023-01-19,16.727832794189453,17.323462747383413,-0.59562995319396
2023-01-20,17.799449920654297,16.641179483689314,1.1582704369649832
2023-01-23,19.15045166015625,17.621321533727432,1.529130126428818
2023-01-24,19.222288131713867,19.195414285792975,0.02687384592089259
2023-01-25,19.28015899658203,19.2930600618204,-0.012901065238366982
2023-01-26,19.75809860229492,19.061618949364984,0.6964796529299342
2023-01-27,20.319847106933597,19.572131067155635,0.7477160397779627
2023-01-30,19.11951446533203,20.316367063062636,-1.1968525977306044
2023-01-31,19.493688583374023,19.2055069324568,0.2881816509172239
2023-02-01,20.896568298339844,19.266057171312944,1.6305111270268995
2023-02-02,21.660869598388672,20.83079853003477,0.8300710683539023
2023-02-03,21.053220748901367,21.80296700676481,-0.7497462578634426
2023-02-06,21.04224395751953,21.013709243953787,0.028534713565743886
2023-02-07,22.123842239379883,20.77775427558839,1.3460879637914935
2023-02-08,22.15576934814453,22.01690459859801,0.13886474954652073
2023-02-09,22.287473678588867,22.30755523221735,-0.02008155362848285
2023-02-10,21.217853546142575,22.190636547384432,-0.9727830012418579
2023-02-13,21.73969268798828,21.157051958145296,0.5826407298429856
2023-02-14,22.920074462890625,21.616629019898575,1.3034454429920501
2023-02-15,22.713529586791992,22.948442638817095,-0.23491305202510304
2023-02-16,21.95322036743164,22.864597571208886,-0.9113772037772456
2023-02-17,21.3405818939209,21.84732829577472,-0.506746401853821
2023-02-21,20.609203338623047,21.214631579543603,-0.6054282409205562
2023-02-22,20.707992553710938,20.707349972677758,0.0006425810331798232
2023-02-23,23.611536026000977,20.78308182679578,2.828454199205197
2023-02-24,23.234373092651367,23.50261300402316,-0.2682399113717935
2023-02-27,23.44889640808105,23.51309183528091,-0.06419542719985927
2023-02-28,23.164527893066406,23.211194593649093,-0.04666670058268707
2023-03-01,22.64767837524414,22.93740298733753,-0.28972461209339073
2023-03-02,23.26231002807617,22.693299816785785,0.569010211290383
2023-03-03,23.837032318115234,23.209989809851187,0.6270425082640472
2023-03-06,23.50178337097168,23.86100006380079,-0.3592166928291114
2023-03-07,23.240314483642575,23.553662121587525,-0.31334763794495046
2023-03-08,24.131486892700195,23.137284925018378,0.9942019676818177
2023-03-09,23.38801383972168,24.01151571143344,-0.6235018717117597
2023-03-10,22.9179744720459,23.56101578227266,-0.64304131022676
2023-03-13,22.91897201538086,22.867138580037825,0.05183343534303475
2023-03-14,24.01372528076172,22.83055465662713,1.1831706241345898
2023-03-15,24.178390502929688,24.038522903764797,0.13986759916489078
2023-03-16,25.48870277404785,24.307042672561455,1.181660101486397
2023-03-17,25.672325134277344,25.317394267725582,0.3549308665517614
2023-03-20,25.846967697143555,25.6192861739331,0.2276815232104532
2023-03-21,26.145357131958008,25.751564606753508,0.3937925252044998
2023-03-22,26.41380500793457,26.00298861349752,0.41081639443704887
2023-03-23,27.135326385498047,26.36454392823832,0.7707824572597275
2023-03-24,26.724166870117188,27.059783989526178,-0.3356171194089903
2023-03-27,26.476675033569336,26.737678910769745,-0.26100387720040885
2023-03-28,26.355926513671875,26.374149608155026,-0.01822309448315096
2023-03-29,26.928747177124023,26.297271206120666,0.6314759710033577
2023-03-30,27.326929092407227,26.93240548837743,0.39452360402979636
2023-03-31,27.720123291015625,27.369316777134777,0.3508065138808476
2023-04-03,27.907739639282227,27.675967225415565,0.23177241386666125
2023-04-04,27.396785736083984,27.830782855359907,-0.4339971192759222
2023-04-05,26.82596015930176,27.382516841591638,-0.5565566822898766
2023-04-06,26.98163604736328,26.784879654797376,0.1967563925659057
2023-04-10,27.52252960205078,26.940881670891535,0.581647931159246
2023-04-11,27.11336708068848,27.577294941156417,-0.4639278604679369
2023-04-12,26.440750122070312,27.221942725932593,-0.7811926038622801
2023-04-13,26.408811569213867,26.399342443732152,0.009469125481714968
2023-04-14,26.703208923339844,26.33674532450138,0.3664635988384646
2023-04-17,26.94671058654785,26.77984476630066,0.16686582024719243
2023-04-18,27.61034774780273,27.02909956329011,0.5812481845126207
2023-04-19,27.87381172180176,27.551615162737285,0.3221965590644764
2023-04-20,27.04850196838379,27.848333841803107,-0.7998318734193184
2023-04-21,27.063474655151367,27.068558089074813,-0.005083433923445568
2023-04-24,26.98662757873535,26.929249566500285,0.05737801223506622
2023-04-25,26.18726921081543,27.017004374801814,-0.8297351639863848
2023-04-26,26.900806427001957,26.320588061243544,0.5802183657584123
2023-04-27,27.170255661010746,26.794845195195244,0.3754104658155022
2023-04-28,27.69218635559082,27.24632628436291,0.4458600712279086
2023-05-01,28.850807189941406,27.714740868315587,1.1360663216258189
2023-05-02,28.15223693847656,28.722569387316238,-0.5703324488396788
2023-05-03,27.74506950378418,28.207980200174255,-0.4629106963900753
2023-05-04,27.505565643310547,27.607908623305004,-0.1023429799944573
2023-05-05,28.621278762817383,27.424706033100378,1.1965727297170048
2023-05-08,29.091312408447266,28.615032054187676,0.4762803542595897
2023-05-09,28.51249885559082,29.193469229854188,-0.6809703742633673
2023-05-10,28.82586097717285,28.510457638696508,0.3154033384763437
2023-05-11,28.519481658935547,28.61174533741219,-0.09226367847664463
2023-05-12,28.281970977783203,28.56112433523582,-0.2791533574526177
2023-05-15,28.893718719482425,28.329655159597927,0.5640635598844987
2023-05-16,29.153181076049805,28.812981889440202,0.3401991866096026
2023-05-17,30.116209030151367,29.200302439827063,0.9159065903243047
2023-05-18,31.61313247680664,30.05603098124927,1.5571014955573723
2023-05-19,31.199981689453125,31.493560070040736,-0.2935783805876113
2023-05-22,31.11216926574707,31.23295254017194,-0.1207832744248698
2023-05-23,30.62516212463379,30.896801514673133,-0.27163939003934345
2023-05-24,30.47547149658203,30.522823546087196,-0.04735204950516447
2023-05-25,37.9022331237793,30.49409199308526,7.4081411306940375
2023-05-26,38.86625671386719,37.40465770514203,1.461599008725159
2023-05-30,40.02886581420898,39.33176621109773,0.6970996031112477
2023-05-31,37.75653076171875,39.5074259951876,-1.750895233468853
2023-06-01,39.68856048583984,37.17028293072067,2.5182775551191696
2023-06-02,39.2464714050293,39.19925968362175,0.04721172140754959
2023-06-05,39.09078598022461,39.50426233711367,-0.41347635688906337
2023-06-06,38.57485580444336,39.078232791138454,-0.5033769866950948
2023-06-07,37.402130126953125,38.35685898153412,-0.954728854580992
2023-06-08,38.43511962890625,37.46152159126748,0.973598037638773
2023-06-09,38.69461441040039,38.37185385984069,0.32276055055969977
2023-06-12,39.40523147583008,38.861972802901896,0.5432586729281823
2023-06-13,40.94223785400391,39.39697091986127,1.5452669341426457
2023-06-14,42.91340637207031,40.76187927980414,2.1515270922661713
2023-06-15,42.570072174072266,42.8027393468035,-0.23266717273123305
2023-06-16,42.608985900878906,42.574947293019704,0.034038607859201875
2023-06-20,43.72282409667969,42.28537478388938,1.4374493127903065
2023-06-21,42.96129608154297,43.45378093389892,-0.4924848523559504
2023-06-22,42.941349029541016,43.11903373854944,-0.1776847090084246
2023-06-23,42.12692642211914,42.80185351544696,-0.6749270933278169
2023-06-26,40.55300521850586,42.07515754864402,-1.5221523301381623
2023-06-27,41.79458236694336,40.66868614340196,1.125896223541396
2023-06-28,41.03705978393555,41.671920296013255,-0.634860512077708
2023-06-29,40.74262237548828,41.34318073215926,-0.6005583566709802
2023-06-30,42.21974563598633,40.78307335686002,1.4366722791263058
2023-07-03,42.330528259277344,42.02550271782661,0.3050255414507319
2023-07-05,42.23472595214844,42.51662085032084,-0.28189489817240343
2023-07-06,42.02114486694336,42.216408357479104,-0.1952634905357442
2023-07-07,42.42036056518555,41.86500228044342,0.5553582847421268
2023-07-10,42.097991943359375,42.36220655873603,-0.2642146153766518
2023-07-11,42.322547912597656,42.197342475919854,0.1252054366778026
2023-07-12,43.8166389465332,42.267669645473745,1.5489693010594578
2023-07-13,45.88760757446289,43.68813291543953,2.199474659023359
2023-07-14,45.380592346191406,45.85793325764917,-0.477340911457766
2023-07-17,46.37067031860352,45.44254213271998,0.9281281858835442
2023-07-18,47.40165710449219,45.961579892106315,1.440077212385873
2023-07-19,46.98545837402344,47.21289435226192,-0.22743597823848205
2023-07-20,45.43149185180664,47.07556172821934,-1.6440698764127006
2023-07-21,44.22284698486328,45.337268536126956,-1.1144215512636748
2023-07-24,44.52526092529297,44.07394103302712,0.45131989226585034
2023-07-25,45.59018707275391,44.56092975641372,1.0292573163401926
2023-07-26,45.36362457275391,45.781298261942375,-0.4176736891884616
2023-07-27,45.81076049804688,45.53031035207173,0.28045014597515205
2023-07-28,46.65909957885742,45.63991063413904,1.0191889447183797
2023-07-31,46.63814163208008,46.5502839088025,0.08785772327757968
2023-08-01,46.41658020019531,46.720832869271845,-0.3042526690765328
2023-08-02,44.18292999267578,46.33992972188113,-2.1569997292053458
2023-08-03,44.42845153808594,44.21797464779911,0.21047689028682726
2023-08-04,44.5931282043457,44.27201031425991,0.3211178900857945
2023-08-07,45.32869338989258,44.78201934224866,0.5466740476439185
2023-08-08,44.5771598815918,45.485051313276415,-0.907891431684618
2023-08-09,42.47126007080078,44.637972827712694,-2.166712756911913
2023-08-10,42.30559158325195,42.48765947185391,-0.18206788860195644
2023-08-11,40.77556610107422,42.18377342895923,-1.408207327885009
2023-08-14,43.667930603027344,41.111985854959016,2.5559447480683275
2023-08-15,43.85456848144531,43.586865676189404,0.26770280525590806
2023-08-16,43.40145492553711,44.14921940847058,-0.7477644829334693
2023-08-17,43.259727478027344,43.39589394736002,-0.13616646933267873
2023-08-18,43.21480941772461,42.97056619893101,0.24424321879359923
2023-08-21,46.87568283081055,43.22298806397889,3.652694766831658
2023-08-22,45.57920837402344,46.71015724760565,-1.1309488735822129
2023-08-23,47.02439880371094,45.919348915101125,1.1050498886098126
2023-08-24,47.0713005065918,46.55444719452982,0.5168533120619756
2023-08-25,45.92852783203125,46.88564007639211,-0.9571122443608573
2023-08-28,46.74394607543945,46.046035752647015,0.6979103227924384
2023-08-29,48.68914413452149,46.48726644382265,2.2018776906988435
2023-08-30,49.168212890625,48.614054646727936,0.5541582438970636
2023-08-31,49.259037017822266,49.31852731236511,-0.059490294542847266
2023-09-01,48.41468048095703,49.069608871937774,-0.6549283909807428
2023-09-05,48.45361328125,48.22105647938126,0.23255680186873917
2023-09-06,46.973365783691406,48.34551381197626,-1.3721480282848546
2023-09-07,46.15489959716797,47.14453926059352,-0.9896396634255495
2023-09-08,45.48714447021485,46.16366441865363,-0.6765199484387807
2023-09-11,45.0938720703125,45.550480391923784,-0.4566083216112844
2023-09-12,44.78644180297852,45.27444407712205,-0.4880022741435255
2023-09-13,45.40030288696289,44.927304106343136,0.4729987806197542
2023-09-14,45.49612808227539,45.425997896053616,0.07013018622177469
2023-09-15,43.81825256347656,45.603998698402506,-1.7857461349259438
2023-09-18,43.88412857055664,43.95555035064017,-0.07142178008353284
2023-09-19,43.438961029052734,43.71178411299069,-0.27282308393795773
2023-09-20,42.16034698486328,43.58751724317488,-1.4271702583115982
2023-09-21,40.94062042236328,42.403201431990794,-1.4625810096275131
2023-09-22,41.53252029418945,40.96778821429813,0.5647320798913213
2023-09-25,42.14337921142578,41.52156267705186,0.6218165343739201
2023-09-26,41.83295440673828,42.38018537945403,-0.5472309727157523
2023-09-27,42.388916015625,42.00049842678867,0.38841758883633304
2023-09-28,43.00875854492188,42.22308877143618,0.7856697734857008
2023-09-29,43.41800308227539,42.970176185467984,0.44782689680740617
2023-10-02,44.698612213134766,43.46086411584544,1.2377480972893267
2023-10-03,43.43596267700195,44.547752306551516,-1.1117896295495626
2023-10-04,43.95898818969727,43.50163059426195,0.45735759543532595
2023-10-05,44.60478591918945,43.708704134581666,0.8960817846077873
2023-10-06,45.67679214477539,44.55407861224743,1.1227135325279605
2023-10-09,45.18869400024414,45.723653872955715,-0.5349598727115747
2023-10-10,45.71272277832031,45.19836698747479,0.5143557908455207
2023-10-11,46.71883773803711,45.47051432756274,1.2483234104743701
2023-10-12,46.85757827758789,46.611934105963776,0.24564417162411445
2023-10-13,45.376346588134766,46.93765434046835,-1.5613077523335832
2023-10-16,46.00917053222656,45.36205125373354,0.6471192784930224
2023-10-17,43.8561897277832,45.720742808619285,-1.8645530808360817
2023-10-18,42.11742401123047,44.137346734085355,-2.0199227228548864
2023-10-19,42.02260971069336,42.20980978890293,-0.18720007820957107
2023-10-20,41.30993270874024,41.97841051766677,-0.6684778089265251
2023-10-23,42.89497756958008,41.66539175811102,1.2295858114690574
2023-10-24,43.58169937133789,42.94979286708817,0.6319065042497201
2023-10-25,41.701202392578125,43.69570956236134,-1.994507169783212
2023-10-26,40.25091171264648,41.85062576905711,-1.5997140564106331
2023-10-27,40.424583435058594,40.061577561530065,0.36300587352852887
2023-10-30,41.08435821533203,40.38360580866063,0.7007524066713984
2023-10-31,40.704063415527344,41.3611100652804,-0.657046649753056
2023-11-01,42.24619674682617,40.91302176798802,1.3331749788381515
2023-11-02,43.42498779296875,42.01664653414152,1.4083412588272282
2023-11-03,44.92119598388672,43.41304736898478,1.5081486149019412
2023-11-06,45.665809631347656,44.86954818045767,0.7962614508899861
2023-11-07,45.86943054199219,45.49240018711259,0.3770303548796008
2023-11-08,46.48727416992188,45.65930489282466,0.8279692770972247
2023-11-09,46.862571716308594,46.26177555408553,0.6007961622230624
2023-11-10,48.2449951171875,46.781308215719555,1.4636869014679448
2023-11-13,48.52946090698242,48.08694580749803,0.44251509948438894
2023-11-14,49.56353378295898,48.48555883835172,1.0779749446072557
2023-11-15,48.79696273803711,49.351738853026696,-0.5547761149895862
2023-11-16,49.38786697387695,48.75263675216651,0.6352302217104437
2023-11-17,49.20620727539063,49.178731674724936,0.027475600665695765
2023-11-20,50.31513595581055,49.20029755194124,1.1148384038693067
2023-11-21,49.85099792480469,50.23641298893022,-0.3854150641255316
2023-11-22,48.62528610229492,49.90230699852318,-1.277020896228258
2023-11-24,47.6870346069336,48.597643135857034,-0.9106085289234329
2023-11-27,48.15216445922852,47.59132103707655,0.5608434221519758
2023-11-28,47.73195266723633,48.17986681192037,-0.44791414468404156
2023-11-29,48.05035781860352,47.98789130076775,0.06246651783577306
2023-11-30,46.68291091918945,48.048497741151856,-1.3655868219624026
2023-12-01,46.67792510986328,46.77074720594986,-0.09282209608657865
2023-12-04,45.42525100708008,46.61880763588306,-1.1935566288029804
2023-12-05,46.483375549316406,45.60522502237254,0.8781505269438696
2023-12-06,45.42225646972656,46.46020502926519,-1.037948559538627
2023-12-07,46.51332473754883,45.66221676812127,0.8511079694275594
2023-12-08,47.42171096801758,46.41203206963694,1.0096788983806348
2023-12-11,46.54427337646485,47.417310704225244,-0.8730373277603931
2023-12-12,47.57244491577149,46.70372581961807,0.8687190961534199
2023-12-13,48.00267791748047,47.29316620283233,0.7095117146481371
2023-12-14,48.26420593261719,47.99642306714966,0.26778286546753094
2023-12-15,48.80324935913086,48.30491834768711,0.4983310114437529
2023-12-18,49.9881477355957,48.65579924622725,1.3323484893684565
2023-12-19,49.5159797668457,49.84699613980393,-0.3310163729582243
2023-12-20,48.025634765625,49.574350715217605,-1.548715949592605
2023-12-21,48.903076171875,47.96305241381434,0.9400237580606614
2023-12-22,48.74336242675781,48.63281799496994,0.1105444317878721
2023-12-26,49.19156265258789,48.95503475353077,0.23652789905712268
2023-12-27,49.32931900024414,49.24404190282874,0.0852770974153998
2023-12-28,49.43413543701172,49.24982487844754,0.184310558564178
2023-12-29,49.43413543701172,49.399024415863046,0.035111021148672705
2024-01-02,48.0825309753418,49.41776977411471,-1.335238798772913
2024-01-03,47.48459243774414,48.157963649455034,-0.6733712117108936
2024-01-04,47.91283798217773,47.41589337259865,0.4969446095790744
2024-01-05,49.0098876953125,47.93031024236349,1.0795774529490103
2024-01-08,52.16028594970703,49.13910160928845,3.0211843404185785
2024-01-09,53.04571533203125,52.04438650732113,1.0013288247101215
2024-01-10,54.25356674194336,53.06726743234282,1.1862993096005425
2024-01-11,54.7247200012207,53.91060178489346,0.8141182163272447
2024-01-12,54.61292266845703,54.41121071074625,0.20171195771077777
2024-01-16,56.281959533691406,54.477401582837516,1.8045579508538907
2024-01-17,55.95354843139648,56.000976871362475,-0.04742843996599788
2024-01-18,57.005672454833984,56.001982985993024,1.0036894688409603
2024-01-19,59.385440826416016,56.77132117410208,2.6141196523139385
2024-01-22,59.54814910888672,59.11947410882944,0.4286750000572752
2024-01-23,59.76676940917969,59.634071256799956,0.13269815237973148
2024-01-24,61.25312042236328,59.495388277481865,1.757732144881416
2024-01-25,61.50767135620117,60.876134681855085,0.6315366743460871
2024-01-26,60.92270660400391,61.543540025645974,-0.620833421642061
2024-01-29,62.35416412353516,60.86307797634765,1.4910861471875165
2024-01-30,62.6626205444336,61.999772670649634,0.6628478737839671
2024-01-31,61.41783142089844,62.71835657042111,-1.3005251495226702
2024-02-01,62.9151725769043,61.49550359925216,1.4196689776521367
2024-02-02,66.04261779785156,62.536944388846315,3.5056734090052473
2024-02-05,69.208984375,65.94202500482383,3.266959370176167
2024-02-06,68.10195922851562,69.23520828620318,-1.13324905768755
2024-02-07,69.974609375,68.02160726557722,1.9530021094227834
2024-02-08,69.5174331665039,69.18999438994673,0.32743877655717313
2024-02-09,72.0050277709961,69.44109084704142,2.563936923954671
2024-02-12,72.11981201171875,71.79213362624077,0.3276783854779808
2024-02-13,72.00003051757812,72.08786562817976,-0.08783511060163107
2024-02-14,73.76889038085938,71.79989009901466,1.969000281844714
2024-02-15,72.52908325195312,73.3731000436397,-0.8440167916865704
2024-02-16,72.48414611816406,72.71134868340376,-0.2272025652396934
2024-02-20,69.32876586914062,72.29126063548803,-2.9624947663474046
2024-02-21,67.35227966308594,69.4170811284685,-2.0648014653825584
2024-02-22,78.39865112304688,67.37374762884843,11.02490349419844
2024-02-23,78.67715454101562,77.71773976215201,0.9594147788636178
2024-02-26,78.95167541503906,79.83647192600891,-0.8847965109698492
2024-02-27,78.56136322021484,78.3972820726444,0.16408114757044245
2024-02-28,77.52519226074219,77.44730061038436,0.0778916503578273
2024-02-29,78.97161865234375,77.51755910364294,1.4540595487008119
2024-03-01,82.13299560546875,78.93837549203384,3.194620113434908
2024-03-04,85.08576202392578,81.99206096425618,3.0937010596695984
2024-03-05,85.81550598144531,84.97852979285035,0.83697618859496
2024-03-06,88.5467758178711,85.60405827391295,2.942717543958139
2024-03-07,92.50891876220705,87.87677543477719,4.6321433274298585
2024-03-08,87.37679290771484,92.05937894183664,-4.6825860341217975
2024-03-11,85.62583923339844,87.74347923879158,-2.1176400053931417
2024-03-12,91.75421905517578,84.81235540311859,6.941863652057194
2024-03-13,90.7309799194336,91.07063179009856,-0.3396518706649658
2024-03-14,87.79206848144531,91.8381693249867,-4.046100843541382
2024-03-15,87.68526458740234,87.69305563641493,-0.007791049012581652
2024-03-18,88.30220031738281,86.81075123842612,1.4914490789566912
2024-03-19,89.24356842041016,88.54377625484445,0.6997921655657109
2024-03-20,90.21588897705078,89.65670333792728,0.5591856391234984
2024-03-21,91.27703857421876,90.11067938410169,1.1663591901170776
2024-03-22,94.12610626220705,91.04988449587592,3.0762217663311304
2024-03-25,94.83787536621094,93.8879060669169,0.9499692992940396
2024-03-26,92.4011001586914,94.85483868935127,-2.4537385306598622
2024-03-27,90.09410095214844,92.30094169518853,-2.2068407430400896
2024-03-28,90.1999053955078,89.72809295332307,0.47181244218472784
2024-04-01,90.20689392089844,90.11517440421105,0.09171951668739098
2024-04-02,89.29747772216797,90.62270667042966,-1.325228948261696
2024-04-03,88.81031799316406,89.55375892580591,-0.7434409326418461
2024-04-04,85.75658416748047,88.71778014537206,-2.9611959778915917
2024-04-05,87.85597229003906,86.0087551925885,1.8472170974505673
2024-04-08,86.98247528076172,87.68237734569227,-0.699902064930555
2024-04-09,85.20654296875,87.46519921780776,-2.258656249057765
2024-04-10,86.8886489868164,85.42880096182122,1.459848024995182
2024-04-11,90.45945739746094,86.51364628492568,3.945811112535253
2024-04-12,88.03366088867188,90.52488370993186,-2.4912228212599814
2024-04-15,85.85243225097656,88.5814078965286,-2.7289756455520404
2024-04-16,87.26398468017578,85.42606957502555,1.8379151051502305
2024-04-17,83.88982391357422,86.78554895989294,-2.8957250463187165
2024-04-18,84.52472686767578,84.66204865022618,-0.1373217825504014
2024-04-19,76.06836700439453,84.41620952513135,-8.347842520736819
2024-04-22,79.38062286376953,76.71855247480002,2.6620703889695108
2024-04-23,82.28060913085938,78.84453385767824,3.4360752731811317
2024-04-24,79.53936767578125,82.90025228170643,-3.360884605925179
2024-04-25,82.4892578125,80.5484054024903,1.9408524100096969
2024-04-26,87.58345031738281,81.60288436555511,5.9805659518277
2024-04-29,87.60541534423828,87.26535110180284,0.34006424243544586
2024-04-30,86.25274658203125,88.15929498432752,-1.9065484022962664
2024-05-01,82.89753723144531,85.77297336643707,-2.8754361349917588
2024-05-02,85.66874694824219,82.41354860169443,3.2551983465477576
2024-05-03,88.63561248779297,85.34764080957027,3.2879716782227035
2024-05-06,91.98081970214844,89.03291551011058,2.9479041920378535
2024-05-07,90.3975601196289,92.00677870422753,-1.6092185845986222
2024-05-08,90.2558135986328,90.18460533261506,0.07120826601773445
2024-05-09,88.59368896484375,89.61411262406868,-1.0204236592249316
2024-05-10,89.72274017333984,88.54071433168339,1.1820258416564542
2024-05-13,90.24282836914062,89.69901054579523,0.5438178233453925
2024-05-14,91.19818878173828,90.36475850502187,0.8334302767164132
2024-05-15,94.4665298461914,91.17482433688893,3.2917055093024743
2024-05-16,94.1959991455078,94.14779974284141,0.04819940266638412
2024-05-17,92.31924438476562,94.32029664635508,-2.00105226158945
2024-05-20,94.61627197265624,92.13308197221748,2.4831900004387535
2024-05-21,95.2212142944336,94.00250837411735,1.2187059203162391
2024-05-22,94.78596496582033,95.46957299573192,-0.6836080299115963
2024-05-23,103.61970520019533,94.90287410694444,8.716831093250889
2024-05-24,106.28507995605467,102.63812277536256,3.6469571806921124
2024-05-28,113.70423889160156,106.61113698950025,7.09310190210131
2024-05-29,114.62664031982422,112.84102584015889,1.7856144796653268
2024-05-30,110.30912017822266,113.97091244055191,-3.661792262329257
2024-05-31,109.44359588623048,109.82326451801985,-0.3796686317893716
2024-06-03,114.80133819580078,108.44315207869506,6.358186117105717
2024-06-04,116.23585510253906,114.45441659145875,1.7814385110803101
2024-06-05,122.2284927368164,116.92388165363802,5.304611083178386
2024-06-06,120.78898620605467,121.51491023789522,-0.7259240318405489
2024-06-07,120.6791763305664,120.5334339426727,0.14574238789370497
2024-06-10,121.57960510253906,120.0428124409297,1.5367926616093683
2024-06-11,120.71104431152344,121.07531092784315,-0.3642666163197106
2024-06-12,124.99398803710938,120.9012022239521,4.092785813157278
2024-06-13,129.396728515625,124.54307098156116,4.853657534063842
2024-06-14,131.6630096435547,129.24598978718848,2.4170198563662098
2024-06-17,130.76446533203125,131.55611058107303,-0.7916452490417782
2024-06-18,135.35690307617188,130.25831518351026,5.098587892661612
2024-06-20,130.5648193359375,134.3231566352536,-3.7583372993161106
2024-06-21,126.36172485351562,131.05597152012135,-4.694246666605721
2024-06-24,117.9156494140625,126.0880093798051,-8.1723599657426
2024-06-25,125.8825225830078,118.00337265905306,7.879149923954742
2024-06-26,126.19200134277344,125.42270927308643,0.7692920696870118
2024-06-27,123.78598022460938,127.76649589285691,-3.9805156682475342
2024-06-28,123.33672332763672,124.21808643895938,-0.8813631113226563
2024-07-01,124.09546661376952,122.35996774123976,1.7354988725297602
2024-07-02,122.4681396484375,124.15387313155856,-1.685733483121055
2024-07-03,128.06890869140625,123.13153573441681,4.937372956989435
2024-07-05,125.62294006347656,127.5353660072724,-1.9124259437958386
2024-07-08,127.9890365600586,126.1010671006273,1.8879694594312895
2024-07-09,131.163818359375,127.47367265772897,3.6901457016460313
2024-07-10,134.6880340576172,130.75947600308785,3.928558054529333
2024-07-11,127.19036865234376,134.69732351805968,-7.506954865715912
2024-07-12,129.02734375,127.55559848135994,1.4717452686400634
2024-07-15,128.2286376953125,127.74254026854703,0.4860974267654683
2024-07-16,126.15206909179688,128.5496638051078,-2.397594713310923
2024-07-17,117.79584503173828,126.89721790147581,-9.101372869737531
2024-07-18,120.89073944091795,118.10003771121727,2.790701729700686
2024-07-19,117.73594665527344,120.1731247567304,-2.437178101456965
2024-07-22,123.33672332763672,119.03860346558972,4.2981198620470025
2024-07-23,122.38825988769533,123.42796755000722,-1.0397076623118977
2024-07-24,114.06200408935548,122.72470266624195,-8.66269857688647
2024-07-25,112.0952377319336,114.47553298623573,-2.3802952543021405
2024-07-26,112.87395477294922,111.3373353542498,1.5366194186994164
2024-07-29,111.40636444091795,113.36318750271072,-1.956823061792761
2024-07-30,103.5593032836914,112.60105623596681,-9.041752952275402
2024-07-31,116.82743072509766,104.1450170183988,12.682413706698853
2024-08-01,109.03028869628906,115.28542605825916,-6.2551373619701
2024-08-02,107.0934829711914,111.28440488011341,-4.190921908922007
2024-08-05,100.28469848632812,106.72462110026068,-6.439922613932552
2024-08-06,104.0784683227539,99.82083121067222,4.257637112081682
2024-08-07,98.74724578857422,104.18082298793621,-5.4335771993619915
2024-08-08,104.79727172851562,100.317035281165,4.48023644735062
2024-08-09,104.57762908935548,104.30869961528998,0.2689294740655015
2024-08-12,108.84060668945312,104.94224437281142,3.898362316641709
2024-08-13,115.94888305664062,108.70510906695185,7.243773989688776
2024-08-14,117.88570404052734,115.30749164455048,2.5782123959768626
2024-08-15,122.6578369140625,117.90221957214213,4.75561734192037
2024-08-16,124.37499237060548,121.59846167022124,2.7765307003842423
2024-08-19,129.7860870361328,123.69059480158766,6.095492234545148
2024-08-20,127.04061126708984,128.95709697589973,-1.916485708809887
2024-08-21,128.28854370117188,126.9890003969427,1.299543304229175
2024-08-22,123.53638458251952,127.33408539108235,-3.797700808562837
2024-08-23,129.1571044921875,123.51993702510987,5.6371674670776315
2024-08-26,126.25191497802734,128.5440413713947,-2.2921263933673686
2024-08-27,128.08889770507812,127.01243721254941,1.0764604925287102
2024-08-28,125.40331268310548,127.73263486183215,-2.3293221787266702
2024-08-29,117.39649200439452,125.3358438319452,-7.939351827550681
2024-08-30,119.17357635498048,117.90519866206843,1.268377692912054
2024-09-03,107.8222885131836,118.59215560417772,-10.769867090994126
2024-09-04,106.03524017333984,109.50787266201972,-3.472632488679878
2024-09-05,107.03358459472656,106.0871612033752,0.9464233913513596
2024-09-06,102.66079711914062,107.44921323078505,-4.788416111644423
2024-09-09,106.29480743408205,104.28324581336703,2.011561620715014
2024-09-10,107.92211151123048,106.03032359723979,1.8917879139906972
2024-09-11,116.7176284790039,108.22913827123521,8.488490207768692
2024-09-12,118.95413208007812,116.51286690803703,2.441265172041099
2024-09-13,118.9141845703125,119.07723415403753,-0.16304958372502654
2024-09-16,116.59780883789062,118.27122268493902,-1.6734138470483941
2024-09-17,115.40966796875,115.77176330775181,-0.36209533900181157
2024-09-18,113.19312286376952,115.11275017521162,-1.919627311442099
2024-09-19,117.68611145019533,113.44886342865436,4.237248021540964
2024-09-20,115.81903076171876,117.41936977866798,-1.6003390169492206
2024-09-23,116.07862091064452,116.4252604227789,-0.34663951213438793
2024-09-24,120.68143463134766,115.8202660859115,4.861168545436158
2024-09-25,123.31731414794922,120.06703720769366,3.25027694025556
2024-09-26,123.8464813232422,123.609033706832,0.23744761641020773
2024-09-27,121.21060180664062,123.71506380308024,-2.504461996439616
2024-09-30,121.25054931640624,120.72576846028014,0.5247808561260996
2024-10-01,116.81747436523438,120.72774799264715,-3.910273627412778
2024-10-02,118.6645736694336,117.30987998130216,1.3546936881314338
2024-10-03,122.65834045410156,118.45964705445725,4.198693399644313
2024-10-04,124.72510528564452,122.72120861576202,2.0038966698824936
2024-10-07,127.52073669433594,125.12458344197955,2.3961532523563847
2024-10-08,132.68267822265625,127.04852108203075,5.634157140625504
2024-10-09,132.4430389404297,131.933742611637,0.5092963287926864
2024-10-10,134.59967041015625,132.45552564083675,2.144144769319496
2024-10-11,134.58970642089844,133.8321722788296,0.7575341420688346
2024-10-14,137.8546142578125,134.16094969708578,3.6936645607267167
2024-10-15,131.3946990966797,137.43456606330957,-6.039866966629887
2024-10-16,135.50827026367188,131.8469974316811,3.6612728319907717
2024-10-17,136.71636962890625,134.44973065440635,2.266638974499898
2024-10-18,137.78469848632812,136.97616362927434,0.808534857053786
2024-10-21,143.4857940673828,138.13208193589605,5.353712131486759
2024-10-22,143.36599731445312,142.6668743020535,0.6991230123996388
2024-10-23,139.34226989746094,143.4464983951088,-4.104228497647853
2024-10-24,140.19093322753906,139.1929627466019,0.9979704809371697
2024-10-25,141.3191680908203,139.2976113947777,2.021556696042609
2024-10-28,140.30079650878906,141.5105836277832,-1.209787118994143
2024-10-29,141.0296173095703,140.8142240848746,0.21539322469570266
2024-10-30,139.1226043701172,140.67965149102005,-1.5570471209028653
2024-10-31,132.55287170410156,139.16769347213548,-6.61482176803392
2024-11-01,135.1887664794922,132.99731524818313,2.1914512313090597
2024-11-04,135.83773803710938,134.65305765500094,1.1846803821084393
2024-11-05,139.69171142578125,136.5703496614043,3.1213617643769567
2024-11-06,145.38284301757812,139.96157533198695,5.421267685591175
2024-11-07,148.6477508544922,144.94171760156152,3.7060332529306663
2024-11-08,147.39968872070312,148.4321021337245,-1.0324134130213736
2024-11-11,145.03335571289062,147.045030918376,-2.011675205485375
2024-11-12,148.0586395263672,144.33590063782702,3.7227388885401638
2024-11-13,146.0417938232422,147.40496037958292,-1.3631665563407296
2024-11-14,146.53102111816406,146.65929480701178,-0.12827368884771317
2024-11-15,141.75848388671875,146.32303100342193,-4.5645471167031815
2024-11-18,139.9313201904297,141.85558958797853,-1.9242693975488407
2024-11-19,146.7806396484375,139.86315258469796,6.917487063739543
2024-11-20,145.6623992919922,146.5191014275713,-0.8567021355790985
2024-11-21,146.44119262695312,146.77900087096603,-0.3378082440129049
2024-11-22,141.72854614257812,146.02608805176166,-4.297541909183536
2024-11-25,135.8077850341797,141.47269022007208,-5.664905185892394
2024-11-26,136.70639038085938,135.9970462443955,0.7093441364638693
2024-11-27,135.12884521484375,136.60934448486447,-1.4804992700207151
2024-11-29,138.03431701660156,136.10671844896538,1.9275985676361813
2024-12-02,138.41371154785156,138.22773526911692,0.18597627873464262
2024-12-03,140.04119873046875,138.596097386266,1.4451013442027545
2024-12-04,144.91357421875,139.92970784928593,4.983866369464067
2024-12-05,144.84368896484375,144.48251948281876,0.3611694820249909
2024-12-06,142.2275848388672,145.05262977455368,-2.825044935686492
2024-12-09,138.6029815673828,141.93627630335925,-3.3332947359764376
2024-12-10,134.8685760498047,138.1696474072889,-3.3010713574842043
2024-12-11,139.10223388671875,135.04996005946688,4.052273827251867
2024-12-12,137.13519287109375,139.08190792560012,-1.9467150545063703
2024-12-13,134.04978942871094,138.1205101840371,-4.070720755326164
2024-12-16,131.80313110351562,134.16565650075415,-2.362525397238528
2024-12-17,130.195556640625,131.47267435652742,-1.2771177159024205
2024-12-18,128.71775817871094,130.6036790944937,-1.8859209157827763
2024-12-19,130.485107421875,129.29944673904305,1.1856606828319514
2024-12-20,134.4990997314453,130.56966437080544,3.9294353606398715
2024-12-23,139.4617156982422,134.56667772635438,4.8950379718878025
2024-12-24,140.01089477539062,139.4728355600337,0.5380592153569239
2024-12-26,139.7213134765625,139.91802733575403,-0.19671385919153295
2024-12-27,136.80567932128906,139.0464846246295,-2.240805303340437
2024-12-30,137.28494262695312,136.48084913302685,0.804093493926274
2024-12-31,134.08973693847656,137.0324667631082,-2.942729824631641
2025-01-02,138.10372924804688,134.55101308092037,3.552716167126505
2025-01-03,144.2545623779297,137.76850661983335,6.486055758096342
2025-01-06,149.2071533203125,144.21526625469383,4.99188706561867
2025-01-07,139.9309844970703,149.30435531409728,-9.373370817026967
2025-01-08,139.90106201171875,140.14120587586422,-0.24014386414546607
2025-01-10,135.70733642578125,138.27360781008966,-2.5662713843084077
2025-01-13,133.03131103515625,136.17396316106576,-3.142652125909507
2025-01-14,131.56350708007812,133.9037092317242,-2.340202151646082
2025-01-15,136.03684997558594,131.72272227775687,4.314127697829065
2025-01-16,133.37078857421875,136.03062531246783,-2.6598367382490835
2025-01-17,137.504638671875,134.33364206528813,3.1709966065868684
2025-01-21,140.6199951171875,136.94966688469364,3.6703282324938584
2025-01-22,146.85069274902344,140.4241160562334,6.426576692790036
2025-01-23,147.00045776367188,146.6454186008749,0.35503916279697023
2025-01-24,142.40728759765625,146.87972961122335,-4.472442013567104
2025-01-27,118.24339294433594,141.9247682121482,-23.681375267812257
2025-01-28,128.7976531982422,119.00898822955969,9.788664968682497
2025-01-29,123.5155258178711,126.69141455744338,-3.1758887395722866
2025-01-30,124.464111328125,126.71094224836604,-2.246830920241038
2025-01-31,119.89093780517578,125.68782226877786,-5.796884463602083
2025-02-03,116.48603057861328,119.53383907319737,-3.047808494584089
2025-02-04,118.47305297851562,116.73242770942451,1.7406252690911117
2025-02-05,124.6438446044922,118.7788025653056,5.865042039186605
2025-02-06,128.48809814453125,125.1004681152842,3.387630029247049
2025-02-07,129.6463623046875,128.80556267797317,0.840799626714329
2025-02-10,133.37078857421875,129.22098460780504,4.149803966413714
2025-02-11,132.60195922851562,132.35916577880704,0.24279344970858574
2025-02-12,130.94442749023438,132.52643140186012,-1.5820039116257476
2025-02-13,135.08822631835938,130.6745722284547,4.413654089904668
2025-02-14,138.6429443359375,134.27783342281853,4.3651109131189685
2025-02-18,139.19212341308594,138.75912787295104,0.43299554013489683
2025-02-19,139.0223846435547,139.27139666781636,-0.24901202426167401
2025-02-20,139.90106201171875,138.3430269714704,1.5580350402483418
2025-02-21,134.22950744628906,139.35717943069935,-5.127671984410284
2025-02-24,130.08570861816406,134.68937498831048,-4.6036663701464136
2025-02-25,126.44115447998048,129.936667137655,-3.4955126576745243
2025-02-26,131.084228515625,126.62017367307111,4.464054842553892
2025-02-27,119.97083282470705,131.32137314886262,-11.350540324155574
2025-02-28,124.73370361328124,121.78017923867938,2.953524374601855
2025-03-03,113.88990020751952,123.64753345228411,-9.757633244764591
2025-03-04,115.81702423095705,115.30241974241659,0.5146044885404564
2025-03-05,117.12507629394533,115.82496031844295,1.3001159755023792
2025-03-06,110.40510559082033,117.58050426277276,-7.175398671952436
2025-03-07,112.52195739746094,111.82080100709977,0.7011563903611631
2025-03-10,106.82046508789062,111.80011045091403,-4.979645363023408
2025-03-11,108.59780883789062,107.67653775382804,0.9212710840625817
2025-03-12,115.57803344726562,108.73921447135316,6.83881897591246
2025-03-13,115.41825103759766,115.49049271761291,-0.072241680015253
2025-03-14,121.49972534179688,116.2856953127757,5.214030029021174
2025-03-17,119.36272430419922,120.5056273635993,-1.1429030594000835
2025-03-18,115.26846313476562,119.2340825527143,-3.9656194179486732
2025-03-19,117.35553741455078,115.06244256906157,2.2930948454892075
2025-03-20,118.3641128540039,116.5375392339349,1.8265736200690128
2025-03-21,117.5352783203125,118.81395811487441,-1.27867979456191
2025-03-24,121.24009704589844,117.9253196598088,3.314777386089631
2025-03-25,120.52111053466795,120.56732693336879,-0.04621639870083527
2025-03-26,113.60079956054688,120.70805941525728,-7.107259854710406
2025-03-27,111.27406311035156,113.95282546068687,-2.6787623503353046
2025-03-28,109.51652526855467,110.65876311719032,-1.142237848635645
2025-03-31,108.22832489013672,109.96503347036915,-1.7367085802324311
2025-04-01,109.99585723876952,109.0991826986317,0.8966745401378233
2025-04-02,110.26546478271484,110.12883330933983,0.13663147337501869
2025-04-03,101.65754699707033,110.55770701449964,-8.900160017429315
2025-04-04,94.17801666259766,102.38052132805834,-8.20250466546068
2025-04-07,97.50334167480467,94.02045112580485,3.482890548999819
2025-04-08,96.1652374267578,97.34453941947548,-1.1793019927176829
2025-04-09,114.17000579833984,97.92597805288243,16.244027745457416
2025-04-10,107.4194564819336,113.37209316014247,-5.952636678208876
2025-04-11,110.7747573852539,108.81912228216332,1.9556351030905859
2025-04-14,110.55506134033205,109.0251014932563,1.5299598470757445
2025-04-15,112.04297637939452,109.64021590238994,2.402760477004577
2025-04-16,104.3437728881836,112.34988658761445,-8.006113699430855
2025-04-17,101.34796142578124,104.79693322323087,-3.44897179744963
2025-04-21,96.7743911743164,100.68465408394259,-3.9102629096261836
2025-04-22,98.75159454345705,97.22011396775707,1.5314805756999732
2025-04-23,102.5662612915039,99.32698256197226,3.239278729531648
2025-04-24,106.28104400634766,103.05699212763025,3.224051878717404
2025-04-25,110.85465240478516,106.50979427317577,4.344858131609385
2025-04-28,108.5778350830078,110.39338365944342,-1.8155485764356172
2025-04-29,108.867431640625,108.48812922024888,0.3793024203761206
2025-04-30,108.76756286621094,108.08440795958248,0.6831549066284595
2025-05-01,111.45380401611328,108.51047594775771,2.9433280683555694
2025-05-02,114.33976745605467,111.42337788287975,2.916389573174925
2025-05-05,113.66072082519533,114.26110563304515,-0.6003848078498208
2025-05-06,113.38111877441406,113.62542222921483,-0.24430345480077165
2025-05-07,116.89618682861328,112.86816993123725,4.028016897376034
2025-05-08,117.20574951171876,116.38502061847066,0.820728893248102
2025-05-09,116.48675537109376,117.51372020948169,-1.0269648383879257
2025-05-12,122.82786560058594,116.32404673248331,6.503818868102627
2025-05-13,129.7481689453125,121.87480261665789,7.873366328654612
2025-05-14,135.1505889892578,129.6740068461553,5.476582143102519
2025-05-15,134.6413116455078,134.91541414868496,-0.2741025031771471
2025-05-16,135.2105255126953,133.87414388432543,1.3363816283698782
2025-05-19,135.38027954101562,133.97746237128592,1.4028171697297012
2025-05-20,134.1919403076172,134.92202185787323,-0.7300815502560454
2025-05-21,131.6155548095703,134.26514479771646,-2.649589988146147
2025-05-22,132.6441192626953,131.52326705529572,1.1208522073995937
2025-05-23,131.10626220703125,132.3057530166856,-1.1994908096543497
2025-05-27,135.3103485107422,131.54564370611735,3.7647048046248415
2025-05-28,134.62135314941406,135.09832966889707,-0.4769765194830029
2025-05-29,138.99522399902344,134.92715819553783,4.068065803485609
2025-05-30,134.94090270996094,138.4798982656035,-3.538995555642572
2025-06-02,137.187744140625,135.1987224578219,1.9890216828030987
2025-06-03,141.02235412597656,136.50914733989535,4.513206786081213
2025-06-04,141.7213897705078,140.7708306123275,0.9505591581803117
2025-06-05,139.79409790039062,142.13634566032465,-2.3422477599340255
2025-06-06,141.52166748046875,139.50118554368726,2.0204819367814935
2025-06-09,142.43038940429688,140.73818625527932,1.6922031490175584
2025-06-10,143.75852966308594,142.55937944536268,1.1991502177232576
2025-06-11,142.6400146484375,143.84257350676828,-1.2025588583307751
2025-06-12,144.80714416503906,142.50361128674427,2.3035328782947886
2025-06-13,141.78115844726562,144.3135646187416,-2.5324061714759694
2025-06-16,144.49754333496094,142.11944568455655,2.378097650404385
2025-06-17,143.9282989501953,144.06712923341715,-0.13883028322183577
2025-06-18,145.28648376464844,144.1103467782471,1.1761369864013318
2025-06-20,143.65866088867188,145.2266865234264,-1.5680256347545196
2025-06-23,143.97824096679688,143.6594065676264,0.31883439917046985
2025-06-24,147.70326232910156,143.7604708916393,3.9427914374622617
2025-06-25,154.10476684570312,147.46736561941998,6.637401226283146
2025-06-26,154.8137969970703,154.03361400737725,0.7801829896930599
2025-06-27,157.5401611328125,154.905780998478,2.634380134334492
2025-06-30,157.7798614501953,156.5437345295538,1.2361269206415102
2025-07-01,153.09609985351562,157.24410398746414,-4.148004133948518
2025-07-02,157.04083251953125,153.20565063149974,3.8351818880315136
2025-07-03,159.1280517578125,156.1379161564799,2.990135601332611
2025-07-07,158.02952575683594,159.4147940095736,-1.38526825273766
2025-07-08,159.78717041015625,158.40680665886993,1.3803637512863247
2025-07-09,162.66334533691406,159.01780992189325,3.6455354150208166
2025-07-10,163.88174438476562,162.35350224286415,1.5282421419014725
2025-07-11,164.7006378173828,164.05214842726846,0.6484893901143494
2025-07-14,163.85177612304688,164.359017542546,-0.5072414194991381
2025-07-15,170.4729461669922,163.4967999500732,6.976146216918977
2025-07-16,171.14205932617188,169.75608024518,1.3859790809918877
2025-07-17,172.7698974609375,171.53722757179798,1.2326698891395154
2025-07-18,172.18067932128906,172.27902957421387,-0.09835025292480282
2025-07-21,171.1520538330078,171.55991594978548,-0.4078621167776646
2025-07-22,166.80783081054688,170.95585604848281,-4.14802523793594
2025-07-23,170.55284118652344,166.97269589251803,3.580145294005405
2025-07-24,173.5089111328125,170.03590349674533,3.473007636067166
2025-07-25,173.2692413330078,173.88619182753243,-0.616950494524616
2025-07-28,176.51490783691406,173.64735724447482,2.867550592439244
2025-07-29,175.27651977539062,175.68040318787138,-0.4038834124807522
2025-07-30,179.03155517578125,175.26038733941874,3.7711678363625083
2025-07-31,177.63340759277344,178.56241778995914,-0.9290101971857041
2025-08-01,173.4889373779297,177.75673061065936,-4.267793232729673
2025-08-04,179.76058959960938,173.46250749844387,6.298082101165505
2025-08-05,178.02288818359375,178.74520016380205,-0.7223119802083033
2025-08-06,179.1813507080078,178.951774187615,0.2295765203928113
2025-08-07,180.5295562744141,178.98906147135335,1.5404948030607386
2025-08-08,182.4569854736328,179.94414217637527,2.5128432972575467
2025-08-11,181.81784057617188,182.4362067463099,-0.6183661701380174
2025-08-12,182.9163818359375,181.90428307424222,1.0120987616952846
2025-08-13,181.34844970703125,182.4670929871471,-1.1186432801158617
2025-08-14,181.77789306640625,181.33126471959028,0.4466283468159702
2025-08-15,180.2099609375,181.6386784659684,-1.428717528468411
2025-08-18,181.76788330078125,180.34377863144644,1.4241046693348096
2025-08-19,175.4063720703125,181.62474195355367,-6.2183698832411665
2025-08-20,175.1667022705078,176.02553721500738,-0.8588349444995629
2025-08-21,174.7472381591797,174.7854716723176,-0.038233513137925
2025-08-22,177.7532501220703,175.05219833948956,2.7010517825807483
2025-08-25,179.57083129882812,178.16895116395668,1.4018801348714476
2025-08-26,181.5282287597656,179.74681645103126,1.7814123087343319
2025-08-27,181.35845947265625,181.29505362344653,0.06340584920971537
2025-08-28,179.9303436279297,181.1382030535939,-1.2078594256642248
2025-08-29,173.94830322265625,179.75821189496142,-5.80990867230517
2025-09-02,170.55284118652344,174.11203820461506,-3.5591970180916235
2025-09-03,170.39305114746094,170.4701284204298,-0.07707727296886446
2025-09-04,171.4316864013672,170.70081455978678,0.7308718415804094
2025-09-05,166.7978515625,172.1612983401853,-5.363446777685311
2025-09-08,168.0861358642578,167.54884540578274,0.53729045847507
2025-09-09,170.53286743164062,167.60489279407184,2.9279746375687807
2025-09-10,177.09413146972656,170.72254783897517,6.371583630751388
2025-09-11,176.94432067871094,177.28167836938653,-0.33735769067558863
2025-09-12,177.59349060058594,177.1570098699386,0.4364807306473324
2025-09-15,177.52359008789062,176.78087510834476,0.7427149795458661
2025-09-16,174.65725708007812,176.97324906842047,-2.315991988342347
2025-09-17,170.0730743408203,174.871127773882,-4.798053433061682
2025-09-18,176.01551818847656,170.14782786927546,5.8676903192011025
2025-09-19,176.4449462890625,175.365359135526,1.0795871535364938
2025-09-22,183.37612915039065,177.377181193092,5.99894795729864
2025-09-23,178.2027130126953,182.9861197366425,-4.783406723947195
2025-09-24,176.74456787109375,178.3840964939111,-1.6395286228173518
2025-09-25,177.46365356445312,175.9448041731579,1.5188493912952197
2025-09-26,177.96302795410156,177.08875584484403,0.8742721092575323
2025-09-29,181.6183624267578,178.55853466116253,3.059827765595287
2025-09-30,186.3423309326172,181.48860482716978,4.853726105447407
2025-10-01,187.0015106201172,186.02013257349412,0.9813780466230639
2025-10-02,188.6493988037109,186.96975243004917,1.6796463736617397
2025-10-03,187.38101196289065,187.95290693790986,-0.5718949750192053
2025-10-06,185.30364990234372,187.0436403177334,-1.7399904153896841
2025-10-07,184.80430603027344,185.16754242234902,-0.3632363920755779
2025-10-08,188.86911010742188,184.60124344944694,4.267866657974935
2025-10-09,192.32470703125,188.72633294056325,3.5983740906867467
2025-10-10,182.92669677734372,192.56180699829977,-9.63511022095605
2025-10-13,188.0801239013672,183.5698990849725,4.510224816394697
2025-10-14,179.80067443847656,186.399469098315,-6.598794659838433
2025-10-15,179.60093688964844,181.0433142587687,-1.4423773691202655
2025-10-16,181.57839965820312,179.7066645842639,1.8717350739392202
2025-10-17,182.98660278320312,181.46565380029023,1.5209489829128984
2025-10-20,182.4073486328125,183.70492476867062,-1.2975761358581224
2025-10-21,180.9292449951172,182.58932108072713,-1.6600760856099441
2025-10-22,180.0503692626953,180.66916705884307,-0.61879779614776
2025-10-23,181.92796325683597,179.94225597176964,1.9857072850663258
2025-10-24,186.0227203369141,181.98558728883324,4.037133048080847
2025-10-27,191.2460784912109,186.07487632398409,5.171202167226824
2025-10-28,200.77392578125,191.071919256864,9.702006524386007
2025-10-29,206.7762756347656,199.97225484617513,6.8040207885904636
2025-10-30,202.63156127929688,206.24349987438325,-3.6119385950863716
2025-10-31,202.2320709228516,202.17089660736102,0.06117431549057528
2025-11-03,206.6164703369141,200.5813583827595,6.035111954154587
2025-11-04,198.43690490722656,205.88283177976805,-7.4459268725414915
2025-11-05,194.96136474609372,199.71746506963268,-4.756100323538959
2025-11-06,187.84043884277344,194.2741881545774,-6.43374931180395
2025-11-07,187.9103240966797,188.0086429029943,-0.09831880631460876
2025-11-10,198.7964630126953,188.47083569067104,10.325627322024275
2025-11-11,192.91395568847656,198.97746759364668,-6.063511905170117
2025-11-12,193.5531463623047,194.66900290675417,-1.1158565444494855
2025-11-13,186.6219787597656,192.38488159761542,-5.762902837849822
2025-11-14,189.92774963378903,186.52556796273686,3.402181671052176
2025-11-17,186.36231994628903,189.8816524639893,-3.5193325177002635
2025-11-18,181.1289825439453,187.41196067780282,-6.282978133857512
2025-11-19,186.28240966796875,181.55292207934383,4.72948758862492
2025-11-20,180.40989685058597,185.46705048148132,-5.057153630895357
2025-11-21,178.6521453857422,181.91650723813603,-3.264361852393847
2025-11-24,182.3174743652344,178.69019756788282,3.627276797351584
2025-11-25,177.59349060058594,181.8063510656038,-4.2128604650178545
2025-11-26,180.03038024902344,178.85619434771772,1.1741859013057194
2025-11-28,176.7745361328125,179.6383089547126,-2.8637728219001133
2025-12-01,179.69081115722656,177.07872866863943,2.6120824885871343
2025-12-02,181.22886657714844,179.57114128926023,1.657725287888212
2025-12-03,179.36123657226562,181.4251009679932,-2.0638643957275633
2025-12-04,183.1566162109375,179.6734155230993,3.483200687838206
2025-12-05,182.1877899169922,182.3999034132644,-0.21211349627222376
2025-12-08,185.323974609375,182.47536369523138,2.84861091414362
2025-12-09,184.7446746826172,185.0122024476119,-0.26752776499472475
2025-12-10,183.55612182617188,184.68472665827238,-1.1286048321005069
2025-12-11,180.70957946777344,183.4110345713769,-2.7014551036034504
2025-12-12,174.80679321289062,180.59129290865843,-5.784499695767806
2025-12-15,176.0752410888672,175.1321017998368,0.9431392890303982
2025-12-16,177.50350952148438,175.89625957516472,1.607249946319655
2025-12-17,170.7317657470703,178.1493453309349,-7.41757958386458
2025-12-18,173.9278564453125,171.80664581299715,2.1212106323153535
2025-12-19,180.7695159912109,173.02589173561822,7.743624255592692
2025-12-22,183.4662322998047,180.81826917289578,2.6479631269089055
2025-12-23,188.97950744628903,184.32504485683174,4.654462589457296
2025-12-24,188.38023376464844,188.0481813611904,0.3320524034580501
2025-12-26,190.2978973388672,187.81289916837716,2.48499817049003
2025-12-29,187.9907073974609,189.5483519783322,-1.5576445808712833
2025-12-30,187.31153869628903,187.85072639210213,-0.5391876958130979
2025-12-31,186.27281188964844,187.0113571544558,-0.7385452648073567
2026-01-02,188.6199493408203,186.19151655970046,2.4284327811198523
2026-01-05,187.89083862304688,188.57186752085735,-0.6810288978104779
2026-01-06,187.0119171142578,188.22199812577256,-1.2100810115147453
2026-01-07,188.87962341308597,186.9213800232173,1.9582433898686702
2026-01-08,184.8145904541016,188.4937173910216,-3.6791269369199995
2026-01-09,184.63479614257807,185.37373084029414,-0.7389346977160756
2026-01-12,184.71470642089844,184.3696664779679,0.3450399429305264
2026-01-13,185.58364868164065,184.75478013455418,0.8288685470864721
2026-01-14,182.91688537597656,185.92927508521703,-3.012389709240466
2026-01-15,186.8221435546875,183.22875012085123,3.593393433836269
2026-01-16,186.0031280517578,186.25130920245851,-0.24818115070070235
2026-01-20,177.8530731201172,186.44830469420793,-8.595231574090747
2026-01-21,183.09669494628903,178.42536613212798,4.671328814161058
2026-01-22,184.6148223876953,181.84222865925105,2.7725937284442637
2026-01-23,187.44137573242188,185.45768555734557,1.9836901750763047
2026-01-26,186.2428436279297,187.8858548101005,-1.6430111821708238
2026-01-27,188.29034423828125,185.8787273442084,2.411616894072864
2026-01-28,191.2866973876953,187.60084397008092,3.685853417614396
2026-01-29,192.2754821777344,191.15754126690445,1.117940910829958
2026-01-30,190.8971710205078,192.4193098704237,-1.5221388499158763
2026-02-02,185.38389587402344,190.58649454421302,-5.202598670189587
2026-02-03,180.12030029296875,185.23232457616382,-5.112024283195069
2026-02-04,173.97779846191406,180.12496807600743,-6.147169614093372
2026-02-05,171.6706085205078,174.58263772251493,-2.912029202007119
2026-02-06,185.1841278076172,172.28409853697602,12.90002927064117
2026-02-09,189.80848693847656,184.98503721007955,4.823449728397009
2026-02-10,188.3103179931641,191.17519800987267,-2.8648800167085824
2026-02-11,189.8184814453125,188.1055338754454,1.7129475698671115
2026-02-12,186.7122802734375,187.98187833058665,-1.2695980571491532
2026-02-13,182.5873107910156,186.73220815189381,-4.144897360878218
2026-02-17,184.7446746826172,182.9039956892721,1.8406789933450796
2026-02-18,187.75099182128903,184.26121374898537,3.4897780723036647
2026-02-19,187.6710968017578,188.0748119797171,-0.4037151779592989
2026-02-20,189.5887756347656,188.17191172669868,1.4168639080669152
2026-02-23,191.3166656494141,189.02336812729524,2.2932975221188485
2026-02-24,192.61508178710935,190.9846616839246,1.630420103184747
2026-02-25,195.3217620849609,192.59078567200848,2.7309764129524297
2026-02-26,184.66476440429688,194.94297260797464,-10.278208203677764
2026-02-27,176.97415161132812,185.2658912676242,-8.291739656296073
2026-03-02,182.25770568847656,176.45392852353527,5.803777164941295
2026-03-03,179.83065795898438,181.8096018773225,-1.9789439183381319
2026-03-04,182.8170166015625,181.94522809546575,0.871788506096749
2026-03-05,183.1166534423828,182.8772982381787,0.2393552042041165
2026-03-06,177.60337829589844,182.81263352208563,-5.209255226187196
2026-03-09,182.427490234375,178.09488559211272,4.332604642262282
2026-03-10,184.544921875,181.6438993531234,2.901022521876598
2026-03-11,185.8134307861328,185.0448826766314,0.7685481095014097
2026-03-12,182.9268035888672,186.08473336804366,-3.15792977917647
2026-03-13,180.0401611328125,182.60083233852282,-2.560671205710321
2026-03-16,183.0067138671875,179.677337634122,3.3293762330654886
2026-03-17,181.71820068359372,182.76444485757537,-1.0462441739816484
2026-03-18,180.1899871826172,182.5131324240167,-2.3231452413995157
2026-03-19,178.3521270751953,180.239898074195,-1.8877709989996845
2026-03-20,172.4989471435547,178.10801218997122,-5.609065046416532
2026-03-23,175.43553161621094,173.0332805684503,2.402251047760643
2026-03-24,174.99603271484375,175.20599540780773,-0.20996269296398395
2026-03-25,178.47198486328125,175.79280863443222,2.6791762288490304
2026-03-26,171.04066467285156,178.56687174721577,-7.526207074364208
2026-03-27,167.32498168945312,171.5779106222265,-4.252928932773386
2026-03-30,164.97772216796875,166.88396167370058,-1.9062395057318327
2026-03-31,174.1969757080078,165.1604507093883,9.036524998619512
2026-04-01,175.54541015625,174.40741848331572,1.1379916729342767
2026-04-02,177.18348693847656,176.64675386095348,0.5367330775230812
2026-04-06,177.43319702148438,176.6838530139555,0.7493440075288618
2026-04-07,177.89266967773438,176.54103457816967,1.351635099564703
2026-04-08,181.8680419921875,177.70994832648827,4.1580936656992264
2026-04-09,183.69590759277344,181.56583960254997,2.1300679902234663
2026-04-10,188.4104156494141,183.67703170674062,4.73338394267347
2026-04-13,189.0896148681641,187.78493090124127,1.3046839669228234
2026-04-14,196.2812347412109,188.8126703777315,7.468564363479402
2026-04-15,198.63848876953125,195.28795174306956,3.3505370264616943
2026-04-16,198.1190948486328,198.43108097459609,-0.3119861259632728
2026-04-17,201.44520568847656,197.68471796364088,3.7604877248356843
2026-04-20,201.82476806640625,200.23988023605455,1.584887830351704
2026-04-21,199.64732360839844,201.7194213383304,-2.0720977299319543
2026-04-22,202.26426696777344,199.64168026821523,2.6225866995582123
2026-04-23,199.4075927734375,201.47356690821317,-2.065974134775672
2026-04-24,208.0275421142578,199.77085979283473,8.256682321423085
2026-04-27,216.3578338623047,207.26460488162465,9.093228980680038
2026-04-28,212.92184448242188,216.24977214711328,-3.3279276646914013
2026-04-29,209.00640869140625,213.35381498745534,-4.347406296049087
2026-04-30,199.33767700195312,207.63550159978726,-8.297824597834136
2026-05-01,198.21897888183597,199.077176902755,-0.8581980209190476
2026-05-04,198.2489318847656,198.30554307464072,-0.056611189875127366
2026-05-05,196.271240234375,199.2225914479639,-2.9513512135889073
2026-05-06,207.5880584716797,197.26839052249215,10.319667949187533
2026-05-07,211.2537841796875,206.71877074351545,4.535013436172051
2026-05-08,214.9494781494141,211.92378241061124,3.0256957388028525
2026-05-11,219.18453979492188,214.51181690120444,4.6727228937174345
2026-05-12,220.52297973632807,217.8165293867107,2.70645034961737
2026-05-13,225.56710815429688,220.03868652130797,5.528421632988909
2026-05-14,235.465576171875,224.74072755443393,10.724848617441069
2026-05-15,225.0577087402344,234.4876140902355,-9.429905350001093
2026-05-18,222.0612030029297,225.84049319935406,-3.7792901964243697
2026-05-19,220.35317993164065,220.31334194800726,0.039837983633390195
2026-05-20,223.20985412597656,219.8799953198335,3.3298588061430507
2026-05-21,219.25445556640625,224.0967252150373,-4.84226964863106
2026-05-22,215.07933044433597,220.16854994602804,-5.089219501692071
2026-05-26,214.60987854003903,214.82099988774027,-0.21112134770123703
2026-05-27,212.35250854492188,214.34307305568947,-1.990564510767598
2026-05-28,214.0005798339844,213.3015111592473,0.6990686747371058
2026-05-29,210.8942108154297,214.26611708844388,-3.37190627301419
2026-06-01,224.09881591796875,211.3598443848841,12.738971533084651
2026-06-02,222.56060791015625,223.06633862752165,-0.5057307173653953
2026-06-03,214.5,223.7326350361854,-9.2326350361854
2026-06-04,218.66000366210935,214.4103843285843,4.2496193335250325
2026-06-05,205.1000061035156,216.6109510334838,-11.51094492996819
2026-06-08,208.63999938964844,206.9988925483681,1.6411068412803331
2026-06-09,208.19000244140625,208.15286716736532,0.037135274040934974
2026-06-10,200.4199981689453,208.84236751816997,-8.422369349224653
2026-06-11,204.8699951171875,201.89622788286903,2.9737672343184727
2026-06-12,205.19000244140625,203.89664345947486,1.2933589819313909
