Date,Actual,Predicted,Residual
2019-01-03,1.5700000524520874,1.509999833214127,0.060000219237960506
2019-01-04,1.555999994277954,1.5684297185629572,-0.012429724285003108
2019-01-07,1.5700000524520874,1.5597838248010938,0.010216227650993615
2019-01-08,1.559999942779541,1.5609535806157822,-0.0009536378362411391
2019-01-09,1.5529999732971191,1.5664178724674869,-0.01341789917036773
2019-01-10,1.5529999732971191,1.550821855637531,0.002178117659588086
2019-01-11,1.503000020980835,1.5530992256670229,-0.05009920468618789
2019-01-14,1.534000039100647,1.5053623103722504,0.02863772872839654
2019-01-15,1.5099999904632568,1.5297561886842994,-0.019756198221042576
2019-01-16,1.4950000047683716,1.518887416388378,-0.023887411620006516
2019-01-17,1.4800000190734863,1.4865149682154384,-0.006514949141952053
2019-01-18,1.5,1.4835857088242048,0.01641429117579518
2019-01-22,1.472000002861023,1.5014146916055133,-0.02941468874449038
2019-01-23,1.4900000095367432,1.4723362888651177,0.01766372067162547
2019-01-24,1.4980000257492063,1.4854801243810736,0.012519901368132746
2019-01-25,1.4950000047683716,1.5041487259338626,-0.009148721165491036
2019-01-28,1.475000023841858,1.4911686009024718,-0.01616857706061392
2019-01-29,1.4950000047683716,1.4741684942639635,0.020831510504408124
2019-01-30,1.506999969482422,1.4961208464743516,0.01087912300807048
2019-01-31,1.5099999904632568,1.5096382998022322,0.00036169066102464953
2019-02-01,1.5260000228881836,1.5065097839105763,0.019490238977607266
2019-02-04,1.5299999713897705,1.525832831171409,0.004167140218361398
2019-02-05,1.5740000009536743,1.5317592505762105,0.042240750377463776
2019-02-06,1.565999984741211,1.5711597695569783,-0.005159784815767399
2019-02-07,1.534999966621399,1.5691686883725426,-0.034168721751143716
2019-02-08,1.5399999618530271,1.5294138950383531,0.010586066814674
2019-02-11,1.5449999570846558,1.5418187615501462,0.0031811955345095733
2019-02-12,1.6200000047683716,1.5499519304887872,0.07004807427958437
2019-02-13,1.6349999904632568,1.6156149632963392,0.01938502716691759
2019-02-14,1.6150000095367432,1.6389628025455745,-0.023962793008831307
2019-02-15,1.9759999513626096,1.606702614743877,0.36929733661873265
2019-02-19,1.996999979019165,1.973819108435213,0.023180870583952018
2019-02-20,1.919999957084656,2.0216460744220393,-0.10164611733738327
2019-02-21,1.932999968528748,1.8687985539015262,0.06420141462722184
2019-02-22,1.9739999771118164,1.950329203094455,0.023670774017361396
2019-02-25,1.9670000076293943,1.9931692515768802,-0.026169243947485876
2019-02-26,1.9390000104904173,1.952204153421494,-0.013204142931076746
2019-02-27,1.909999966621399,1.9390174532301236,-0.02901748660872472
2019-02-28,1.9119999408721924,1.9149015660807245,-0.0029016252085320993
2019-03-01,1.955000042915344,1.910402300005178,0.04459774291016605
2019-03-04,1.955000042915344,1.957555513672122,-0.0025554707567780888
2019-03-05,1.975000023841858,1.9557602473643547,0.01923977647750319
2019-03-06,1.919999957084656,1.9682495901497632,-0.04824963306510721
2019-03-07,1.9459999799728396,1.9250453933559528,0.02095458661688676
2019-03-08,1.9450000524520876,1.9403171522631093,0.004682900188978323
2019-03-11,1.950000047683716,1.9542330429881967,-0.0042329953044806246
2019-03-12,1.9600000381469729,1.943879357542222,0.016120680604750914
2019-03-13,1.9800000190734863,1.9604871895634497,0.019512829510036633
2019-03-14,2.003000020980835,1.9816368228460253,0.02136319813480969
2019-03-15,2.007999897003174,2.0013165482895343,0.006683348713639514
2019-03-18,2.0299999713897705,2.0075406206627995,0.022459350726971028
2019-03-19,2.026000022888184,2.028590249064632,-0.002590226176447885
2019-03-20,2.049999952316284,2.0278531736741834,0.022146778642100795
2019-03-21,2.069999933242798,2.0470087627575153,0.02299117048528254
2019-03-22,2.059999942779541,2.072988126792827,-0.012988184013285942
2019-03-25,2.0899999141693115,2.0580819720621406,0.031917942107170916
2019-03-26,2.0859999656677246,2.0873995708700894,-0.0013996052023648176
2019-03-27,2.095000028610229,2.0912247413978,0.003775287212429035
2019-03-28,2.0999999046325684,2.0894916866408315,0.010508217991736846
2019-03-29,2.11299991607666,2.10261365329554,0.010386262781119981
2019-04-01,2.190000057220459,2.112852399124983,0.07714765809547597
2019-04-02,2.194999933242798,2.1886955032701763,0.006304429972621595
2019-04-03,2.20199990272522,2.198450606049748,0.0035492966754722133
2019-04-04,2.200999975204468,2.192278182697429,0.008721792507039083
2019-04-05,2.203000068664551,2.205805603461169,-0.0028055347966180477
2019-04-08,2.200000047683716,2.2034582965872804,-0.003458248903564609
2019-04-09,2.1989998817443848,2.198914661639389,8.522010499589783e-05
2019-04-10,2.190000057220459,2.1998327649721996,-0.00983270775174061
2019-04-11,2.200000047683716,2.19037138622183,0.009628661461885901
2019-04-12,2.197000026702881,2.199119238036168,-0.0021192113332872964
2019-04-15,2.200999975204468,2.198923150237696,0.002076824966772417
2019-04-16,2.200000047683716,2.1988107132306567,0.001189334453059132
2019-04-17,2.2100000381469727,2.201094082491084,0.008905955655888587
2019-04-18,2.197000026702881,2.2095437128493183,-0.012543686146437416
2019-04-22,2.197000026702881,2.1975779550856487,-0.0005779283827678228
2019-04-23,2.2149999141693115,2.1951633586731765,0.019836555496135055
2019-04-24,2.219000101089477,2.217191613652503,0.0018084874369739268
2019-04-25,2.2249999046325684,2.2192391032904135,0.005760801342154842
2019-04-26,2.220000028610229,2.2222335545741188,-0.0022335259638897043
2019-04-29,2.2300000190734863,2.221512418010661,0.008487601062825423
2019-04-30,2.242000102996826,2.2291296748503915,0.012870428146434687
2019-05-01,2.2850000858306885,2.24307779662018,0.041922289210508445
2019-05-02,2.240999937057495,2.2839869048121635,-0.04298696775466837
2019-05-03,2.25,2.24247066428155,0.0075293357184498255
2019-05-06,2.25,2.2426639508424597,0.00733604915754027
2019-05-07,2.2100000381469727,2.2593811373089223,-0.04938109916194966
2019-05-08,2.130000114440918,2.2066744616383507,-0.07667434719743271
2019-05-09,2.0999999046325684,2.1275000844725245,-0.027500179839956118
2019-05-10,2.010999917984009,2.1034990588014306,-0.09249914081742183
2019-05-13,1.965000033378601,2.0174631668953427,-0.05246313351674159
2019-05-14,1.991000056266785,1.9587320266851485,0.03226802958163644
2019-05-15,2.0390000343322754,1.998807081692895,0.0401929526393805
2019-05-16,2.002000093460083,2.041060478810319,-0.039060385350235816
2019-05-17,1.9850000143051147,1.9962305508054998,-0.01123053650038508
2019-05-20,1.995000004768372,1.9796836401300355,0.015316364638336522
2019-05-21,2.006999969482422,2.0026167290577277,0.004383240424694179
2019-05-22,2.0160000324249268,2.0065450707220807,0.009454961702846099
2019-05-23,1.9850000143051147,2.0132043089817073,-0.02820429467659258
2019-05-24,1.991000056266785,1.9862539642407624,0.004746092026022497
2019-05-28,1.968000054359436,1.9884184098031419,-0.02041835544370585
2019-05-29,1.9220000505447388,1.9730616573086244,-0.0510616067638856
2019-05-30,1.932999968528748,1.918634890427054,0.014365078101693962
2019-05-31,1.899999976158142,1.933292201163124,-0.03329222500498186
2019-06-03,1.9299999475479128,1.9067357354779195,0.023264212069993295
2019-06-04,1.899999976158142,1.9222904127203089,-0.022290436562166782
2019-06-05,1.8849999904632568,1.9071514811578072,-0.022151490694550358
2019-06-06,1.830000042915344,1.8783247310900761,-0.04832468817473212
2019-06-07,1.8350000381469729,1.8340117075389228,0.0009883306080500365
2019-06-10,1.8459999561309812,1.833848319690657,0.012151636440324243
2019-06-11,1.837000012397766,1.8511032149664461,-0.014103202568680251
2019-06-12,1.8179999589920044,1.8341574599934012,-0.01615750100139679
2019-06-13,1.7389999628067017,1.8157462410632268,-0.07674627825652514
2019-06-14,1.753999948501587,1.7416392916271433,0.012360656874443654
2019-06-17,1.7999999523162842,1.7509553172832826,0.049044635033001605
2019-06-18,1.840000033378601,1.8098055810415372,0.03019445233706386
2019-06-19,1.870000004768372,1.8351370864917855,0.034862918276586496
2019-06-20,1.902999997138977,1.8653759241137429,0.037624073025234184
2019-06-21,1.906000018119812,1.9038892547688833,0.002110763350928746
2019-06-24,1.940000057220459,1.9053361271701592,0.034663930050299774
2019-06-25,1.9049999713897705,1.937070194375189,-0.032070222985418395
2019-06-26,1.919000029563904,1.9095878990581485,0.009412130505755512
2019-06-27,1.919000029563904,1.9124794563971819,0.006520573166722166
2019-06-28,1.934999942779541,1.926440782590099,0.008559160189441917
2019-07-01,1.9279999732971191,1.9316490973659586,-0.0036491240688394377
2019-07-02,1.9049999713897705,1.9282657563088397,-0.023265784919069166
2019-07-03,1.8919999599456787,1.904278858248613,-0.012278898302934271
2019-07-05,1.8609999418258667,1.891968920385922,-0.030968978560055316
2019-07-08,1.8609999418258667,1.8635906735253076,-0.002590731699440907
2019-07-09,1.8650000095367432,1.8593736649161015,0.00562634462064171
2019-07-10,1.919999957084656,1.8682522328940074,0.05174772419064855
2019-07-11,1.8849999904632568,1.917980640217785,-0.03298064975452819
2019-07-12,1.8580000400543213,1.88713087062617,-0.02913083057184873
2019-07-15,1.870000004768372,1.849632265786424,0.020367738981948103
2019-07-16,1.919999957084656,1.8765827773720065,0.04341717971264947
2019-07-17,1.8760000467300413,1.922420232960998,-0.046420186230956784
2019-07-18,1.8600000143051147,1.8738181927465407,-0.013818178441425966
2019-07-19,1.899999976158142,1.8529958175214647,0.047004158636677396
2019-07-22,1.950000047683716,1.908460739278242,0.04153930840547404
2019-07-23,1.9110000133514404,1.9507757344352343,-0.0397757210837939
2019-07-24,1.9259999990463257,1.906040227381823,0.01995977166450258
2019-07-25,1.8899999856948853,1.9212480870126287,-0.03124810131774347
2019-07-26,1.866000056266785,1.8999180154056432,-0.03391795913885831
2019-07-29,1.871999979019165,1.85893380267528,0.013066176343885072
2019-07-30,1.8519999980926516,1.8758487816645435,-0.023848783571891907
2019-07-31,1.830999970436096,1.8554043956000066,-0.024404425163910615
2019-08-01,1.8140000104904173,1.8256398735730424,-0.011639863082625101
2019-08-02,1.7000000476837158,1.8170503258625041,-0.11705027817878833
2019-08-05,1.63100004196167,1.7020779219056217,-0.07107787994395176
2019-08-06,1.7599999904632568,1.6251151124324537,0.13488487803080318
2019-08-07,1.784999966621399,1.7704747910141325,0.014525175607266405
2019-08-08,1.7990000247955322,1.7936989995452757,0.0053010252502565525
2019-08-09,1.7089999914169312,1.7757584392459496,-0.06675844782901841
2019-08-12,1.6990000009536743,1.7175793252218094,-0.018579324268135133
2019-08-13,1.7000000476837158,1.6958365081647027,0.00416353951901316
2019-08-14,1.6799999475479126,1.7086667243470515,-0.02866677679913887
2019-08-15,1.633999943733215,1.6782540928655019,-0.04425414913228676
2019-08-16,1.9299999475479128,1.630902743711476,0.2990972038364368
2019-08-19,1.9600000381469729,1.9292876482890937,0.030712389857879163
2019-08-20,1.993000030517578,1.9801267866002086,0.012873243917369326
2019-08-21,1.995000004768372,1.9495563034835826,0.04544370128478947
2019-08-22,2.0,2.01260484961458,-0.012604849614580083
2019-08-23,1.934999942779541,2.0030012949744704,-0.06800135219492942
2019-08-26,1.932000041007996,1.92948489789798,0.002515143110016105
2019-08-27,1.9049999713897705,1.933319844464287,-0.028319873074516444
2019-08-28,1.940000057220459,1.9139793256797704,0.026020731540688624
2019-08-29,1.9579999446868896,1.9329704674384813,0.025029477248408316
2019-08-30,1.8899999856948853,1.9633377677973485,-0.07333778210246322
2019-09-03,1.8420000076293943,1.8863207454407038,-0.04432073781130952
2019-09-04,1.8550000190734863,1.8367754694261345,0.018224549647351873
2019-09-05,1.8849999904632568,1.8644869243373372,0.020513066125919632
2019-09-06,1.924000024795532,1.8867131730669306,0.037286851728601356
2019-09-09,1.940000057220459,1.9190436669189044,0.020956390301554606
2019-09-10,1.9290000200271609,1.94029490806768,-0.011294888040519035
2019-09-11,1.909999966621399,1.9265082283541521,-0.016508261732753216
2019-09-12,1.9019999504089355,1.9092920741866077,-0.007292123777672188
2019-09-13,1.909999966621399,1.904256928367352,0.005743038254046873
2019-09-16,1.9299999475479128,1.9110450134170274,0.018954934130885448
2019-09-17,1.9529999494552608,1.929974472822596,0.023025476632664743
2019-09-18,1.968000054359436,1.9525013284243653,0.015498725935070734
2019-09-19,1.955000042915344,1.9668830310773062,-0.011882988161962205
2019-09-20,1.975000023841858,1.954097311719545,0.020902712122312872
2019-09-23,1.9609999656677248,1.973666738821315,-0.012666773153590105
2019-09-24,1.9579999446868896,1.9650281796134388,-0.007028234926549137
2019-09-25,1.9279999732971191,1.9535922011653857,-0.025592227868266537
2019-09-26,1.8839999437332156,1.9311205739580566,-0.04712063022484103
2019-09-27,1.909999966621399,1.8830863636668305,0.02691360295456846
2019-09-30,1.919999957084656,1.9102702652095787,0.009729691875077329
2019-10-01,1.940000057220459,1.926118658432829,0.013881398787630062
2019-10-02,1.924999952316284,1.9332444491386116,-0.00824449682232764
2019-10-03,1.919999957084656,1.9264105095727195,-0.006410552488063548
2019-10-04,1.934999942779541,1.918369321271391,0.01663062150814998
2019-10-07,1.940000057220459,1.9366604566186991,0.0033396006017598623
2019-10-08,1.901000022888184,1.9411768794109487,-0.0401768565227647
2019-10-09,1.899999976158142,1.8987451060225708,0.00125487013557124
2019-10-10,1.899999976158142,1.8985362226978675,0.0014637534602746083
2019-10-11,1.8910000324249268,1.9059125327394437,-0.014912500314516963
2019-10-14,1.875,1.888133838794666,-0.013133838794666008
2019-10-15,1.8819999694824217,1.8741890339560874,0.007810935526334273
2019-10-16,1.9429999589920044,1.8834071010246738,0.059592857967330604
2019-10-17,1.955000042915344,1.9436639952332686,0.011336047682075412
2019-10-18,1.919999957084656,1.9561044381559116,-0.036104481071255634
2019-10-21,1.9709999561309812,1.9131661805044462,0.05783377562653502
2019-10-22,1.99399995803833,1.9712478700193348,0.02275208801899531
2019-10-23,1.9980000257492063,2.0028141025260555,-0.0048140767768491965
2019-10-24,2.059999942779541,1.9885897086071183,0.07141023417242276
2019-10-25,2.086999893188477,2.0601096009889805,0.026890292199496457
2019-10-28,2.119999885559082,2.09296724743453,0.027032638124552033
2019-10-29,2.1010000705718994,2.1108981031818574,-0.00989803260995803
2019-10-30,2.0369999408721924,2.103954650546121,-0.06695470967392847
2019-10-31,2.068000078201294,2.0352085717678565,0.03279150643343742
2019-11-01,2.049999952316284,2.06740492440986,-0.017404972093575832
2019-11-04,2.052999973297119,2.0605809596746485,-0.007580986377529353
2019-11-05,2.0799999237060547,2.042701337698414,0.037298586007640466
2019-11-06,2.069999933242798,2.084061995176814,-0.014062061934016157
2019-11-07,2.0899999141693115,2.0719558067353048,0.01804410743400675
2019-11-08,2.125,2.083316102032778,0.04168389796722183
2019-11-11,2.13700008392334,2.1302765836279463,0.006723500295393592
2019-11-12,2.1449999809265137,2.135672625602384,0.009327355324129538
2019-11-13,2.150000095367432,2.140760627857428,0.00923946751000404
2019-11-14,2.1549999713897705,2.1524967229974394,0.00250324839233107
2019-11-15,2.2179999351501465,2.1546626218036464,0.06333731334650006
2019-11-18,2.187000036239624,2.2169651043205607,-0.029965068080936685
2019-11-19,2.1449999809265137,2.191026017176067,-0.04602603624955348
2019-11-20,2.109999895095825,2.1350983682972684,-0.025098473201443205
2019-11-21,2.0999999046325684,2.1164753004149786,-0.016475395782410196
2019-11-22,2.0999999046325684,2.1030478739124576,-0.003047969279889262
2019-11-25,2.125,2.0993151478654366,0.025684852134563396
2019-11-26,2.150000095367432,2.125100758632337,0.024899336735094924
2019-11-27,2.150000095367432,2.1504172005305238,-0.00041710516309168
2019-11-29,2.130000114440918,2.147548622627397,-0.01754850818647924
2019-12-02,2.150000095367432,2.128504563076591,0.021495532290841002
2019-12-03,2.1600000858306885,2.150713287707871,0.009286798122817519
2019-12-04,2.1549999713897705,2.163511742956429,-0.0085117715666585
2019-12-05,2.150000095367432,2.1513081291741396,-0.0013080338067075203
2019-12-06,2.1600000858306885,2.1498020573956276,0.010198028435060902
2019-12-09,2.203000068664551,2.1617001145662464,0.04129995409830434
2019-12-10,2.200000047683716,2.2027628375740216,-0.0027627898903057613
2019-12-11,2.1700000762939453,2.2007520460932968,-0.030751969799351464
2019-12-12,2.200000047683716,2.165081550091028,0.034918497592687725
2019-12-13,2.2060000896453857,2.2013893908092266,0.004610698836159166
2019-12-16,2.252000093460083,2.2119593636003505,0.040040729859732505
2019-12-17,2.25,2.2448003302114516,0.005199669788548356
2019-12-18,2.246999979019165,2.2540103933422855,-0.00701041432312044
2019-12-19,2.265000104904175,2.242080161101294,0.02291994380288065
2019-12-20,2.4649999141693115,2.2665824590345425,0.19841745513476905
2019-12-23,2.4200000762939453,2.465870330132795,-0.045870253838849795
2019-12-24,2.390000104904175,2.4274897646526687,-0.03748965974849394
2019-12-26,2.380000114440918,2.3617508017761932,0.018249312664724737
2019-12-27,2.4100000858306885,2.3985372838678796,0.01146280196280891
2019-12-30,2.400000095367432,2.412821858572917,-0.012821763205484782
2019-12-31,2.4019999504089355,2.395478378352862,0.006521572056073399
2020-01-02,2.36299991607666,2.400960447668335,-0.03796053159167467
2020-01-03,2.344000101089477,2.3663060957898026,-0.02230599470032546
2020-01-06,2.32699990272522,2.3402915258619497,-0.013291623136729491
2020-01-07,2.309999942779541,2.331678890308848,-0.021678947529307102
2020-01-08,2.306999921798706,2.309843102719043,-0.002843180920336863
2020-01-09,2.319999933242798,2.3060923221505325,0.013907611092265348
2020-01-10,2.608999967575073,2.32179443637052,0.28720553120455294
2020-01-13,2.8510000705718994,2.6060816305438954,0.244918440028004
2020-01-14,2.7720000743865967,2.8623439346492225,-0.09034386026262586
2020-01-15,2.7699999809265137,2.7469772484828274,0.023022732443686245
2020-01-16,2.861000061035156,2.7513825643363323,0.10961749669882348
2020-01-17,2.867000102996826,2.8916067316797807,-0.02460662868295449
2020-01-21,2.858999967575073,2.86344030614315,-0.004440338568077351
2020-01-22,2.9100000858306885,2.8440393106854454,0.06596077514524312
2020-01-23,2.878999948501587,2.9205361085785704,-0.041536160076983464
2020-01-24,2.8940000534057617,2.881796725507705,0.01220332789805667
2020-01-27,2.871000051498413,2.8820922668121924,-0.011092215313779352
2020-01-28,2.88100004196167,2.8823291843516294,-0.0013291423899595145
2020-01-29,2.878000020980835,2.8757033666570595,0.00229665432377546
2020-01-30,2.875,2.880339146197735,-0.005339146197735012
2020-01-31,2.7960000038146973,2.874556575124697,-0.0785565713099996
2020-02-03,2.865999937057495,2.7959782905188924,0.07002164653860277
2020-02-04,2.9210000038146973,2.8620251815260804,0.058974822288616835
2020-02-05,2.946000099182129,2.9348912940647396,0.01110880511738932
2020-02-06,2.825999975204468,2.933653684165748,-0.1076537089612799
2020-02-07,2.755000114440918,2.8243563352502714,-0.06935622080935344
2020-02-10,2.9110000133514404,2.7524514979752785,0.15854851537616188
2020-02-11,2.8989999294281006,2.9216908477015937,-0.02269091827349312
2020-02-12,2.9040000438690186,2.909749559872355,-0.005749516003336286
2020-02-13,2.86899995803833,2.8756460021359227,-0.006646044097592618
2020-02-14,2.802000045776367,2.8833635428057676,-0.08136349702940038
2020-02-18,2.753000020980835,2.8015141470499687,-0.048514126069133745
2020-02-19,2.75600004196167,2.7495091773267677,0.006490864634902227
2020-02-20,2.7860000133514404,2.764196117513452,0.021803895837988474
2020-02-21,2.7739999294281006,2.7870700265345008,-0.01307009710640017
2020-02-24,2.694999933242798,2.770890869889214,-0.07589093664641622
2020-02-25,2.63700008392334,2.6923720368153226,-0.05537195289198271
2020-02-26,2.6530001163482666,2.636754196518197,0.01624591983006951
2020-02-27,2.575999975204468,2.65950902396427,-0.08350904875980181
2020-02-28,2.5380001068115234,2.579874077000485,-0.04187397018896144
2020-03-02,2.615000009536743,2.527552076075404,0.08744793346133894
2020-03-03,2.609999895095825,2.6248033008775007,-0.014803405781675494
2020-03-04,2.6670000553131104,2.614712632943847,0.052287422369263314
2020-03-05,2.58899998664856,2.6504911830046844,-0.06149119635612443
2020-03-06,2.526000022888184,2.6007653653184413,-0.07476534243025723
2020-03-09,2.303999900817871,2.5149285491793605,-0.2109286483614894
2020-03-10,2.437999963760376,2.3141425445560713,0.12385741920430471
2020-03-11,2.424000024795532,2.431449791732689,-0.007449766937157154
2020-03-12,2.220000028610229,2.4548919535019436,-0.2348919248917145
2020-03-13,2.2920000553131104,2.1891041134511156,0.1028959418619948
2020-03-16,1.7380000352859497,2.2883009126446052,-0.5503008773586555
2020-03-17,1.9119999408721924,1.7807002240766734,0.131299716795519
2020-03-18,1.5980000495910645,1.849561523024283,-0.25156147343321855
2020-03-19,1.6100000143051147,1.6916924746927393,-0.08169246038762457
2020-03-20,1.687999963760376,1.5389385189614837,0.14906144479889227
2020-03-23,1.6770000457763672,1.7268951055560497,-0.04989505977968256
2020-03-24,1.88100004196167,1.6788054858885724,0.20219455607309755
2020-03-25,2.066999912261963,1.849785328060502,0.21721458420146078
2020-03-26,2.1730000972747803,2.093844259840025,0.0791558374347554
2020-03-27,2.0369999408721924,2.152266072308881,-0.11526613143668873
2020-03-30,2.08899998664856,2.026550012428763,0.06244997421979681
2020-03-31,2.128000020980835,2.0867991033881848,0.04120091759265021
2020-04-01,2.0460000038146973,2.1528659572341478,-0.10686595341945049
2020-04-02,2.08899998664856,2.03212428616854,0.05687570048002
2020-04-03,2.0179998874664307,2.0814367517069496,-0.06343686424051898
2020-04-06,2.0209999084472656,2.039561597032261,-0.018561688584995295
2020-04-07,2.0280001163482666,2.0020438372424154,0.025956279105851188
2020-04-08,2.0929999351501465,2.0397367345600057,0.05326320059014078
2020-04-09,2.1480000019073486,2.091962202765633,0.056037799141715805
2020-04-13,2.128999948501587,2.1454413811370934,-0.01644143263550646
2020-04-14,2.190000057220459,2.1266222417311065,0.06337781548935251
2020-04-15,2.1610000133514404,2.184564347539291,-0.023564334187850644
2020-04-16,2.1600000858306885,2.170999109955781,-0.010999024125092571
2020-04-17,2.177000045776367,2.148767613658352,0.028232432118015183
2020-04-20,2.1689999103546143,2.1840244411500187,-0.015024530795404445
2020-04-21,2.0980000495910645,2.170503837486812,-0.07250378789574752
2020-04-22,2.1459999084472656,2.0930749071400534,0.05292500130721223
2020-04-23,2.1619999408721924,2.1457301627637624,0.01626977810843
2020-04-24,2.1700000762939453,2.173788261078538,-0.003788184784592641
2020-04-27,2.2230000495910645,2.1582862206977063,0.0647138288933582
2020-04-28,2.2769999504089355,2.223775707525547,0.05322424288338867
2020-04-29,2.3469998836517334,2.2817615252755377,0.06523835837619574
2020-04-30,2.289999961853028,2.3400078800470006,-0.05000791819397277
2020-05-01,2.2230000495910645,2.2912196963572975,-0.06821964676623304
2020-05-04,2.2330000400543213,2.215597530819851,0.017402509234470287
2020-05-05,2.246999979019165,2.240835309039481,0.006164669979684234
2020-05-06,2.20199990272522,2.2538186370431115,-0.0518187343178913
2020-05-07,2.23799991607666,2.195430054850133,0.042569861226527284
2020-05-08,2.5420000553131104,2.235202666371733,0.3067973889413773
2020-05-11,2.565000057220459,2.549326681239737,0.01567337598072216
2020-05-12,2.3980000019073486,2.5718694176949,-0.17386941578755133
2020-05-13,2.3289999961853027,2.3605602827503582,-0.031560286565055495
2020-05-14,2.3350000381469727,2.339771559734564,-0.004771521587591199
2020-05-15,2.3289999961853027,2.3587590683856563,-0.029759072200353565
2020-05-18,2.440999984741211,2.3208587585065263,0.1201412262346846
2020-05-19,2.4790000915527344,2.436719787085556,0.04228030446717845
2020-05-20,2.559999942779541,2.488985008621163,0.07101493415837812
2020-05-21,2.5160000324249268,2.5427391935342136,-0.02673916110928687
2020-05-22,2.470000028610229,2.5228624512474678,-0.052862422637238726
2020-05-26,2.5299999713897705,2.462132285186896,0.06786768620287464
2020-05-27,2.58899998664856,2.5353950127002927,0.053604973948267354
2020-05-28,2.532999992370605,2.5976843761477952,-0.06468438377719021
2020-05-29,2.595999956130981,2.5231791773845775,0.07282077874640347
2020-06-01,2.6549999713897705,2.5892505878832193,0.06574938350655124
2020-06-02,2.746000051498413,2.671300997049846,0.07469905444856728
2020-06-03,2.7730000019073486,2.734077423302685,0.03892257860466364
2020-06-04,2.775000095367432,2.772792741312741,0.0022073540546911907
2020-06-05,2.861000061035156,2.7714046931762897,0.08959536785886613
2020-06-08,2.970999956130981,2.8602904070531574,0.1107095490778236
2020-06-09,2.961999893188477,2.9774112516134643,-0.01541135842498731
2020-06-10,2.9100000858306885,2.9557956424682605,-0.045795556637572066
2020-06-11,2.802000045776367,2.900554659839099,-0.0985546140627318
2020-06-12,2.921999931335449,2.8105151442168212,0.11148478711862797
2020-06-15,3.128999948501587,2.920951291517923,0.2080486569836637
2020-06-16,3.115000009536743,3.143720875669756,-0.028720866133012724
2020-06-17,3.177000045776367,3.103875321652454,0.07312472412391324
2020-06-18,3.1419999599456787,3.1537662365755934,-0.011766276629914696
2020-06-19,3.2309999465942383,3.165117700066809,0.06588224652742936
2020-06-22,3.1029999256134038,3.217489396547752,-0.11448947093434825
2020-06-23,3.127000093460083,3.114509311012549,0.012490782447533988
2020-06-24,3.061000108718872,3.110601297729074,-0.04960118901020172
2020-06-25,3.1029999256134038,3.082872860329052,0.02012706528435171
2020-06-26,2.812000036239624,3.0901128291798483,-0.2781127929402243
2020-06-29,2.8239998817443848,2.823358687124869,0.0006411946195159501
2020-06-30,2.83899998664856,2.8024632598727406,0.03653672677581943
2020-07-01,2.7939999103546143,2.8790436675050612,-0.08504375715044699
2020-07-02,2.747999906539917,2.7765624015921166,-0.028562495052199655
2020-07-06,2.7950000762939453,2.7385598609377286,0.05644021535621668
2020-07-07,2.753000020980835,2.8074780411155666,-0.054478020134731686
2020-07-08,2.821000099182129,2.754400038850561,0.06660006033156796
2020-07-09,2.763999938964844,2.8075022460603622,-0.043502307095518056
2020-07-10,2.763999938964844,2.779694299736539,-0.015694360771694615
2020-07-13,2.713000059127808,2.7485267775314712,-0.03552671840366317
2020-07-14,2.7699999809265137,2.723345145401632,0.04665483552488148
2020-07-15,2.7860000133514404,2.766712086130079,0.0192879272213613
2020-07-16,2.812999963760376,2.7922036998690754,0.020796263891300626
2020-07-17,2.8399999141693115,2.8047818140629532,0.035218100106358285
2020-07-20,2.865000009536743,2.8414965643761763,0.023503445160566905
2020-07-21,2.809000015258789,2.865197215757043,-0.05619720049825405
2020-07-22,2.796999931335449,2.807348500105503,-0.010348568770053745
2020-07-23,2.76200008392334,2.793289015993807,-0.03128893207046701
2020-07-24,2.7170000076293945,2.771262165955237,-0.05426215832584225
2020-07-27,2.845999956130981,2.713160076072252,0.13283988005872915
2020-07-28,2.813999891281128,2.845513314725132,-0.03151342344400421
2020-07-29,2.9579999446868896,2.8268307922312736,0.131169152455616
2020-07-30,2.9730000495910645,2.932653622871408,0.04034642671965649
2020-07-31,3.0309998989105225,2.9937824248992806,0.03721747401124187
2020-08-03,3.0309998989105225,3.012260830673122,0.01873906823740068
2020-08-04,3.032999992370605,3.0366922937001477,-0.00369230132954268
2020-08-05,3.0789999961853027,3.031762752354056,0.04723724383124672
2020-08-06,3.009000062942505,3.078454261770716,-0.06945419882821113
2020-08-07,3.0179998874664307,3.014046410716304,0.003953476750126583
2020-08-10,3.0209999084472656,3.0073158437306144,0.013684064716651179
2020-08-11,3.0480000972747803,3.0342143215635367,0.01378577571124362
2020-08-12,2.6010000705718994,3.0430574975534674,-0.442057426981568
2020-08-13,2.5989999771118164,2.603982565261163,-0.004982588149346601
2020-08-14,2.609999895095825,2.5740449852966782,0.03595490979914695
2020-08-17,2.5739998817443848,2.6722009667268343,-0.0982010849824495
2020-08-18,2.5859999656677246,2.545595348519252,0.04040461714847243
2020-08-19,2.5910000801086426,2.5749169847433846,0.016083095365257982
2020-08-20,2.61899995803833,2.609381135295702,0.00961882274262793
2020-08-21,2.6540000438690186,2.6070537196450703,0.04694632422394829
2020-08-24,2.6659998893737797,2.6547826769881673,0.011217212385612463
2020-08-25,2.664999961853028,2.668273691425587,-0.0032737295725593363
2020-08-26,2.5989999771118164,2.659771337666525,-0.060771360554708664
2020-08-27,2.615000009536743,2.60117382802689,0.013826181509853264
2020-08-28,2.7070000171661377,2.6128391998606397,0.09416081730549797
2020-08-31,2.739000082015991,2.715188701378924,0.023811380637067003
2020-09-01,2.7070000171661377,2.7375968540107896,-0.030596836844651865
2020-09-02,2.7320001125335693,2.6963995050739,0.03560060745966931
2020-09-03,2.5840001106262207,2.7334938012911403,-0.14949369066491958
2020-09-04,2.553999900817871,2.593238859019027,-0.03923895820115586
2020-09-08,2.5309998989105225,2.539020866271143,-0.008020967360620634
2020-09-09,2.617000102996826,2.5524008236188114,0.0645992793780148
2020-09-10,2.5439999103546143,2.610691368373809,-0.06669145801919463
2020-09-11,2.565999984741211,2.5463863019870856,0.01961368275412534
2020-09-14,2.634000062942505,2.5525901939452207,0.0814098689972842
2020-09-15,2.625,2.64834281086438,-0.02334281086438006
2020-09-16,2.630000114440918,2.622078089972062,0.007922024468856037
2020-09-17,2.638999938964844,2.618697053228074,0.020302885736770193
2020-09-18,2.694999933242798,2.6483942620227685,0.04660567122002934
2020-09-21,2.5910000801086426,2.692905409624417,-0.10190532951577458
2020-09-22,2.6040000915527344,2.592160367318631,0.01183972423410351
2020-09-23,2.513000011444092,2.59330166985958,-0.08030165841548831
2020-09-24,2.5420000553131104,2.5319546419633854,0.010045413349724974
2020-09-25,2.571000099182129,2.5285296163284543,0.04247048285367461
2020-09-28,2.6489999294281006,2.583255405956136,0.06574452347196447
2020-09-29,2.680000066757202,2.643535733128795,0.036464333628407175
2020-09-30,2.640000104904175,2.678048638913973,-0.03804853400979802
2020-10-01,2.615999937057495,2.6361933738021364,-0.020193436744641247
2020-10-02,2.5829999446868896,2.6137549800986113,-0.030755035411721643
2020-10-05,2.6760001182556152,2.5901204617064155,0.08587965654919971
2020-10-06,2.651000022888184,2.6736520913637727,-0.02265206847558865
2020-10-07,2.703000068664551,2.658712926928993,0.0442871417355577
2020-10-08,2.760999917984009,2.6871558419860078,0.07384407599800102
2020-10-09,2.7709999084472656,2.772132148300492,-0.0011322398532263023
2020-10-12,2.7920000553131104,2.7672029602404913,0.02479709507261907
2020-10-13,2.7850000858306885,2.7845973960647084,0.0004026897659801243
2020-10-14,2.744999885559082,2.791835771766598,-0.046835886207516
2020-10-15,2.7660000324249268,2.741882830300674,0.024117202124252834
2020-10-16,2.7290000915527344,2.7649743648220353,-0.035974273269300916
2020-10-19,2.6689999103546143,2.7372025843525045,-0.06820267399789026
2020-10-20,2.6519999504089355,2.660884913150918,-0.00888496274198225
2020-10-21,2.615000009536743,2.6551352004269604,-0.04013519089021722
2020-10-22,2.6760001182556152,2.6218029940978718,0.05419712415774347
2020-10-23,2.5460000038146973,2.669660438190427,-0.12366043437572971
2020-10-26,2.430000066757202,2.5549980350201307,-0.12499796826292853
2020-10-27,2.374000072479248,2.413887715279346,-0.03988764280009782
2020-10-28,2.2249999046325684,2.388743326684444,-0.16374342205187542
2020-10-29,2.2950000762939453,2.232802906070648,0.062197170223297515
2020-10-30,2.2720000743865967,2.282096140210952,-0.010096065824355183
2020-11-02,2.299999952316284,2.295481688100192,0.004518264216092138
2020-11-03,2.321000099182129,2.2788952823526025,0.04210481682952638
2020-11-04,2.838000059127808,2.326780086521572,0.5112199726062361
2020-11-05,2.86899995803833,2.8344678243110226,0.03453213372730746
2020-11-06,2.796999931335449,2.890962963301156,-0.09396303196570699
2020-11-09,2.7699999809265137,2.7312811681046036,0.03871881282191003
2020-11-10,2.7780001163482666,2.7966295796952854,-0.01862946334701876
2020-11-11,2.8499999046325684,2.7958973723901495,0.0541025322424189
2020-11-12,2.8550000190734863,2.8363176350550963,0.018682384018390064
2020-11-13,2.953000068664551,2.8631809128521333,0.0898191558124175
2020-11-16,2.9489998817443848,2.9443252278386844,0.004674653905700321
2020-11-17,2.950000047683716,2.955142193387382,-0.005142145703666223
2020-11-18,2.9560000896453857,2.939093239951146,0.016906849694239945
2020-11-19,2.996000051498413,2.961403870064746,0.03459618143366727
2020-11-20,2.99399995803833,2.997674439350702,-0.0036744813123719133
2020-11-23,2.936000108718872,2.993180483866279,-0.05718037514740715
2020-11-24,2.9089999198913574,2.9326841162500696,-0.023684196358712217
2020-11-25,2.930999994277954,2.90910596041596,0.021894033861994178
2020-11-27,2.9649999141693115,2.9372472005703716,0.027752713598939938
2020-11-30,2.821000099182129,2.9651315423691305,-0.14413144318700155
2020-12-01,2.88700008392334,2.8189986732731813,0.06800141065015852
2020-12-02,2.9140000343322754,2.876263268614623,0.03773676571765261
2020-12-03,2.9670000076293945,2.9395220015309405,0.027478006098454077
2020-12-04,3.062999963760376,2.9489028452646444,0.11409711849573156
2020-12-07,3.095000028610229,3.0631339755678693,0.03186605304235979
2020-12-08,3.0920000076293945,3.0998152776357504,-0.007815270006355846
2020-12-09,3.0339999198913574,3.079837900238753,-0.04583798034739539
2020-12-10,3.0429999828338623,3.0377580049284147,0.005241977905447559
2020-12-11,2.992000102996826,3.043852489711582,-0.051852386714756005
2020-12-14,2.924000024795532,2.998581119347288,-0.07458109455175643
2020-12-15,2.990000009536743,2.917786961062255,0.07221304847448806
2020-12-16,2.993000030517578,2.992936765042538,6.326547504009739e-05
2020-12-17,2.994999885559082,3.003611122257202,-0.008611236698119917
2020-12-18,3.049000024795532,2.979600019062775,0.06940000573275684
2020-12-21,2.996999979019165,3.0531301592399727,-0.056130180220807624
2020-12-22,2.9800000190734863,3.0024754612559827,-0.02247544218249642
2020-12-23,3.0190000534057617,2.9668188475277337,0.05218120587802799
2020-12-24,3.052000045776367,3.0301775849904757,0.02182246078589145
2020-12-28,3.052999973297119,3.053738723895371,-0.0007387505982516807
2020-12-29,3.052999973297119,3.045277573602097,0.007722399695022197
2020-12-30,3.046999931335449,3.0536093265493793,-0.006609395213930114
2020-12-31,3.1659998893737797,3.0491567178326906,0.11684317154108914
2021-01-04,3.1050000190734863,3.1634872556783282,-0.0584872366048419
2021-01-05,3.115999937057495,3.1133513765873566,0.0026485604701385057
2021-01-06,3.188999891281128,3.0959840389194264,0.09301585236170151
2021-01-07,3.219000101089477,3.20494303340571,0.014057067683767244
2021-01-08,3.187999963760376,3.21934703742931,-0.031347073668933856
2021-01-11,3.2100000381469727,3.176228164240573,0.03377187390639946
2021-01-12,3.240999937057495,3.212749657473006,0.028250279584489224
2021-01-13,3.253999948501587,3.2479879405788625,0.006012007922724383
2021-01-14,3.2669999599456787,3.2485012045199353,0.01849875542574342
2021-01-15,3.234999895095825,3.2656550622842992,-0.030655167188474053
2021-01-19,3.246999979019165,3.2374735832436947,0.00952639577547032
2021-01-20,3.368000030517578,3.2430966541220805,0.12490337639549765
2021-01-21,3.375999927520752,3.373048549115905,0.0029513784048469383
2021-01-22,3.4210000038146973,3.3792273486596924,0.041772655155004834
2021-01-25,3.470000028610229,3.4040246853507297,0.06597534325949939
2021-01-26,3.378999948501587,3.4803026497751093,-0.10130270127352237
2021-01-27,3.2239999771118164,3.3778492751901577,-0.15384929807834125
2021-01-28,3.180000066757202,3.2136235121255843,-0.03362344536838213
2021-01-29,3.0999999046325684,3.190843548556259,-0.09084364392369082
2021-02-01,3.1540000438690186,3.1131543757815887,0.04084566808742984
2021-02-02,3.174999952316284,3.1422915819490433,0.032708370367240835
2021-02-03,3.302999973297119,3.1872080804050436,0.11579189289207559
2021-02-04,3.289999961853028,3.29150114243654,-0.0015011805835123404
2021-02-05,3.194999933242798,3.2946921262372393,-0.09969219299444143
2021-02-08,3.380000114440918,3.1819646585628307,0.19803545587808724
2021-02-09,3.390000104904175,3.38141491950436,0.008585185399814677
2021-02-10,3.371999979019165,3.414530062420799,-0.04253008340163378
2021-02-11,3.421999931335449,3.337959636488642,0.0840402948468073
2021-02-12,3.194999933242798,3.4320489897908737,-0.23704905654807584
2021-02-16,3.193000078201294,3.2082082393181217,-0.015208161116827768
2021-02-17,3.1530001163482666,3.165413482442212,-0.012413366093945388
2021-02-18,3.1630001068115234,3.191483004521231,-0.028482897709707355
2021-02-19,3.1679999828338623,3.147584721381066,0.020415261452796152
2021-02-22,3.177999973297119,3.1669086855757267,0.011091287721392451
2021-02-23,3.263999938964844,3.182099396846563,0.08190054211828102
2021-02-24,3.369999885559082,3.2589785044917012,0.1110213810673808
2021-02-25,3.25,3.373411686517239,-0.123411686517239
2021-02-26,3.263000011444092,3.2464726301679403,0.016527381276151498
2021-03-01,3.427000045776367,3.246533286127326,0.18046675964904102
2021-03-02,3.407999992370605,3.4515898771148503,-0.0435898847442453
2021-03-03,3.361999988555908,3.406982504921379,-0.044982516365470904
2021-03-04,3.26200008392334,3.3359878431999626,-0.07398775927662271
2021-03-05,3.3910000324249268,3.2793200123903836,0.11168002003454314
2021-03-08,3.4549999237060547,3.389138711707042,0.06586121199901251
2021-03-09,3.431999921798706,3.4675976277101017,-0.03559770591139566
2021-03-10,3.569999933242798,3.4149429309694694,0.15505700227332841
2021-03-11,3.5810000896453857,3.565565594338635,0.015434495306750673
2021-03-12,3.6459999084472656,3.599035325698505,0.04696458274876081
2021-03-15,3.7100000381469727,3.622185958743317,0.08781407940365549
2021-03-16,3.71399998664856,3.72082667734383,-0.006826690695270088
2021-03-17,3.829999923706055,3.713388574489795,0.11661134921626015
2021-03-18,3.822999954223633,3.8197262981885625,0.003273656035070349
2021-03-19,3.8550000190734863,3.8366122318954647,0.018387787178021586
2021-03-22,3.891999959945679,3.8382248257509683,0.053775134194710805
2021-03-23,3.766000032424927,3.9004926432128593,-0.13449261078793207
2021-03-24,3.739000082015991,3.7677671332073177,-0.028767051191326498
2021-03-25,3.7060000896453857,3.7257421780390163,-0.019742088393630564
2021-03-26,3.816999912261963,3.727288588405675,0.08971132385628788
2021-03-29,3.746999979019165,3.809453263174734,-0.062453284155568944
2021-03-30,3.7939999103546143,3.7531105407172403,0.040889369637373996
2021-03-31,3.9059998989105225,3.7762786352752893,0.12972126363523317
2021-04-01,3.9600000381469727,3.9222994057568124,0.037700632390160305
2021-04-05,4.0,3.956506634423928,0.04349336557607186
2021-04-06,3.936000108718872,3.9864917952680385,-0.05049168654916647
2021-04-07,3.934000015258789,3.9429038128846683,-0.008903797625879228
2021-04-08,3.9579999446868896,3.9279720512772847,0.03002789340960499
2021-04-09,3.9679999351501465,3.967451010551047,0.0005489245990992764
2021-04-12,4.002999782562256,3.9672286655709885,0.03577111699126734
2021-04-13,3.953000068664551,3.9978772141205594,-0.04487714545600863
2021-04-14,3.927999973297119,3.9574299630919723,-0.029429989794853118
2021-04-15,3.933000087738037,3.920853969417123,0.012146118320913946
2021-04-16,3.9170000553131104,3.9401477896817334,-0.023147734368623052
2021-04-19,3.8559999465942383,3.9187369502708145,-0.0627370036765762
2021-04-20,3.7829999923706055,3.851465303897162,-0.06846531152655633
2021-04-21,3.849999904632568,3.784295728711499,0.06570417592106903
2021-04-22,3.7790000438690186,3.8527981454072444,-0.07379810153822586
2021-04-23,3.825000047683716,3.7882610496338955,0.03673899804982028
2021-04-26,3.865999937057495,3.806535603394378,0.05946433366311732
2021-04-27,3.849999904632568,3.8825394899756414,-0.03253958534307344
2021-04-28,3.813999891281128,3.8430570207859813,-0.029057129504853396
2021-04-29,3.809999942779541,3.8068230928708053,0.0031768499087356794
2021-04-30,3.70199990272522,3.8172322817734408,-0.11523237904822059
2021-05-03,3.7260000705718994,3.7048912265555862,0.02110884401631319
2021-05-04,3.6579999923706055,3.71700222234793,-0.05900222997732474
2021-05-05,3.625999927520752,3.676000566708098,-0.050000639187345985
2021-05-06,3.617000102996826,3.611955170635623,0.0050449323612031804
2021-05-07,3.638999938964844,3.6240060573832595,0.014993881581584656
2021-05-10,3.5169999599456787,3.6418729162351187,-0.12487295628943995
2021-05-11,3.4189999103546143,3.514591178392803,-0.09559126803818874
2021-05-12,3.365000009536743,3.4113065324655043,-0.04630652292876114
2021-05-13,3.4570000171661377,3.378738924391911,0.07826109277422688
2021-05-14,3.625999927520752,3.4581427528592337,0.16785717466151828
2021-05-17,3.61299991607666,3.628365168164746,-0.015365252088086034
2021-05-18,3.595000028610229,3.607987331982922,-0.012987303372693049
2021-05-19,3.5799999237060547,3.5764642608502437,0.0035356628558109726
2021-05-20,3.5899999141693115,3.593528764343513,-0.003528850174201459
2021-05-21,3.565999984741211,3.590929197630381,-0.02492921288917005
2021-05-24,3.5929999351501465,3.5645937142088333,0.028406220941313176
2021-05-25,3.546999931335449,3.5921436537266773,-0.0451437223912281
2021-05-26,3.565999984741211,3.5521699504597795,0.01383003428143148
2021-05-27,3.5980000495910645,3.5576517961602923,0.040348253430772196
2021-05-28,3.4739999771118164,3.6067615367957244,-0.13276155968390801
2021-06-01,3.5209999084472656,3.4721626811825144,0.04883722726475126
2021-06-02,3.628000020980835,3.508706426072606,0.11929359490822877
2021-06-03,3.641000032424927,3.6510869756490916,-0.010086943224164369
2021-06-04,3.6689999103546143,3.631169309327771,0.037830601026843436
2021-06-07,3.700000047683716,3.6549716483098553,0.045028399373860495
2021-06-08,3.684999942779541,3.7116884913538786,-0.026688548574337556
2021-06-09,3.63100004196167,3.6816674588922456,-0.05066741693057564
2021-06-10,3.641000032424927,3.626427036465591,0.014572995959336144
2021-06-11,3.6649999618530273,3.645096618371942,0.019903343481085134
2021-06-14,3.624000072479248,3.6707748071558566,-0.04677473467660853
2021-06-15,3.618000030517578,3.6197966588324935,-0.0017966283149153384
2021-06-16,3.575999975204468,3.6137399843559583,-0.03774000915149012
2021-06-17,3.5390000343322754,3.5842068381406835,-0.045206803808408136
2021-06-18,3.4260001182556152,3.5342148178295782,-0.10821469957396301
2021-06-21,3.493000030517578,3.429630084938406,0.06336994557917208
2021-06-22,3.4019999504089355,3.4901513518193146,-0.08815140141037903
2021-06-23,3.434000015258789,3.41808103610283,0.01591897915595908
2021-06-24,3.5369999408721924,3.41239264130741,0.12460729956478245
2021-06-25,3.6010000705718994,3.5536753727315844,0.04732469784031501
2021-06-28,3.552999973297119,3.5987793446704677,-0.04577937137334853
2021-06-29,3.5390000343322754,3.539707033811216,-0.0007069994789405953
2021-06-30,3.5179998874664307,3.538895842997589,-0.020895955531158528
2021-07-01,3.5460000038146973,3.5279596023911055,0.018040401423591756
2021-07-02,3.5409998893737797,3.5414988979069872,-0.0004990085332075012
2021-07-06,3.4600000381469727,3.5448559125605734,-0.08485587441360076
2021-07-07,3.427999973297119,3.456683421522063,-0.02868344822494384
2021-07-08,3.380000114440918,3.425004244223718,-0.045004129782800106
2021-07-09,3.4560000896453857,3.3906570530479163,0.06534303659746943
2021-07-12,3.358999967575073,3.4508632229821714,-0.09186325540709861
2021-07-13,3.2950000762939453,3.3675782003690102,-0.07257812407506492
2021-07-14,3.444999933242798,3.2782511525306632,0.16674878071213461
2021-07-15,3.4549999237060547,3.457152178036493,-0.002152254330438197
2021-07-16,3.4140000343322754,3.4676069266014298,-0.05360689226915438
2021-07-19,3.493000030517578,3.3858028190873397,0.10719721143023841
2021-07-20,3.4830000400543213,3.5014861171883562,-0.01848607713403494
2021-07-21,3.513000011444092,3.4963335612785715,0.016666450165520263
2021-07-22,3.441999912261963,3.492994064720881,-0.05099415245891814
2021-07-23,3.509999990463257,3.453675537372875,0.0563244530903817
2021-07-26,3.5280001163482666,3.5030685381785736,0.024931578169693047
2021-07-27,3.496999979019165,3.5391792064309304,-0.042179227411765385
2021-07-28,3.571000099182129,3.4871704935697663,0.08382960561236263
2021-07-29,3.734999895095825,3.5685540682102963,0.1664458268855289
2021-07-30,3.803999900817871,3.7458050154310967,0.05819488538677442
2021-08-02,3.746000051498413,3.797787873691437,-0.051787822193023914
2021-08-03,3.788000106811523,3.7324059446522546,0.05559416215926838
2021-08-04,3.7799999713897705,3.7885785270597863,-0.008578555670015753
2021-08-05,3.859999895095825,3.7945410569085025,0.06545883818732268
2021-08-06,3.8949999809265137,3.847451595326147,0.04754838560036667
2021-08-09,3.890000104904175,3.9033603638468817,-0.01336025894270687
2021-08-10,3.857000112533569,3.882935427846236,-0.02593531531266713
2021-08-11,3.881999969482422,3.8545790168617957,0.02742095262062616
2021-08-12,3.8329999446868896,3.885649358995661,-0.05264941430877146
2021-08-13,3.630000114440918,3.8376127043412063,-0.2076125899002883
2021-08-16,3.7060000896453857,3.623241877577277,0.08275821206810896
2021-08-17,3.6570000648498535,3.7033170570395795,-0.04631699218972596
2021-08-18,3.562000036239624,3.6871276525445906,-0.1251276163049666
2021-08-19,3.4760000705718994,3.5340146630555673,-0.058014592483667915
2021-08-20,3.563999891281128,3.48214547697615,0.08185441430497775
2021-08-23,3.5929999351501465,3.5742741387733203,0.018725796376826143
2021-08-24,3.549000024795532,3.5963669022082514,-0.04736687741271961
2021-08-25,3.559000015258789,3.534802636656137,0.02419737860265192
2021-08-26,3.496999979019165,3.5595029129105225,-0.06250293389135742
2021-08-27,3.572999954223633,3.506835549369517,0.06616440485411568
2021-08-30,3.549999952316284,3.562218428441628,-0.01221847612534388
2021-08-31,3.6540000438690186,3.5641913537770487,0.0898086900919699
2021-09-01,3.753999948501587,3.638789932814195,0.11521001568739209
2021-09-02,3.783999919891357,3.7643667877126834,0.019633132178673574
2021-09-03,3.799999952316284,3.776663323945576,0.02333662837070838
2021-09-07,3.671999931335449,3.7912446065144367,-0.11924467517898751
2021-09-08,3.632999897003174,3.6798846611230975,-0.046884764119923705
2021-09-09,3.6480000019073486,3.625074671988428,0.02292532991892049
2021-09-10,3.658999919891357,3.6636009716608218,-0.004601051769464792
2021-09-13,3.713000059127808,3.6582322701786354,0.05476778894917267
2021-09-14,3.607000112533569,3.7056820235203456,-0.0986819109867767
2021-09-15,3.6440000534057617,3.6131407614805324,0.030859291925229293
2021-09-16,3.642999887466431,3.630372119176306,0.012627768290125019
2021-09-17,3.724999904632568,3.6623170407227597,0.06268286390980826
2021-09-20,3.631999969482422,3.7137018473187005,-0.08170187783627858
2021-09-21,3.6670000553131104,3.636587716690458,0.030412338622652246
2021-09-22,3.7739999294281006,3.654437680402962,0.11956224902513846
2021-09-23,3.75,3.7905571047985283,-0.040557104798528254
2021-09-24,3.7300000190734863,3.7467117232754115,-0.016711704201925137
2021-09-27,3.788000106811523,3.7134218074305014,0.07457829938102156
2021-09-28,3.7300000190734863,3.8007405519217112,-0.0707405328482249
2021-09-29,3.670000076293945,3.734084508244731,-0.06408443195078606
2021-09-30,3.6570000648498535,3.6550783472529234,0.0019217175969301614
2021-10-01,3.734999895095825,3.668767883058224,0.06623201203760098
2021-10-04,3.687999963760376,3.738376701515113,-0.05037673775473683
2021-10-05,3.7279999256134033,3.68714921639518,0.040850709218223535
2021-10-06,3.651999950408936,3.715782274297718,-0.0637823238887818
2021-10-07,3.7300000190734863,3.6666035964246113,0.06339642264887502
2021-10-08,3.687999963760376,3.7166279186944298,-0.02862795493405379
2021-10-11,3.6989998817443848,3.703565138266308,-0.004565256521923189
2021-10-12,3.588000059127808,3.6840151687188265,-0.09601510959101844
2021-10-13,3.5799999237060547,3.597168538709498,-0.017168615003443133
2021-10-14,3.595999956130981,3.5734953683324466,0.02250458779853437
2021-10-15,3.5439999103546143,3.6079604652278405,-0.06396055487322627
2021-10-18,3.496999979019165,3.5412509957109832,-0.04425101669181819
2021-10-19,3.5239999294281006,3.4895199823371676,0.03447994709093294
2021-10-20,3.5350000858306885,3.5318556661068805,0.0031444197238079674
2021-10-21,3.5369999408721924,3.5384168917528656,-0.0014169508806731734
2021-10-22,3.5299999713897705,3.5291690417124553,0.0008309296773152397
2021-10-25,3.532999992370605,3.531965421916106,0.001034570454498951
2021-10-26,3.5450000762939453,3.5334612636457807,0.011538812648164587
2021-10-27,3.5309998989105225,3.544737193475011,-0.013737294564488689
2021-10-28,3.5439999103546143,3.531663227546269,0.012336682808345323
2021-10-29,3.5390000343322754,3.541606329021999,-0.0026062946897233985
2021-11-01,3.6649999618530273,3.542447497593664,0.12255246425936317
2021-11-02,3.7060000896453857,3.661071912045733,0.04492817759965284
2021-11-03,4.186999797821045,3.71353286479637,0.473466933024675
2021-11-04,4.697000026702881,4.16799273743788,0.5290072892650013
2021-11-05,4.6579999923706055,4.720718187474983,-0.06271819510437737
2021-11-08,4.504000186920166,4.624401760284971,-0.12040157336480473
2021-11-09,4.484000205993652,4.461876073117127,0.022124132876525593
2021-11-10,4.381999969482422,4.524213606230058,-0.14221363674763587
2021-11-11,4.431000232696533,4.396747425511804,0.03425280718472923
2021-11-12,4.36899995803833,4.411175883733574,-0.04217592569524431
2021-11-15,4.309000015258789,4.39270838427989,-0.08370836902110135
2021-11-16,4.401000022888184,4.292380110244239,0.10861991264394444
2021-11-17,4.25,4.403864074742749,-0.15386407474274932
2021-11-18,4.285999774932861,4.2659109109944175,0.02008886393844378
2021-11-19,4.2179999351501465,4.256223745712773,-0.03822381056262625
2021-11-22,4.2170000076293945,4.248776212421757,-0.03177620479236243
2021-11-23,4.177999973297119,4.201280501990015,-0.02328052869289543
2021-11-24,4.196000099182129,4.183267065697725,0.012733033484403578
2021-11-26,4.043000221252441,4.196303897247071,-0.15330367599462935
2021-11-29,4.063000202178955,4.045991703722411,0.017008498456544174
2021-11-30,4.139999866485596,4.051047369307511,0.0889524971780844
2021-12-01,4.243000030517578,4.1624970523480345,0.08050297816954366
2021-12-02,4.283999919891357,4.233692981077813,0.0503069388135442
2021-12-03,4.322999954223633,4.276736329184615,0.0462636250390176
2021-12-06,4.269999980926514,4.320503435144239,-0.05050345421772562
2021-12-07,4.388000011444092,4.271739033032118,0.11626097841197414
2021-12-08,4.373000144958496,4.3814015280870136,-0.008401383128517459
2021-12-09,4.24399995803833,4.389800610740284,-0.1458006527019542
2021-12-10,4.287000179290772,4.224918475740702,0.0620817035500707
2021-12-13,4.190999984741211,4.2880908453858515,-0.09709086064464056
2021-12-14,4.163000106811523,4.2150000217578505,-0.05199991494632705
2021-12-15,4.23799991607666,4.1389656541612405,0.09903426191541964
2021-12-16,4.159999847412109,4.252358612399103,-0.09235876498699369
2021-12-17,4.093999862670898,4.166455144573745,-0.07245528190284656
2021-12-20,4.127999782562256,4.072008456048053,0.05599132651420291
2021-12-21,4.263000011444092,4.14362738669307,0.11937262475102184
2021-12-22,4.258999824523926,4.268464961077089,-0.009465136553163056
2021-12-23,4.271999835968018,4.2525219103681575,0.019477925599860058
2021-12-27,4.47599983215332,4.258671108569047,0.21732872358427358
2021-12-28,4.416999816894531,4.485103878818707,-0.06810406192417595
2021-12-29,4.554999828338623,4.426016793380612,0.12898303495801144
2021-12-30,4.4679999351501465,4.521195059075771,-0.05319512392562409
2021-12-31,4.394999980926514,4.500694518148828,-0.10569453722231437
2022-01-03,4.561999797821045,4.370081386338576,0.1919184114824688
2022-01-04,4.714000225067139,4.571319477461226,0.14268074760591265
2022-01-05,4.535999774932861,4.7341333489228345,-0.19813357398997322
2022-01-06,4.510000228881836,4.511037966645421,-0.001037737763584623
2022-01-07,4.4079999923706055,4.493137657556693,-0.08513766518608712
2022-01-10,4.418000221252441,4.44668311991142,-0.028682898658978218
2022-01-11,4.491000175476074,4.399457321551221,0.09154285392485306
2022-01-12,4.484000205993652,4.500465472002242,-0.016465266008589552
2022-01-13,4.52899980545044,4.486988891776038,0.04201091367440224
2022-01-14,4.557000160217285,4.512870175036634,0.04412998518065159
2022-01-18,4.617000102996826,4.567812006331565,0.04918809666526158
2022-01-19,4.215000152587891,4.6119114358581905,-0.3969112832702999
2022-01-20,4.230000019073486,4.218007194672024,0.011992824401461988
2022-01-21,4.10099983215332,4.204603510326611,-0.10360367817329053
2022-01-24,4.093999862670898,4.161588676762544,-0.06758881409164541
2022-01-25,3.944999933242798,4.058619022491531,-0.11361908924873276
2022-01-26,3.901000022888184,3.9576609144131227,-0.056660891524938695
2022-01-27,3.881999969482422,3.897278567476887,-0.01527859799446496
2022-01-28,4.014999866485596,3.8900515157707467,0.124948350714849
2022-01-31,4.052000045776367,4.012794514209295,0.03920553156707207
2022-02-01,4.170000076293945,4.056503095852724,0.11349698044122114
2022-02-02,4.38100004196167,4.152574583671259,0.2284254582904106
2022-02-03,3.930999994277954,4.388723651612563,-0.4577236573346086
2022-02-04,3.819999933242798,3.934394496532896,-0.114394563290098
2022-02-07,3.8010001182556152,3.772351368796151,0.028648749459464273
2022-02-08,3.849999904632568,3.8749963008058472,-0.02499639617327931
2022-02-09,3.865000009536743,3.834721161005621,0.030278848531122282
2022-02-10,3.857000112533569,3.851111711026238,0.005888401507331054
2022-02-11,3.805999994277954,3.8641590196613325,-0.05815902538337836
2022-02-14,3.806999921798706,3.8007912018166485,0.00620871998205752
2022-02-15,3.973000049591065,3.805143308165154,0.1678567414259109
2022-02-16,3.9760000705718994,3.98042704623997,-0.0044269756680703765
2022-02-17,3.884999990463257,3.9801077419691375,-0.09510775150588069
2022-02-18,3.9159998893737793,3.862574617381216,0.05342527199256342
2022-02-22,3.9179999828338623,3.9230946710829437,-0.005094688249081436
2022-02-23,3.9030001163482666,3.9339267592854665,-0.030926642937199933
2022-02-24,3.9189999103546143,3.8886585483785994,0.03034136197601489
2022-02-25,4.017000198364258,3.9216210747511053,0.09537912361315248
2022-02-28,3.928999900817871,4.0217739341317955,-0.09277403331392442
2022-03-01,3.990000009536743,3.9285270724268435,0.06147293710989965
2022-03-02,4.2170000076293945,3.97327241619266,0.2437275914367345
2022-03-03,4.210999965667725,4.238071869246634,-0.02707190357890976
2022-03-04,4.1570000648498535,4.209210754226326,-0.052210689376472885
2022-03-07,4.044000148773193,4.126352363288773,-0.08235221451557972
2022-03-08,4.047999858856201,4.063258065831166,-0.015258206974964494
2022-03-09,4.159999847412109,4.048994472953612,0.11100537445849756
2022-03-10,4.118000030517578,4.165941984798646,-0.04794195428106818
2022-03-11,4.158999919891357,4.120647397895742,0.03835252199561534
2022-03-14,4.052000045776367,4.139437825229867,-0.08743777945349951
2022-03-15,4.182000160217285,4.0695664286348725,0.11243373158241265
2022-03-16,4.275000095367432,4.167437431342955,0.1075626640244769
2022-03-17,4.193999767303467,4.295171327531836,-0.10117156022836937
2022-03-18,4.289000034332275,4.1787085308747685,0.11029150345750693
2022-03-21,4.298999786376953,4.275612983281873,0.023386803095080566
2022-03-22,4.295000076293945,4.3267058308158,-0.03170575452185442
2022-03-23,4.234000205993652,4.273828884532859,-0.03982867853920702
2022-03-24,4.250999927520752,4.237316035806149,0.013683891714602936
2022-03-25,4.198999881744385,4.254833032126973,-0.05583315038258796
2022-03-28,4.185999870300293,4.203510308926395,-0.017510438626102243
2022-03-29,4.248000144958496,4.178325717608111,0.06967442735038532
2022-03-30,3.9579999446868896,4.2552311119379995,-0.2972311672511099
2022-03-31,3.806999921798706,3.962803743565625,-0.1558038217669191
2022-04-01,3.7920000553131104,3.781179771851145,0.010820283461965285
2022-04-04,3.7739999294281006,3.8300031141250717,-0.056003184696971076
2022-04-05,3.640000104904175,3.7753968521523418,-0.13539674724816697
2022-04-06,3.5350000858306885,3.625373148607803,-0.09037306277711465
2022-04-07,3.539999961853028,3.537029327735434,0.0029706341175939066
2022-04-08,3.5309998989105225,3.549937889505294,-0.018937990594771748
2022-04-11,3.5190000534057617,3.53418403648163,-0.015183983075868213
2022-04-12,3.4830000400543213,3.511161992486406,-0.028161952432084636
2022-04-13,3.559999942779541,3.485281139009315,0.07471880377022622
2022-04-14,3.651999950408936,3.5585699938487836,0.0934299565601524
2022-04-18,3.66100001335144,3.6580911286391906,0.002908884712249371
2022-04-19,4.465000152587891,3.6535822245627405,0.8114179280251501
2022-04-20,4.505000114440918,4.450408956392668,0.05459115804825032
2022-04-21,4.271999835968018,4.555024575452944,-0.2830247394849268
2022-04-22,4.236000061035156,4.164231905920957,0.07176815511419932
2022-04-25,4.277999877929688,4.270920784774091,0.0070790931555970715
2022-04-26,4.125,4.325346711668645,-0.2003467116686446
2022-04-27,4.164000034332275,4.0966691460705125,0.06733088826176292
2022-04-28,4.297999858856201,4.156700024460013,0.14129983439618776
2022-04-29,4.210000038146973,4.3289463487847595,-0.11894631063778682
2022-05-02,4.239999771118164,4.194852960461021,0.0451468106571431
2022-05-03,4.322999954223633,4.21824199293064,0.10475796129299297
2022-05-04,5.671999931335449,4.3513702741847515,1.3206296571506977
2022-05-05,5.303999900817871,5.651273121494765,-0.34727322067689403
2022-05-06,5.120999813079834,5.3675249890961565,-0.2465251760163225
2022-05-09,4.916999816894531,4.9272167864908285,-0.010216969596297254
2022-05-10,5.107999801635742,5.047559158065943,0.06044064356979906
2022-05-11,4.934999942779541,5.116303257912731,-0.18130331513319042
2022-05-12,5.113999843597412,4.923502145829526,0.19049769776788583
2022-05-13,5.235000133514404,5.093282969279258,0.14171716423514624
2022-05-16,5.258999824523926,5.273837128828884,-0.01483730430495811
2022-05-17,5.4079999923706055,5.227125100463761,0.18087489190684458
2022-05-18,5.236999988555908,5.399557396978223,-0.16255740842231514
2022-05-19,5.039000034332275,5.2605690918591,-0.22156905752682476
2022-05-20,4.97599983215332,5.005733205735489,-0.029733373582168987
2022-05-23,4.933000087738037,4.999981236464726,-0.06698114872668892
2022-05-24,4.744999885559082,4.951201411323314,-0.20620152576423223
2022-05-25,4.876999855041504,4.731314164196453,0.14568569084505079
2022-05-26,4.926000118255615,4.871721129677443,0.05427898857817226
2022-05-27,4.947000026702881,4.957442370647331,-0.010442343944450094
2022-05-31,5.00600004196167,4.91479426453198,0.09120577742968994
2022-06-01,5.170000076293945,5.007566360693241,0.16243371560070408
2022-06-02,5.548999786376953,5.178924291643635,0.37007549473331824
2022-06-03,5.480999946594238,5.541106692553035,-0.06010674595879628
2022-06-06,5.499000072479248,5.485546270166568,0.013453802312680452
2022-06-07,5.61899995803833,5.455609247818313,0.16339071022001672
2022-06-08,5.427000045776367,5.653425770831874,-0.22642572505550707
2022-06-09,5.019000053405762,5.431649539032757,-0.41264948562699555
2022-06-10,4.875,4.988411886435843,-0.1134118864358431
2022-06-13,4.688000202178955,4.896977440983703,-0.2089772388047475
2022-06-14,4.642000198364258,4.724985125540778,-0.08298492717652017
2022-06-15,4.7210001945495605,4.61741154956562,0.10358864498394027
2022-06-16,4.290999889373779,4.736602107378198,-0.445602218004419
2022-06-17,4.311999797821045,4.297040386146624,0.014959411674420942
2022-06-21,4.502999782562256,4.267145883367847,0.23585389919440924
2022-06-22,4.3379998207092285,4.571519936841645,-0.23352011613241608
2022-06-23,4.164999961853027,4.318613036012057,-0.15361307415903003
2022-06-24,4.269999980926514,4.121743857830097,0.14825612309641656
2022-06-27,4.328000068664551,4.310014478277702,0.017985590386849104
2022-06-28,4.179999828338623,4.340524636635142,-0.16052480829651916
2022-06-29,4.111999988555908,4.150566537415837,-0.038566548859928496
2022-06-30,4.034999847412109,4.11178959709743,-0.07678974968532071
2022-07-01,3.913000106811523,4.057307954902702,-0.14430784809117858
2022-07-05,3.8989999294281006,3.903882079813568,-0.004882150385467465
2022-07-06,3.910000085830689,3.89913773422553,0.010862351605159137
2022-07-07,4.038000106811523,3.924266915875449,0.11373319093607437
2022-07-08,4.046000003814697,4.027862139949506,0.01813786386519123
2022-07-11,4.035999774932861,4.050160881614761,-0.014161106681899405
2022-07-12,4.067999839782715,4.021997167857229,0.04600267192548557
2022-07-13,4.110000133514404,4.072503356704656,0.037496776809748056
2022-07-14,4.105000019073486,4.115465445991487,-0.010465426918000453
2022-07-15,4.216000080108643,4.099679540763506,0.11632053934513653
2022-07-18,4.25,4.212494866983214,0.037505133016786374
2022-07-19,4.375999927520752,4.260173441708902,0.11582648581184962
2022-07-20,4.557000160217285,4.3600150445422186,0.1969851156750666
2022-07-21,5.163000106811523,4.5647398346568595,0.5982602721546639
2022-07-22,5.072000026702881,5.155015453602222,-0.08301542689934127
2022-07-25,5.248000144958496,5.086113512734381,0.1618866322241148
2022-07-26,5.170000076293945,5.172665346820612,-0.002665270526666319
2022-07-27,5.138000011444092,5.23363077164819,-0.09563076020409778
2022-07-28,5.313000202178955,5.110067866402184,0.2029323357767714
2022-07-29,5.401000022888184,5.318083924419998,0.0829160984681856
2022-08-01,5.52400016784668,5.424495777456955,0.09950439038972458
2022-08-02,5.616000175476074,5.492374028028172,0.12362614744790257
2022-08-03,5.724999904632568,5.623397551153105,0.10160235347946323
2022-08-04,5.913000106811523,5.722918880921501,0.1900812258900224
2022-08-05,5.908999919891357,5.906773803652214,0.002226116239143039
2022-08-08,6.109000205993652,5.914049316199073,0.19495088979457975
2022-08-09,5.818999767303467,6.088185087390573,-0.2691853200871064
2022-08-10,6.373000144958496,5.845372536946564,0.5276276080119322
2022-08-11,6.421999931335449,6.326653262276188,0.09534666905926148
2022-08-12,6.531000137329102,6.501585860838736,0.029414276490365765
2022-08-15,6.703000068664551,6.442746382648501,0.2602536860160498
2022-08-16,6.611999988555908,6.727094350155539,-0.11509436159963116
2022-08-17,6.761000156402588,6.6299416697336415,0.13105848666894637
2022-08-18,7.196000099182129,6.719337083328951,0.4766630158531777
2022-08-19,6.982999801635742,7.233848920184798,-0.25084911854905556
2022-08-22,6.795000076293945,6.984503970370436,-0.18950389407649038
2022-08-23,6.767000198364258,6.725835846567619,0.04116435179663913
2022-08-24,7.02899980545044,6.82580426606315,0.2031955393872904
2022-08-25,7.436999797821045,7.037844474381778,0.39915532343926685
2022-08-26,6.98199987411499,7.425138398041573,-0.4431385239265824
2022-08-29,6.926000118255615,6.982162536592281,-0.056162418336665354
2022-08-30,6.460000038146973,6.861248271870843,-0.4012482337238703
2022-08-31,6.507999897003174,6.551206406661123,-0.043206509657949255
2022-09-01,6.329999923706055,6.462395826221901,-0.13239590251584588
2022-09-02,6.453999996185303,6.380836081758508,0.07316391442679482
2022-09-06,6.1579999923706055,6.423225880597585,-0.2652258882269791
2022-09-07,6.330999851226807,6.179684598658566,0.1513152525682404
2022-09-08,6.498000144958496,6.295458067253909,0.202542077704587
2022-09-09,6.688000202178955,6.546822838929144,0.14117736324981145
2022-09-12,6.665999889373779,6.657491770926255,0.008508118447524637
2022-09-13,6.3420000076293945,6.656222489529275,-0.3142224818998809
2022-09-14,6.438000202178955,6.340095637659155,0.09790456451980045
2022-09-15,6.535999774932861,6.429046838022261,0.10695293691060037
2022-09-16,6.230000019073486,6.58493089718247,-0.35493087810898327
2022-09-19,5.796999931335449,6.202548816074005,-0.40554888473855577
2022-09-20,5.579999923706055,5.773341718109718,-0.19334179440366306
2022-09-21,5.502999782562256,5.616949509029164,-0.11394972646690782
2022-09-22,5.419000148773193,5.524534542794526,-0.10553439402133247
2022-09-23,5.3429999351501465,5.411465614288406,-0.06846567913825918
2022-09-26,5.215000152587891,5.339823070207508,-0.12482291761961761
2022-09-27,5.349999904632568,5.218888417650312,0.13111148698225605
2022-09-28,5.565000057220459,5.344012439373361,0.22098761784709797
2022-09-29,5.445000171661377,5.582711293489147,-0.13771112182777046
2022-09-30,5.506999969482422,5.430891355238216,0.07610861424420623
2022-10-03,5.706999778747559,5.477416573232629,0.2295832055149294
2022-10-04,6.026999950408936,5.744341578874648,0.2826583715342883
2022-10-05,6.046999931335449,6.016446613103654,0.030553318231794968
2022-10-06,6.144999980926514,6.035520804493851,0.10947917643266258
2022-10-07,5.89300012588501,6.122772232433563,-0.22977210654855362
2022-10-10,5.625,5.917101112292295,-0.2921011122922952
2022-10-11,5.573999881744385,5.601947517815676,-0.027947636071290916
2022-10-12,5.242000102996826,5.5983676309600785,-0.35636752796325233
2022-10-13,5.514999866485596,5.26783147459155,0.2471683918940455
2022-10-14,5.401999950408936,5.476263863205887,-0.07426391279695022
2022-10-17,5.611999988555908,5.463896135655713,0.1481038529001948
2022-10-18,5.535999774932861,5.546387078015803,-0.010387303082941557
2022-10-19,5.559000015258789,5.572376645111666,-0.013376629852876576
2022-10-20,6.133999824523926,5.53248783825662,0.6015119862673055
2022-10-21,6.453000068664551,6.140164705479786,0.3128353631847647
2022-10-24,6.301000118255615,6.48412657279421,-0.18312645453859488
2022-10-25,6.703999996185303,6.234580150348745,0.4694198458365575
2022-10-26,6.565000057220459,6.689633945971022,-0.12463388875056314
2022-10-27,6.682000160217285,6.639820164367314,0.04217999584997134
2022-10-28,6.872000217437744,6.596011757777743,0.2759884596600015
2022-10-31,6.959000110626221,6.923198405887835,0.035801704738386064
2022-11-01,7.185999870300293,6.958814377287453,0.22718549301283986
2022-11-02,8.083999633789062,7.150432453875254,0.9335671799138083
2022-11-03,7.96999979019165,8.103134851148099,-0.13313506095644811
2022-11-04,7.663000106811523,7.992801339628968,-0.3298012328174442
2022-11-07,7.715000152587891,7.544541438163078,0.17045871442481264
2022-11-08,7.830999851226807,7.781572595210749,0.0494272560160578
2022-11-09,7.64900016784668,7.876333434448981,-0.2273332666023009
2022-11-10,8.071999549865723,7.606037660785096,0.46596188908062697
2022-11-11,8.347000122070312,8.06095613115042,0.2860439909198931
2022-11-14,8.192999839782715,8.405208412049582,-0.21220857226686718
2022-11-15,8.689000129699707,8.12887580513044,0.5601243245692675
2022-11-16,8.217000007629395,8.666217909662173,-0.4492179020327782
2022-11-17,8.70199966430664,8.301721533688246,0.40027813061839446
2022-11-18,8.64900016784668,8.58044059502065,0.06855957282602887
2022-11-21,8.390999794006348,8.773418285721757,-0.3824184917154092
2022-11-22,8.772000312805176,8.309686863232791,0.4623134495723846
2022-11-23,9.121999740600586,8.766466037566268,0.3555337030343182
2022-11-25,9.38700008392334,9.202461900594901,0.18453818332843852
2022-11-28,9.25,9.312507459478766,-0.06250745947876624
2022-11-29,9.14900016784668,9.244270549889814,-0.0952703820431342
2022-11-30,9.02299976348877,9.146303633160644,-0.12330386967187401
2022-12-01,9.050999641418455,9.040951536279671,0.01004810513878418
2022-12-02,8.670000076293945,9.053005020132932,-0.3830049438389871
2022-12-05,8.331000328063965,8.684248095115786,-0.3532477670518208
2022-12-06,8.628000259399414,8.302932292565815,0.32506796683359873
2022-12-07,8.609999656677246,8.660198204091921,-0.05019854741467533
2022-12-08,8.560999870300293,8.649855315876774,-0.08885544557648117
2022-12-09,8.402000427246094,8.488102010295833,-0.08610158304973936
2022-12-12,8.916000366210938,8.428401833577404,0.4875985326335339
2022-12-13,9.00100040435791,8.915853104002123,0.08514730035578744
2022-12-14,9.003999710083008,9.032415281283239,-0.02841557120023097
2022-12-15,8.057999610900879,8.934509131012687,-0.8765095201118083
2022-12-16,8.072999954223633,8.087406991947958,-0.014407037724325278
2022-12-19,7.828999996185303,8.035540059977986,-0.20654006379268353
2022-12-20,8.331000328063965,7.950486297227506,0.3805140308364585
2022-12-21,8.38700008392334,8.25516933859863,0.1318307453247094
2022-12-22,8.199999809265137,8.434389057880454,-0.23438924861531696
2022-12-23,8.218999862670898,8.14112133108795,0.07787853158294844
2022-12-27,8.288999557495117,8.214607704081638,0.07439185341347887
2022-12-28,8.0600004196167,8.334869455065485,-0.27486903544878594
2022-12-29,8.190999984741211,8.038641009047462,0.15235897569374934
2022-12-30,8.210000038146973,8.169933810689024,0.040066227457948855
2023-01-03,8.38599967956543,8.261734658756478,0.12426502080895219
2023-01-04,8.225000381469727,8.345953879681325,-0.12095349821159829
2023-01-05,8.024999618530273,8.238219074927397,-0.21321945639712325
2023-01-06,8.439000129699707,8.00580104474947,0.4331990849502372
2023-01-09,8.47700023651123,8.44949172271712,0.027508513794110456
2023-01-10,7.836999893188477,8.521408772779884,-0.6844088795914072
2023-01-11,7.560999870300293,7.768526038613528,-0.207526168313235
2023-01-12,8.045000076293945,7.552992600313285,0.4920074759806603
2023-01-13,8.057999610900879,8.127062457122761,-0.06906284622188252
2023-01-17,8.482999801635742,8.064976355517425,0.4180234461183172
2023-01-18,7.88700008392334,8.391835604168516,-0.5048355202451766
2023-01-19,7.085999965667725,7.9593342255653186,-0.873334259897594
2023-01-20,7.197999954223633,7.002731111680819,0.19526884254281374
2023-01-23,7.375,7.24950900400526,0.12549099599474012
2023-01-24,7.824999809265137,7.470159268015296,0.35484054124984077
2023-01-25,7.730999946594238,7.738384835685635,-0.007384889091397007
2023-01-26,7.626999855041504,7.746933698036536,-0.11993384299503251
2023-01-27,7.429999828338623,7.587105446230018,-0.15710561789139454
2023-01-30,7.2129998207092285,7.451494672835288,-0.2384948521260597
2023-01-31,7.232999801635742,7.222762636705953,0.010237164929788989
2023-02-01,7.973999977111816,7.233231456785164,0.7407685203266521
2023-02-02,8.187999725341797,7.990083925259458,0.1979158000823391
2023-02-03,8.434000015258789,8.207939318577168,0.2260606966816212
2023-02-06,8.321000099182129,8.339992427339869,-0.01899232815773999
2023-02-07,8.197999954223633,8.359286144771973,-0.16128619054834026
2023-02-08,8.522000312805176,8.181064570518943,0.34093574228623247
2023-02-09,8.699999809265137,8.529221164084438,0.17077864518069852
2023-02-10,9.001999855041504,8.738238003978026,0.26376185106347805
2023-02-13,9.053000450134276,8.949691355075322,0.10330909505895391
2023-02-14,9.288000106811523,9.067197104576476,0.22080300223504779
2023-02-15,9.300000190734863,9.267156065755765,0.032844124979098055
2023-02-16,9.588000297546388,9.316333155482162,0.27166714206422604
2023-02-17,9.197999954223633,9.564010728411537,-0.3660107741879042
2023-02-21,8.805999755859375,9.227331687184853,-0.4213319313254775
2023-02-22,8.670999526977539,8.754155346063973,-0.08315581908643388
2023-02-23,9.427000045776367,8.719568726463601,0.7074313193127661
2023-02-24,9.815999984741213,9.448766697213381,0.36723328752783146
2023-02-27,10.11299991607666,9.832501069296407,0.2804988467802527
2023-02-28,9.79699993133545,10.025649509391767,-0.22864957805631825
2023-03-01,10.199999809265137,9.814005229732215,0.3859945795329214
2023-03-02,9.836999893188477,10.171490246681014,-0.3344903534925372
2023-03-03,9.782999992370604,9.913140334192008,-0.130140341821404
2023-03-06,9.829999923706056,9.69546897944429,0.13453094426176726
2023-03-07,9.85099983215332,9.896365143554013,-0.04536531140069222
2023-03-08,10.234999656677246,9.852759715913415,0.3822399407638315
2023-03-09,9.855999946594238,10.20099281699007,-0.3449928703958314
2023-03-10,9.276000022888184,9.895869762301766,-0.6198697394135824
2023-03-13,8.928000450134277,9.205930549799609,-0.27793009966533155
2023-03-14,9.246999740600586,8.972509695044927,0.2744900455556589
2023-03-15,9.175000190734863,9.291214601890674,-0.11621441115581099
2023-03-16,9.722999572753906,9.185050593971672,0.537948978782234
2023-03-17,9.550000190734863,9.653543723322004,-0.10354353258714077
2023-03-20,9.85200023651123,9.616244536363492,0.23575570014773817
2023-03-21,10.824999809265137,9.760721465836317,1.0642783434288194
2023-03-22,11.253999710083008,10.881850748769562,0.3721489613134459
2023-03-23,11.399999618530272,11.268245552979083,0.1317540655511884
2023-03-24,11.083000183105469,11.287359750719848,-0.2043595676143788
2023-03-27,11.09000015258789,11.116774014652428,-0.026773862064537468
2023-03-28,10.277999877929688,11.087562877651447,-0.8095629997217593
2023-03-29,10.5649995803833,10.32168850596011,0.24331107442319144
2023-03-30,10.333999633789062,10.507802203317695,-0.1738025695286325
2023-03-31,10.654999732971191,10.459987431959432,0.1950123010117597
2023-04-03,11.272000312805176,10.551379552679059,0.720620760126117
2023-04-04,10.946000099182127,11.318182979657673,-0.3721828804755454
2023-04-05,10.803000450134276,10.948663241445377,-0.1456627913111017
2023-04-06,10.069000244140623,10.697366543967208,-0.6283662998265847
2023-04-10,10.654999732971191,10.170609056866562,0.4843906761046295
2023-04-11,10.468000411987305,10.610061329531232,-0.1420609175439278
2023-04-12,10.810999870300291,10.572920957308556,0.23807891299173534
2023-04-13,10.824000358581545,10.688114977366673,0.13588538121487126
2023-04-14,10.914999961853027,10.890600580287018,0.024399381566009737
2023-04-17,11.04300022125244,10.87864754350704,0.1643526777454003
2023-04-18,11.588000297546388,11.041087771558127,0.5469125259882617
2023-04-19,10.982000350952148,11.598570362526521,-0.6165700115743729
2023-04-20,10.800999641418455,10.995938141553086,-0.1949385001346311
2023-04-21,10.732000350952148,10.704562348596108,0.02743800235604077
2023-04-24,9.859000205993652,10.846820827715892,-0.9878206217222392
2023-04-25,9.32800006866455,9.851852006444933,-0.5238519377803819
2023-04-26,9.48900032043457,9.26090120758156,0.22809911285301077
2023-04-27,9.857999801635742,9.598556319675895,0.25944348195984723
2023-04-28,10.54300022125244,9.870055548754898,0.6729446724975414
2023-05-01,10.51099967956543,10.481541038674386,0.02945864089104333
2023-05-02,10.442999839782717,10.527571271034567,-0.08457143125185063
2023-05-03,13.395000457763672,10.370008258257366,3.024992199506306
2023-05-04,13.640000343322754,13.4084538396839,0.2315465036388531
2023-05-05,13.722999572753906,13.816565544906007,-0.09356597215210094
2023-05-08,13.663000106811523,13.307478817571004,0.35552128924051907
2023-05-09,13.225000381469728,13.840833713071977,-0.6158333316022482
2023-05-10,13.428000450134276,13.279522401788839,0.14847804834543687
2023-05-11,13.642999649047852,13.336736675654418,0.30626297339343367
2023-05-12,13.449999809265137,13.760155718998043,-0.31015590973290585
2023-05-15,13.784000396728516,13.404160755274965,0.3798396414535503
2023-05-16,14.583999633789062,13.731713692045814,0.8522859417432489
2023-05-17,15.430999755859377,14.662696631146698,0.7683031247126788
2023-05-18,16.45599937438965,15.395192034118397,1.0608073402712517
2023-05-19,16.41900062561035,16.396844028792,0.022156596818351915
2023-05-22,16.481000900268555,16.430681795540774,0.05031910472778023
2023-05-23,16.19099998474121,16.388956857557616,-0.1979568728164054
2023-05-24,16.761999130249023,16.26895713525362,0.493041994995405
2023-05-25,20.68600082397461,16.74148647831801,3.9445143456566
2023-05-26,21.917999267578125,20.709699711489677,1.2082995560884484
2023-05-30,23.40999984741211,22.038924971338453,1.3710748760736564
2023-05-31,22.395000457763672,22.948023472370433,-0.5530230146067616
2023-06-01,23.101999282836918,22.590337179887804,0.5116621029491135
2023-06-02,22.194000244140625,22.96301975790701,-0.7690195137663842
2023-06-05,22.36599922180176,22.404851476452585,-0.038852254650823426
2023-06-06,23.315000534057617,22.213036807590207,1.1019637264674103
2023-06-07,23.97800064086914,23.447699139592658,0.5303015012764831
2023-06-08,25.434999465942383,23.98325607646405,1.4517433894783345
2023-06-09,26.166000366210938,25.29434907957516,0.8716512866357782
2023-06-12,25.864999771118164,26.242835810686095,-0.37783603956793144
2023-06-13,24.423999786376957,25.751100413830514,-1.3271006274535573
2023-06-14,24.777000427246094,24.39799436698039,0.37900606026570216
2023-06-15,24.392000198364254,24.817207163192403,-0.4252069648281491
2023-06-16,23.07699966430664,24.574564157066124,-1.4975644927594836
2023-06-20,22.239999771118164,22.918141906295766,-0.6781421351776018
2023-06-21,21.99099922180176,22.251212548889754,-0.2602133270879925
2023-06-22,22.645999908447266,22.134993621418044,0.5110062870292218
2023-06-23,21.606000900268555,22.614047051851546,-1.0080461515829917
2023-06-26,21.649999618530277,21.630026825676904,0.019972792853373278
2023-06-27,22.617000579833984,21.50474600289745,1.112254576936536
2023-06-28,23.5939998626709,22.78617480033347,0.8078250623374288
2023-06-29,23.593000411987305,23.571912777433496,0.021087634553808243
2023-06-30,24.924999237060547,23.48275387985757,1.442245357202978
2023-07-03,24.920000076293945,24.880938577614867,0.03906149867907871
2023-07-05,25.5,25.053529826256597,0.44647017374340336
2023-07-06,25.05299949645996,25.298153034347205,-0.24515353788724425
2023-07-07,26.000999450683597,25.17810541843158,0.822894032252016
2023-07-10,26.993000030517575,25.92088459948657,1.0721154310310048
2023-07-11,27.09499931335449,27.09492797135605,7.134199843861211e-05
2023-07-12,27.66399955749512,27.020626091863186,0.6433734656319352
2023-07-13,29.405000686645508,27.567936311684104,1.837064374961404
2023-07-14,29.538000106811523,29.501371581788554,0.03662852502296943
2023-07-17,30.20499992370605,29.5477388497935,0.6572610739125508
2023-07-18,31.84000015258789,29.990919510705627,1.8490806418822636
2023-07-19,30.367000579833984,31.987139104437954,-1.62013852460397
2023-07-20,30.295000076293945,30.392556353159396,-0.09755627686545054
2023-07-21,30.315000534057617,29.996661459114506,0.3183390749431112
2023-07-24,30.937000274658203,30.666873107919276,0.2701271667389271
2023-07-25,32.1349983215332,30.84863494531996,1.2863633762132416
2023-07-26,31.73600006103516,32.08692851425592,-0.3509284532207637
2023-07-27,32.73400115966797,31.794300428446107,0.9397007312218619
2023-07-28,33.45000076293945,32.54639140104325,0.9036093618962013
2023-07-31,33.027000427246094,33.635180319930164,-0.6081798926840705
2023-08-01,33.75600051879883,32.92480269803776,0.8311978207610693
2023-08-02,31.961000442504883,33.657179583573864,-1.6961791410689813
2023-08-03,32.12099838256836,32.17129780493051,-0.05029942236215135
2023-08-04,33.80899810791016,31.869027287949297,1.939970819960866
2023-08-07,35.32899856567383,34.08642531764589,1.242573248027938
2023-08-08,34.7400016784668,35.30830661153489,-0.5683049330680916
2023-08-09,26.613000869750977,34.53779087900469,-7.924790009253712
2023-08-10,27.71199989318848,26.61763321140524,1.0943666817832387
2023-08-11,25.44300079345703,27.440277666873996,-1.9972768734169648
2023-08-14,26.94599914550781,26.586699557837484,0.3592995876703249
2023-08-15,26.42200088500977,26.109040558925642,0.31296032608412716
2023-08-16,25.37299919128418,26.797013626850458,-1.4240144355662778
2023-08-17,24.4060001373291,25.20804465142283,-0.8020445140937298
2023-08-18,24.354999542236328,24.317693802579967,0.03730573965636097
2023-08-21,25.263999938964844,24.532665525575318,0.7313344133895257
2023-08-22,25.80900001525879,25.26894544367264,0.5400545715861504
2023-08-23,27.76099967956543,25.78096869882002,1.9800309807454113
2023-08-24,26.25,27.673572761753306,-1.4235727617533058
2023-08-25,25.395999908447266,26.347505606570028,-0.9515056981227623
2023-08-28,25.516000747680664,25.089049038825664,0.42695170885500033
2023-08-29,26.163000106811523,25.802426133587936,0.36057397322358753
2023-08-30,26.79199981689453,26.213313166998745,0.5786866498957863
2023-08-31,27.507999420166016,26.67819670748572,0.8298027126802943
2023-09-01,28.215999603271484,27.51267379936887,0.7033258039026151
2023-09-05,28.027999877929688,28.200165384495797,-0.17216550656610963
2023-09-06,27.402999877929688,27.99357181054163,-0.5905719326119439
2023-09-07,26.74799919128418,27.360384072298192,-0.6123848810140124
2023-09-08,28.06599998474121,26.79604668569295,1.269953299048261
2023-09-11,27.73200035095215,28.09170295135517,-0.35970260040302193
2023-09-12,26.76799964904785,27.847221167782443,-1.0792215187345917
2023-09-13,27.09600067138672,26.53611817787744,0.5598824935092779
2023-09-14,27.07699966430664,27.174340856012815,-0.09734119170617461
2023-09-15,24.926000595092773,27.233206078016323,-2.3072054829235498
2023-09-18,24.43000030517578,24.784669324910034,-0.3546690197342528
2023-09-19,24.77400016784668,24.361552900643467,0.4124472672032127
2023-09-20,24.30699920654297,25.066569814984398,-0.7595706084414289
2023-09-21,23.15399932861328,24.219080951784544,-1.0650816231712632
2023-09-22,23.575000762939453,23.038699849354977,0.5363009135844763
2023-09-25,24.88599967956543,23.648300601714237,1.2376990778511932
2023-09-26,24.92099952697754,24.998420868245226,-0.07742134126768718
2023-09-27,25.753999710083008,24.837178572664474,0.916821137418534
2023-09-28,26.9379997253418,25.607494912807564,1.3305048125342367
2023-09-29,27.42200088500977,27.07646259037794,0.3455382946318295
2023-10-02,28.88599967956543,27.357655211875592,1.5283444676898377
2023-10-03,26.996999740600582,28.771675883226806,-1.7746761426262232
2023-10-04,28.040000915527344,27.143435112354325,0.8965658031730186
2023-10-05,28.76000022888184,27.74689901315751,1.0131012157243298
2023-10-06,28.96699905395508,29.15835824020368,-0.19135918624859727
2023-10-09,29.0,28.770360320650404,0.22963967934959584
2023-10-10,31.0310001373291,28.910698074469224,2.120302062859878
2023-10-11,30.88599967956543,31.12487776126923,-0.23887808170379898
2023-10-12,29.32099914550781,30.957570408950676,-1.6365712634428675
2023-10-13,28.520000457763672,29.04248960123365,-0.5224891434699792
2023-10-16,29.16900062561035,28.62196008231454,0.547040543295811
2023-10-17,29.85400009155273,29.347301428216166,0.5066986633365644
2023-10-18,28.50300025939941,29.834227438202202,-1.3312271788027914
2023-10-19,26.5049991607666,28.428012953759676,-1.9230137929930748
2023-10-20,24.857999801635746,26.41800341466323,-1.560003613027483
2023-10-23,25.48900032043457,24.98961912184285,0.4993811985917205
2023-10-24,26.261999130249023,25.572423918913454,0.6895752113355691
2023-10-25,25.39900016784668,26.362379569130095,-0.9633794012834151
2023-10-26,23.94599914550781,25.262510814614,-1.316511669106191
2023-10-27,24.13999938964844,23.844725278617123,0.2952741110313184
2023-10-30,23.66200065612793,24.250215496162035,-0.5882148400341052
2023-10-31,23.94700050354004,23.79767594627275,0.14932455726728833
2023-11-01,25.226999282836918,23.77736074322691,1.4496385396100067
2023-11-02,24.59000015258789,25.32600863803146,-0.7360084854435698
2023-11-03,25.5,24.61198426854425,0.8880157314557486
2023-11-06,25.25900077819824,25.260338853309964,-0.0013380751117253453
2023-11-07,25.4379997253418,25.51488280556093,-0.0768830802191296
2023-11-08,26.027000427246094,25.26133345762513,0.7656669696209626
2023-11-09,26.488000869750977,26.08043027719215,0.40757059255882666
2023-11-10,26.60300064086914,26.5367648476622,0.06623579320693906
2023-11-13,25.57999992370605,26.51202900963534,-0.9320290859292903
2023-11-14,29.386999130249023,25.59005088053794,3.7969482497110825
2023-11-15,28.777999877929688,29.32328893232429,-0.5452890543946012
2023-11-16,28.367000579833984,29.12447505486376,-0.7574744750297739
2023-11-17,28.858999252319336,27.74590799611999,1.113091256199347
2023-11-20,30.459999084472656,29.15840391756994,1.3015951669027146
2023-11-21,28.98500061035156,30.575727977186336,-1.590727366834777
2023-11-22,28.666000366210938,28.859454132790564,-0.19345376657962632
2023-11-24,28.566999435424805,28.47953699232674,0.08746244309806528
2023-11-27,29.03700065612793,28.87203046503188,0.1649701910960495
2023-11-28,28.56100082397461,28.95251568697242,-0.39151486299780913
2023-11-29,28.76300048828125,28.547205434290994,0.21579505399025578
2023-11-30,27.347000122070312,28.72306275947059,-1.3760626374002776
2023-12-01,26.96299934387207,27.43739554698358,-0.4743962031115103
2023-12-04,26.63500022888184,26.833817363299183,-0.19881713441734306
2023-12-05,26.29599952697754,26.81884261653083,-0.522843089553291
2023-12-06,25.34199905395508,26.25670700392737,-0.9147079499722892
2023-12-07,25.614999771118164,25.315069555603202,0.29993021551496213
2023-12-08,27.26499938964844,25.621326237776515,1.6436731518719263
2023-12-11,26.22599983215332,27.357083134081645,-1.1310833019283244
2023-12-12,26.53700065612793,26.217370277628294,0.31963037849963527
2023-12-13,27.332000732421875,26.264550684028375,1.0674500483934999
2023-12-14,29.440000534057617,27.616848742383358,1.8231517916742597
2023-12-15,30.01099967956543,29.355841162701267,0.6551585168641623
2023-12-18,32.21900177001953,29.97837466816001,2.24062710185952
2023-12-19,31.5939998626709,32.05732326576454,-0.4633234030936393
2023-12-20,30.20800018310547,31.760041733412773,-1.5520415503073046
2023-12-21,30.417999267578125,29.93043910548887,0.487560162089256
2023-12-22,28.972000122070312,30.555801095345203,-1.5838009732748901
2023-12-26,29.433000564575195,29.195858073551488,0.23714249102370744
2023-12-27,29.5,29.16452584826049,0.33547415173951123
2023-12-28,29.145000457763672,29.766562229992733,-0.621561772229061
2023-12-29,28.426000595092773,29.02119209635198,-0.5951915012592082
2024-01-02,28.545000076293945,28.36759626593402,0.1774038103599267
2024-01-03,28.06399917602539,28.622159530119706,-0.5581603540943156
2024-01-04,28.8799991607666,28.116848803897387,0.7631503568692146
2024-01-05,29.21299934387207,28.775189105618026,0.43781023825404475
2024-01-08,32.02799987792969,29.341540015633104,2.6864598622965836
2024-01-09,34.37300109863281,31.881402340748757,2.4915987578840557
2024-01-10,34.237998962402344,34.491361004321625,-0.25336204191928147
2024-01-11,34.33100128173828,34.031913760848596,0.29908752088968527
2024-01-12,33.95600128173828,34.16027890753976,-0.20427762580148112
2024-01-16,32.63100051879883,34.18936414741627,-1.5583636286174425
2024-01-17,31.822999954223636,32.573389745437076,-0.7503897912134398
2024-01-18,31.143999099731445,31.794883018161304,-0.6508839184298587
2024-01-19,42.33599853515625,31.311921183998358,11.024077351157892
2024-01-22,43.624000549316406,42.19670462048126,1.427295928835143
2024-01-23,45.73799896240234,44.24834143968097,1.489657522721366
2024-01-24,47.01900100708008,44.2147355002583,2.8042655068217783
2024-01-25,47.55799865722656,47.671992380686596,-0.11399372346003389
2024-01-26,47.415000915527344,47.60644115681089,-0.1914402412835443
2024-01-29,49.56700134277344,47.12603624985481,2.440965092918624
2024-01-30,51.297000885009766,49.753664272828324,1.5433366121814416
2024-01-31,52.96099853515625,51.43490807162649,1.526090463529762
2024-02-01,58.34999847412109,52.676652303499814,5.673346170621272
2024-02-02,57.9630012512207,58.34402739685698,-0.3810261456362767
2024-02-05,66.33499908447266,58.1732132494494,8.16178583502326
2024-02-06,68.15899658203125,65.56016010808841,2.598836473942839
2024-02-07,68.36000061035156,69.04337987828733,-0.6833792679357629
2024-02-08,69.80000305175781,67.33904655374788,2.460956498009935
2024-02-09,74.02899932861328,69.96731455360205,4.06168477501123
2024-02-12,77.3010025024414,74.41062913756448,2.890373364876922
2024-02-13,79.14900207519531,77.10349789000993,2.0455041851853792
2024-02-14,88.05500030517578,78.89838571544138,9.156614589734403
2024-02-15,100.4000015258789,87.97560931141149,12.424392214467417
2024-02-16,80.33200073242188,100.71264094462212,-20.380640212200248
2024-02-20,78.75700378417969,80.05391758711744,-1.2969138029377518
2024-02-21,73.41699981689453,76.58348486839239,-3.166485051497858
2024-02-22,97.552001953125,77.1198748788963,20.432127074228703
2024-02-23,86.0009994506836,95.9111333184629,-9.910133867779308
2024-02-26,87.63400268554688,87.54854263048361,0.08546005506326537
2024-02-27,85.11100006103516,84.0092686394529,1.101731421582258
2024-02-28,81.65399932861328,87.96641302928099,-6.312413700667705
2024-02-29,86.61199951171875,81.04164629392338,5.570353217795372
2024-03-01,90.5479965209961,86.07197542241106,4.476021098585036
2024-03-04,107.43399810791016,91.7739821426555,15.660015965254658
2024-03-05,109.08300018310548,106.30652282436789,2.776477358737594
2024-03-06,112.47000122070312,109.68757716450348,2.7824240561996447
2024-03-07,115.97599792480467,110.73101674827488,5.244981176529791
2024-03-08,114.0009994506836,116.82415255750176,-2.823153106818168
2024-03-11,108.02200317382812,114.12263757426184,-6.100634400433719
2024-03-12,116.3000030517578,107.38935182644023,8.910651225317565
2024-03-13,118.80699920654295,116.66346535835514,2.143533848187815
2024-03-14,113.01100158691406,119.92218094540264,-6.911179358488582
2024-03-15,106.88300323486328,111.50202528479383,-4.61902204993055
2024-03-18,100.06800079345705,106.8908819816146,-6.822881188157552
2024-03-19,91.09700012207033,100.99697766926573,-9.899977547195405
2024-03-20,89.64700317382812,90.95877288209394,-1.311769708265814
2024-03-21,97.16100311279295,89.73986250127808,7.421140611514872
2024-03-22,97.27400207519533,97.9160446935321,-0.6420426183367738
2024-03-25,104.27899932861328,97.15212125640171,7.126878072211568
2024-03-26,102.50599670410156,103.04979750781337,-0.5438008037118038
2024-03-27,102.3290023803711,103.5241623898318,-1.1951600094607073
2024-03-28,101.00299835205078,101.26729005822831,-0.2642917061775307
2024-04-01,103.71499633789062,101.53081039650237,2.1841859413882503
2024-04-02,100.99099731445312,103.80934112361784,-2.818343809164716
2024-04-03,101.55699920654295,101.08513615329078,0.4718630532521786
2024-04-04,95.79900360107422,101.07510092722313,-5.276097326148914
2024-04-05,94.802001953125,96.42239043374043,-1.620388480615432
2024-04-08,92.8499984741211,94.25955847528049,-1.4095600011593916
2024-04-09,90.41999816894533,93.54567473965228,-3.1256765707069576
2024-04-10,90.85399627685548,90.21615033936891,0.6378459374865741
2024-04-11,93.72799682617188,90.75835019993784,2.969646626234038
2024-04-12,89.8489990234375,94.07192644259264,-4.222927419155141
2024-04-15,88.2750015258789,89.73267191735228,-1.4576703914733713
2024-04-16,97.62999725341795,87.68884348377965,9.941153769638305
2024-04-17,96.00800323486328,98.26854909068841,-2.2605458558251286
2024-04-18,92.8479995727539,96.46766831755413,-3.6196687448002223
2024-04-19,71.36499786376953,91.26175344591486,-19.89675558214533
2024-04-22,71.7020034790039,72.37541019023826,-0.6734067112343496
2024-04-23,76.18599700927734,70.96773310253229,5.218263906745051
2024-04-24,75.47200012207031,78.62362940345113,-3.1516292813808207
2024-04-25,78.73999786376953,74.44116719987288,4.298830663896652
2024-04-26,85.74400329589844,77.75290666783738,7.991096628061058
2024-04-29,89.03500366210938,86.72548202143865,2.3095216406707237
2024-04-30,85.87999725341797,88.62133404647939,-2.7413367930614214
2024-05-01,73.83000183105469,85.22299558958511,-11.392993758530423
2024-05-02,76.25199890136719,74.03438017578867,2.217618725578518
2024-05-03,78.2699966430664,76.16248635114796,2.1075102919184445
2024-05-06,83.03500366210938,79.76689115934201,3.268112502767366
2024-05-07,81.92900085449219,81.98865373337745,-0.0596528788852595
2024-05-08,82.26399993896484,81.97290972387836,0.29109021508648425
2024-05-09,79.97000122070312,81.9535504978024,-1.9835492770992715
2024-05-10,79.8499984741211,80.24744864016569,-0.3974501660445924
2024-05-13,78.2760009765625,79.7005162567967,-1.4245152802342034
2024-05-14,82.23699951171875,78.5650832758442,3.671916235874548
2024-05-15,95.23600006103516,82.03975905104843,13.196241009986721
2024-05-16,90.44000244140624,95.49105855498937,-5.05105611358313
2024-05-17,88.78900146484375,90.5862152332443,-1.7972137684005531
2024-05-20,90.3939971923828,86.95031170335217,3.443685489030628
2024-05-21,89.8949966430664,91.92488357041574,-2.029886927349338
2024-05-22,87.3270034790039,89.98668893661514,-2.659685457611232
2024-05-23,84.73799896240234,86.6286331799869,-1.8906342175845623
2024-05-24,88.38800048828125,85.14211149979789,3.245888988483358
2024-05-28,87.47200012207031,88.48198081807574,-1.009980696005428
2024-05-29,83.97200012207031,87.72973085268552,-3.757730730615208
2024-05-30,82.79399871826172,83.35962952651889,-0.5656308082571684
2024-05-31,78.45099639892578,82.96993753652502,-4.518941137599242
2024-06-03,77.05899810791016,78.91200403810525,-1.8530059301950956
2024-06-04,77.16100311279297,76.63699473110407,0.5240083816889012
2024-06-05,80.25199890136719,77.64639780588634,2.60560109548085
2024-06-06,77.79199981689453,80.19052875376731,-2.398528936872779
2024-06-07,76.91100311279297,77.74772600708673,-0.8367228942937572
2024-06-10,78.68599700927734,76.46138622024549,2.224610789031857
2024-06-11,76.76100158691406,79.14441846923965,-2.383416882325591
2024-06-12,77.4739990234375,76.8466781364361,0.6273208870014031
2024-06-13,87.11000061035156,76.96743638911373,10.142564221237834
2024-06-14,84.4540023803711,87.54935535075585,-3.095352970384752
2024-06-17,88.74099731445312,84.77328480316532,3.9677125112878002
2024-06-18,92.0009994506836,87.16544900120942,4.8355504494741695
2024-06-20,91.76399993896484,93.3396610418101,-1.5756611028452596
2024-06-21,90.5260009765625,91.26285377791125,-0.7368528013487463
2024-06-24,82.697998046875,90.05722028483743,-7.3592222379624275
2024-06-25,84.31199645996094,83.29150492293859,1.0204915370223517
2024-06-26,83.11599731445312,83.89179220209039,-0.7757948876372609
2024-06-27,89.03600311279297,84.15378696794818,4.88221614484479
2024-06-28,81.93499755859375,88.27719493282201,-6.342197374228263
2024-07-01,81.23200225830078,82.43820740400322,-1.206205145702441
2024-07-02,83.71700286865234,80.15890499041626,3.558097878236083
2024-07-03,84.69999694824219,84.8592841893019,-0.15928724105971526
2024-07-05,84.65799713134766,84.6057564560792,0.05224067526845033
2024-07-08,89.93399810791016,84.06443549174867,5.869562616161488
2024-07-09,89.56099700927734,90.16474484383501,-0.6037478345576659
2024-07-10,89.99800109863281,89.86692337585907,0.13107772277373897
2024-07-11,88.9219970703125,89.14732000664507,-0.2253229363325744
2024-07-12,90.99600219726562,89.43925572959083,1.5567464676747989
2024-07-15,89.76799774169922,90.90823617609122,-1.1402384343920033
2024-07-16,87.69599914550781,89.90363971645556,-2.2076405709477456
2024-07-17,81.63099670410156,87.41934490200377,-5.788348197902209
2024-07-18,80.16100311279297,81.83315573345459,-1.6721526206616204
2024-07-19,79.6780014038086,80.08682764983438,-0.4088262460257823
2024-07-22,78.62799835205078,80.24027328734547,-1.6122749352946926
2024-07-23,78.3219985961914,78.43565591772432,-0.11365732153291219
2024-07-24,71.15599822998047,78.1716623246844,-7.015664094703936
2024-07-25,69.56099700927734,71.40691280235536,-1.8459157930780208
2024-07-26,71.21900177001953,69.0947635447424,2.124238225277125
2024-07-29,69.77300262451172,72.07243466069876,-2.299432036187042
2024-07-30,66.63099670410156,69.66020447986858,-3.02920777576702
2024-07-31,70.16500091552734,66.10209880651388,4.062902109013464
2024-08-01,67.2239990234375,70.43943939620821,-3.215440372770715
2024-08-02,62.46500015258789,67.73061134604939,-5.2656111934614955
2024-08-05,60.882999420166016,61.549356030838624,-0.666356610672608
2024-08-06,61.69400024414063,61.345015167732825,0.34898507640780707
2024-08-07,49.27000045776367,62.15856887949819,-12.888568421734519
2024-08-08,50.99399948120117,49.11450366664335,1.8794958145578207
2024-08-09,50.8759994506836,50.179225130625035,0.6967743200585659
2024-08-12,54.09799957275391,52.79897211212505,1.2990274606288637
2024-08-13,56.74300003051758,52.9313472336339,3.8116527968836778
2024-08-14,57.70899963378906,56.818721092669335,0.8902785411197272
2024-08-15,62.66899871826172,57.777406961602665,4.891591756659054
2024-08-16,62.880001068115234,62.23573794780464,0.6442631203105975
2024-08-19,62.36199951171875,63.29135336436747,-0.9293538526487168
2024-08-20,61.09099960327149,61.78570609113265,-0.6947064878611613
2024-08-21,62.37799835205078,61.30958732032084,1.0684110317299442
2024-08-22,60.48199844360352,62.50727928148321,-2.0252808378796843
2024-08-23,61.32400131225586,60.58783981119358,0.7361615010622771
2024-08-26,56.2509994506836,61.007847371044335,-4.756847920360734
2024-08-27,54.76399993896485,56.69282734083346,-1.9288274018686096
2024-08-28,44.3489990234375,54.27282325811543,-9.92382423467793
2024-08-29,44.88199996948242,45.04872539371621,-0.166725424233789
2024-08-30,43.77000045776367,44.26952178605441,-0.49952132829074003
2024-09-03,44.178001403808594,45.01318590817309,-0.8351845043644985
2024-09-04,42.34700012207031,43.46493988804673,-1.1179397659764163
2024-09-05,41.459999084472656,42.36909090459865,-0.9090918201259939
2024-09-06,38.64599990844727,41.48776935659538,-2.8417694481481064
2024-09-09,40.98699951171875,38.71730048911894,2.2696990225998093
2024-09-10,41.27199935913086,40.85887778410018,0.41312157503067937
2024-09-11,44.540000915527344,41.72351267987597,2.816488235651377
2024-09-12,44.2130012512207,44.01546879849367,0.19753245272703168
2024-09-13,45.71599960327149,44.4706865787364,1.2453130245350934
2024-09-16,44.90999984741211,45.35201480962125,-0.44201496220914294
2024-09-17,43.9379997253418,45.15736767585992,-1.2193679505181265
2024-09-18,43.6879997253418,43.76477980504467,-0.07678007970287126
2024-09-19,43.720001220703125,43.77399754909217,-0.05399632838904722
2024-09-20,45.72700119018555,43.85482511640221,1.8721760737833364
2024-09-23,46.59400177001953,45.63041427552814,0.9635874944913922
2024-09-24,46.36100006103516,46.68948844385787,-0.3284883828227052
2024-09-25,45.81499862670898,46.150720817248896,-0.3357221905399186
2024-09-26,40.2400016784668,45.800526625186905,-5.560524946720108
2024-09-27,41.9739990234375,40.385761915339444,1.5882371080980562
2024-09-30,41.63999938964844,41.68070610479171,-0.04070671514327273
2024-10-01,40.54999923706055,42.4798094984872,-1.9298102614266526
2024-10-02,42.0,39.941174693753744,2.0588253062462556
2024-10-03,41.54999923706055,41.99734881821024,-0.4473495811496946
2024-10-04,41.22999954223633,41.93276917430166,-0.7027696320653334
2024-10-07,47.7400016784668,40.784678083068165,6.955323595398632
2024-10-08,45.34999847412109,47.85219885734602,-2.502200383224931
2024-10-09,47.290000915527344,45.81633184793676,1.4736690675905848
2024-10-10,46.470001220703125,46.11799508762148,0.35200613308164463
2024-10-11,47.79999923706055,47.39904621984932,0.4009530172112292
2024-10-14,47.38999938964844,47.429015557627054,-0.03901616797861607
2024-10-15,47.7599983215332,47.469353479147145,0.29064484238605814
2024-10-16,48.75,47.724705783197116,1.0252942168028838
2024-10-17,47.59000015258789,48.79126834652708,-1.2012681939391925
2024-10-18,47.2599983215332,47.61284772370299,-0.3528494021697881
2024-10-21,47.79999923706055,47.07536651014766,0.7246327269128869
2024-10-22,45.970001220703125,48.016405160527746,-2.0464039398246214
2024-10-23,45.36000061035156,45.989900216990264,-0.6298996066387019
2024-10-24,46.22999954223633,45.127358333426756,1.1026412088095725
2024-10-25,47.27000045776367,46.524452741303286,0.7455477164603863
2024-10-28,47.720001220703125,47.2638067680094,0.4561944526937225
2024-10-29,49.119998931884766,47.55699119921676,1.5630077326680052
2024-10-30,33.06999969482422,49.10657617209709,-16.036576477272874
2024-10-31,29.11000061035156,33.28513988483598,-4.175139274484419
2024-11-01,26.049999237060547,28.088102907444103,-2.038103670383556
2024-11-04,26.030000686645508,28.19499749902132,-2.1649968123758114
2024-11-05,27.700000762939453,25.363784422812085,2.3362163401273683
2024-11-06,22.700000762939453,27.545224972516614,-4.845224209577161
2024-11-07,25.479999542236328,23.02493320113168,2.455066341104647
2024-11-08,24.520000457763672,24.71199485233869,-0.1919943945750191
2024-11-11,23.229999542236328,25.501230885437312,-2.2712313432009843
2024-11-12,21.700000762939453,22.546398950408932,-0.8463981874694788
2024-11-13,20.32999992370605,21.787861895439843,-1.4578619717337915
2024-11-14,18.010000228881836,20.600273826420544,-2.590273597538708
2024-11-15,18.57999992370605,17.907603078101893,0.6723968456041582
2024-11-18,21.540000915527344,18.575823597964284,2.9641773175630597
2024-11-19,28.270000457763672,21.80753275641686,6.46246770134681
2024-11-20,25.799999237060547,28.093908505448333,-2.293909268387786
2024-11-21,29.700000762939453,25.805965678857298,3.894035084082155
2024-11-22,33.150001525878906,28.85183405770362,4.298167468175286
2024-11-25,38.40999984741211,34.111626694636584,4.298373152775525
2024-11-26,34.43000030517578,37.89648148396105,-3.4664811787852656
2024-11-27,35.06999969482422,34.374548512347154,0.6954511824770648
2024-11-29,32.63999938964844,34.58474848863692,-1.9447490989884813
2024-12-02,42.0,33.48970482339705,8.510295176602952
2024-12-03,40.209999084472656,41.472372913176386,-1.2623738287037298
2024-12-04,41.810001373291016,41.006249852205464,0.8037515210855517
2024-12-05,41.13999938964844,40.40430185099282,0.7356975386556144
2024-12-06,43.93000030517578,41.96819466739412,1.9618056377816586
2024-12-09,44.15999984741211,43.74942502905997,0.4105748183521385
2024-12-10,40.540000915527344,44.21838121227847,-3.678380296751129
2024-12-11,38.290000915527344,40.37335578510304,-2.083354869575693
2024-12-12,37.93000030517578,38.192236808013114,-0.26223650283733235
2024-12-13,36.45000076293945,38.362708002154854,-1.9127072392154005
2024-12-16,33.439998626708984,36.47807113988021,-3.0380725131712225
2024-12-17,33.79999923706055,33.24866556293539,0.5513336741251535
2024-12-18,32.22999954223633,33.878261079145524,-1.648261536909196
2024-12-19,31.239999771118164,32.56096764085246,-1.3209678697342966
2024-12-20,31.59000015258789,30.86541889525935,0.7245812573285413
2024-12-23,32.400001525878906,31.781977852497892,0.618023673381014
2024-12-24,34.33000183105469,32.49968727988879,1.8303145511658983
2024-12-26,33.7400016784668,34.15100616461361,-0.4110044861468154
2024-12-27,31.979999542236328,33.80913216388323,-1.8291326216468988
2024-12-30,30.68000030517578,31.76237775383219,-1.082377448656409
2024-12-31,30.479999542236328,30.779491452558656,-0.29949191032232747
2025-01-02,30.049999237060547,30.64970795941813,-0.5997087223575832
2025-01-03,33.33000183105469,30.05817188346265,3.271829947592039
2025-01-06,36.45000076293945,33.23251482092014,3.217485942019316
2025-01-07,34.380001068115234,36.662187427375876,-2.282186359260642
2025-01-08,32.61000061035156,34.07440736145504,-1.4644067511034748
2025-01-10,32.599998474121094,32.28505132371024,0.31494715041085186
2025-01-13,31.07999992370605,33.068844378092294,-1.9888444543862427
2025-01-14,30.530000686645508,31.154433350292358,-0.62443266364685
2025-01-15,30.989999771118164,30.277458140933856,0.7125416301843082
2025-01-16,31.1200008392334,31.250532616288016,-0.1305317770546175
2025-01-17,30.81999969482422,31.10361589062411,-0.2836161957998904
2025-01-21,32.45000076293945,30.670690120469466,1.7793106424699872
2025-01-22,33.86000061035156,32.48871900336846,1.3712816069831035
2025-01-23,33.40999984741211,33.9750890749811,-0.5650892275689898
2025-01-24,33.27000045776367,33.220378386590795,0.04962207117287676
2025-01-27,29.06999969482422,33.175594644561365,-4.105594949737146
2025-01-28,28.18000030517578,29.286536443491805,-1.1065361383160237
2025-01-29,27.799999237060547,27.918475729481592,-0.11847649242104552
2025-01-30,28.63999938964844,28.318272645505168,0.3217267441432732
2025-01-31,28.520000457763672,28.489002063361585,0.030998394402086404
2025-02-03,26.850000381469727,28.473912126032896,-1.62391174456317
2025-02-04,29.15999984741211,26.812340883766048,2.3476589636460616
2025-02-05,31.489999771118164,29.07001445663809,2.4199853144800727
2025-02-06,33.84000015258789,31.825873980937878,2.0141261716500125
2025-02-07,36.27999877929688,33.50872761981016,2.771271159486723
2025-02-10,42.650001525878906,36.19665249256892,6.453349033309983
2025-02-11,38.61000061035156,42.6376689889315,-4.027668378579939
2025-02-12,39.68000030517578,38.75444130360716,0.9255590015686224
2025-02-13,42.27999877929688,38.750736392983924,3.5292623863129577
2025-02-14,47.90999984741211,43.328461375766004,4.581538471646105
2025-02-18,55.79999923706055,47.64192253249312,8.158076704567428
2025-02-19,60.25,55.55162956120637,4.698370438793631
2025-02-20,59.27000045776367,60.26738587572754,-0.9973854179638693
2025-02-21,56.06999969482422,58.72485859624843,-2.6548589014242125
2025-02-24,51.61000061035156,55.97114521451308,-4.361144604161517
2025-02-25,45.540000915527344,51.982206736343535,-6.442205820816191
2025-02-26,51.11000061035156,45.65797486952525,5.452025740826315
2025-02-27,42.95000076293945,51.12970439496345,-8.179703632023994
2025-02-28,41.459999084472656,43.903779634403456,-2.4437805499308
2025-03-03,36.06999969482422,39.808952040221484,-3.7389523453972657
2025-03-04,39.13999938964844,37.50661937456529,1.633380015083148
2025-03-05,38.900001525878906,38.67328334732436,0.2267181785545489
2025-03-06,37.04999923706055,39.3331182751581,-2.283119038097553
2025-03-07,38.2400016784668,36.584016425214905,1.6559852532518917
2025-03-10,36.900001525878906,38.187516876701395,-1.2875153508224884
2025-03-11,40.84000015258789,37.336874649514144,3.503125503073747
2025-03-12,42.470001220703125,40.34303205797763,2.1269691627254943
2025-03-13,39.08000183105469,42.941619017510554,-3.8616171864558666
2025-03-14,42.16999816894531,38.64685707563657,3.5231410933087446
2025-03-17,41.93999862670898,41.884672790835324,0.05532583587365281
2025-03-18,37.900001525878906,42.82460507113385,-4.924603545254946
2025-03-19,40.09999847412109,37.17474556803468,2.9252529060864063
2025-03-20,39.09999847412109,40.05305872914413,-0.9530602550230398
2025-03-21,42.150001525878906,39.95988604392383,2.1901154819550754
2025-03-24,41.720001220703125,41.314574169124086,0.40542705157903924
2025-03-25,40.63999938964844,42.180074688121806,-1.5400752984733685
2025-03-26,37.040000915527344,40.300568345846,-3.260567430318659
2025-03-27,34.720001220703125,37.086097310548794,-2.3660960898456693
2025-03-28,34.2599983215332,34.80774186164236,-0.5477435401091597
2025-03-31,34.2400016784668,34.48057698622687,-0.24057530776007496
2025-04-01,35.04999923706055,34.30762044871546,0.7423787883450856
2025-04-02,35.09000015258789,34.936162532373274,0.15383762021461678
2025-04-03,32.31999969482422,35.12314398677762,-2.8031442919534015
2025-04-04,29.81999969482422,32.23170750802482,-2.4117078132006
2025-04-07,33.0,29.720585767497344,3.2794142325026563
2025-04-08,31.709999084472656,33.24303889029707,-1.5330398058244157
2025-04-09,36.709999084472656,32.03659965689032,4.673399427582339
2025-04-10,33.68000030517578,35.953243638526104,-2.2732433333503224
2025-04-11,33.150001525878906,34.40525529779465,-1.255253771915747
2025-04-14,33.119998931884766,32.27330738321759,0.8466915486671738
2025-04-15,33.47999954223633,33.699448322073096,-0.21944877983676747
2025-04-16,31.88999938964844,33.53933569961456,-1.6493363099661202
2025-04-17,31.51000022888184,31.683479301339773,-0.17347907245793337
2025-04-21,29.51000022888184,31.51355115096421,-2.003550922082372
2025-04-22,30.57999992370605,29.73275206626075,0.8472478574453
2025-04-23,32.900001525878906,30.368728936072806,2.5312725898061004
2025-04-24,35.810001373291016,33.191545934004004,2.618455439287011
2025-04-25,36.470001220703125,35.66182841298701,0.8081728077161117
2025-04-28,37.27000045776367,36.31280458770748,0.9571958700561893
2025-04-29,36.0,37.12237135013202,-1.1223713501320205
2025-04-30,31.86000061035156,36.137973971658326,-4.277973361306767
2025-05-01,32.72999954223633,31.760815183145205,0.9691843590911233
2025-05-02,33.709999084472656,32.71469639333647,0.9953026911361889
2025-05-05,32.16999816894531,34.271002253542655,-2.101004084597342
2025-05-06,32.939998626708984,31.798182062176487,1.1418165645324976
2025-05-07,32.47999954223633,32.746528847681155,-0.266529305444827
2025-05-08,32.11000061035156,32.91000793081157,-0.8000073204600042
2025-05-09,31.989999771118164,31.791189431065295,0.19881034005286935
2025-05-12,33.52000045776367,32.064414068931875,1.4555863888317973
2025-05-13,38.88999938964844,33.610695024122265,5.279304365526173
2025-05-14,45.0,38.837580722417236,6.162419277582764
2025-05-15,43.959999084472656,45.0444204279268,-1.0844213434541459
2025-05-16,46.150001525878906,43.67201032520449,2.477991200674417
2025-05-19,44.790000915527344,45.58911202762897,-0.7991111121016274
2025-05-20,42.77000045776367,45.528334617502445,-2.758334159738773
2025-05-21,41.650001525878906,42.32592426445883,-0.6759227385799207
2025-05-22,41.31999969482422,41.79638116561004,-0.4763814707858245
2025-05-23,40.09000015258789,41.615238059034176,-1.5252379064462858
2025-05-27,41.56999969482422,39.972726037768766,1.597273657055453
2025-05-28,41.959999084472656,41.49083047796144,0.46916860651121794
2025-05-29,41.150001525878906,42.22164095658325,-1.0716394307043444
2025-05-30,40.02000045776367,40.85150784870049,-0.8315073909368209
2025-06-02,41.20000076293945,40.018673062260135,1.1813277006793186
2025-06-03,43.18999862670898,41.32809768954987,1.8619009371591062
2025-06-04,44.130001068115234,43.276896807671456,0.8531042604437786
2025-06-05,40.77000045776367,43.99873015203913,-3.228729694275458
2025-06-06,41.54999923706055,40.669652569226386,0.8803466678341607
2025-06-09,43.119998931884766,41.381762655331094,1.7382362765536712
2025-06-10,42.90999984741211,43.66564070174944,-0.7556408543373294
2025-06-11,43.209999084472656,42.65504270382513,0.5549563806475248
2025-06-12,43.36000061035156,42.98461472434087,0.37538588601069023
2025-06-13,41.560001373291016,43.618046541869155,-2.05804516857814
2025-06-16,43.68999862670898,41.46627358248449,2.223725044224487
2025-06-17,43.11000061035156,43.54616703554119,-0.4361664251896258
2025-06-18,44.470001220703125,43.54961313831447,0.920388082388655
2025-06-20,45.31999969482422,43.97880902538263,1.3411906694415876
2025-06-23,40.88999938964844,45.57989706842734,-4.689897678778905
2025-06-24,42.84000015258789,40.84379981150991,1.99620034107798
2025-06-25,46.61000061035156,42.44629626688748,4.163704343464083
2025-06-26,49.27000045776367,47.43467842431364,1.8353220334500335
2025-06-27,47.58000183105469,48.86296455394128,-1.2829627228865945
2025-06-30,49.0099983215332,47.25320899401988,1.7567893275133244
2025-07-01,47.20000076293945,48.96889912145986,-1.7688983585204099
2025-07-02,48.7400016784668,47.622897594337495,1.117104084129302
2025-07-03,48.560001373291016,48.29578365067193,0.2642177226190867
2025-07-07,47.11000061035156,48.99258622105587,-1.8825856107043109
2025-07-08,49.11000061035156,46.856959097379224,2.253041512972338
2025-07-09,50.02000045776367,49.03158718222444,0.9884132755392301
2025-07-10,50.36000061035156,50.41621903808183,-0.056218427730264864
2025-07-11,49.2400016784668,49.963439119139714,-0.7234374406729174
2025-07-14,49.72999954223633,49.267760564866414,0.46223897736991404
2025-07-15,53.16999816894531,49.76580872566551,3.4041894432798046
2025-07-16,53.220001220703125,53.262498123940134,-0.04249690323700861
2025-07-17,52.75,53.28880709465178,-0.53880709465178
2025-07-18,51.77000045776367,52.30992529987516,-0.5399248421114891
2025-07-21,51.5,51.99710207700558,-0.49710207700557874
2025-07-22,49.86000061035156,51.54720050990917,-1.687199899557605
2025-07-23,51.70000076293945,49.88424640295161,1.8157543599878423
2025-07-24,52.52000045776367,51.62282405465373,0.8971764031099454
2025-07-25,54.470001220703125,52.81093964119661,1.6590615795065133
2025-07-28,60.04999923706055,54.128728641705855,5.921270595354692
2025-07-29,58.630001068115234,60.09428268620237,-1.464281618087135
2025-07-30,60.709999084472656,58.797926709122606,1.91207237535005
2025-07-31,58.970001220703125,59.905713005737816,-0.935711785034691
2025-08-01,56.63999938964844,59.71441351124653,-3.074414121598096
2025-08-04,58.22999954223633,56.24292762905474,1.9870719131815875
2025-08-05,57.2599983215332,58.31416244913476,-1.0541641276015596
2025-08-06,46.790000915527344,57.73953718056027,-10.949536265032926
2025-08-07,46.66999816894531,46.32850813018433,0.3414900387609805
2025-08-08,44.59999847412109,46.36188813944052,-1.7618896653194298
2025-08-11,45.20000076293945,46.0883879975689,-0.8883872346294481
2025-08-12,46.43000030517578,44.27360606712823,2.156394238047554
2025-08-13,46.06999969482422,46.63375365723763,-0.5637539624134078
2025-08-14,45.4900016784668,46.18926150478101,-0.6992598263142114
2025-08-15,45.369998931884766,45.099863649070855,0.27013528281391075
2025-08-18,45.86000061035156,45.56406948127287,0.2959311290786957
2025-08-19,43.2400016784668,45.92916058643971,-2.68915890797291
2025-08-20,42.61000061035156,43.191342507486304,-0.5813418971347417
2025-08-21,42.310001373291016,42.44685341444861,-0.13685204115759575
2025-08-22,43.880001068115234,42.67681257324173,1.2031884948735012
2025-08-25,44.06999969482422,43.74915856271645,0.3208411321077662
2025-08-26,44.36000061035156,44.10984136826187,0.2501592420896941
2025-08-27,44.7599983215332,44.19721639852713,0.5627819230060709
2025-08-28,43.970001220703125,44.810719445632834,-0.8407182249297094
2025-08-29,41.540000915527344,43.996167890556734,-2.45616697502939
2025-09-02,40.77999877929688,41.45508322624539,-0.6750844469485102
2025-09-03,40.09999847412109,40.81036019094842,-0.710361716827336
2025-09-04,40.70000076293945,40.35208439766803,0.34791636527142344
2025-09-05,40.40999984741211,40.57533627178145,-0.16533642436934315
2025-09-08,40.040000915527344,40.480934472563376,-0.44093355703603265
2025-09-09,42.91999816894531,39.93493413390698,2.9850640350383344
2025-09-10,43.90999984741211,42.91816714758144,0.9918326998306668
2025-09-11,43.95000076293945,44.113502731318846,-0.1635019683793928
2025-09-12,45.0,43.55632288122841,1.443677118771589
2025-09-15,45.380001068115234,45.05537112125667,0.3246299468585647
2025-09-16,44.90999984741211,45.55020228768367,-0.6402024402715583
2025-09-17,44.900001525878906,44.719655830615544,0.18034569526336242
2025-09-18,45.93999862670898,44.92243568667443,1.0175629400345443
2025-09-19,45.810001373291016,46.05385495600401,-0.24385358271299395
2025-09-22,46.869998931884766,45.79608288955621,1.0739160423285554
2025-09-23,46.9900016784668,46.7181360513769,0.2718656270898947
2025-09-24,46.20000076293945,47.15362813089497,-0.9536273679555194
2025-09-25,46.2400016784668,46.055405569324016,0.18459610914278102
2025-09-26,45.81999969482422,46.22601996321751,-0.4060202683932914
2025-09-29,46.36000061035156,45.98651756498603,0.373483045365532
2025-09-30,47.93999862670898,46.23998969118883,1.7000089355201453
2025-10-01,52.38999938964844,48.015564294567206,4.374435095081232
2025-10-02,52.5,52.36281286768768,0.13718713231232016
2025-10-03,51.959999084472656,52.5262225147394,-0.5662234302667457
2025-10-06,54.619998931884766,51.48368551264486,3.1363134192399045
2025-10-07,55.06999969482422,54.85844448570883,0.21155520911538872
2025-10-08,58.68000030517578,55.32790131576837,3.352098989407409
2025-10-09,57.97999954223633,58.18297367057215,-0.20297412833582484
2025-10-10,52.86000061035156,58.36107485432512,-5.501074243973555
2025-10-13,54.75,52.44369895712511,2.3063010428748925
2025-10-14,53.11000061035156,54.70084563013762,-1.5908450197860589
2025-10-15,53.93999862670898,54.00370010350748,-0.06370147679849936
2025-10-16,53.84000015258789,53.13443448898573,0.7055656636021581
2025-10-17,52.18000030517578,54.219249840809226,-2.039249535633445
2025-10-20,55.040000915527344,52.13025562123482,2.9097452942925273
2025-10-21,54.81999969482422,54.80038488772488,0.019614807099337384
2025-10-22,52.5,55.31418105717414,-2.814181057174139
2025-10-23,47.91999816894531,51.971684964864856,-4.051686795919544
2025-10-24,48.290000915527344,48.009541156677514,0.28045975884982965
2025-10-27,51.56999969482422,48.4618176662379,3.10818202858632
2025-10-28,52.36000061035156,51.9212969860404,0.4387036243111595
2025-10-29,52.68999862670898,52.19361388743259,0.4963847392763867
2025-10-30,50.369998931884766,52.29532777808949,-1.925328846204721
2025-10-31,51.959999084472656,50.57690453264471,1.383094551827945
2025-11-03,50.75,51.80542375765823,-1.0554237576582324
2025-11-04,47.400001525878906,51.139451552933984,-3.739450027055078
2025-11-05,42.02999877929688,47.04287497021033,-5.012876190913445
2025-11-06,40.34000015258789,42.11762430568756,-1.7776241530996728
2025-11-07,39.7599983215332,40.529191475330606,-0.7691931537974028
2025-11-10,40.18999862670898,40.10068827024368,0.0893103564652975
2025-11-11,38.81999969482422,40.033916259968834,-1.2139165651446149
2025-11-12,37.90999984741211,38.81463766576907,-0.9046378183569601
2025-11-13,35.09000015258789,37.78381198701634,-2.693811834428452
2025-11-14,36.41999816894531,35.24041285561601,1.179585313329305
2025-11-17,34.099998474121094,36.30189494921308,-2.201896475091985
2025-11-18,34.900001525878906,34.4946524012357,0.4053491246432088
2025-11-19,33.72999954223633,34.41725378423536,-0.6872542419990353
2025-11-20,31.559999465942383,34.151005573827284,-2.591006107884901
2025-11-21,32.189998626708984,31.329586171524507,0.860412455184477
2025-11-24,33.31999969482422,32.16679771680445,1.1532019780197658
2025-11-25,32.47999954223633,33.66931380800418,-1.1893142657678553
2025-11-26,32.83000183105469,32.245815777944614,0.5841860531100735
2025-11-28,33.849998474121094,32.66109613758197,1.1889023365391225
2025-12-01,33.40999984741211,34.12091378526602,-0.7109139378539098
2025-12-02,32.91999816894531,33.31339135106058,-0.3933931821152683
2025-12-03,33.68000030517578,32.76073205710523,0.9192682480705514
2025-12-04,34.22999954223633,33.83577047531895,0.3942290669173758
2025-12-05,34.689998626708984,34.28025245368995,0.4097461730190375
2025-12-08,35.369998931884766,34.550980216111235,0.8190187157735309
2025-12-09,35.02000045776367,35.39641219900523,-0.3764117412415615
2025-12-10,34.900001525878906,35.03905062800239,-0.13904910212348653
2025-12-11,34.02000045776367,34.79582879158659,-0.7758283338229148
2025-12-12,32.33000183105469,34.13095184861372,-1.8009500175590318
2025-12-15,31.3700008392334,32.295760749359346,-0.9257599101259473
2025-12-16,31.65999984741211,31.37847127742446,0.28152856998764975
2025-12-17,29.84000015258789,31.802880975232735,-1.9628808226448449
2025-12-18,29.3700008392334,29.87183975244675,-0.5018389132133514
2025-12-19,31.11000061035156,29.161361042283385,1.9486395680681738
2025-12-22,31.06999969482422,31.360371691024984,-0.2903719962007649
2025-12-23,30.76000022888184,31.107024599709906,-0.34702437082806625
2025-12-24,30.549999237060547,30.438613669530127,0.1113855675304194
2025-12-26,30.63999938964844,30.711413934912386,-0.07141454526394497
2025-12-29,30.07999992370605,30.674228302515807,-0.5942283788097562
2025-12-30,29.649999618530277,30.040677556115917,-0.3906779375856395
2025-12-31,29.270000457763672,29.639093070576106,-0.3690926128124339
2026-01-02,30.959999084472656,29.32986529781168,1.630133786660977
2026-01-05,30.06999969482422,30.937385897994183,-0.8673862031699642
2026-01-06,30.540000915527344,30.189680546486716,0.35032036904062736
2026-01-07,30.01000022888184,30.235226032984983,-0.2252258041031432
2026-01-08,29.899999618530277,30.269967548773447,-0.36996793024317043
2026-01-09,30.15999984741211,29.779380959855274,0.38061888755683526
2026-01-12,30.1200008392334,30.193315042259698,-0.07331420302629965
2026-01-13,28.600000381469727,30.176810080396727,-1.5768096989270006
2026-01-14,28.270000457763672,28.529863409341303,-0.25986295157763095
2026-01-15,29.420000076293945,28.224177109968302,1.1958229663256432
2026-01-16,32.63999938964844,29.610529949903075,3.0294694397453625
2026-01-20,31.40999984741211,32.60111626886265,-1.1911164214505376
2026-01-21,32.2400016784668,31.399367763006772,0.8406339154600246
2026-01-22,32.45000076293945,31.83070951883583,0.6192912441036214
2026-01-23,31.700000762939453,32.87555966373914,-1.175558900799686
2026-01-26,30.799999237060547,31.540470835189744,-0.7404715981291972
2026-01-27,31.200000762939453,30.716609729807583,0.4833910331318698
2026-01-28,31.209999084472656,31.364510270203304,-0.15451118573064804
2026-01-29,30.1200008392334,31.25628851967849,-1.1362876804450899
2026-01-30,29.11000061035156,30.00048371694336,-0.8904831065918017
2026-02-02,29.709999084472656,29.112428568432676,0.5975705160399798
2026-02-03,29.670000076293945,29.80399154400021,-0.13399146770626302
2026-02-04,33.7599983215332,29.746128609663835,4.0138697118693685
2026-02-05,30.850000381469727,33.56984252407395,-2.7198421426042216
2026-02-06,34.380001068115234,31.15407832593746,3.225922742177776
2026-02-09,33.529998779296875,33.63307240159832,-0.10307362230144435
2026-02-10,33.33000183105469,34.37644292922136,-1.0464410981666745
2026-02-11,32.040000915527344,32.68624338040395,-0.6462424648766074
2026-02-12,30.43000030517578,32.23599931956738,-1.8059990143915954
2026-02-13,30.540000915527344,30.549425815440888,-0.009424899913543783
2026-02-17,30.11000061035156,30.4565716035292,-0.3465709931776395
2026-02-18,29.709999084472656,30.31829957817999,-0.6083004937073326
2026-02-19,32.15999984741211,29.567377066310215,2.5926227811018947
2026-02-20,32.41999816894531,32.152020030231384,0.2679781387139286
2026-02-23,30.709999084472656,32.61877181661947,-1.908772732146815
2026-02-24,31.1299991607666,30.334934359980394,0.7950648007862071
2026-02-25,33.599998474121094,31.168892320240026,2.4311061538810677
2026-02-26,32.279998779296875,33.90820110885353,-1.6282023295566574
2026-02-27,32.38999938964844,32.17758778960249,0.2124116000459466
2026-03-02,31.82999992370605,32.01710900362874,-0.18710907992268844
2026-03-03,30.68000030517578,32.24630352615188,-1.5663032209760956
2026-03-04,32.650001525878906,30.536249372959716,2.11375215291919
2026-03-05,32.2400016784668,32.58778861072213,-0.34778693225533175
2026-03-06,31.309999465942383,32.563510894023096,-1.2535114280807136
2026-03-09,31.979999542236328,30.89347170343527,1.0865278388010573
2026-03-10,31.790000915527344,32.10351001420531,-0.3135090986779687
2026-03-11,31.790000915527344,32.0019804624204,-0.21197954689305476
2026-03-12,30.899999618530277,31.532413624859963,-0.6324140063296859
2026-03-13,30.75,31.01625040259907,-0.26625040259906996
2026-03-16,31.86000061035156,30.72490084809043,1.1350997622611274
2026-03-17,31.51000022888184,31.908693945779635,-0.398693716897796
2026-03-18,30.350000381469727,31.56681829277503,-1.2168179113053021
2026-03-19,30.790000915527344,30.161037862034163,0.6289630534931803
2026-03-20,20.530000686645508,30.855963287490308,-10.3259626008448
2026-03-23,21.57999992370605,20.795689265942595,0.7843106577634558
2026-03-24,22.229999542236328,20.835383004212634,1.3946165380236941
2026-03-25,24.049999237060547,23.749284842145272,0.30071439491527485
2026-03-26,22.209999084472656,23.268141713905983,-1.058142629433327
2026-03-27,21.96999931335449,22.09728940944785,-0.12729009609336117
2026-03-30,21.059999465942383,21.972173416220283,-0.9121739502779
2026-03-31,22.770000457763672,21.230653678468894,1.5393467792947781
2026-04-01,22.51000022888184,22.64831244569404,-0.1383122168121993
2026-04-02,23.21999931335449,22.713302345587614,0.5066969677668745
2026-04-06,22.049999237060547,22.927021127432475,-0.8770218903719282
2026-04-07,22.670000076293945,22.215703567469465,0.4542965088244806
2026-04-08,23.3700008392334,22.537488865752017,0.8325119734813811
2026-04-09,23.21999931335449,23.546630270886943,-0.32663095753245486
2026-04-10,25.26000022888184,23.14134136305299,2.1186588658288485
2026-04-13,25.96999931335449,25.140155558937604,0.8298437544168848
2026-04-14,27.200000762939453,26.183825945038684,1.0161748179007688
2026-04-15,27.290000915527344,26.916565523346694,0.3734353921806495
2026-04-16,28.399999618530277,27.379012244569765,1.0209873739605122
2026-04-17,28.559999465942383,28.329281388530184,0.23071807741219885
2026-04-20,28.809999465942383,28.634719471548568,0.17527999439381503
2026-04-21,28.43000030517578,28.705273343071884,-0.2752730378961026
2026-04-22,29.18000030517578,28.483405971367592,0.6965943338081892
2026-04-23,26.75,29.151092932220724,-2.401092932220724
2026-04-24,29.07999992370605,26.86000883709552,2.2199910866105306
2026-04-27,27.850000381469727,28.81269144531244,-0.962691063842712
2026-04-28,27.25,28.365148275029835,-1.115148275029835
2026-04-29,26.31999969482422,26.723677885743758,-0.40367819091953905
2026-04-30,27.399999618530277,26.55767301062636,0.8423266079039173
2026-05-01,27.09000015258789,27.45704694652623,-0.3670467939383393
2026-05-04,27.920000076293945,27.114965083027737,0.805034993266208
2026-05-05,27.82999992370605,27.746109561797347,0.08389036190870414
2026-05-06,34.65999984741211,27.985201822285592,6.674798025126517
2026-05-07,33.619998931884766,34.46726159789795,-0.8472626660131866
2026-05-08,35.369998931884766,34.03707447260438,1.3329244592803846
2026-05-11,33.52000045776367,34.38530022329525,-0.8652997655315815
2026-05-12,32.790000915527344,34.200432683114734,-1.41043176758739
2026-05-13,32.0,32.50773387819286,-0.5077338781928589
2026-05-14,33.029998779296875,32.14485366755038,0.8851451117464961
2026-05-15,31.040000915527344,33.129315076340625,-2.089314160813281
2026-05-18,30.850000381469727,31.075559398688323,-0.22555901721859684
2026-05-19,30.559999465942383,30.577873783632903,-0.01787431769052006
2026-05-20,33.459999084472656,30.903828887162913,2.5561701973097435
2026-05-21,33.459999084472656,33.31739508818105,0.14260399629160503
2026-05-22,35.58000183105469,33.58409019987639,1.995911631178295
2026-05-26,37.09999847412109,35.21174481740776,1.8882536567133243
2026-05-27,38.18999862670898,37.356757030223264,0.8332415964857134
2026-05-28,41.29999923706055,38.0168007071305,3.283198529930047
2026-05-29,46.09000015258789,41.19684288208004,4.893157270507849
2026-06-01,46.880001068115234,46.245826377127436,0.6341746909877983
2026-06-02,50.16999816894531,46.74201117398542,3.4279869949598947
2026-06-03,47.41999816894531,49.72765559011793,-2.307657421172614
2026-06-04,46.900001525878906,47.89134454721445,-0.9913430213355454
2026-06-05,41.63999938964844,46.34968079440407,-4.709681404755635
2026-06-08,43.9900016784668,42.19721931400577,1.7927823644610257
2026-06-09,40.63999938964844,43.68998357652506,-3.049984186876621
2026-06-10,29.270000457763672,41.35095053521755,-12.080950077453878
2026-06-11,31.96999931335449,28.618857404562647,3.351141908791842
2026-06-12,30.459999084472656,31.83898312215105,-1.3789840376783928
