Date,Actual,Predicted,Residual
2019-01-03,29.2386531829834,31.07663753464332,-1.837984351659923
2019-01-04,29.757732391357425,29.476766655285456,0.28096573607196973
2019-01-07,29.978965759277344,29.720711549809646,0.2582542094676974
2019-01-08,29.732192993164062,29.944927534676037,-0.21273454151197413
2019-01-09,30.30233192443848,29.760231811088524,0.5421001133499566
2019-01-10,30.991596221923828,30.230882090276285,0.7607141316475428
2019-01-11,31.153291702270508,30.891332640907027,0.26195906136348057
2019-01-14,30.42997360229492,31.11876499574553,-0.6887913934506109
2019-01-15,30.668249130249023,30.520757628527495,0.1474915017215288
2019-01-16,30.327865600585938,30.648809467546148,-0.32094386696021004
2019-01-17,30.8809757232666,30.37016661757634,0.5108091056902602
2019-01-18,31.348997116088867,30.813650103795155,0.5353470122937125
2019-01-22,30.94904899597168,31.27843735348214,-0.32938835751046014
2019-01-23,31.051166534423828,30.992463013006688,0.05870352141714008
2019-01-24,32.02976608276367,31.04342929775256,0.9863367850111118
2019-01-25,32.45523452758789,31.89976500345908,0.5554695241288101
2019-01-28,31.859569549560547,32.382022579341694,-0.5224530297811469
2019-01-29,30.915019989013672,31.92842986055132,-1.0134098715376467
2019-01-30,31.80850601196289,31.04858935302795,0.7599166589349409
2019-01-31,32.01273727416992,31.708347539375893,0.30438973479402875
2019-02-01,31.97019386291504,31.972618123537192,-0.0024242606221527296
2019-02-04,32.2850456237793,31.970513385112916,0.3145322386663807
2019-02-05,32.54884338378906,32.24358967169062,0.3052537120984411
2019-02-06,32.9658088684082,32.50861035929116,0.45719850911704185
2019-02-07,32.438209533691406,32.90554922834926,-0.4673396946578521
2019-02-08,32.15742111206055,32.49980580144767,-0.3423846893871243
2019-02-11,32.582889556884766,32.20254807055393,0.38034148633083475
2019-02-12,32.88071060180664,32.53275981978207,0.34795078202456864
2019-02-13,32.44672775268555,32.83485002163213,-0.38812226894658153
2019-02-14,32.38715362548828,32.49788301185459,-0.1107293863663088
2019-02-15,32.41269302368164,32.401747970905696,0.01094505277594493
2019-02-19,32.727542877197266,32.411250444741526,0.31629243245573946
2019-02-20,33.18705749511719,32.68585492819245,0.5012025669247393
2019-02-21,33.1700325012207,33.120998035873036,0.04903446534766687
2019-02-22,33.518917083740234,33.163569664677254,0.35534741906297995
2019-02-25,33.68060302734375,33.472081612622965,0.208521414720785
2019-02-26,33.6976203918457,33.65311950509884,0.04450088674686015
2019-02-27,33.56998443603516,33.691755089653775,-0.12177065361861139
2019-02-28,33.22960662841797,33.58603404164514,-0.3564274132271734
2019-03-01,33.518917083740234,33.27658444483668,0.24233263890355516
2019-03-04,33.314697265625,33.48697717732395,-0.17227991169895063
2019-03-05,33.204071044921875,33.337404088288125,-0.13333304336624963
2019-03-06,33.00835037231445,33.22164459566842,-0.21329422335396941
2019-03-07,32.87220764160156,33.036462959887814,-0.1642553182862514
2019-03-08,32.50628662109375,32.893856807467856,-0.3875701863741057
2019-03-11,32.88071060180664,32.55736911472127,0.32334148708537214
2019-03-12,33.101959228515625,32.83809357388694,0.26386565462868816
2019-03-13,33.365745544433594,33.0671812293429,0.2985643150906938
2019-03-14,33.03388214111328,33.32639419528647,-0.29251205417318715
2019-03-15,33.740169525146484,33.07243579066787,0.6677337344786167
2019-03-18,33.910362243652344,33.65216093873923,0.2582013049131149
2019-03-19,33.833770751953125,33.87633081663203,-0.042560064678902165
2019-03-20,33.910362243652344,33.83938025007548,0.07098199357686497
2019-03-21,34.922996520996094,33.9010066808097,1.021989840186393
2019-03-22,34.40390396118164,34.788296300664086,-0.3843923394824458
2019-03-25,33.969932556152344,34.454567608496156,-0.4846350523438119
2019-03-26,34.378387451171875,34.0338083852109,0.3445790659609784
2019-03-27,34.20818328857422,34.33297126963892,-0.12478798106469924
2019-03-28,34.327327728271484,34.22463058372652,0.10269714454496182
2019-03-29,34.85491180419922,34.313792047725826,0.5411197564733925
2019-04-01,35.203800201416016,34.783591182841896,0.42020901857411985
2019-04-02,35.11871719360352,35.1484158471282,-0.029698653524675933
2019-04-03,35.56121063232422,35.122631533077396,0.43857909924682303
2019-04-04,35.77394104003906,35.503405066183966,0.27053597385509676
2019-04-05,35.93562698364258,35.73828388000373,0.19734310363885044
2019-04-08,36.07176971435547,35.909616784229726,0.1621529301257425
2019-04-09,35.91860580444336,36.0503976472795,-0.13179184283614376
2019-04-10,36.05475234985352,35.935976222005195,0.11877612784832792
2019-04-11,35.82499694824219,36.03909742848128,-0.21410048023908956
2019-04-12,36.23345565795898,35.85321580201879,0.3802398559401894
2019-04-15,36.25899124145508,36.18333931593662,0.07565192551845712
2019-04-16,36.59936141967773,36.24902017262917,0.3503412470485543
2019-04-17,37.773681640625,36.55318577162997,1.2204958689950303
2019-04-18,38.63313293457031,37.612817945113164,1.0203149894571482
2019-04-22,38.42039489746094,38.49865346277551,-0.0782585653145702
2019-04-23,38.650146484375,38.430709526409515,0.21943695796548468
2019-04-24,38.64165115356445,38.621224272602774,0.020426880961679217
2019-04-25,37.85025405883789,38.63895885149056,-0.7887047926526662
2019-04-26,37.390750885009766,37.95420686264252,-0.5634559776327563
2019-04-29,37.29713439941406,37.46501546313969,-0.1678810637256305
2019-04-30,37.28863906860352,37.31926144548068,-0.030622376877154522
2019-05-01,37.28863906860352,37.29267515658625,-0.004036087982726144
2019-05-02,37.78218460083008,37.28917103273778,0.49301356809230157
2019-05-03,38.04597473144531,37.71720446733229,0.32877026411302523
2019-05-06,37.237571716308594,38.002642180305116,-0.7650704639965227
2019-05-07,37.237571716308594,37.338409470283764,-0.10083775397517059
2019-05-08,37.1865234375,37.25086232561227,-0.06433888811226751
2019-05-09,36.80359649658203,37.19500342630601,-0.3914069297239777
2019-05-10,36.446197509765625,36.855184680339,-0.40898717057337564
2019-05-13,34.88044738769531,36.500102802972016,-1.6196554152767035
2019-05-14,35.714385986328125,35.093921076690016,0.620464909638109
2019-05-15,35.714385986328125,35.632607521660326,0.08177846466779926
2019-05-16,35.33995819091797,35.703607427896316,-0.36364923697834683
2019-05-17,34.25074005126953,35.387887857553025,-1.1371478062834939
2019-05-20,32.897735595703125,34.4006183123181,-1.5028827166149767
2019-05-21,33.442325592041016,33.09581841913342,0.34650717290759303
2019-05-22,33.101959228515625,33.39665528231586,-0.2946960538002372
2019-05-23,32.39566802978516,33.1408007334083,-0.7451327036231348
2019-05-24,32.50628662109375,32.49387794871774,0.01240867237601151
2019-05-28,32.038272857666016,32.504651134284245,-0.4663782766182294
2019-05-29,32.072303771972656,32.099742408681394,-0.027438636708737363
2019-05-30,32.37015151977539,32.075920236897204,0.29423128287818656
2019-05-31,32.633934020996094,32.331371272581315,0.30256274841477904
2019-06-03,33.03388214111328,32.59405567067091,0.43982647044236955
2019-06-04,33.23811340332031,32.975912169057956,0.2622012342623563
2019-06-05,32.53181838989258,33.20355477794296,-0.6717363880503839
2019-06-06,32.71052551269531,32.620354533714625,0.09017097898068727
2019-06-07,33.03388214111328,32.698640804786635,0.33524133632664643
2019-06-10,33.71464157104492,32.98969669024876,0.7249448807961585
2019-06-11,34.00397109985352,33.61909244586576,0.3848786539877622
2019-06-12,33.578487396240234,33.95324335535483,-0.37475595911459436
2019-06-13,33.56998443603516,33.62788095014705,-0.057896514111888564
2019-06-14,32.19994354248047,33.577615307596375,-1.377671765115906
2019-06-17,32.04679107666016,32.38152332244428,-0.3347322457841173
2019-06-18,33.365745544433594,32.09090942841513,1.274836116018463
2019-06-19,33.52743911743164,33.19771970018101,0.3297194172506295
2019-06-20,34.47199249267578,33.48398146608816,0.9880110265876212
2019-06-21,34.48049545288086,34.341770745121494,0.13872470775936563
2019-06-24,35.127166748046875,34.46221127043021,0.6649554776166653
2019-06-25,34.195823669433594,35.0395243412206,-0.8437006717870048
2019-06-26,34.3364143371582,34.30702503554819,0.029389301610009966
2019-06-27,34.78449630737305,34.33254077085979,0.45195553651326037
2019-06-28,34.415489196777344,34.724927701155295,-0.30943850437795106
2019-07-01,36.357215881347656,34.45627378492092,1.9009420964267392
2019-07-02,35.847625732421875,36.1066680684845,-0.2590423360626275
2019-07-03,35.43467330932617,35.88176800896015,-0.4470946996339791
2019-07-05,35.083221435546875,35.49360124792386,-0.41037981237698773
2019-07-08,34.547271728515625,35.137310281613004,-0.5900385530973793
2019-07-09,34.854793548583984,34.625039941056855,0.2297536075271296
2019-07-10,35.768558502197266,34.82451158262008,0.9440469195771826
2019-07-11,35.935482025146484,35.64413130823651,0.2913507169099745
2019-07-12,36.22543716430664,35.89708144206975,0.3283557222368927
2019-07-15,36.74382019042969,36.1821592505805,0.5616609398491903
2019-07-16,36.699893951416016,36.669792201721144,0.03010174969487167
2019-07-17,36.576881408691406,36.695926483094084,-0.11904507440267764
2019-07-18,37.947513580322266,36.59257177773515,1.3549418025871134
2019-07-19,38.50983047485352,37.768929652998445,0.7409008218550781
2019-07-22,39.18638610839844,38.412178326051496,0.7742077823469415
2019-07-23,39.02823638916016,39.08434403834629,-0.05610764918612432
2019-07-24,39.13365936279297,39.03563148489449,0.09802787789848111
2019-07-25,38.32533264160156,39.120739100543396,-0.7954064589418337
2019-07-26,38.18474578857422,38.43016873787178,-0.2454229492975628
2019-07-29,38.60648727416992,38.21709300382528,0.38939427034463847
2019-07-30,37.87723159790039,38.55516436277789,-0.6779327648774967
2019-07-31,37.455509185791016,37.96658443606817,-0.5110752502771518
2019-08-01,36.78774642944336,37.522869883629276,-0.7351234541859171
2019-08-02,36.59445571899414,36.88463711011001,-0.2901813911158726
2019-08-05,35.0305061340332,36.63270218268934,-1.6021960486561397
2019-08-06,36.25179290771485,35.241678645033595,1.010114262681256
2019-08-07,36.25179290771485,36.118657911266304,0.13313499644854687
2019-08-08,36.81410598754883,36.23424545993176,0.5798605276170647
2019-08-09,36.38359069824219,36.73767925827958,-0.35408856003738975
2019-08-12,35.98821258544922,36.43026024932635,-0.44204766387713335
2019-08-13,36.76138687133789,36.0464753150578,0.714911556280093
2019-08-14,35.52253341674805,36.667160157566194,-1.144626740818147
2019-08-15,35.90034484863281,35.673397415707164,0.22694743292564823
2019-08-16,36.497806549072266,35.870432741861485,0.6273738072107804
2019-08-19,36.70867156982422,36.415117478458406,0.293554091365813
2019-08-20,36.8492431640625,36.66998057776981,0.17926258629268688
2019-08-21,37.41156768798828,36.825616011500486,0.5859516764877952
2019-08-22,37.01619338989258,37.3343381336197,-0.31814474372712453
2019-08-23,35.97941207885742,37.058125477074285,-1.0787133982168626
2019-08-26,36.322078704833984,36.121588572890275,0.20049013194370957
2019-08-27,36.33086013793945,36.29565372105696,0.03520641688249526
2019-08-28,36.59445571899414,36.32621986469534,0.26823585429880126
2019-08-29,37.147979736328125,36.5591017191262,0.5888780172019281
2019-08-30,37.455509185791016,37.07036448464294,0.38514470114807864
2019-09-03,36.655948638916016,37.404746375766514,-0.7487977368504986
2019-09-04,37.91238784790039,36.75464161625469,1.157746231645703
2019-09-05,38.870079040527344,37.759794674897044,1.1102843656302994
2019-09-06,38.4044075012207,38.723741432460415,-0.31933393123971143
2019-09-09,38.52741622924805,38.44649632559652,0.08091990365152668
2019-09-10,38.7470588684082,38.51675083080425,0.23030803760395457
2019-09-11,38.852500915527344,38.716703827497206,0.135797088030138
2019-09-12,38.720703125,38.834602598969944,-0.11389947396994415
2019-09-13,39.30938720703125,38.73571529404138,0.5736719129898731
2019-09-16,39.18638610839844,39.233776149034895,-0.0473900406364578
2019-09-17,39.65205383300781,39.1926322066122,0.4594216263956099
2019-09-18,39.57296752929688,39.591501181829315,-0.01853365253243311
2019-09-19,39.73403549194336,39.57541030023404,0.15862519170931932
2019-09-20,38.82252502441406,39.713128387554185,-0.8906033631401229
2019-09-23,38.9995346069336,38.93990825517252,0.05962635176108222
2019-09-24,39.04377365112305,38.99167573945372,0.05209791166932831
2019-09-25,39.83137512207031,39.036907046481055,0.7944680755892577
2019-09-26,41.11454391479492,39.72666270652507,1.387881208269853
2019-09-27,40.27384185791016,40.931618510649514,-0.6577766527393507
2019-09-30,41.13224029541016,40.36053808185411,0.7717022135560541
2019-10-01,41.76055145263672,41.030528464128416,0.7300229885083027
2019-10-02,41.0880012512207,41.66433302312517,-0.5763317719044636
2019-10-03,41.70745086669922,41.163962883721574,0.5434879829776449
2019-10-04,41.96408462524414,41.635818108548186,0.32826651669595464
2019-10-07,42.4331169128418,41.92081846897932,0.5122984438624769
2019-10-08,42.35346603393555,42.36559499574384,-0.012128961808294036
2019-10-09,43.07912063598633,42.35506465435596,0.7240559816303715
2019-10-10,43.30036163330078,42.98368866942145,0.3166729638793342
2019-10-11,43.73398208618164,43.25862352952476,0.47535855665687876
2019-10-14,44.1676025390625,43.67132891703985,0.4962736220226489
2019-10-15,44.59237289428711,44.1021927242064,0.4901801700807127
2019-10-16,44.36229705810547,44.527766208079534,-0.16546914997406503
2019-10-17,44.02601623535156,44.38410620931542,-0.3580899739638568
2019-10-18,43.61008834838867,44.07321318046289,-0.4631248320742216
2019-10-21,44.247257232666016,43.67112908917553,0.5761281434904859
2019-10-22,44.81360626220703,44.17132243878051,0.6422838234265242
2019-10-23,44.39768981933594,44.72895202286992,-0.3312622035339814
2019-10-24,45.08795166015625,44.44135081286945,0.6466008472867983
2019-10-25,45.24723052978516,45.0027284287976,0.2445021009875603
2019-10-28,45.406532287597656,45.21500468410684,0.19152760349081888
2019-10-29,45.54811096191406,45.381288582254,0.16682237966006142
2019-10-30,45.93749237060547,45.52612345243704,0.4113689181684279
2019-10-31,45.68971633911133,45.883273158499684,-0.19355681938835545
2019-11-01,46.10563278198242,45.71522749900076,0.39040528298166066
2019-11-04,47.33571243286133,46.05417661718648,1.2815358156748502
2019-11-05,47.388816833496094,47.16680355534913,0.22201327814696725
2019-11-06,47.46845245361328,47.35955505778453,0.10889739582874824
2019-11-07,47.494998931884766,47.454099568061075,0.04089936382369075
2019-11-08,46.75164413452149,47.48960831731908,-0.7379641827975902
2019-11-11,46.54809188842773,46.84890922866551,-0.30081734023778495
2019-11-12,46.14988708496094,46.58774019060882,-0.43785310564788205
2019-11-13,46.7958984375,46.20759696375295,0.5883014737470518
2019-11-14,46.44190979003906,46.71835917534753,-0.2764493853084673
2019-11-15,47.15872573852539,46.47834634904136,0.6803793894840311
2019-11-18,47.27376174926758,47.06905043054372,0.2047113187238594
2019-11-19,47.57463836669922,47.246780404979916,0.32785796171930315
2019-11-20,47.34456253051758,47.531426058763614,-0.18686352824603603
2019-11-21,46.8843879699707,47.369191501801836,-0.4848035318311332
2019-11-22,46.71623992919922,46.9482860049487,-0.23204607574948
2019-11-25,47.57463836669922,46.746824046870024,0.8278143198291943
2019-11-26,47.4596061706543,47.465530852230536,-0.005924681576239266
2019-11-27,47.689674377441406,47.460387055045054,0.22928732239635252
2019-11-29,46.98173141479492,47.65945386875172,-0.6777224539567968
2019-12-02,46.8843879699707,47.07105653358013,-0.1866685636094303
2019-12-03,46.7074089050293,46.908991244542065,-0.20158233951276827
2019-12-04,47.061370849609375,46.73397784385794,0.32739300575143204
2019-12-05,48.14101028442383,47.01821982376177,1.1227904606620598
2019-12-06,48.61887741088867,47.99302434905458,0.6258530618340927
2019-12-09,48.19409942626953,48.536388777431085,-0.3422893511615541
2019-12-10,48.2472038269043,48.239213819001996,0.007990007902300533
2019-12-11,49.46842575073242,48.246150728544045,1.2222750221883771
2019-12-12,51.86662673950195,49.307327559418646,2.5592991800833076
2019-12-13,51.54803466796875,51.52930620078714,0.018728467181610142
2019-12-16,51.804683685302734,51.54556622008733,0.2591174652154038
2019-12-17,52.415287017822266,51.77053150659808,0.644755511224183
2019-12-18,52.30024719238281,52.330307005294614,-0.030059812911801487
2019-12-19,51.64971923828125,52.30420913335634,-0.6544898950750877
2019-12-20,51.62299728393555,51.73598226126356,-0.11298497732801138
2019-12-23,51.88142395019531,51.63788892056621,0.24353502962910056
2019-12-24,51.47150039672852,51.84932556637614,-0.3778251696476147
2019-12-26,51.908145904541016,51.52129847846799,0.38684742607302525
2019-12-27,52.09529113769531,51.857158672106884,0.2381324655884285
2019-12-30,51.55170440673828,52.063904822174685,-0.5122004154364035
2019-12-31,51.77448654174805,51.61921340350174,0.15527313824630795
2020-01-02,53.50327301025391,51.754021244431975,1.7492517658219384
2020-01-03,51.73885345458984,53.272718273790595,-1.5338648192007582
2020-01-06,51.14178466796875,51.941019778540934,-0.7992351105721838
2020-01-07,51.97053527832031,51.24712538786427,0.7234098904560398
2020-01-08,52.35372161865234,51.875188467810915,0.4785331508414217
2020-01-09,52.78145599365234,52.29065003191058,0.4908059617417564
2020-01-10,52.45173645019531,52.71676682690405,-0.2650303767087365
2020-01-13,53.52110290527344,52.48666796197123,1.0344349433022089
2020-01-14,53.75279235839844,53.38476239649057,0.3680299619078653
2020-01-15,52.03290939331055,53.704285303818786,-1.6713759105082389
2020-01-16,52.35372161865234,52.25319994273715,0.10052167591518923
2020-01-17,52.20222473144531,52.34047266904297,-0.1382479375976544
2020-01-21,51.89923477172852,52.22044607467457,-0.32121130294604683
2020-01-22,51.99726867675781,51.9415710372946,0.0556976394632116
2020-01-23,51.22197723388672,51.989927621091056,-0.767950387204337
2020-01-24,51.44475936889648,51.32319456726217,0.12156480163430672
2020-01-27,49.24367141723633,51.428736894972694,-2.185065477736366
2020-01-28,50.87444686889648,49.531667236487586,1.3427796324088916
2020-01-29,50.96355819702149,50.6974659389199,0.26609225810159387
2020-01-30,49.724884033203125,50.92848672724212,-1.2036026940389917
2020-01-31,48.0673828125,49.88352117586756,-1.816138363367557
2020-02-03,48.807037353515625,48.3067533307572,0.5002840227584215
2020-02-04,51.25763320922852,48.741098960153664,2.5165342490748586
2020-02-05,51.61407852172852,50.92594917041108,0.6881293513174427
2020-02-06,51.70318603515625,51.523381753918706,0.17980428123754422
2020-02-07,50.08134078979492,51.679487486161946,-1.5981466963670243
2020-02-10,50.81206512451172,50.29197958840005,0.5200855361116723
2020-02-11,52.27351379394531,50.74351685372563,1.5299969402196822
2020-02-12,53.13790130615234,52.071857263859556,1.0660440422927806
2020-02-13,52.87057876586914,52.99739465752042,-0.12681589165127605
2020-02-14,51.85468292236328,52.88729334352474,-1.0326104211614577
2020-02-18,50.06352233886719,51.99078295562995,-1.9272606167627657
2020-02-19,51.364559173583984,50.317538983169435,1.0470201904145497
2020-02-20,50.33085250854492,51.226559905102825,-0.8957073965579028
2020-02-21,49.53775787353516,50.44890846069348,-0.9111505871583176
2020-02-24,48.22779846191406,49.65784926781309,-1.4300508058990289
2020-02-25,47.99610900878906,48.416281899876054,-0.42017289108699174
2020-02-26,49.03871536254883,48.051488601404806,0.9872267611440222
2020-02-27,47.48816680908203,48.908596982683626,-1.420430173601595
2020-02-28,47.978275299072266,47.675382229262205,0.3028930698100609
2020-03-02,49.88530349731445,47.93835341175389,1.946950085560566
2020-03-03,48.90504837036133,49.628691743275304,-0.7236433729139762
2020-03-04,50.86554718017578,49.00042595430632,1.8651212258694585
2020-03-05,49.66251373291016,50.61972062672913,-0.9572068938189702
2020-03-06,49.07437896728516,49.78867543670676,-0.7142964694215976
2020-03-09,46.18711853027344,49.168524611429646,-2.9814060811562086
2020-03-10,48.575340270996094,46.580073567828094,1.9952667031679994
2020-03-11,46.55247497558594,48.31236029412194,-1.759885318536
2020-03-12,43.38898086547852,46.78443123468399,-3.39545036920547
2020-03-13,46.54356384277344,43.836507734018575,2.7070561087548626
2020-03-16,40.01161193847656,46.18676865757485,-6.17515671909829
2020-03-17,43.25531768798828,40.82550943328482,2.4298082547034596
2020-03-18,39.53932571411133,42.93506430150316,-3.3957385873918327
2020-03-19,39.48263549804688,39.98689057036092,-0.504255072314038
2020-03-20,40.05836486816406,39.54909728335372,0.5092675848103454
2020-03-23,40.71505355834961,39.99124242410005,0.7238111342495586
2020-03-24,43.96255493164063,40.61965386313895,3.342901068501682
2020-03-25,44.07949447631836,43.521954161682736,0.5575403146356237
2020-03-26,44.86213684082031,44.00600959391317,0.8561272469071426
2020-03-27,42.19937133789063,44.7492976282802,-2.549926290389571
2020-03-30,43.01800155639648,42.53545651177377,0.48254504462270376
2020-03-31,42.99100112915039,42.9544011943626,0.03659993478778745
2020-04-01,41.839542388916016,42.986177187574654,-1.1466347986586385
2020-04-02,43.296852111816406,41.99067105374843,1.3061810580679776
2020-04-03,42.33430862426758,43.124694944106054,-0.7903863198384755
2020-04-06,44.95209884643555,42.43848305657918,2.5136157898563667
2020-04-07,44.72720336914063,44.62079946613847,0.1064039030021604
2020-04-08,45.22195816040039,44.71317913072358,0.5087790296768091
2020-04-09,43.47677230834961,45.154900108839655,-1.6781278004900457
2020-04-13,43.85459899902344,43.69795276982077,0.15664622920266424
2020-04-14,45.54581451416016,43.83395272568678,1.711861788473385
2020-04-15,44.67321395874024,45.320187848396785,-0.6469738896565431
2020-04-16,47.1380729675293,44.75848635779843,2.3795866097308647
2020-04-17,48.29853057861328,46.824438890138296,1.474091688474985
2020-04-20,47.308990478515625,48.10424246789103,-0.7952519893754015
2020-04-21,46.21149826049805,47.41380621540083,-1.2023079549027855
2020-04-22,47.632850646972656,46.369964754062,1.2628858929106528
2020-04-23,47.35397338867188,47.466399865037076,-0.11242647636519365
2020-04-24,47.434940338134766,47.36879141380487,0.0661489243298945
2020-04-27,48.136600494384766,47.426221783085005,0.7103787112997608
2020-04-28,47.4619255065918,48.04297121827201,-0.5810457116802112
2020-04-29,49.00920104980469,47.53850844539285,1.4706926044118376
2020-04-30,47.79476547241211,48.8153609448788,-1.0205954724666881
2020-05-01,45.9686164855957,47.92928191240532,-1.9606654268096193
2020-05-04,46.91318893432617,46.22703594790702,0.6861529864191525
2020-05-05,46.51734924316406,46.8227526551991,-0.30540341203504084
2020-05-06,46.89518356323242,46.557601998400614,0.3375815648318081
2020-05-07,47.07509994506836,46.85068966576415,0.22441027930420887
2020-05-08,47.59685516357422,47.04552224000866,0.5513329235655604
2020-05-11,47.1380729675293,47.5241884272131,-0.38611545968380057
2020-05-12,45.9686164855957,47.188963725389975,-1.2203472397942718
2020-05-13,45.80669403076172,46.12946059149392,-0.3227665607321981
2020-05-14,46.86820983886719,45.849235282285804,1.0189745565813837
2020-05-15,44.79916763305664,46.733907038695335,-1.9347394056386946
2020-05-18,46.66129302978516,45.05416999607134,1.607123033713826
2020-05-19,45.70774459838867,46.44947113270798,-0.7417265343193051
2020-05-20,46.63429641723633,45.80550557767657,0.8287908395597583
2020-05-21,45.65376281738281,46.52506019559494,-0.8712973782121267
2020-05-22,44.79916763305664,45.768601482313635,-0.969433849256994
2020-05-26,45.71673583984375,44.92694087302193,0.7897949668218232
2020-05-27,46.54434585571289,45.612639348993504,0.9317065067193866
2020-05-28,45.23096084594727,46.42154515182627,-1.1905843058789998
2020-05-29,45.27594757080078,45.3878821400929,-0.1119345692921172
2020-06-01,45.90564727783203,45.29070076163844,0.6149465161935908
2020-06-02,46.78723907470703,45.82459614800028,0.9626429267067493
2020-06-03,47.73179626464844,46.66036089135367,1.0714353732947686
2020-06-04,48.82929229736328,47.590579028254005,1.238713269109276
2020-06-05,49.65690612792969,48.66602751358934,0.9908786143403461
2020-06-08,49.9897575378418,49.52630642681174,0.46345111103005365
2020-06-09,50.925289154052734,49.92867379286301,0.9966153611897255
2020-06-10,51.77091598510742,50.79393333870135,0.9769826464060714
2020-06-11,49.51296615600586,51.64214779920506,-2.1291816431992032
2020-06-12,50.376564025878906,49.79359637872264,0.5829676471562664
2020-06-15,50.3945541381836,50.29972777229731,0.09482636588629134
2020-06-16,50.196659088134766,50.38205584135529,-0.18539675322052318
2020-06-17,50.91630935668945,50.22109473565851,0.6952146210309422
2020-06-18,50.88913345336914,50.824678736747266,0.0644547166218743
2020-06-19,50.12783050537109,50.880638198143494,-0.7528076927724072
2020-06-22,50.753177642822266,50.227052002588294,0.5261256402339711
2020-06-23,51.44196319580078,50.68383327473255,0.7581299210682317
2020-06-24,51.27883529663086,51.342040218690215,-0.0632049220593558
2020-06-25,51.695743560791016,51.28716582653702,0.4085777342539956
2020-06-26,51.05226516723633,51.64189223207651,-0.5896270648401796
2020-06-29,51.10664367675781,51.12997914483634,-0.023335468078528265
2020-06-30,51.45103454589844,51.10971933619015,0.34131520970828433
2020-07-01,51.49635314941406,51.40604854687717,0.09030460253688943
2020-07-02,53.12770080566406,51.48445082966449,1.6432499759995736
2020-07-06,56.08226013183594,52.91111730832975,3.1711428235061874
2020-07-07,55.02188873291016,55.66429742786949,-0.6424086949593288
2020-07-08,56.72573471069336,55.106559430554704,1.6191752801386556
2020-07-09,58.71055603027344,56.512324304430386,2.1982317258430513
2020-07-10,57.8676872253418,58.420824874278914,-0.5531376489371169
2020-07-13,58.97338485717773,57.940591827966976,1.032793029210751
2020-07-14,60.686309814453125,58.837260755820054,1.8490490586330708
2020-07-15,59.8706283569336,60.442601603462364,-0.5719732465287635
2020-07-16,60.35095977783203,59.94601552743364,0.404944250398394
2020-07-17,60.17877960205078,60.297587349255934,-0.11880774720515319
2020-07-20,60.62286758422852,60.19443869091488,0.42842889331364375
2020-07-21,61.456668853759766,60.5663998346906,0.8902690190691658
2020-07-22,62.10920333862305,61.33932969019088,0.7698736484321671
2020-07-23,61.05788803100586,62.00773251573042,-0.949844484724558
2020-07-24,66.97608947753906,61.18307935516834,5.793010122370724
2020-07-27,75.45002746582031,66.2125596368446,9.23746782897571
2020-07-28,69.71312713623047,74.23251149555793,-4.519384359327461
2020-07-29,74.92439270019531,70.308790659515,4.615602040680315
2020-07-30,72.44110107421875,74.3160475020365,-1.874946427817747
2020-07-31,71.49853515625,72.68822260811942,-1.1896874518694176
2020-08-03,71.55293273925781,71.65533824331769,-0.10240550405987392
2020-08-04,72.6767578125,71.56642998102839,1.1103278314716079
2020-08-05,73.98182678222656,72.53041447555185,1.4514123066747118
2020-08-06,72.975830078125,73.7905278575073,-0.8146977793822998
2020-08-07,72.53173828125,73.08320880741528,-0.551470526165275
2020-08-10,72.38672637939453,72.60442315389759,-0.2176967745030538
2020-08-11,70.6375503540039,72.41541923165006,-1.7778688776461564
2020-08-12,71.95169067382812,70.87187688067141,1.0798137931567169
2020-08-13,70.96383666992188,71.80936914563249,-0.8455324757106126
2020-08-14,71.06351470947266,71.0752794713056,-0.011764761832949944
2020-08-17,72.6767578125,71.06506532763807,1.6116924848619334
2020-08-18,71.96981811523438,72.46433365300078,-0.49451553776640367
2020-08-19,71.18135833740234,72.03499621121485,-0.8536378738125023
2020-08-20,69.6134262084961,71.29386944579586,-1.6804432372997695
2020-08-21,71.00009155273438,69.83491184897802,1.1651797037563512
2020-08-24,71.50762176513672,70.84651863385513,0.6611031312815925
2020-08-25,72.54080200195312,71.42048710494326,1.1203148970098624
2020-08-26,74.09058380126953,72.39314235061947,1.6974414506500608
2020-08-27,73.04833984375,73.86685776367845,-0.8185179199284534
2020-08-28,72.90331268310547,73.15622207488838,-0.2529093917829073
2020-08-31,71.82481384277344,72.93664662582938,-1.1118327830559451
2020-09-01,73.9093246459961,71.97135553522575,1.9379691107703394
2020-09-02,74.47122955322266,73.65389660165295,0.8173329515697105
2020-09-03,73.57398223876953,74.36350350318583,-0.7895212644162939
2020-09-04,71.51667785644531,73.67804265511798,-2.1613647986726647
2020-09-08,70.07564544677734,71.80154988075618,-1.7259044339788403
2020-09-09,71.96076202392578,70.30312296014141,1.657639063784373
2020-09-10,71.50762176513672,71.74228201723416,-0.23466025209744146
2020-09-11,71.43509674072266,71.53855043626218,-0.10345369553952821
2020-09-14,72.95768737792969,71.44873213613988,1.5089552417898062
2020-09-15,77.80643463134766,72.75880418403888,5.0476304473087765
2020-09-16,75.34127807617188,77.14114726089491,-1.7998691847230361
2020-09-17,74.61885833740234,75.57850428549189,-0.9596459480895447
2020-09-18,73.08841705322266,74.74534151322804,-1.656924460005385
2020-09-21,73.41636657714844,73.30680287376615,0.10956370338229249
2020-09-22,73.31616973876953,73.4019258709832,-0.08575613221367462
2020-09-23,70.98401641845703,73.32747256141002,-2.343456142952988
2020-09-24,71.4030990600586,71.29288843105608,0.11021062900250911
2020-09-25,71.85857391357422,71.3885730878563,0.4700008257179178
2020-09-28,72.66935729980469,71.79662690364222,0.8727303961624671
2020-09-29,73.34349822998047,72.55432976036057,0.7891684696198951
2020-09-30,73.85364532470703,73.23948431266258,0.6141610120444483
2020-10-01,75.26567077636719,73.77269772582814,1.4929730505390495
2020-10-02,73.60768127441406,75.06889406592487,-1.4612127915108033
2020-10-05,77.01477813720703,73.80027192182456,3.214506215382471
2020-10-06,75.7211685180664,76.59110005505345,-0.8699315369870391
2020-10-07,79.18290710449219,75.83582716250513,3.3470799419870616
2020-10-08,79.98458099365234,78.74175555099704,1.2428254426553025
2020-10-09,80.87735748291016,79.82077421752103,1.056583265389122
2020-10-12,82.81775665283203,80.73809778281269,2.079658870019344
2020-10-13,81.6607894897461,82.54365362656719,-0.8828641368210981
2020-10-14,80.71337127685547,81.77715267563778,-1.0637813987823108
2020-10-15,80.30342864990234,80.85357970473468,-0.550151054832341
2020-10-16,78.98249816894531,80.3759396136985,-1.3934414447531935
2020-10-19,79.76594543457031,79.16615642291951,0.5997890116507989
2020-10-20,80.40362548828125,79.6868920928978,0.7167333953834429
2020-10-21,79.83881378173828,80.30915865262284,-0.4703448708845599
2020-10-22,80.35807800292969,79.90080613748286,0.4572718654468275
2020-10-23,80.44920349121094,80.29780869436584,0.15139479684509638
2020-10-26,79.00983428955078,80.42924936672723,-1.4194150771764527
2020-10-27,78.99160766601562,79.19691591807594,-0.20530825206031977
2020-10-28,76.38619232177734,79.0186676872615,-2.6324753654841544
2020-10-29,77.33361053466797,76.73315762202398,0.6004529126439877
2020-10-30,76.4044189453125,77.2544696895717,-0.8500507442592067
2020-11-02,78.08061218261719,76.51645726315353,1.564154919463661
2020-11-03,79.88438415527344,77.87445356537818,2.009930589895262
2020-11-04,81.48770141601562,79.6194714500145,1.868229966001124
2020-11-05,82.38047790527344,81.24146512465943,1.13901278061401
2020-11-06,83.27323150634766,82.23035383703251,1.0428776693151462
2020-11-09,81.10509490966797,83.13577823008958,-2.030683320421616
2020-11-10,79.8570327758789,81.37274286459815,-1.5157100887192456
2020-11-11,82.79041290283203,80.05680627154564,2.733606631286392
2020-11-12,81.82478332519531,82.43011830786018,-0.6053349826648713
2020-11-13,84.922119140625,81.9045676364804,3.017551504144606
2020-11-16,90.43360137939452,84.52440006702118,5.909201312373341
2020-11-17,87.19049072265625,89.65475731709182,-2.4642665944355713
2020-11-18,88.3018798828125,87.51528578438283,0.7865940984296742
2020-11-19,88.01036071777344,88.19820527255315,-0.18784455477971562
2020-11-20,86.84431457519531,88.0351189902357,-1.1908044150403896
2020-11-23,89.39508056640625,87.0012648801504,2.3938156862558486
2020-11-24,88.03768920898438,89.07957106944876,-1.041881860464386
2020-11-25,88.81202697753906,88.17501123572671,0.6370157418123483
2020-11-27,89.95076751708984,88.72806708145886,1.2227004356309834
2020-11-30,88.38386535644531,89.78961325546872,-1.4057478990234102
2020-12-01,91.88207244873048,88.5691456246867,3.3129268240437852
2020-12-02,90.67957305908205,91.44542234165984,-0.7658492825777898
2020-12-03,90.64312744140624,90.78051346283941,-0.1373860214331728
2020-12-04,94.49658966064452,90.66123518243252,3.835354478211997
2020-12-07,96.91980743408205,93.99108258713753,2.928724846944519
2020-12-08,96.23658752441406,96.53379588419884,-0.29720835978477567
2020-12-09,95.12516021728516,96.27576015605219,-1.15059993876703
2020-12-10,94.95207214355467,95.27681149518597,-0.32473935163129397
2020-12-11,94.76988220214844,94.99487341270157,-0.22499121055312798
2020-12-14,94.34173583984376,94.79953647506053,-0.4578006352167705
2020-12-15,95.73554229736328,94.40207484127706,1.3334674560862254
2020-12-16,95.83574676513672,95.55978873007966,0.27595803505705874
2020-12-17,95.05081939697266,95.7993749670396,-0.7485555700669408
2020-12-18,95.39844512939452,95.14948045626497,0.2489646731295494
2020-12-21,95.90160369873048,95.36563110815207,0.5359725905784103
2020-12-22,95.0874252319336,95.83096148370645,-0.7435362517728521
2020-12-23,94.9227523803711,95.18542473545152,-0.26267235508042575
2020-12-24,96.94451141357422,94.95737310037552,1.9871383131986988
2020-12-28,97.1091766357422,96.68260277408206,0.4265738616601453
2020-12-29,96.56945037841795,97.05295338293274,-0.48350300451478745
2020-12-30,99.62498474121094,96.63317700140225,2.991807739808692
2020-12-31,99.75304412841795,99.23065874510345,0.5223853833145
2021-01-04,102.1865005493164,99.68419273336119,2.50230781595522
2021-01-05,103.16535949707033,101.85669158165956,1.3086679154107657
2021-01-06,105.76345825195312,102.9928745567943,2.7705836951588196
2021-01-07,111.08777618408205,105.39829000906914,5.689486175012902
2021-01-08,108.58116149902344,110.33789099812917,-1.756729499105731
2021-01-11,112.15814971923828,108.81270181507014,3.3454479041681395
2021-01-12,112.52408599853516,111.71721327145667,0.8068727270784848
2021-01-13,109.0751724243164,112.41773862614099,-3.3425662018245816
2021-01-14,115.68022918701172,109.51572905820424,6.164500128807475
2021-01-15,114.56415557861328,114.86773625123499,-0.30358067262170607
2021-01-19,120.1171646118164,114.60416809330053,5.512996518515877
2021-01-20,119.51338958740234,119.39054110096211,0.12284848644023327
2021-01-21,122.73356628417967,119.49719792136001,3.236368362819661
2021-01-22,118.14112854003906,122.30700672907898,-4.1658781890399155
2021-01-25,119.40357971191406,118.69019927232503,0.7133804395890309
2021-01-26,115.86319732666016,119.30955480225776,-3.4463574755976083
2021-01-27,111.37136840820312,116.31743384942361,-4.946065441220483
2021-01-28,115.11304473876952,112.02326931612937,3.0897754226401446
2021-01-29,111.17011260986328,114.70580641423771,-3.535693804374432
2021-02-01,115.87234497070312,111.63612383203832,4.236221138664803
2021-02-02,117.50074005126952,115.31400290279258,2.1867371484769365
2021-02-03,116.64080810546876,117.21252390260966,-0.5717157971408966
2021-02-04,117.23544311523438,116.7161613436459,0.5192817715884814
2021-02-05,116.8969497680664,117.16700078215345,-0.2700510140870449
2021-02-08,121.26068115234376,116.93254300947453,4.328138142869236
2021-02-09,121.37957763671876,120.69022424705251,0.6893533896662518
2021-02-10,122.30359649658205,121.2887195383078,1.0148769582742432
2021-02-11,127.30770111083984,122.16983376772313,5.13786734311671
2021-02-12,126.3014144897461,126.63052034451421,-0.32910585476811605
2021-02-16,128.12191772460938,126.34479127237803,1.777126452231343
2021-02-17,124.6638412475586,127.88768905103495,-3.2238478034763602
2021-02-18,123.16353607177734,125.08875056893298,-1.9252144971556362
2021-02-19,125.02067565917967,123.41728303359248,1.6033926255871904
2021-02-22,122.19380950927734,124.80934543704565,-2.615535927768306
2021-02-23,118.10455322265624,122.53854215915614,-4.433988936499901
2021-02-24,121.031982421875,118.68896146548894,2.343020956386056
2021-02-25,115.2685546875,120.72316776769982,-5.45461308019982
2021-02-26,115.21367645263672,115.98748314924943,-0.7738066966127093
2021-03-01,118.1319808959961,115.31566565882012,2.8163152371759708
2021-03-02,115.2685546875,117.7607851481961,-2.4922304606961063
2021-03-03,112.42343139648438,115.59703544041304,-3.1736040439286626
2021-03-04,105.7451629638672,112.84171849402124,-7.096555530154035
2021-03-05,110.5114288330078,106.68050258851133,3.8309262444964673
2021-03-08,104.22655487060548,110.00650540919449,-5.779950538589006
2021-03-09,106.4678955078125,104.9883634331192,1.4795320746932958
2021-03-10,104.13508605957033,106.27289034375616,-2.137804284185833
2021-03-11,110.31016540527344,104.41685276290077,5.893312642372663
2021-03-12,108.224365234375,109.53341550013916,-1.3090502657641565
2021-03-15,108.9379425048828,108.39690056916066,0.5410419357221343
2021-03-16,109.18492126464844,108.8666321404497,0.318289124198742
2021-03-17,109.0545425415039,109.14297014784376,-0.08842760633984881
2021-03-18,105.14269256591795,109.06619746955606,-3.9235049036381042
2021-03-19,104.3437728881836,105.65981803450124,-1.3160451463176486
2021-03-22,107.60367584228516,104.51723016163703,3.0864456806481257
2021-03-23,105.50080871582033,107.1968763841318,-1.6960676683114713
2021-03-24,100.05545043945312,105.72435368626532,-5.668903246812192
2021-03-25,101.42366027832033,100.80262275600683,0.6210375223135003
2021-03-26,107.03433990478516,101.34180634220408,5.692533562581076
2021-03-29,105.04168701171876,106.28405306730822,-1.2423660555894571
2021-03-30,105.66609954833984,105.20543323975404,0.46066630858580027
2021-03-31,108.61378479003906,105.60538284566233,3.008401944376729
2021-04-01,114.6009292602539,108.21727164595451,6.383657614299395
2021-04-05,114.32544708251952,113.75955094771278,0.5658961348067351
2021-04-06,112.4337921142578,114.2508608869957,-1.8170687727378976
2021-04-07,110.0921859741211,112.67328526225383,-2.5810992881327337
2021-04-08,113.34291076660156,110.43237980887277,2.9105309577287954
2021-04-09,112.76437377929688,112.95929720619895,-0.1949234269020792
2021-04-12,111.01966094970705,112.79006506067672,-1.7704041109696789
2021-04-13,111.35940551757812,111.25300360581487,0.10640191176325686
2021-04-14,110.96456146240234,111.34538154161018,-0.38082007920783667
2021-04-15,108.67805480957033,111.01475427896379,-2.3366994693934657
2021-04-16,109.12799835205078,108.9860362796401,0.14196207241067782
2021-04-19,105.96913146972656,109.1092874787323,-3.140156009005736
2021-04-20,105.555908203125,106.38301005213282,-0.8271018490078177
2021-04-21,107.80569458007812,105.66492181257345,2.1407727675046715
2021-04-22,105.89566040039062,107.52353662495497,-1.6278762245643463
2021-04-23,108.94434356689452,106.11021760781067,2.834125959083849
2021-04-26,111.58898162841795,108.57080033179972,3.0181812966182378
2021-04-27,111.35940551757812,111.19117954695865,0.1682259706194742
2021-04-28,109.88101959228516,111.33723301212164,-1.4562134198364873
2021-04-29,109.36675262451172,110.072951312924,-0.706198688412286
2021-04-30,107.19960021972656,109.45983096559381,-2.260230745867247
2021-05-03,106.46500396728516,107.49750296542702,-1.032498998141861
2021-05-04,105.93240356445312,106.60108931478422,-0.6686857503310932
2021-05-05,105.95075988769533,106.02053762837498,-0.0697777406796547
2021-05-06,107.43838500976562,105.95995672769729,1.4784282820683359
2021-05-07,107.28224182128906,107.24352532769349,0.03871649359557239
2021-05-10,103.13166809082033,107.27713891320452,-4.145470822384198
2021-05-11,103.62753295898438,103.67804909305535,-0.05051613407097477
2021-05-12,99.36673736572266,103.63419108230627,-4.267453716583617
2021-05-13,99.86258697509766,99.92919594728312,-0.06660897218546324
2021-05-14,103.26940155029295,99.8713661653368,3.3980353849561595
2021-05-17,100.82679748535156,102.82153397172088,-1.9947364863693196
2021-05-18,101.78179168701172,101.0897075786351,0.6920841083766192
2021-05-19,103.21430206298828,101.6905736746393,1.5237283883489852
2021-05-20,104.02238464355467,103.01347174005737,1.0089129034973041
2021-05-21,102.70925903320312,103.88940798854986,-1.1801489553467377
2021-05-24,104.3437728881836,102.86480492814157,1.4789679600420271
2021-05-25,104.94066619873048,104.14884207551984,0.7918241232106453
2021-05-26,106.52009582519533,104.83630226117782,1.6837935640175061
2021-05-27,106.30889129638672,106.29816860522864,0.010722691158079556
2021-05-28,107.76895141601562,106.30747802513416,1.4614733908814657
2021-06-01,108.82498168945312,107.57632642110845,1.2486552683446774
2021-06-02,109.22901153564452,108.6604065311188,0.5686050045257218
2021-06-03,107.27306365966795,109.15406830589819,-1.881004646230238
2021-06-04,109.7432632446289,107.52098367837041,2.222279566258493
2021-06-07,108.5586929321289,109.45036253716225,-0.8916696050333428
2021-06-08,106.44664001464844,108.67621669561312,-2.2295766809646835
2021-06-09,107.5577392578125,106.74050249582366,0.8172367619888377
2021-06-10,108.57704162597656,107.45002588574685,1.1270157402297087
2021-06-11,108.58621978759766,108.42849879065945,0.15772099693820962
2021-06-14,111.102294921875,108.56543185781287,2.536863064062132
2021-06-15,109.68815612792967,110.7679315062671,-1.0797753783374304
2021-06-16,108.3750228881836,109.83047259297848,-1.4554497047948871
2021-06-17,109.80472564697266,108.56685394971574,1.2378716972569208
2021-06-18,106.7351303100586,109.64157178398234,-2.906441473923749
2021-06-21,105.21416473388672,107.11820486865518,-1.904040134768465
2021-06-22,105.38931274414062,105.46512087414298,-0.07580813000235764
2021-06-23,106.97479248046876,105.39930440101699,1.5754880794517732
2021-06-24,108.07172393798828,106.76714013101498,1.304583806973298
2021-06-25,107.41726684570312,107.89977729103451,-0.48251044533138554
2021-06-28,110.2563934326172,107.48086264748407,2.775530785133128
2021-06-29,110.82791900634766,109.89057315378986,0.9373458525577973
2021-06-30,110.7634048461914,110.70437502586758,0.059029820323829085
2021-07-01,109.1594696044922,110.75562460269865,-1.596154998206444
2021-07-02,109.61113739013672,109.3698458934612,0.2412914966755153
2021-07-06,110.66199493408205,109.57933470826221,1.0826602258198363
2021-07-07,109.00276184082033,110.51929824060412,-1.5165363997837886
2021-07-08,108.6524658203125,109.2026442458696,-0.5501784255571067
2021-07-09,111.1321029663086,108.72498039162267,2.4071225746859284
2021-07-12,113.0402374267578,110.81483959594358,2.2253978308142166
2021-07-13,114.2109375,112.74692572604425,1.4640117739557468
2021-07-14,114.66260528564452,114.01797794133695,0.6446273443075654
2021-07-15,108.33905029296876,114.5776421657622,-6.238591872793435
2021-07-16,106.68905639648438,109.16130866265418,-2.4722522661698036
2021-07-19,106.32955169677734,107.01490398505594,-0.6853522882785938
2021-07-20,107.29743957519533,106.41988244235436,0.8775571328409626
2021-07-21,108.6524658203125,107.181775862603,1.4706899577094958
2021-07-22,107.4449234008789,108.45862606422705,-1.0137026633481412
2021-07-23,107.65692901611328,107.57853135541515,0.07839766069812981
2021-07-26,106.60607147216795,107.64659605412648,-1.0405245819585218
2021-07-27,104.66107177734376,106.743214607001,-2.0821428296572293
2021-07-28,106.07144927978516,104.93550219425121,1.1359470855339424
2021-07-29,107.06697845458984,105.92172927603345,1.1452491785563979
2021-07-30,107.51866912841795,106.91603241714347,0.602636711274485
2021-08-02,107.72146606445312,107.43924045447534,0.282225609977786
2021-08-03,109.1502456665039,107.68426818796503,1.4659774785388748
2021-08-04,109.4544448852539,108.95702702420807,0.4974178610458324
2021-08-05,109.8969268798828,109.38888425750076,0.5080426223820353
2021-08-06,108.96588897705078,109.82996588821538,-0.8640769111646023
2021-08-09,108.97511291503906,109.07977597058141,-0.10466305554234623
2021-08-10,107.26055908203124,108.98890770642329,-1.728348624392055
2021-08-11,106.91950225830078,107.48835874437785,-0.5688564860770668
2021-08-12,106.65218353271484,106.99447863379773,-0.3422951010828825
2021-08-13,106.46781158447266,106.69729868329797,-0.2294870988253166
2021-08-16,105.66584014892578,106.49805842407869,-0.8322182751529112
2021-08-17,102.42111206054688,105.77552811314955,-3.354416052602673
2021-08-18,101.81272888183594,102.86323052748622,-1.0505016456502858
2021-08-19,101.87723541259766,101.95118701279193,-0.07395160019427749
2021-08-20,99.66494750976562,101.88698237528591,-2.2220348655202855
2021-08-23,102.28285217285156,99.95781596520584,2.3250362076457236
2021-08-24,103.3429183959961,101.97640794304137,1.3665104529547278
2021-08-25,107.87816619873048,103.16280969837399,4.715356500356492
2021-08-26,108.86447143554688,107.25667317153354,1.60779826401334
2021-08-27,109.2239761352539,108.65256054182164,0.5714155934322633
2021-08-30,109.68489837646484,109.14866246450114,0.5362359119637006
2021-08-31,109.70333862304688,109.61422145517737,0.08911716786950308
2021-09-01,111.03993225097656,109.69159280946306,1.3483394415135024
2021-09-02,111.34414672851562,110.86221852750053,0.48192820101509426
2021-09-03,114.27545928955078,111.28062766765187,2.9948316218989106
2021-09-07,114.9483642578125,113.88073473998631,1.067629517826191
2021-09-08,112.35811614990234,114.80764864046554,-2.4495324905632003
2021-09-09,113.0863265991211,112.68096922848979,0.4053573706313074
2021-09-10,113.35366821289062,113.03289972050625,0.3207684923843743
2021-09-13,113.95282745361328,113.31139031060555,0.6414371430077352
2021-09-14,113.46427154541016,113.86828480837865,-0.4040132629684905
2021-09-15,111.99859619140624,113.51752126805806,-1.5189250766518256
2021-09-16,111.80145263671876,112.19879342864637,-0.3973407919276042
2021-09-17,108.98768615722656,111.85382291489078,-2.866136757664222
2021-09-20,106.16463470458984,109.36544847694651,-3.2008137723566676
2021-09-21,106.40530395507812,106.58650809650098,-0.18120414142285313
2021-09-22,107.24757385253906,106.42918700832871,0.8183868442103517
2021-09-23,107.54377746582033,107.13970889743165,0.40406856838868066
2021-09-24,107.03469848632812,107.490520453812,-0.45582196748387105
2021-09-27,107.50675964355467,107.09477669556067,0.41198294799400514
2021-09-28,103.57300567626952,107.45245950114064,-3.8794538248711206
2021-09-29,103.3138427734375,104.08432512821501,-0.7704823547775135
2021-09-30,103.34161376953124,103.41539382499347,-0.07378005546223676
2021-10-01,103.25830841064452,103.35133812229492,-0.09302971165040219
2021-10-04,100.90731048583984,103.27056990499993,-2.3632594191600873
2021-10-05,101.12946319580078,101.21879260821053,-0.08932941240975367
2021-10-06,101.20350646972656,101.14123698362192,0.06226948610463978
2021-10-07,102.58264923095705,101.19529923207268,1.3873499988843605
2021-10-08,101.8514175415039,102.3997938412271,-0.5483762997231878
2021-10-11,102.0550537109375,101.92369458917406,0.13135912176343822
2021-10-12,101.07392120361328,102.03774032684268,-0.9638191232293991
2021-10-13,101.79588317871094,101.20095441192338,0.5949287667875609
2021-10-14,104.1838836669922,101.71747042662965,2.466413240362556
2021-10-15,106.31273651123048,103.85880567321682,2.4539308380136617
2021-10-18,106.75701141357422,105.9893037220164,0.7677076915578169
2021-10-19,108.2564697265625,106.65582606795029,1.6006436586122135
2021-10-20,106.98841094970705,108.0455018235462,-1.057090873839158
2021-10-21,107.63633728027344,107.12773755357142,0.5085997267020161
2021-10-22,105.7296142578125,107.56930286118855,-1.8396886033760467
2021-10-25,105.18352508544922,105.97208874285418,-0.7885636574049641
2021-10-26,105.683349609375,105.2874592873576,0.3958903220173937
2021-10-27,105.28533935546876,105.63117050591804,-0.34583115044927126
2021-10-28,107.37714385986328,105.33092056413781,2.0462232957254685
2021-10-29,105.23905181884766,107.10744770639425,-1.8683958875465976
2021-11-01,105.62781524658205,105.48530997898165,0.1425052676003986
2021-11-02,105.6185531616211,105.60903277909613,0.00952038252496834
2021-11-03,105.5260009765625,105.61729835695148,-0.09129738038897983
2021-11-04,109.02469635009766,105.53803414633637,3.486662203761284
2021-11-05,109.03395080566406,108.56514758688856,0.46880321877550557
2021-11-08,111.91253662109376,108.97216164262316,2.940374978470601
2021-11-09,112.71778869628906,111.52498956153937,1.1927991347496913
2021-11-10,109.40419006347656,112.56057548345193,-3.156385419975365
2021-11-11,109.39493560791016,109.82020771336423,-0.42527210545407
2021-11-12,109.85772705078124,109.45098728675588,0.4067397640253603
2021-11-15,109.33015441894533,109.80411797006668,-0.4739635511213578
2021-11-16,109.29312133789062,109.39262372368297,-0.09950238579234849
2021-11-17,110.20018768310548,109.30623594310758,0.8939517399979025
2021-11-18,114.20797729492188,110.08236312985754,4.125614165064334
2021-11-19,115.01323699951172,113.66421343819151,1.3490235613202088
2021-11-22,115.46676635742188,114.83543310773354,0.631333249688339
2021-11-23,112.32903289794922,115.38355542469829,-3.054522526749068
2021-11-24,111.72740936279295,112.73162482321447,-1.0042154604215199
2021-11-26,108.37678527832033,111.85976688579427,-3.4829816074739455
2021-11-29,110.40380096435548,108.83584893188218,1.5679520324733005
2021-11-30,108.43231201171876,110.19714188034185,-1.7648298686230817
2021-12-01,111.65337371826172,108.66491997199817,2.988453746263545
2021-12-02,112.64373779296876,111.25948978493388,1.3842480080348878
2021-12-03,110.45011138916016,112.46129125158002,-2.0111798624198656
2021-12-06,110.27423858642578,110.71518875093298,-0.4409501645071998
2021-12-07,113.21761322021484,110.33235666351324,2.8852565567016057
2021-12-08,112.73629760742188,112.8373308743246,-0.10103326690273207
2021-12-09,110.60746002197266,112.74961398570424,-2.1421539637315874
2021-12-10,110.26497650146484,110.8898000214066,-0.6248235199417564
2021-12-13,107.75664520263672,110.34732943932714,-2.5906842366904215
2021-12-14,107.63633728027344,108.0981023519849,-0.4617650717114685
2021-12-15,111.4404754638672,107.6971988020375,3.7432766618296966
2021-12-16,108.34180450439452,110.94710442309429,-2.605299918699771
2021-12-17,108.10945892333984,108.68518802865324,-0.5757291053133997
2021-12-20,106.82686614990234,108.18534112322857,-1.3584749733262242
2021-12-21,109.1504135131836,107.0059157559035,2.1444977572800923
2021-12-22,112.73794555664062,108.86776459726636,3.8701809593742666
2021-12-23,112.16170501708984,112.22784828614589,-0.06614326905604173
2021-12-27,114.03911590576172,112.17042282676367,1.8686930789980494
2021-12-28,113.44429779052734,113.79281857522463,-0.34852078469728554
2021-12-29,112.84017944335938,113.49023349814695,-0.6500540547875744
2021-12-30,111.92005157470705,112.92585781408724,-1.0058062393801919
2021-12-31,111.81781768798828,112.05261876542501,-0.23480107743672818
2022-01-03,119.70854949951172,111.84876492016346,7.859784579348258
2022-01-04,123.98384857177734,118.67261482289379,5.311233748883552
2022-01-05,118.09136962890624,123.28381778078737,-5.192448151881138
2022-01-06,119.40184020996094,118.77574425047129,0.6260959594896462
2022-01-07,114.78263854980467,119.31931956212665,-4.536681012321978
2022-01-10,116.1860809326172,115.38058180511564,0.8054991275015624
2022-01-11,120.0524444580078,116.07991460328078,3.9725298547270143
2022-01-12,122.89643096923828,119.5288574068786,3.3675735623596807
2022-01-13,129.3651580810547,122.45257831728692,6.912579763767766
2022-01-14,130.73141479492188,128.45406681514518,2.2773479797766925
2022-01-18,124.38350677490234,130.43125596497438,-6.0477491900720395
2022-01-19,121.7625503540039,125.18061171311467,-3.418061359110766
2022-01-20,119.27174377441406,122.21305739436407,-2.9413136199500087
2022-01-21,115.73995971679688,119.65941454871503,-3.9194548319181592
2022-01-24,117.06900787353516,116.25655137816254,0.812456495372615
2022-01-25,113.83464050292967,116.96192454977442,-3.12728404684475
2022-01-26,114.39230346679688,114.24682253604452,0.14548093075235613
2022-01-27,108.16522216796876,114.37312880120247,-6.207906633233705
2022-01-28,109.3083953857422,108.98343616424937,0.32495922149283274
2022-01-31,113.97405242919922,109.26556513732602,4.7084872918731975
2022-02-01,114.36441802978516,113.35346477685026,1.0109532529348968
2022-02-02,115.38677215576172,114.23117245281264,1.1555997029490754
2022-02-03,111.38101196289062,115.23446189935599,-3.853449936465367
2022-02-04,112.47769927978516,111.88890405248867,0.5887952272964867
2022-02-07,113.67664337158205,112.40009493996823,1.2765484316138185
2022-02-08,114.97783660888672,113.50839184085108,1.4694447680356433
2022-02-09,116.6600570678711,114.7841609711876,1.8758960966834906
2022-02-10,115.90725708007812,116.41281036579319,-0.5055532857150666
2022-02-11,112.46842193603516,115.97388997240019,-3.5054680363650306
2022-02-14,111.31592559814452,112.93044934403663,-1.6145237458921144
2022-02-15,115.73065948486328,111.52872292327571,4.201936561587573
2022-02-16,114.87559509277344,115.17683618994313,-0.3012410971696937
2022-02-17,111.3066635131836,114.9152992469306,-3.6086357337470076
2022-02-18,110.88839721679688,111.78228862149682,-0.8938914046999429
2022-02-22,108.65782165527344,111.00621381773686,-2.3483921624634263
2022-02-23,107.7190933227539,108.96734424470748,-1.24825092195357
2022-02-24,103.9828643798828,107.88361518745866,-3.900750807575861
2022-02-25,103.37875366210938,104.49699081498012,-1.1182371528707478
2022-02-28,99.45661163330078,103.52613946278197,-4.0695278294811885
2022-03-01,100.42320251464844,99.99298320347056,0.43021931117787915
2022-03-02,101.8730926513672,100.36649878460335,1.5065938667638505
2022-03-03,101.11096954345705,101.67452069123213,-0.5635511477750867
2022-03-04,97.64424896240234,101.1852466651942,-3.5409977027918558
2022-03-07,92.28154754638672,98.11095924855762,-5.829411702170901
2022-03-08,92.94142150878906,93.04987518508925,-0.10845367630018643
2022-03-09,97.54202270507812,92.95571591125669,4.586306793821436
2022-03-10,96.62189483642578,96.9375386766212,-0.31564384019542047
2022-03-11,94.25189971923828,96.66349729972718,-2.411597580488902
2022-03-14,92.29084014892578,94.56975290394777,-2.2789127550219916
2022-03-15,94.88389587402344,92.59120521925064,2.292690654772798
2022-03-16,98.70352935791016,94.58171485009593,4.121814507814221
2022-03-17,99.45065307617188,98.1602663032902,1.290386772881675
2022-03-18,99.66544342041016,99.28057762553044,0.3848657948797154
2022-03-21,99.85223388671876,99.61471737076656,0.23751651595220835
2022-03-22,99.96429443359376,99.82092875454111,0.14336567905264985
2022-03-23,98.385986328125,99.94539856222882,-1.5594122341038172
2022-03-24,100.78610229492188,98.59151985034073,2.194582444581144
2022-03-25,99.67477416992188,100.49685212119421,-0.822077951272334
2022-03-28,99.30121612548828,99.78312562001679,-0.48190949452850873
2022-03-29,102.0281982421875,99.36473272080124,2.6634655213862573
2022-03-30,99.67477416992188,101.67714837997752,-2.002374210055649
2022-03-31,97.36805725097656,99.93869092983059,-2.5706336788540227
2022-04-01,95.9952392578125,97.70687169836026,-1.7116324405477599
2022-04-04,97.86302947998048,96.22083569507957,1.6421937849009112
2022-04-05,95.7243881225586,97.64658519065794,-1.9221970680993508
2022-04-06,94.49164581298828,95.97773738143898,-1.4860915684507034
2022-04-07,93.87527465820312,94.68751553089794,-0.8122408726948152
2022-04-08,92.72659301757812,93.98232956248152,-1.2557365449033995
2022-04-11,91.12028503417967,92.89210150173936,-1.7718164675596881
2022-04-12,90.9988784790039,91.35381384159388,-0.3549353625899698
2022-04-13,94.79049682617188,91.04565964028802,3.7448371858838527
2022-04-14,91.85807800292967,94.29692010533672,-2.438842102407051
2022-04-18,92.24095916748048,92.17952206786214,0.061437099618345314
2022-04-19,92.8760223388672,92.23286163996138,0.6431606989058167
2022-04-20,92.46510314941406,92.79125252566074,-0.3261493762466756
2022-04-21,91.204345703125,92.50809026250862,-1.3037445593836168
2022-04-22,89.355224609375,91.37618173563742,-2.0209571262624166
2022-04-25,89.87821197509766,89.6215906332676,0.2566213418300549
2022-04-26,86.63758850097656,89.84438879024086,-3.2068002892642937
2022-04-27,84.29351806640625,87.0602509272937,-2.766732860887444
2022-04-28,88.9256362915039,84.65817876195031,4.267457529553596
2022-04-29,86.78700256347656,88.36317720738668,-1.5761746439101216
2022-05-02,87.5621566772461,86.99474540344227,0.5674112738038275
2022-05-03,87.44073486328125,87.48737078349758,-0.04663592021633178
2022-05-04,89.6447525024414,87.44688156697781,2.197870935463598
2022-05-05,86.05856323242188,89.35506889931061,-3.2965056668887343
2022-05-06,85.57293701171875,86.49304899949627,-0.920111987777517
2022-05-09,81.5291748046875,85.69420953577941,-4.165034731091907
2022-05-10,82.94869232177734,82.07813436759882,0.8705579541785227
2022-05-11,82.02413940429688,82.8339511143518,-0.8098117100549302
2022-05-12,81.89340209960938,82.13087414028206,-0.23747204067268513
2022-05-13,84.9472427368164,81.92470136985992,3.0225413669564887
2022-05-16,84.43357849121094,84.54886598972723,-0.11528749851629527
2022-05-17,87.1512222290039,84.44877360454869,2.702448624455215
2022-05-18,84.54566192626953,86.79503431906964,-2.2493723928001117
2022-05-19,84.2468032836914,84.84213352021771,-0.5953302365263085
2022-05-20,84.77913665771484,84.32526895025397,0.4538677074608728
2022-05-23,85.45153045654297,84.71931602370012,0.7322144328428521
2022-05-24,82.85528564453125,85.35502319046661,-2.4997375459353606
2022-05-25,84.43357849121094,83.18475584567167,1.2488226455392635
2022-05-26,84.9845962524414,84.26898127224146,0.7156149801999447
2022-05-27,87.57149505615234,84.89027682604845,2.6812182301038945
2022-05-31,89.00035095214844,87.21810535289725,1.7822455992511834
2022-06-01,88.48670196533203,88.76544756518219,-0.27874559985015424
2022-06-02,89.97157287597656,88.52344116981331,1.4481317061632524
2022-06-03,87.57149505615234,89.7807063406944,-2.20921128454205
2022-06-06,86.9551010131836,87.86267333903379,-0.9075723258501966
2022-06-07,87.63685607910156,87.07472078576075,0.5621352933408161
2022-06-08,87.29130554199219,87.56276556969337,-0.27146002770118116
2022-06-09,84.84449768066406,87.32708449409607,-2.4825868134320075
2022-06-10,82.81795501708984,85.17170738237854,-2.353752365288699
2022-06-13,79.89485931396484,83.12818409153303,-3.2333247775681855
2022-06-14,81.42644500732422,80.32101771869412,1.1054272886300964
2022-06-15,83.23819732666016,81.28074757131807,1.9574497553420827
2022-06-16,79.34868621826172,82.98020169601345,-3.6315154777517336
2022-06-17,79.7993392944336,79.82732692070063,-0.027987626267034216
2022-06-21,81.63002014160156,79.80302811723446,1.826992024367101
2022-06-22,79.7148208618164,81.38921909001559,-1.6743982281991805
2022-06-23,78.97315979003906,79.93550975850917,-0.9623499684701073
2022-06-24,80.66302490234375,79.09999936093517,1.563025541408578
2022-06-27,80.60670471191406,80.45701513929768,0.14968957261638138
2022-06-28,79.17969512939453,80.58697533925303,-1.4072802098584987
2022-06-29,78.53192901611328,79.36517735914178,-0.8332483430285009
2022-06-30,76.7481689453125,78.64175274525793,-1.8935837999454321
2022-07-01,72.28878021240234,76.99774692059182,-4.708966708189479
2022-07-05,71.45323944091797,72.90943105274094,-1.4561916118229732
2022-07-06,70.9369125366211,71.64516828721882,-0.7082557505977292
2022-07-07,75.71548461914062,71.03026200244311,4.685222616697516
2022-07-08,76.52286529541016,75.09796329558368,1.4249019998264743
2022-07-11,74.26969909667969,76.33506047996,-2.065361383280319
2022-07-12,74.26031494140625,74.54191768678068,-0.2816027453744283
2022-07-13,76.3163070678711,74.29743072314544,2.018876344725655
2022-07-14,78.55068969726562,76.0502152949744,2.500474402291232
2022-07-15,80.39078521728516,78.22112237704478,2.1696628402403775
2022-07-18,78.46620178222656,80.10481949518635,-1.6386177129597854
2022-07-19,80.87896728515625,78.68217473841109,2.196792546745158
2022-07-20,81.26388549804688,80.58942581572607,0.6744596823208013
2022-07-21,82.41864013671875,81.1749904188188,1.243649717899956
2022-07-22,81.03855895996094,82.25472471952986,-1.2161657595689235
2022-07-25,81.01978302001953,81.19885193874858,-0.17906891872904396
2022-07-26,79.25481414794922,81.04338464682534,-1.7885704988761262
2022-07-27,82.26840209960938,79.49055116881236,2.7778509307970154
2022-07-28,83.18844604492188,81.90227602113526,1.2861700237866103
2022-07-29,83.06642150878906,83.01892636989568,0.04749513889338175
2022-08-01,81.02915954589844,83.06016155842353,-2.031002012525093
2022-08-02,80.78506469726562,81.29684950505887,-0.5117848077932479
2022-08-03,81.2169189453125,80.85251891614489,0.36440002916761216
2022-08-04,83.01007080078125,81.16889032282745,1.8411804779537988
2022-08-05,84.2774658203125,82.76739968380994,1.5100661365025587
2022-08-08,82.55944061279297,84.07843620836871,-1.5189955955757455
2022-08-09,79.9964828491211,82.75964714456248,-2.763164295441385
2022-08-10,83.2447738647461,80.36067320089758,2.884100663848514
2022-08-11,84.04277038574219,82.86464386775002,1.178126517992169
2022-08-12,85.30077362060547,83.88749105192457,1.4132825686808985
2022-08-15,85.96733856201172,85.11450026845749,0.8528382935542282
2022-08-16,84.44645690917969,85.85493283982922,-1.40847593064953
2022-08-17,83.74234008789062,84.63209673721967,-0.8897566493290441
2022-08-18,83.80805206298828,83.85961172014544,-0.05155965715715638
2022-08-19,81.86471557617188,83.81484772465362,-1.9501321484817424
2022-08-22,80.02462768554688,82.1217467322048,-2.097119046657923
2022-08-23,80.76630401611328,80.30103199656796,0.46527201954532416
2022-08-24,80.32505798339844,80.70498027190106,-0.37992228850262677
2022-08-25,82.21207427978516,80.37513246942368,1.8369418103614805
2022-08-26,79.55522918701172,81.96996182732904,-2.4147326403173253
2022-08-29,77.78087615966797,79.87349557861724,-2.092619418949269
2022-08-30,77.72454833984375,78.0566874111302,-0.3321390712864485
2022-08-31,78.25027465820312,77.7683249062282,0.4819497519749234
2022-09-01,76.6448974609375,78.18675275688155,-1.5418552959440461
2022-09-02,75.95018005371094,76.84811694504299,-0.8979368913320513
2022-09-06,75.1333999633789,76.06852985754519,-0.9351298941662805
2022-09-07,75.05829620361328,75.25665187629447,-0.19835567268118837
2022-09-08,75.33057403564453,75.08443986156725,0.24613417407728377
2022-09-09,76.54161834716797,75.29813307960391,1.2434852675640542
2022-09-12,77.12370300292969,76.37772460484864,0.7459783980810499
2022-09-13,73.9880599975586,77.02538161984617,-3.0373216222875783
2022-09-14,74.78605651855469,74.38838481063763,0.39767170791705553
2022-09-15,73.62289428710938,74.7336426250208,-1.1107483379114313
2022-09-16,73.53789520263672,73.7692930476125,-0.2313978449757883
2022-09-19,73.85891723632812,73.56839388224874,0.290523354079383
2022-09-20,73.78337860107422,73.8206257012587,-0.03724710018448718
2022-09-21,72.8298110961914,73.78828784029001,-0.9584767440986042
2022-09-22,71.4041748046875,72.95614016868946,-1.5519653640019584
2022-09-23,69.74253845214844,71.60872681514641,-1.866188362997974
2022-09-26,68.93057250976562,69.98850565631457,-1.0579331465489474
2022-09-27,68.9494400024414,69.070010126788,-0.12057012434659953
2022-09-28,68.0997543334961,68.96533137599164,-0.8655770424955449
2022-09-29,65.40899658203125,68.21383904721225,-2.8048424651809967
2022-09-30,64.72923278808594,65.77868019648629,-1.0494474084003542
2022-10-03,65.38068389892578,64.86755196855117,0.5131319303746125
2022-10-04,68.74174499511719,65.31305212670753,3.428692868409655
2022-10-05,70.31844329833984,68.28983670144832,2.028606596891521
2022-10-06,70.19570922851562,70.05106905955249,0.1446401689631358
2022-10-07,65.85273742675781,70.17664537693699,-4.323907950179176
2022-10-10,63.67181015014648,66.42263678454225,-2.7508266343957715
2022-10-11,59.90474319458008,64.03437437454295,-4.129631179962871
2022-10-12,60.52786636352539,60.44903650157563,0.07882986194976382
2022-10-13,62.89762496948242,60.517476436584985,2.3801485328974366
2022-10-14,60.348480224609375,62.583916829540726,-2.235436604931351
2022-10-17,61.264278411865234,60.64311505499826,0.6211633568669725
2022-10-18,60.15021133422852,61.18240789051359,-1.032196556285065
2022-10-19,60.103004455566406,60.28625681931101,-0.1832523637446073
2022-10-20,60.02748107910156,60.12715746844592,-0.09967638934435996
2022-10-21,60.18798065185547,60.04061861832029,0.14736203353518107
2022-10-24,57.86543273925781,60.16855805330778,-2.3031253140499643
2022-10-25,57.72380828857422,58.16898907128374,-0.4451807827095209
2022-10-26,57.44057846069336,57.782483969251835,-0.3419055085584759
2022-10-27,57.54441833496094,57.485642262234826,0.058776072726111295
2022-10-28,58.545196533203125,57.53667153588805,1.008524997315078
2022-10-31,58.11090469360352,58.41227100497684,-0.3013663113733145
2022-11-01,58.13922882080078,58.15062535123278,-0.011396530432001839
2022-11-02,57.13846206665039,58.14073090536156,-1.0022688387111671
2022-11-03,56.91186141967773,57.27056302117815,-0.35870160150042096
2022-11-04,58.98894500732422,56.95913897847101,2.0298060288532085
2022-11-07,59.2532844543457,58.721412681104724,0.5318717732409795
2022-11-08,61.387020111083984,59.183182734908975,2.2038373761750094
2022-11-09,61.36813735961914,61.096550119628354,0.2715872399907866
2022-11-10,66.88182830810547,61.332341640691595,5.549486667413873
2022-11-11,69.70476531982422,66.1503953256662,3.554369994158023
2022-11-14,68.7323226928711,69.23629254002904,-0.503969847157947
2022-11-15,75.96430969238281,68.7987468849555,7.165562807427307
2022-11-16,75.01073455810547,75.01987477629085,-0.009140218185379467
2022-11-17,76.92733001708984,75.01193925638626,1.9153907607035876
2022-11-18,77.67317199707031,76.67487784257351,0.9982941544968043
2022-11-21,75.46392822265625,77.54159491354241,-2.0776666908861614
2022-11-22,77.92809295654297,75.73776867589186,2.1903242806511116
2022-11-23,77.38993835449219,77.63940401698518,-0.2494656624929945
2022-11-25,76.85179138183594,77.42281840709325,-0.5710270252573082
2022-11-28,74.79359436035156,76.92705383855827,-2.133459478206703
2022-11-29,74.89746856689453,75.07478840992394,-0.17731984302940873
2022-11-30,78.34351348876953,74.92083966216974,3.422673826599791
2022-12-01,78.06026458740234,77.89239851635112,0.16786607105122187
2022-12-02,76.94618225097656,78.03813951739896,-1.0919572664223978
2022-12-05,77.05951690673828,77.09010431223052,-0.03058740549224126
2022-12-06,75.1146011352539,77.06354838542542,-1.9489472501715142
2022-12-07,74.8124771118164,75.37147611941782,-0.5589990076014146
2022-12-08,76.28531646728516,74.88615425275114,1.399162214534016
2022-12-09,76.18147277832031,76.10090420488578,0.08056857343453316
2022-12-12,75.93599700927734,76.1708536858727,-0.23485667659535636
2022-12-13,76.01152801513672,75.96695156952822,0.044576445608498716
2022-12-14,75.54889678955078,76.00565275414196,-0.4567559645911814
2022-12-15,73.68888092041016,75.60909810139276,-1.920217180982604
2022-12-16,72.445068359375,73.94196922637265,-1.496900866997649
2022-12-19,72.25517272949219,72.64236276355712,-0.387190034064929
2022-12-20,71.79940795898438,72.30620511831651,-0.5067971593321374
2022-12-21,73.24261474609375,71.86620479623397,1.3764099498597773
2022-12-22,71.4765853881836,73.0612012757999,-1.5846158876163088
2022-12-23,71.10629272460938,71.68544080025362,-0.5791480756442411
2022-12-27,70.56509399414062,71.18262555134267,-0.6175315572020423
2022-12-28,69.3687515258789,70.64648583733342,-1.277734311454509
2022-12-29,72.16020965576172,69.53715935784649,2.6230502979152277
2022-12-30,70.72649383544922,71.81448659749074,-1.087992762041523
2023-01-03,70.28974914550781,70.8698933674249,-0.5801442219170809
2023-01-04,72.46405792236328,70.36621326622972,2.09784465613356
2023-01-05,71.90385437011719,72.18755797462215,-0.28370360450496435
2023-01-06,74.12562561035156,71.94124704911764,2.1843785612339275
2023-01-09,76.25245666503906,73.83772032801231,2.4147363370267527
2023-01-10,77.1639404296875,75.93418978620015,1.2297506434873497
2023-01-11,77.64820098876953,77.00185693715399,0.646344051615543
2023-01-12,82.60445404052734,77.56301160357269,5.041442436954654
2023-01-13,82.41456604003906,81.93998226170315,0.47458377833591214
2023-01-17,84.49390411376953,82.35201498816541,2.1418891256041235
2023-01-18,84.94966125488281,84.21159902050854,0.7380622343742687
2023-01-19,83.93372344970703,84.852383237353,-0.9186597876459643
2023-01-20,86.43083953857422,84.05480457100614,2.3760349675680743
2023-01-23,90.82691955566406,86.11767357442962,4.709245981234446
2023-01-24,89.78250122070312,90.20623190660271,-0.42373068589958507
2023-01-25,87.74112701416016,89.8383497374963,-2.097222723336145
2023-01-26,88.72856903076172,88.0175449899662,0.7110240407955217
2023-01-27,88.58615112304688,88.63485469898417,-0.048703575937295795
2023-01-30,88.42475128173828,88.59257034773165,-0.1678190659933705
2023-01-31,88.04495239257812,88.44687015638492,-0.401917763806793
2023-02-01,89.9533920288086,88.09792592441896,1.8554661043896346
2023-02-02,91.76691436767578,89.70883803888412,2.058076328791657
2023-02-03,89.87745666503906,91.49565596172357,-1.6181992966845087
2023-02-06,87.1904296875,90.09073843481158,-2.900308747311584
2023-02-07,89.77301025390625,87.57269594097123,2.2003143129350207
2023-02-08,89.51663970947266,89.48300460894019,0.033635100532464435
2023-02-09,91.8048858642578,89.51220653873607,2.292679325521732
2023-02-10,90.55158233642578,91.50270633354731,-0.9511239971215275
2023-02-13,91.25418090820312,90.67694230277532,0.5772386054278087
2023-02-14,93.01072692871094,91.17809975330526,1.8326271754056762
2023-02-15,88.07344055175781,92.76918315341416,-4.695742601656349
2023-02-16,86.23145294189453,88.69234842950162,-2.4608954876070896
2023-02-17,85.5478286743164,86.55580368527791,-1.007975010961502
2023-02-21,83.21212768554688,85.68068171328684,-2.4685540277399696
2023-02-22,82.44303894042969,83.53748783920298,-1.0944488987732939
2023-02-23,85.52886199951172,82.58728940360454,2.941572595907175
2023-02-24,83.65837860107422,85.14115709168307,-1.482778490608851
2023-02-27,82.88931274414062,83.85381164897237,-0.9644989048317427
2023-02-28,82.6709213256836,83.01643554896921,-0.345514223285619
2023-03-01,83.95272064208984,82.71646076274486,1.2362598793449848
2023-03-02,84.53191375732422,83.78977921979056,0.7421345375336585
2023-03-03,85.25349426269531,84.43409900243043,0.8193952602648835
2023-03-06,85.05411529541016,85.14549639641854,-0.09138110100838048
2023-03-07,84.36100769042969,85.06615949972218,-0.705151809292488
2023-03-08,86.24095153808594,84.45394805083669,1.787003487249251
2023-03-09,84.38947296142578,86.00542105235955,-1.6159480909337702
2023-03-10,82.84183502197266,84.60245801796427,-1.7606229959916107
2023-03-13,83.30706787109375,83.07388850837367,0.23317936272007955
2023-03-14,84.77875518798828,83.27633438402744,1.5024208039608453
2023-03-15,82.31961822509766,84.58073324553139,-2.261115020433735
2023-03-16,85.22962951660156,82.61763751988133,2.611991996720235
2023-03-17,85.39187622070312,84.88536396362946,0.5065122570736662
2023-03-20,85.93590545654297,85.32511693411742,0.6107885224255512
2023-03-21,88.28376770019531,85.8554023582617,2.4283653419336133
2023-03-22,88.39832305908203,87.96370449237966,0.434618566702369
2023-03-23,90.27852630615234,88.34103949872441,1.9374868074279306
2023-03-24,88.56056213378906,90.02316183031441,-1.462599696525345
2023-03-27,86.52765655517578,88.7533355779395,-2.225679022763714
2023-03-28,86.67080688476562,86.82100531752738,-0.15019843276175493
2023-03-29,88.53193664550781,86.69060332616942,1.8413333193383892
2023-03-30,88.2551498413086,88.28924538374898,-0.03409554244038304
2023-03-31,88.78008270263672,88.25964369917143,0.5204390034652846
2023-04-03,88.6082763671875,88.71148784417574,-0.10321147698823552
2023-04-04,87.96881866455078,88.62187983773528,-0.6530611731844971
2023-04-05,86.08861541748047,88.05489337924871,-1.9662779617682418
2023-04-06,86.12678527832031,86.34777462265988,-0.2209893443395714
2023-04-10,84.96240234375,86.15591209759293,-1.1935097538429318
2023-04-11,85.17237854003906,85.11970921754605,0.052669322493017035
2023-04-12,82.91039276123047,85.16543662235497,-2.2550438611245056
2023-04-13,83.08219146728516,83.20761186557735,-0.1254203982921922
2023-04-14,83.225341796875,83.09872211624054,0.12661968063446238
2023-04-17,83.97933197021484,83.2086530802076,0.7706788900072468
2023-04-18,84.12249755859375,83.87775501493878,0.24474254365496506
2023-04-19,83.25399780273438,84.09024002211088,-0.8362422193765013
2023-04-20,85.22008514404297,83.36421613052165,1.855869013521314
2023-04-21,81.47876739501953,84.97547804992247,-3.496710654902941
2023-04-24,80.78203582763672,81.93964056335435,-1.1576047357176265
2023-04-25,78.53914642333984,80.93461035120546,-2.3954639278656202
2023-04-26,78.50098419189453,78.85487316170156,-0.35388896980703066
2023-04-27,79.85626220703125,78.54762743660368,1.3086347704275738
2023-04-28,80.45755004882812,79.68378163532756,0.7737684135005622
2023-05-01,80.15213012695312,80.3555658884323,-0.2034357614791702
2023-05-02,79.17861938476562,80.1789433503504,-1.0003239655847693
2023-05-03,78.93048095703125,79.31046400128655,-0.3799830442552974
2023-05-04,79.68445587158203,78.98056345078116,0.7038924208008694
2023-05-05,81.09700012207031,79.59168150099278,1.5053186210775351
2023-05-08,81.64100646972656,80.89859624176165,0.7424102279649105
2023-05-09,81.18289947509766,81.54315537830537,-0.3602559032077153
2023-05-10,81.03018951416016,81.23038189383593,-0.20019237967576942
2023-05-11,79.62720489501953,81.05657525361741,-1.429370358597879
2023-05-12,79.62720489501953,79.81559864872266,-0.1883937537031244
2023-05-15,81.75556182861328,79.65203555295284,2.1035262756604425
2023-05-16,81.96552276611328,81.4783130325255,0.4872097335877754
2023-05-17,86.73761749267578,81.9013075891305,4.836309903545285
2023-05-18,88.42694854736328,86.10018257504237,2.3267659723209135
2023-05-19,88.36014556884766,88.12027633125253,0.2398692375951299
2023-05-22,87.53933715820312,88.32853034344674,-0.7891931852436187
2023-05-23,86.31767272949219,87.6433543330876,-1.325681603595413
2023-05-24,86.02179718017578,86.4924001064902,-0.47060292631441314
2023-05-25,96.34861755371094,86.08382354812076,10.264794005590176
2023-05-26,98.50560760498048,94.99569802374432,3.5099095812361583
2023-05-30,97.33168029785156,98.0429947928495,-0.7113144949979358
2023-05-31,94.09619140625,97.42543291204986,-3.329241505799857
2023-06-01,94.33478546142578,94.53499181965519,-0.20020635822940847
2023-06-02,94.43023681640624,94.3611730432832,0.06906377312303391
2023-06-05,93.58079528808594,94.42113407869708,-0.8403387906111419
2023-06-06,95.27012634277344,93.69155355181604,1.578572790957395
2023-06-07,95.71869659423828,95.0620674224291,0.6566291718091861
2023-06-08,95.38465118408205,95.63215161048092,-0.24750042639887226
2023-06-09,98.1143035888672,95.41727221479807,2.6970313740691267
2023-06-12,102.1801300048828,97.75882968291998,4.421300321962818
2023-06-13,101.9319839477539,101.59739414577315,0.33458980198075494
2023-06-14,102.51416778564452,101.88788437036531,0.6262834152792038
2023-06-15,100.80626678466795,102.43162243077778,-1.6253556461098242
2023-06-16,100.2216339111328,101.02049177501515,-0.7988578638823469
2023-06-20,99.65618896484376,100.32692490919133,-0.6707359443475696
2023-06-21,97.41348266601562,99.74459324826769,-2.331110582252066
2023-06-22,98.8415069580078,97.72072751004495,1.1207794479628461
2023-06-23,97.67224884033205,98.69378607796789,-1.0215372376358403
2023-06-26,95.94711303710938,97.80688940678014,-1.8597763696707688
2023-06-27,97.8351821899414,96.19223512826169,1.6429470616797204
2023-06-28,96.72340393066406,97.6186386172952,-0.8952346866311416
2023-06-29,96.45504760742188,96.84139757873797,-0.3863499713160934
2023-06-30,96.72340393066406,96.5059692743653,0.21743465629876368
2023-07-03,98.86068725585938,96.6947456260904,2.16594162976898
2023-07-05,96.79051208496094,98.57521199643514,-1.7846999114742061
2023-07-06,95.27621459960938,97.02573895498368,-1.7495243553743052
2023-07-07,96.0621109008789,95.50680526389831,0.5553056369805915
2023-07-10,95.62123107910156,95.98892055327306,-0.3676894741714989
2023-07-11,97.0492706298828,95.66969325674476,1.3795773731380336
2023-07-12,99.57949829101562,96.86743968712817,2.7120586038874563
2023-07-13,101.18006134033205,99.2220437673676,1.958017572964451
2023-07-14,100.76793670654295,100.92199087023408,-0.15405416369112857
2023-07-17,100.4324951171875,100.7882413406756,-0.35574622348809726
2023-07-18,98.86068725585938,100.4793831514926,-1.6186958956332234
2023-07-19,98.77440643310548,99.07403447832544,-0.29962804521996134
2023-07-20,93.7906494140625,98.81389798392307,-5.02324856986057
2023-07-21,93.2060317993164,94.45272320632176,-1.2466914070053576
2023-07-24,94.16444396972656,93.37034811696103,0.7940958527655368
2023-07-25,96.14836883544922,94.05978061386313,2.088588221586093
2023-07-26,95.27621459960938,95.87308890352821,-0.5968743039188382
2023-07-27,95.2187042236328,95.35488377721462,-0.13617955358182599
2023-07-28,96.6659164428711,95.2366529498832,1.4292634929879
2023-07-31,95.02701568603516,96.47753677426026,-1.450521088225102
2023-08-01,94.30819702148438,95.21819714645409,-0.9100001249697129
2023-08-02,91.72048950195312,94.42813678264014,-2.707647280687013
2023-08-03,91.0304183959961,92.07736260474579,-1.046944208749693
2023-08-04,92.16134643554688,91.16840764994815,0.9929387855987244
2023-08-07,92.34344482421876,92.03047519990724,0.31296962431152053
2023-08-08,90.56080627441406,92.30219482769796,-1.7413885532838975
2023-08-09,90.07200622558594,90.79032462438923,-0.7183183988032908
2023-08-10,90.85790252685548,90.16668196773391,0.6912205591215752
2023-08-11,88.16475677490234,90.7667983319305,-2.6020415570281585
2023-08-14,89.1998519897461,88.5077108408457,0.6921411489003901
2023-08-15,87.86764526367188,89.10862645932328,-1.2409811956514005
2023-08-16,87.96349334716797,88.03120896451222,-0.06771561734424836
2023-08-17,87.82929992675781,87.97241839536075,-0.14311846860293542
2023-08-18,87.31175994873047,87.84816321531152,-0.536403266581047
2023-08-21,88.71104431152344,87.38245892767736,1.3285853838460753
2023-08-22,88.40435791015625,88.53593421072115,-0.13157630056490177
2023-08-23,90.30201721191406,88.42169991883348,1.88031729308058
2023-08-24,88.68230438232422,90.05418778767455,-1.3718834053503315
2023-08-25,89.22860717773438,88.86312124537328,0.3654859323610964
2023-08-28,90.09117126464844,89.1804354311265,0.9107358335219402
2023-08-29,91.1262664794922,89.97113453569496,1.1551319437972438
2023-08-30,90.8387222290039,90.9740178746395,-0.13529564563559404
2023-08-31,89.6790542602539,90.85655445449233,-1.1775001942384193
2023-09-01,89.31485748291016,89.83425104339997,-0.5193935604898172
2023-09-05,90.6662139892578,89.3833145499826,1.282899439275198
2023-09-06,88.42353820800781,90.49712538354068,-2.0735871755328645
2023-09-07,86.305419921875,88.69684097329846,-2.391421051423464
2023-09-08,85.91248321533203,86.6206138013705,-0.7081305860384646
2023-09-11,85.87415313720703,86.00581618422517,-0.13166304701813658
2023-09-12,86.7175521850586,85.89150657923312,0.8260456058254704
2023-09-13,87.4267807006836,86.60867779048665,0.8181029101969415
2023-09-14,88.12137603759766,87.31895316862351,0.8024228689741477
2023-09-15,85.98265075683594,88.01561516503307,-2.032964408197131
2023-09-18,85.5780258178711,86.25059936350831,-0.6725735456372206
2023-09-19,84.94218444824219,85.66667230066811,-0.7244878524259235
2023-09-20,84.09441375732422,85.03767333620593,-0.9432595788817082
2023-09-21,82.23506164550781,84.2187371782718,-1.9836755327639821
2023-09-22,82.50480651855469,82.49651388389971,0.008292634654978315
2023-09-25,83.08283996582031,82.50371353340823,0.5791264324120817
2023-09-26,81.20423126220703,83.00650999170651,-1.802278729499477
2023-09-27,82.31214141845703,81.44177505414824,0.8703663643087935
2023-09-28,83.24662780761719,82.19742546294364,1.049202344673546
2023-09-29,83.71868133544922,83.10834092702099,0.6103404084282289
2023-10-02,84.44122314453125,83.63823729945194,0.8029858450793057
2023-10-03,82.28324127197266,84.33538807063664,-2.0521467986639834
2023-10-04,83.49710083007812,82.55371815448574,0.9433826755923889
2023-10-05,83.84391784667969,83.37276118474807,0.47115666193161587
2023-10-06,86.02117919921875,83.78181849531872,2.239360703900033
2023-10-09,85.7321548461914,85.72602716506238,0.006127681129029838
2023-10-10,87.29285430908203,85.7313472060704,1.5615071030116354
2023-10-11,88.63196563720703,87.08704467912789,1.544920958079146
2023-10-12,89.0365982055664,88.42834209295454,0.6082561126118691
2023-10-13,87.14834594726562,88.95642888375382,-1.8080829364881907
2023-10-16,87.8805160522461,87.38665474481597,0.493861307430123
2023-10-17,87.6685791015625,87.81542418507826,-0.14684508351575687
2023-10-18,86.31983184814453,87.68793356510652,-1.3681017169619878
2023-10-19,89.5086669921875,86.50015027741361,3.00851671477389
2023-10-20,87.96723175048828,89.11213872114456,-1.1449069706562796
2023-10-23,87.77456665039062,88.11813268427733,-0.34356603388670237
2023-10-24,88.28515625,87.81984931235397,0.4653069376460337
2023-10-25,84.43160247802734,88.22382790351517,-3.7922254254878283
2023-10-26,84.24855041503906,84.93142505969672,-0.6828746446576588
2023-10-27,82.84199523925781,84.33855460243662,-1.496559363178804
2023-10-30,82.90943145751953,83.03924463258187,-0.12981317506233836
2023-10-31,83.15027618408203,82.9265410828752,0.22373510120682738
2023-11-01,84.58573150634766,83.12078746879004,1.4649440375576148
2023-11-02,87.16761779785156,84.39264907355451,2.7749687242970538
2023-11-03,88.4296646118164,86.80187159972002,1.6277930120963902
2023-11-06,89.20999908447266,88.21511837195918,0.9948807125134778
2023-11-07,89.02696228027344,89.07887189914253,-0.05190961886908951
2023-11-08,88.63196563720703,89.03380406756337,-0.40183843035633515
2023-11-09,88.26588439941406,88.684928712747,-0.41904431333293246
2023-11-10,93.8728256225586,88.32111524331808,5.551710379240518
2023-11-13,92.8901596069336,93.1410995506372,-0.2509399437035995
2023-11-14,95.28900909423828,92.92323397262476,2.365775121613524
2023-11-15,95.18302917480467,94.97719539746103,0.20583377734364205
2023-11-16,94.93255615234376,95.15589988831891,-0.22334373597514912
2023-11-17,95.93447875976562,94.96199328494788,0.9724854748177449
2023-11-20,96.30056762695312,95.80630330970075,0.4942643172523731
2023-11-21,94.80731201171876,96.23542264231806,-1.428110630599292
2023-11-22,95.03852081298828,94.99553973085648,0.04298108213180285
2023-11-24,94.24854278564452,95.03285582395844,-0.7843130383139254
2023-11-27,93.65125274658205,94.35191674780728,-0.7006640012252348
2023-11-28,94.39305114746094,93.74360160528158,0.6494495421793545
2023-11-29,95.2601089477539,94.30745245265383,0.9526564951000722
2023-11-30,93.74757385253906,95.13454699523264,-1.3869731426935772
2023-12-01,94.94217681884766,93.93037957190054,1.0117972469471113
2023-12-04,93.45857238769533,94.80882000184619,-1.3502476141508595
2023-12-05,93.15027618408205,93.6365376119834,-0.4862614279013542
2023-12-06,94.26781463623048,93.21436637255722,1.0534482636732605
2023-12-07,95.65509796142578,94.12896813536969,1.526129826056092
2023-12-08,96.67628479003906,95.45395112440096,1.2223336656381036
2023-12-11,97.25433349609376,96.51517886940618,0.7391546266875793
2023-12-12,97.88052368164062,97.15691149916267,0.7236121824779502
2023-12-13,98.38150024414062,97.7851502086549,0.5963500354857274
2023-12-14,100.13248443603516,98.30290016612001,1.829584269915145
2023-12-15,99.25167083740234,99.891341721516,-0.6396708841136558
2023-12-18,99.62915802001952,99.3359806863284,0.2931773336911192
2023-12-19,100.5390167236328,99.59051668534897,0.9485000382838251
2023-12-20,96.83184051513672,100.41400260008882,-3.5821620849521025
2023-12-21,99.26134490966795,97.30397634578254,1.9573685638854101
2023-12-22,99.84210205078124,99.0033599802109,0.8387420705703335
2023-12-26,101.10040283203124,99.73155423781381,1.3688485942174253
2023-12-27,101.29400634765624,100.91998596290794,0.3740203847482917
2023-12-28,101.34239196777344,101.24470974386116,0.09768222391227255
2023-12-29,100.6648406982422,101.32951726338194,-0.664676565139743
2024-01-02,98.27405548095705,100.75244634386928,-2.478390862912235
2024-01-03,96.95767211914062,98.60071214834839,-1.6430400292077678
2024-01-04,95.95100402832033,97.17422794508526,-1.2232239167649368
2024-01-05,96.41561889648438,96.11222728575855,0.303391610725825
2024-01-08,98.96127319335938,96.37563130051747,2.585641892841906
2024-01-09,98.6225128173828,98.62048063459778,0.0020321827850153795
2024-01-10,97.56747436523438,98.62224497179555,-1.0547706065611777
2024-01-11,97.97398376464844,97.70649515342303,0.2674886112254029
2024-01-12,97.99333953857422,97.93872825285021,0.05461128572400753
2024-01-16,98.40956115722656,97.98614166641309,0.4234194908134725
2024-01-17,99.64852142333984,98.35375365654237,1.2947677667974773
2024-01-18,109.40526580810548,99.47786854930091,9.927397258804575
2024-01-19,110.53773498535156,108.09681581623431,2.440919169117251
2024-01-22,109.40526580810548,110.21601715904447,-0.8107513509389861
2024-01-23,110.46997833251952,109.5121243905607,0.9578539419588168
2024-01-24,112.78333282470705,110.34373134653754,2.4396014781695072
2024-01-25,112.8220672607422,112.46178867259319,0.3602785881490149
2024-01-26,113.49961853027344,112.77458185208518,0.7250366781882605
2024-01-29,113.22858428955078,113.404057306022,-0.17547301647121571
2024-01-30,112.33809661865234,113.25171196954483,-0.9136153508924849
2024-01-31,109.3375244140625,112.45851287351597,-3.1209884594534714
2024-02-01,109.75371551513672,109.74887667668905,0.004838838447668081
2024-02-02,112.03803253173828,109.75307774695212,2.2849547847861658
2024-02-05,114.98054504394533,111.73687111030651,3.243673933638817
2024-02-06,115.55162048339844,114.55302260060417,0.9985978827942716
2024-02-07,120.9720458984375,115.42000336789862,5.552042530538884
2024-02-08,129.44143676757812,120.24027604833816,9.201160719239965
2024-02-09,128.84133911132812,128.2287061439882,0.6126329673399198
2024-02-12,126.27630615234376,128.7605929116709,-2.4842867593271336
2024-02-13,123.45962524414062,126.60373991018643,-3.144114666045809
2024-02-14,125.12447357177734,123.87402558513445,1.2504479866428966
2024-02-15,124.89215087890624,124.95966212973426,-0.06751125082801934
2024-02-16,122.62721252441406,124.90104899120035,-2.2738364667862925
2024-02-20,121.31082153320312,122.92690853021702,-1.6160869970138947
2024-02-21,121.32048034667967,121.52382489782929,-0.20334455114961258
2024-02-22,124.93087005615234,121.34728154838064,3.583588507771708
2024-02-23,125.37613677978516,124.4585462202441,0.9175905595410541
2024-02-26,126.45052337646484,125.25519658480025,1.1953267916645984
2024-02-27,124.46627044677734,126.29297701360022,-1.8267065668228781
2024-02-28,123.29508209228516,124.7070338745117,-1.411951782226538
2024-02-29,124.54370880126952,123.48118004422702,1.0625287570425002
2024-03-01,129.60598754882812,124.40366547397322,5.202322074854905
2024-03-04,133.82615661621094,128.9203115252845,4.905845090926448
2024-03-05,130.64166259765625,133.17955682756534,-2.537894229909085
2024-03-06,137.030029296875,130.97616192289976,6.053867373975237
2024-03-07,144.41534423828125,136.23211797029424,8.18322626798701
2024-03-08,141.6760711669922,143.33677932698677,-1.6607081599945843
2024-03-11,134.5618133544922,141.8949556864485,-7.33314233195631
2024-03-12,139.7692413330078,135.52833557320653,4.240905759801279
2024-03-13,137.5817413330078,139.21028182304994,-1.628540490042127
2024-03-14,135.1425323486328,137.79638609189138,-2.6538537432585656
2024-03-15,132.5872039794922,135.49231536005752,-2.90511138056533
2024-03-18,132.79519653320312,132.97010322923404,-0.17490669603091646
2024-03-19,131.07501220703125,132.81824957107736,-1.7432373640461094
2024-03-20,132.90211486816406,131.3047742338095,1.5973406343545662
2024-03-21,135.526123046875,132.6915823100776,2.8345407367974076
2024-03-22,136.58546447753906,135.15252514328233,1.43293933425673
2024-03-25,136.28416442871094,136.39660032600153,-0.11243589729059522
2024-03-26,134.9332733154297,136.29898369553996,-1.3657103801102721
2024-03-27,132.84378051757812,135.11327656191696,-2.269496044338837
2024-03-28,132.2218017578125,133.1429044473809,-0.9211026895683858
2024-04-01,137.5087432861328,132.3432048582686,5.16553842786422
2024-04-02,136.27444458007812,136.82791541778548,-0.5534708377073514
2024-04-03,138.00439453125,136.34739309762202,1.6570014336279826
2024-04-04,135.73023986816406,137.78599856543548,-2.055758697271415
2024-04-05,137.3823699951172,136.00119280583846,1.3811771892787306
2024-04-08,138.77215576171875,137.20032819352798,1.5718275681907699
2024-04-09,141.30873107910156,138.56498587466723,2.743745204434333
2024-04-10,142.1056365966797,140.94710020075078,1.1585363959289054
2024-04-11,143.05804443359375,141.9529392785089,1.105105155084857
2024-04-12,138.50975036621094,142.91238945540647,-4.402639089195532
2024-04-15,136.19671630859375,139.09002663906386,-2.893310330470115
2024-04-16,135.86627197265625,136.57806015730765,-0.7117881846513967
2024-04-17,135.11793518066406,135.96008702005904,-0.8421518393949725
2024-04-18,128.5481414794922,135.22893240769992,-6.680790928207728
2024-04-19,124.10675048828124,129.42868253248105,-5.321932044199812
2024-04-22,126.0990753173828,124.80819133510502,1.2908839822777765
2024-04-23,129.67552185058594,125.9289343335897,3.746587516996243
2024-04-24,129.22848510742188,129.18171443275438,0.04677067466749918
2024-04-25,132.7368927001953,129.22232064283028,3.5145720573650294
2024-04-26,134.4084930419922,132.2736653647715,2.1348276772206987
2024-04-29,134.60289001464844,134.1271186611666,0.4757713534818322
2024-04-30,133.47549438476562,134.5401824380937,-1.0646880533280694
2024-05-01,131.14303588867188,133.61582231145223,-2.4727864227803593
2024-05-02,132.39671325683594,131.4689538801088,0.9277593767271242
2024-05-03,137.57675170898438,132.27443279224988,5.302318916734492
2024-05-06,138.81103515625,136.87789590996348,1.9331392462865153
2024-05-07,137.13941955566406,138.5562436973058,-1.4168241416417402
2024-05-08,139.55935668945312,137.3261596939183,2.2331969955348256
2024-05-09,138.77215576171875,139.26501704387655,-0.4928612821578042
2024-05-10,145.06008911132812,138.8371158236384,6.222973287689712
2024-05-13,142.29029846191406,144.2398893011039,-1.949590839189824
2024-05-14,147.67437744140625,142.5472582723445,5.127119169061757
2024-05-15,151.2022705078125,146.99861330502785,4.203657202784655
2024-05-16,147.94650268554688,150.6482204290837,-2.7017177435368183
2024-05-17,147.41197204589844,148.3025942639748,-0.8906222180763734
2024-05-20,149.22940063476562,147.52935776177364,1.700042872991986
2024-05-21,149.34597778320312,149.00533172472234,0.340646058480786
2024-05-22,151.75619506835938,149.30107997959655,2.455115088762824
2024-05-23,152.66976928710938,151.43260619262605,1.2371630944833214
2024-05-24,155.49789428710938,152.5067088193232,2.991185467786181
2024-05-28,154.9244842529297,155.1036503076475,-0.17916605471782532
2024-05-29,149.99716186523438,154.94809868244505,-4.950936817210675
2024-05-30,148.656005859375,150.6497048298557,-1.9936989704806933
2024-05-31,146.7899932861328,148.91877920607527,-2.128785919942459
2024-06-03,150.58998107910156,147.07057135176566,3.5194097273358977
2024-06-04,148.17979431152344,150.12611612950062,-1.9463218179771786
2024-06-05,158.3357391357422,148.43632325869055,9.899415877051638
2024-06-06,157.5096435546875,157.03097714363295,0.4786664110545473
2024-06-07,159.7643585205078,157.44655440399416,2.3178041165136563
2024-06-10,163.42828369140625,159.45886749417446,3.9694161972317943
2024-06-11,161.04722595214844,162.90510702630453,-1.8578810741560972
2024-06-12,168.11265563964844,161.2920982397182,6.820557399930237
2024-06-13,168.57476806640625,167.2136930977213,1.3610749686849601
2024-06-14,168.1847686767578,168.395375776032,-0.21060709927419907
2024-06-17,172.7962188720703,168.2125270962256,4.583691775844699
2024-06-18,175.18478393554688,172.19207950799634,2.9927044275505352
2024-06-20,170.9828643798828,174.79033975427586,-3.80747537439305
2024-06-21,169.59844970703125,171.48469693405565,-1.8862472270243984
2024-06-24,163.60263061523438,169.84706070793365,-6.244430092699275
2024-06-25,168.27255249023438,164.42565847349664,3.8468940167377355
2024-06-26,167.75582885742188,167.76552448342568,-0.009695626003804136
2024-06-27,167.32687377929688,167.75710675951797,-0.430232980221092
2024-06-28,169.45217895507812,167.38357931094805,2.0685996441300745
2024-07-01,168.00930786132812,169.17953355598863,-1.1702256946605019
2024-07-02,171.29481506347656,168.1635458514829,3.1312692119936685
2024-07-03,177.91461181640625,170.8821077779546,7.032504038451663
2024-07-05,179.37698364257812,176.9877143011703,2.389269341407811
2024-07-08,181.95079040527344,179.06207336258802,2.888717042685414
2024-07-09,179.89369201660156,181.57005196069596,-1.6763599440944006
2024-07-10,186.2599639892578,180.11463947121038,6.145324518047431
2024-07-11,179.87416076660156,185.44999843574342,-5.575837669141862
2024-07-12,182.6527557373047,180.60906686158967,2.04368887571502
2024-07-15,180.5761260986328,182.38339362525213,-1.807267526619313
2024-07-16,181.3755798339844,180.8143274235991,0.5612524103852934
2024-07-17,166.90762329101562,181.30160569024244,-14.393982399226815
2024-07-18,167.5608367919922,168.80477776789107,-1.2439409758988802
2024-07-19,161.6138153076172,167.72479059754374,-6.110975289926557
2024-07-22,165.10403442382812,162.4192535670097,2.684780856818435
2024-07-23,165.56224060058594,164.75017515954167,0.8120654410442683
2024-07-24,155.79345703125,165.45520881853543,-9.661751787285425
2024-07-25,156.2614288330078,157.06689444066996,-0.8054656076621427
2024-07-26,157.87982177734375,156.36759074436512,1.512231032978633
2024-07-29,155.99818420410156,157.6805068278938,-1.6823226237922313
2024-07-30,150.6653289794922,156.21991755132643,-5.554588571834245
2024-07-31,161.6430206298828,151.39743440271562,10.245586227167195
2024-08-01,154.21408081054688,160.2926327219382,-6.078551911391315
2024-08-02,146.10269165039062,155.01524560648517,-8.912553956094541
2024-08-05,144.24058532714844,147.2773833492708,-3.0367980221223547
2024-08-06,151.49403381347656,144.64084112872183,6.853192684754731
2024-08-07,151.15281677246094,150.59076987844,0.5620468940209378
2024-08-08,160.4243621826172,151.0787379142526,9.345624268364588
2024-08-09,162.92991638183594,159.19259098628197,3.7373253955539667
2024-08-12,163.42715454101562,162.43732972936814,0.9898248116474804
2024-08-13,168.01905822753906,163.296693733113,4.722364494426074
2024-08-14,165.70848083496094,167.39664153328778,-1.6881606983268398
2024-08-15,169.59844970703125,165.93098365160242,3.6674660554288323
2024-08-16,170.16387939453125,169.11507064952877,1.048808745002475
2024-08-19,171.05105590820312,170.02564439112632,1.0254115170768046
2024-08-20,167.72659301757812,170.9159047042968,-3.1893116867186677
2024-08-21,167.14163208007812,168.14695041254996,-1.0053183324718304
2024-08-22,162.2669677734375,167.27413496373015,-5.007167190292648
2024-08-23,166.9856414794922,162.92692200903792,4.058719470454264
2024-08-26,164.8310546875,166.45069447176434,-1.6196397842643364
2024-08-27,166.27395629882812,165.0445263162973,1.2294299825308315
2024-08-28,164.957763671875,166.11191507002346,-1.154151398148457
2024-08-29,164.90902709960938,165.10988303893126,-0.20085593932188317
2024-08-30,167.39508056640625,164.93550029750017,2.4595802689060804
2024-09-03,156.4661865234375,167.07090317136925,-10.604716647931753
2024-09-04,156.8366241455078,157.86390850937659,-1.0272843638687732
2024-09-05,159.5956573486328,156.972022194212,2.6236351544208105
2024-09-06,152.88818359375,159.2498572051531,-6.361673611403091
2024-09-09,158.69874572753906,153.7266643725609,4.972081354978172
2024-09-10,158.35752868652344,158.0434158723009,0.3141128142225398
2024-09-11,165.96197509765625,158.3161280153806,7.645847082275651
2024-09-12,167.74876403808594,164.9542377933211,2.7945262447648247
2024-09-13,168.79576110839844,167.38044012126036,1.4153209871380739
2024-09-16,165.44918823242188,168.60921908878967,-3.160030856367797
2024-09-17,163.75636291503906,165.8656863578152,-2.1093234427761445
2024-09-18,163.68785095214844,164.03437578886724,-0.34652483671879963
2024-09-19,172.43589782714844,163.7335235899978,8.70237423715065
2024-09-20,170.34185791015625,171.28890821818916,-0.9470503080329138
2024-09-23,171.00723266601562,170.46668095647368,0.5405517095419441
2024-09-24,178.0624237060547,170.93598691433294,7.126436791721744
2024-09-25,178.43426513671875,177.12314567384652,1.3111194628722274
2024-09-26,182.81805419921875,178.2614570777871,4.5565971214316505
2024-09-27,174.14830017089844,182.21748596254324,-8.069185791644799
2024-09-30,169.94065856933594,175.21183432876853,-5.2711757594325945
2024-10-01,168.37503051757812,170.63540964051566,-2.260379122937536
2024-10-02,172.02491760253906,168.6729528196609,3.351964782878156
2024-10-03,175.62586975097656,171.58312221764908,4.042747533327486
2024-10-04,177.2698211669922,175.093027875184,2.1767932918081954
2024-10-07,180.54786682128903,176.982915637706,3.564951183583048
2024-10-08,182.0548095703125,180.077999420441,1.9768101498715112
2024-10-09,183.12139892578125,181.7942622025484,1.3271367232328544
2024-10-10,181.7905731201172,182.94647976122522,-1.1559066411080323
2024-10-11,186.7126007080078,181.94292383156073,4.769676876447079
2024-10-14,188.08255004882807,186.08394815109716,1.9986018977309072
2024-10-15,183.1116180419922,187.81913048691615,-4.707512444923964
2024-10-16,183.4541015625,183.73207720764424,-0.2779756451442381
2024-10-17,201.4198303222656,183.49073928547486,17.929091036790737
2024-10-18,196.468505859375,199.05674174932264,-2.58823588994764
2024-10-21,197.6133728027344,196.80964031192843,0.8037324908059702
2024-10-22,194.2178955078125,197.50743931950151,-3.2895438116890148
2024-10-23,196.5467834472656,194.65146368902404,1.8953197582415555
2024-10-24,193.6796722412109,196.2969766693546,-2.617304428143683
2024-10-25,199.0713806152344,194.0246379828298,5.046742632404602
2024-10-28,190.49948120117188,198.4062102604882,-7.906729059316319
2024-10-29,192.71095275878903,191.54160325025322,1.1693495085358165
2024-10-30,190.30377197265625,192.55683025164535,-2.2530582789891014
2024-10-31,186.4483642578125,190.60072937347084,-4.152365115658341
2024-11-01,188.8066253662109,186.99565394111903,1.8109714250918785
2024-11-04,187.4464874267578,188.56793586032467,-1.1214484335668544
2024-11-05,191.55630493164065,187.59429648038292,3.9620084512577307
2024-11-06,189.0708465576172,191.03410462166073,-1.9632580640435435
2024-11-07,196.8696746826172,189.32960773448664,7.540066948130544
2024-11-08,196.8794860839844,195.87587940276782,1.0036066812165814
2024-11-11,189.88302612304688,196.74720879924948,-6.864182676202603
2024-11-12,187.6519775390625,190.78773856002667,-3.1357610209641678
2024-11-13,182.65170288085935,188.06527685361866,-5.413573972759309
2024-11-14,184.4521942138672,183.36522230956646,1.086971904300725
2024-11-15,182.01564025878903,184.30892923289898,-2.2932889741099416
2024-11-18,183.4541015625,182.31790014235227,1.136201420147728
2024-11-19,185.5970916748047,183.30434803695857,2.2927436378461152
2024-11-20,184.31521606445312,185.29490366760655,-0.9796876031534225
2024-11-21,187.1333465576172,184.44434076884082,2.6890057887763703
2024-11-22,185.99826049804688,186.7789304391985,-0.7806699411516149
2024-11-25,181.1056365966797,186.10115429301896,-4.995517696339277
2024-11-26,179.89222717285156,181.76405540664223,-1.8718282337906658
2024-11-27,177.2991485595703,180.13893772280113,-2.8397891632308188
2024-11-29,180.6946563720703,177.67343821582938,3.021218156240934
2024-12-02,190.2255096435547,180.29645402669036,9.929055616864332
2024-12-03,194.6190643310547,188.91684107691177,5.702223254142922
2024-12-04,196.38043212890625,193.8675003736525,2.51293175525376
2024-12-05,199.9129180908203,196.04922290568126,3.8636951851390506
2024-12-06,198.660400390625,199.4036756578045,-0.7432752671795129
2024-12-09,194.89306640625,198.75836549587316,-3.8652990896231643
2024-12-10,187.81832885742188,195.40252023695186,-7.584191379529983
2024-12-11,190.4211883544922,188.81793982192661,1.6032485325655728
2024-12-12,187.94357299804688,190.20987712409467,-2.2663041260477996
2024-12-13,197.29855346679688,188.2422762268992,9.056277239897668
2024-12-16,198.5059356689453,196.10491876356005,2.401016905385262
2024-12-17,196.9745941162109,198.18947703750013,-1.2148829212892167
2024-12-18,191.96827697753903,197.13471801445377,-5.166441036914733
2024-12-19,191.0651397705078,192.64922381148975,-1.584084040981935
2024-12-20,193.5879669189453,191.27392508417176,2.3140418347735476
2024-12-23,203.551513671875,193.28297176855847,10.268541903316532
2024-12-24,202.5404510498047,202.19810016180244,0.3423508880022439
2024-12-26,199.33050537109372,202.49532854639864,-3.1648231753049174
2024-12-27,197.92678833007807,199.74763513331098,-1.8208468032329108
2024-12-30,196.70953369140625,198.16677942973672,-1.4572457383304709
2024-12-31,193.86280822753903,196.9016014736018,-3.0387932460627667
2025-01-02,197.8777008056641,194.2633270034531,3.6143738022109915
2025-01-03,204.778564453125,197.4013194089261,7.377245044198901
2025-01-06,215.9691925048828,203.80622941238178,12.16296309250103
2025-01-07,207.53695678710935,214.36609065002375,-6.829133862914404
2025-01-08,203.31593322753903,208.4370497233009,-5.121116495761868
2025-01-10,204.54298400878903,203.99090620006797,0.5520778087210658
2025-01-13,197.66172790527344,204.4702190951363,-6.808491189862849
2025-01-14,197.7500915527344,198.55910009757994,-0.8090085448455397
2025-01-15,203.0018310546875,197.85672043000514,5.14511062468236
2025-01-16,210.84506225585935,202.32369560996443,8.521366645894915
2025-01-17,207.61550903320312,209.7219297944618,-2.1064207612586756
2025-01-21,214.68325805664065,207.89313932804217,6.790118728598486
2025-01-22,219.10060119628903,213.78830738995313,5.3122938063359015
2025-01-23,220.49452209472656,218.40043068769447,2.0940914070320957
2025-01-24,217.8048553466797,220.21851683241286,-2.413661485733172
2025-01-27,188.7779693603516,218.12298055805735,-29.34501119770576
2025-01-28,198.68264770507807,192.6456980975132,6.036949607564878
2025-01-29,198.6139068603516,197.88696617254553,0.7269406878060636
2025-01-30,204.3270263671875,198.5180946839821,5.808931683205401
2025-01-31,205.4755401611328,203.56139803424966,1.9141421268831493
2025-02-03,196.13037109375,205.22325255894793,-9.092881465197934
2025-02-04,200.3023376464844,197.32883030406032,2.973507342424085
2025-02-05,204.7393035888672,199.9104236778384,4.8288799110287925
2025-02-06,206.6338653564453,204.1028479584925,2.531017397952809
2025-02-07,202.33432006835935,206.30027241083815,-3.9659523424788006
2025-02-10,204.1306915283203,202.8570401907636,1.2736513375567142
2025-02-11,204.9062042236328,203.9628218401405,0.9433823834923203
2025-02-12,202.58953857421875,204.78186461680212,-2.1923260425833746
2025-02-13,198.12310791015625,202.87849134983705,-4.755383439680799
2025-02-14,200.15509033203125,198.74987656469722,1.4052137673340326
2025-02-18,199.0164031982422,199.96988046337057,-0.9534772651283845
2025-02-19,197.2592620849609,199.1420733298268,-1.8828112448658771
2025-02-20,196.4248809814453,197.50742021682723,-1.0825392353819154
2025-02-21,194.5990447998047,196.56756172815156,-1.9685169283468724
2025-02-24,188.1300811767578,194.8584991050718,-6.728417928313974
2025-02-25,185.89195251464844,189.01689955967285,-3.1249470450244132
2025-02-26,191.04551696777344,186.30382652644278,4.741690441330661
2025-02-27,177.76400756835938,190.42055307666772,-12.65654550830834
2025-02-28,177.2143096923828,179.43216453193568,-2.2178548395528708
2025-03-03,169.7931671142578,177.50662721238643,-7.713460098128621
2025-03-04,176.6940460205078,170.80981594371247,5.8842300767953475
2025-03-05,180.8954315185547,175.91849321493004,4.9769383036246495
2025-03-06,172.62026977539062,180.239461508173,-7.619191732782383
2025-03-07,173.8472900390625,173.62449385355796,0.22279618550453506
2025-03-10,167.51577758789062,173.8179250746602,-6.30214748676957
2025-03-11,167.82989501953125,168.34641270934918,-0.5165176898179311
2025-03-12,173.916015625,167.89797304133543,6.018042583664567
2025-03-13,168.43850708007812,173.12282607446673,-4.6843189943886046
2025-03-14,170.89259338378906,169.0559093044823,1.8366840793067638
2025-03-17,173.00311279296875,170.65051490078008,2.352597892188669
2025-03-18,170.6123809814453,172.69303588029354,-2.0806548988482234
2025-03-19,171.23321533203125,170.8866152862194,0.3466000458118401
2025-03-20,174.88926696777344,171.18753278147926,3.701734186294175
2025-03-21,174.1600341796875,174.40137130492283,-0.2413371252353329
2025-03-24,178.52561950683594,174.19184287549368,4.3337766313422605
2025-03-25,178.26937866210938,177.95441943795362,0.31495922415575706
2025-03-26,170.97698974609375,178.22786643251456,-7.25087668642081
2025-03-27,165.7935028076172,171.93266919500388,-6.139166387386695
2025-03-28,162.8469696044922,166.60265670770391,-3.755687103211727
2025-03-31,163.58604431152344,163.341976365233,0.2440679462904427
2025-04-01,166.18768310546875,163.55387568826657,2.6338074172021777
2025-04-02,167.91221618652344,165.84054223825183,2.0716739482716093
2025-04-03,155.09141540527344,167.63916558825392,-12.54775018298048
2025-04-04,144.66526794433594,156.74523293638526,-12.079964992049327
2025-04-07,144.04441833496094,146.25743049042853,-2.213012155467595
2025-04-08,139.31422424316406,144.33609757991755,-5.021873336753487
2025-04-09,156.4414825439453,139.97611677706317,16.465365766882144
2025-04-10,148.93231201171875,154.2713157678827,-5.339003756163947
2025-04-11,154.7957763671875,149.63600294290993,5.159773424277574
2025-04-14,153.57379150390625,154.11570833736576,-0.5419168334595099
2025-04-15,155.04214477539062,153.64521718153853,1.396927593852098
2025-04-16,149.46446228027344,154.85802704028143,-5.39356476000799
2025-04-17,149.53343200683594,150.17534445637756,-0.6419124495416213
2025-04-21,145.70986938476562,149.618037298383,-3.908167913617376
2025-04-22,149.19837951660156,146.22497340865957,2.9734061079419973
2025-04-23,155.51516723632812,148.80647889085438,6.708688345473746
2025-04-24,161.79251098632812,154.6309492502577,7.161561736070439
2025-04-25,162.6991729736328,160.848603419112,1.8505695545208027
2025-04-28,161.02386474609375,162.4552643583689,-1.4313996122751576
2025-04-29,162.08815002441406,161.2125259593221,0.8756240650919551
2025-04-30,164.2660369873047,161.9727410938572,2.2932958934474925
2025-05-01,170.2083282470703,163.96377619175948,6.244552055310834
2025-05-02,176.67294311523438,169.38528431390202,7.2876588013323556
2025-05-05,173.8348388671875,175.71241571305893,-1.877576845871431
2025-05-06,169.77474975585938,174.08230709523076,-4.307557339371385
2025-05-07,172.00186157226562,170.34249407179138,1.6593675004742465
2025-05-08,172.6719970703125,171.78315375430446,0.8888433160080353
2025-05-09,173.95309448242188,172.5548458171405,1.3982486652813861
2025-05-12,184.26095581054688,173.7688026275655,10.492153182981383
2025-05-13,191.1690368652344,182.87806990509895,8.29096696013545
2025-05-14,191.9278564453125,190.07627152415046,1.8515849211620434
2025-05-15,191.39569091796875,191.68381400277858,-0.2881230848098255
2025-05-16,191.39569091796875,191.43366609294657,-0.03797517497781655
2025-05-19,190.68614196777344,191.4006961188382,-0.7145541510647604
2025-05-20,190.63690185546875,190.78032157485254,-0.14341971938378606
2025-05-21,188.97146606445312,190.65580484945295,-1.6843387849998237
2025-05-22,193.3370513916016,189.1934651455906,4.143586246010983
2025-05-23,189.18826293945312,192.79091878014574,-3.60265584069262
2025-05-27,194.80538940429688,189.6630998863969,5.142289517899968
2025-05-28,193.2877655029297,194.12762578685647,-0.8398602839267824
2025-05-29,194.2830810546875,193.3984606985614,0.8846203561261063
2025-05-30,190.5087738037109,194.16648639572432,-3.657712592013411
2025-06-02,192.0066680908203,190.99086733603556,1.015800754784749
2025-06-03,194.73638916015625,191.87278360381018,2.863605556346073
2025-06-04,199.4567413330078,194.35896045762294,5.097780875384871
2025-06-05,200.3830718994141,198.78484403998445,1.5982278594296417
2025-06-06,202.19630432128903,200.1724224033617,2.0238819179273264
2025-06-09,203.98985290527344,201.9295528042475,2.0603001010259447
2025-06-10,209.37046813964844,203.71830140187726,5.652166737771182
2025-06-11,210.9866180419922,208.62550172707418,2.361116314918007
2025-06-12,213.0735321044922,210.67541838486943,2.3981137196227564
2025-06-13,208.7908935546875,212.7574561184966,-3.9665625638091058
2025-06-16,213.3207855224609,209.313694105433,4.007091417027908
2025-06-17,211.56024169921875,212.7926431911578,-1.2324014919390436
2025-06-18,211.1646270751953,211.7226745786605,-0.5580475034651897
2025-06-20,207.21827697753903,211.23817880606063,-4.019901828521597
2025-06-23,208.0194396972656,207.7481077456376,0.2713319516279853
2025-06-24,217.6825408935547,207.9836776258337,9.69886326772098
2025-06-25,220.30357360839844,216.40421211986185,3.8993614885365844
2025-06-26,221.5596618652344,219.78963028821414,1.7700315770202621
2025-06-27,226.06979370117188,221.32636830981534,4.7434253913565385
2025-06-30,224.01255798339844,225.44460114032643,-1.432043156927989
2025-07-01,222.2223358154297,224.20130401704586,-1.9789682016161692
2025-07-02,231.04476928710935,222.48316761855125,8.561601668558097
2025-07-03,232.2316436767578,229.91633377258475,2.3153099041730627
2025-07-07,226.6632232666016,231.92648139239293,-5.263258125791339
2025-07-08,225.36756896972656,227.35693077848742,-1.9893618087608615
2025-07-09,229.30401611328125,225.6297706701968,3.674245443084459
2025-07-10,227.24676513671875,228.81974351948807,-1.5729783827693211
2025-07-11,227.8797607421875,227.4540867033381,0.4256740388493938
2025-07-14,226.168701171875,227.82365608774967,-1.6549549158746686
2025-07-15,234.35812377929688,226.38682740272597,7.971296376570905
2025-07-16,234.96145629882807,233.3074916340106,1.6539646648174653
2025-07-17,242.91351318359372,234.74346058496496,8.170052598628757
2025-07-18,237.77037048339844,241.8366845871777,-4.066314103779263
2025-07-21,236.2373504638672,238.30631847835923,-2.068968014492043
2025-07-22,232.03384399414065,236.51004441487663,-4.476200420735978
2025-07-23,237.701171875,232.62381579152503,5.077356083474967
2025-07-24,238.95726013183597,237.0319666087095,1.92529352312647
2025-07-25,242.91351318359372,238.70350275424636,4.2100104293473635
2025-07-28,240.09469604492188,242.35862573742332,-2.263929692501449
2025-07-29,238.6902313232422,240.39308631888045,-1.702854995638262
2025-07-30,240.2529296875,238.91467087644176,1.338258811058239
2025-07-31,238.97705078125,240.07654461044493,-1.0994938291949268
2025-08-01,232.63717651367188,239.12196617592676,-6.484789662254883
2025-08-04,236.3856964111328,233.4918842240275,2.8938121871053113
2025-08-05,229.92713928222656,236.00428641675222,-6.07714713452566
2025-08-06,228.8391571044922,230.72811892588066,-1.8889618213884773
2025-08-07,239.9661102294922,229.08812589413628,10.877984335355904
2025-08-08,239.1847381591797,238.53237103843205,0.6523671207476411
2025-08-11,239.44190979003903,239.0987549219236,0.34315486811544815
2025-08-12,241.6178436279297,239.39668132051264,2.221162307417046
2025-08-13,238.7990264892578,241.3250901773204,-2.526063688062578
2025-08-14,238.36383056640625,239.13196652640403,-0.7681359599977782
2025-08-15,236.2669982910156,238.46507235863166,-2.198074067616062
2025-08-18,238.76934814453125,236.55670866735355,2.212639477177703
2025-08-19,230.1546173095703,238.47771801928778,-8.323100709717465
2025-08-20,226.09945678710935,231.25161794045715,-5.152161153347805
2025-08-21,224.8433532714844,226.77852150502804,-1.935168233543635
2025-08-22,230.44143676757807,225.09841215483914,5.34302461273893
2025-08-25,233.0130157470703,229.7372158797814,3.2757998672889244
2025-08-26,236.1087646484375,232.5812590440811,3.5275056043564064
2025-08-27,236.6725311279297,235.64383264672355,1.0286984812061348
2025-08-28,235.6636962890625,236.53694669584922,-0.8732504067867239
2025-08-29,228.34461975097656,235.77879236690387,-7.434172615927309
2025-09-02,225.8917694091797,229.32445795481715,-3.432688545637461
2025-09-03,228.85894775390625,226.34420434076785,2.5147434131384045
2025-09-04,232.63717651367188,228.5274997506987,4.10967676297318
2025-09-05,240.7474822998047,232.0955132370929,8.6519690627118
2025-09-08,244.4861297607422,239.60713618947506,4.878993571267131
2025-09-09,248.17530822753903,243.8430690538684,4.332239173670644
2025-09-10,257.5911560058594,247.60431079852552,9.986845207333857
2025-09-11,256.07794189453125,256.2748706603963,-0.1969287658650387
2025-09-12,256.4932861328125,256.1038974834311,0.38938864938137385
2025-09-15,258.5209045410156,256.4419639622742,2.078940578741424
2025-09-16,260.0111389160156,258.2468961869183,1.7642427290973046
2025-09-17,260.7354431152344,259.7786083418514,0.9568347733829796
2025-09-18,266.53973388671875,260.6093304576247,5.930403429094042
2025-09-19,262.7991943359375,265.7580953447828,-2.9589010088453165
2025-09-22,270.4985046386719,263.18918316181407,7.309321476857804
2025-09-23,280.4997253417969,269.5351220543297,10.964603287467185
2025-09-24,278.51531982421875,279.0545696067795,-0.5392497825607734
2025-09-25,274.4970092773437,278.5863939794292,-4.0893847020855105
2025-09-26,271.2227783203125,275.035998021393,-3.813219701080527
2025-09-29,271.0938415527344,271.725367987756,-0.6315264350216125
2025-09-30,277.1064758300781,271.1770779476553,5.9293978824228475
2025-10-01,286.21466064453125,276.32496982112133,9.889690823409921
2025-10-02,285.85748291015625,284.9111804331372,0.94630247701906
2025-10-03,289.9056091308594,285.73275842940023,4.17285070145914
2025-10-06,300.0357971191406,289.3556194080686,10.68017771107202
2025-10-07,291.731201171875,298.628129220403,-6.896928048528025
2025-10-08,302.1391906738281,292.6402295117079,9.498961162120224
2025-10-09,297.5354919433594,300.88720938091296,-3.3517174375535888
2025-10-10,278.4657592773437,297.9772547276614,-19.511495450317682
2025-10-13,300.52197265625,281.0374117858318,19.484560870418193
2025-10-14,293.62628173828125,297.95387017703257,-4.32758843875132
2025-10-15,302.3277282714844,294.1966661915159,8.131062079968501
2025-10-16,297.49578857421875,301.25603870018176,-3.7602501259630117
2025-10-17,292.7729797363281,297.99139675010656,-5.218417013778435
2025-10-20,295.37255859375,293.4607771036797,1.9117814900703252
2025-10-21,292.2074890136719,295.12058212802293,-2.9130931143510566
2025-10-22,286.6214904785156,292.59144027122954,-5.969949792713919
2025-10-23,288.45703125,287.40834130699636,1.0486899430036374
2025-10-24,292.6539306640625,288.3188119049263,4.335118759136208
2025-10-27,295.918212890625,292.08255370016377,3.8356591904612287
2025-10-28,299.1725769042969,295.41266565545936,3.7599112488375113
2025-10-29,302.7047424316406,298.6770133930639,4.0277290385767515
2025-10-30,300.849365234375,302.17388002225016,-1.3245147878751595
2025-10-31,298.0811767578125,301.02393882282405,-2.94276206501155
2025-11-03,302.4765319824219,298.4690384399496,4.007493542472275
2025-11-04,291.75103759765625,301.94833665021423,-10.19729905255798
2025-11-05,291.34423828125,293.09506116340947,-1.7508228821594685
2025-11-06,286.9786682128906,291.5750000938588,-4.596331880968194
2025-11-07,284.26007080078125,287.5844735670539,-3.3244027662726694
2025-11-10,292.9615173339844,284.6982334590397,8.263283874944648
2025-11-11,288.8935546875,291.87240067660355,-2.9788459891035473
2025-11-12,288.347900390625,289.2861723000138,-0.9382719093887886
2025-11-13,279.99371337890625,288.4715664271709,-8.477853048264649
2025-11-14,282.59326171875,281.11111066471034,1.4821510540396616
2025-11-17,279.8052062988281,282.3979113681946,-2.5927050693665024
2025-11-18,275.7372436523437,280.14692979779744,-4.4096861454537475
2025-11-19,280.1623840332031,276.3184487407223,3.8439352924808077
2025-11-20,275.3304443359375,279.65574599192405,-4.32530165598655
2025-11-21,272.9095153808594,275.9005273868194,-2.9910120059600445
2025-11-24,282.41461181640625,273.30373649772,9.110875318686226
2025-11-25,282.4543151855469,281.2137809817077,1.240534203839161
2025-11-26,287.6930236816406,282.29081039908436,5.402213282556261
2025-11-28,289.2308959960937,286.98100161368336,2.249894382410332
2025-12-01,285.4308776855469,288.93435560291414,-3.503477917367263
2025-12-02,289.8063659667969,285.89264279204895,3.913723174747929
2025-12-03,293.14013671875,289.2905297488352,3.8496069699148165
2025-12-04,290.63983154296875,292.6327511395112,-1.9929195965424356
2025-12-05,292.41583251953125,290.9025021666897,1.5133303528415354
2025-12-08,299.5098876953125,292.2163726776157,7.293515017696791
2025-12-09,301.0378723144531,298.54858843259245,2.489283881860672
2025-12-10,307.7152709960937,300.7097799262799,7.005491069813786
2025-12-11,303.2831726074219,306.79193384191444,-3.5087612344925674
2025-12-12,290.5390014648437,303.7456340652504,-13.206632600406692
2025-12-15,286.2610778808594,292.2796609618052,-6.0185830809458025
2025-12-16,285.39556884765625,287.05433866997055,-1.658769822314298
2025-12-17,275.5364990234375,285.61419789049006,-10.077698867052561
2025-12-18,283.2168273925781,276.8647590554394,6.352068337138746
2025-12-19,287.4648742675781,282.37961260733084,5.0852616602472835
2025-12-22,291.77264404296875,286.79462703111216,4.978017011856593
2025-12-23,295.4237670898437,291.116531856774,4.307235233069719
2025-12-24,297.2642517089844,294.8560652281398,2.408186480844563
2025-12-26,301.2834777832031,296.9468481137479,4.336629669455249
2025-12-29,299.3733825683594,300.7119016784276,-1.338519110068205
2025-12-30,298.0402526855469,299.549801953323,-1.5095492677761513
2025-12-31,302.328125,298.23921417320156,4.08891082679844
2026-01-02,317.96728515625,301.78919871362206,16.178086442627944
2026-01-05,320.5937194824219,315.83498234590627,4.758737136515606
2026-01-06,325.7471008300781,319.9665088042083,5.780592025869851
2026-01-07,317.04205322265625,324.9852077183109,-7.943154495654653
2026-01-08,316.37554931640625,318.0889762140831,-1.713426897676868
2026-01-09,321.9666442871094,316.60138226656335,5.365262020546027
2026-01-12,330.0647888183594,321.25949246632933,8.805296352030041
2026-01-13,329.5076599121094,328.904233877333,0.603426034776362
2026-01-14,325.4287414550781,329.4281272038159,-3.9993857487377795
2026-01-15,339.88409423828125,325.95586816452703,13.928226073754217
2026-01-16,340.64013671875,338.04832733806774,2.591809380682264
2026-01-20,325.4784851074219,340.2985312732665,-14.820046165844644
2026-01-21,324.44384765625,327.43179560560225,-2.9879479493522467
2026-01-22,325.6874084472656,324.8376649245752,0.8497435226904031
2026-01-23,333.1488647460937,325.5754106218164,7.573454124277305
2026-01-26,330.9999694824219,332.1506689724171,-1.1506994899952474
2026-01-27,336.6010131835937,331.1516338813654,5.449379302228294
2026-01-28,340.5406799316406,335.8827745438153,4.657905387825338
2026-01-29,337.8048095703125,339.9267590712226,-2.121949500910091
2026-01-30,328.86102294921875,338.08448658280986,-9.223463633591109
2026-02-02,339.6054992675781,330.0766931396801,9.528806127898008
2026-02-03,334.0243225097656,338.3495843509536,-4.325261841187967
2026-02-04,324.0657958984375,334.5944003129807,-10.528604414543224
2026-02-05,329.0301513671875,325.4534861460909,3.5766652210966186
2026-02-06,347.0570373535156,328.5587400337366,18.498297319779
2026-02-09,353.5832824707031,344.61892630117217,8.964356169530959
2026-02-10,360.0498962402344,352.401763140775,7.648133099459358
2026-02-11,372.1672668457031,359.04185763445156,13.125409211251565
2026-02-12,366.2080993652344,370.4373127471567,-4.229213381922307
2026-02-13,364.4770202636719,366.76551779737076,-2.2884975336988873
2026-02-17,362.328125,364.77864862620265,-2.450523626202653
2026-02-18,360.3981018066406,362.65110871216496,-2.2530069055243303
2026-02-19,358.5377197265625,360.6950524363341,-2.1573327097715946
2026-02-20,368.6355590820313,358.8220603138258,9.813498768205534
2026-02-23,368.1380920410156,367.34212112959136,0.7959709114242628
2026-02-24,383.7673645019531,368.033181548826,15.734182953127117
2026-02-25,385.7371826171875,381.69356902259324,4.043613594594262
2026-02-26,374.8733215332031,385.2042265928595,-10.330905059656402
2026-02-27,372.6547546386719,376.23495462684616,-3.580199988174286
2026-03-02,367.2128601074219,373.12663186120056,-5.91377175377869
2026-03-03,351.3150329589844,367.9923065626644,-16.67727360368002
2026-03-04,355.6028747558594,353.51312959421426,2.089745161645112
2026-03-05,352.041259765625,355.32744233702044,-3.286182571395443
2026-03-06,337.1482238769531,352.47438492892155,-15.326161051968427
2026-03-09,346.9078063964844,339.1682412874661,7.739565109018258
2026-03-10,345.3060607910156,345.887716876545,-0.5816560855294028
2026-03-11,352.7376403808594,345.3827241782602,7.354916202599156
2026-03-12,334.9794006347656,351.76824832424865,-16.78884768948302
2026-03-13,336.5711669921875,337.1922029484181,-0.621035956230628
2026-03-16,338.4813232421875,336.65302072189104,1.828302520296461
2026-03-17,345.1716613769531,338.2403494647255,6.9313119122276134
2026-03-18,338.7766418457031,344.25810117796266,-5.481459332259533
2026-03-19,337.9984741210937,339.4991086949446,-1.5006345738509026
2026-03-20,328.47076416015625,338.1962606349975,-9.725496474841236
2026-03-23,337.6592712402344,329.7526032416097,7.906667998624698
2026-03-24,342.4480285644531,336.61715723906923,5.830871325383896
2026-03-25,346.9375305175781,341.6795085446127,5.258021972965423
2026-03-26,325.3480529785156,346.2445131406737,-20.896460162158064
2026-03-27,325.9765930175781,328.1022464913281,-2.125653473749992
2026-03-30,315.7605285644531,326.25675822079717,-10.496229656344042
2026-03-31,337.1604309082031,317.1439517569058,20.016479151297347
2026-04-01,340.692138671875,334.52222057975314,6.169918092121861
2026-04-02,338.2478942871094,339.8789316381459,-1.6310373510365253
2026-04-06,340.9615173339844,338.4628681370591,2.498649196925271
2026-04-07,344.5132141113281,340.6321905793301,3.8810235319980393
2026-04-08,365.0451049804688,344.0016877689738,21.04341721149501
2026-04-09,364.6360778808594,362.2715422468024,2.364535634056949
2026-04-10,369.734130859375,364.3244275509185,5.409703308456528
2026-04-13,368.70654296875,369.021121591644,-0.31457862289397553
2026-04-14,379.00244140625,368.7480050343688,10.254436371881184
2026-04-15,374.2236328125,377.6508870322643,-3.4272542197642792
2026-04-16,362.5010681152344,374.6753514895192,-12.174283374284812
2026-04-17,369.6343688964844,364.10566200493616,5.528706891548211
2026-04-20,365.3843078613281,368.9056747283439,-3.521366867015786
2026-04-21,367.2200012207031,365.8484307656912,1.3715704550119199
2026-04-22,386.5347900390625,367.0392256051087,19.495564433953803
2026-04-23,381.7659606933594,383.9652372690747,-2.1992765757153165
2026-04-24,401.5196838378906,382.0558295625703,19.46385427532033
2026-04-27,404.0338134765625,398.95431052760654,5.079502948955962
2026-04-28,391.42333984375,403.36432524928557,-11.94098540553557
2026-04-29,392.9098510742188,392.99718461388346,-0.08733353966465529
2026-04-30,395.1346435546875,392.9213618021856,2.2132817525019277
2026-05-01,396.7409057617188,394.84292877632487,1.8979769853939388
2026-05-04,400.6716613769531,396.4907487561746,4.1809126207785425
2026-05-05,393.488525390625,400.12060907773946,-6.632083687114459
2026-05-06,418.5198974609375,394.3626467358545,24.157250725082974
2026-05-07,413.182373046875,415.33592550022735,-2.153552453352347
2026-05-08,410.7181396484375,413.46621538909454,-2.7480757406570433
2026-05-11,403.5948486328125,411.0803412997651,-7.485492666952609
2026-05-12,396.351806640625,404.58145091777084,-8.229644277145837
2026-05-13,398.8659057617188,397.4364895345209,1.429416227197919
2026-05-14,416.7440490722656,398.6775059624463,18.06654310981935
2026-05-15,403.4053039550781,414.36284405256947,-10.957540097491346
2026-05-18,395.0249328613281,404.8495287481149,-9.824595886786767
2026-05-19,391.6926879882813,396.31983343527287,-4.6271454469915625
2026-05-20,400.6816711425781,392.3025546295234,8.379116513054726
2026-05-21,406.19873046875,399.57728752141594,6.62144294733406
2026-05-22,403.5748901367188,405.32601159342437,-1.7511214567055617
2026-05-26,411.3566589355469,403.80569130202525,7.550967633521623
2026-05-27,421.7423400878906,410.3614269244638,11.38091316342684
2026-05-28,423.8673400878906,420.2423139130576,3.6250261748330104
2026-05-29,417.4723510742188,423.38955468801794,-5.917203613799131
2026-06-01,434.6122131347656,418.25224985519174,16.35996327957389
2026-06-02,445.6463623046875,432.45593860861163,13.190423696075868
2026-06-03,435.6697387695313,443.9078391723931,-8.23810040286179
2026-06-04,443.8805236816406,436.75553619700895,7.124987484631674
2026-06-05,414.2000122070313,442.9414366708856,-28.741424463854287
2026-06-08,425.8028259277344,417.98818705545324,7.814638872281137
2026-06-09,426.9202270507813,424.7728415418629,2.1473855089184326
2026-06-10,407.7950134277344,426.63719752366165,-18.84218409592728
2026-06-11,421.0700073242188,410.2784494164862,10.791557907732624
2026-06-12,423.9299926757813,419.64765930201924,4.2823333737620715
